Version 2.55.0 of pretext is available.  You are currently using version 2.53.0.
To upgrade, run `pretext upgrade`.
PreTeXt project found in `D:\work\sabbatical\2025\Books\SV-Calculus`.
[33mwarning: [0mUsing CLI version 2.53.0 but project's `requirements.txt`
[33mwarning: [0mis configured to use 2.49.1. Consider either installing
[33mwarning: [0mCLI version 2.49.1 or running `pretext update-project`
[33mwarning: [0mto update `requirements.txt` and other managed files to match 2.53.0.
Building target print
XSL conversion of D:\work\sabbatical\2025\Books\SV-Calculus\source\main.ptx by C:\Users\cyril\.ptx\2.53.0\core\xsl\utilities\pretext-enhanced-source.xsl
messages from the log for XSL processing (prefaced with a *):
[33mwarning: [0m* PTX:DEPRECATE: (2026-07-30) the external directory is a property of your source, and is now declared with a "directories/@external" attribute within "docinfo".  The publication file entry "source/directories/@external" is honored meanwhile, but please relocate it.
successful application of C:\Users\cyril\.ptx\2.53.0\core\xsl\utilities\pretext-enhanced-source.xsl
discovering source file's directory name: D:\work\sabbatical\2025\Books\SV-Calculus\source
[33mwarning: [0m(2026-07-30) the external directory is a property of your source, and is now declared with a "directories/@external" attribute within "docinfo". The publisher file entry "source/directories/@external" is honored meanwhile, but please relocate it.
verifying and expanding input directory: D:\work\sabbatical\2025\Books\SV-Calculus\source\../assets
input directory expanded to absolute path: D:\work\sabbatical\2025\Books\SV-Calculus\assets
Preparing to build into D:\work\sabbatical\2025\Books\SV-Calculus\output\print.
discovering source file's directory name: D:\work\sabbatical\2025\Books\SV-Calculus\source
[33mwarning: [0m(2026-07-30) the external directory is a property of your source, and is now declared with a "directories/@external" attribute within "docinfo". The publisher file entry "source/directories/@external" is honored meanwhile, but please relocate it.
verifying and expanding input directory: D:\work\sabbatical\2025\Books\SV-Calculus\source\../assets
input directory expanded to absolute path: D:\work\sabbatical\2025\Books\SV-Calculus\assets
discovering source file's directory name: D:\work\sabbatical\2025\Books\SV-Calculus\source
XSL conversion of D:\work\sabbatical\2025\Books\SV-Calculus\source\main.ptx by C:\Users\cyril\.ptx\2.53.0\core\xsl\utilities\report-publisher-variables.xsl
messages from the log for XSL processing (prefaced with a *):
[33mwarning: [0m* PTX:DEPRECATE: (2026-07-30) the external directory is a property of your source, and is now declared with a "directories/@external" attribute within "docinfo".  The publication file entry "source/directories/@external" is honored meanwhile, but please relocate it.
successful application of C:\Users\cyril\.ptx\2.53.0\core\xsl\utilities\report-publisher-variables.xsl
converting D:\work\sabbatical\2025\Books\SV-Calculus\source\main.ptx to LaTeX as C:\Users\cyril\AppData\Local\Temp\ptx-vronl438\main.tex
XSL conversion of D:\work\sabbatical\2025\Books\SV-Calculus\source\main.ptx by C:\Users\cyril\.ptx\2.53.0\core\xsl\pretext-latex.xsl
messages from the log for XSL processing (prefaced with a *):
[33mwarning: [0m* PTX:DEPRECATE: (2026-07-30) the external directory is a property of your source, and is now declared with a "directories/@external" attribute within "docinfo".  The publication file entry "source/directories/@external" is honored meanwhile, but please relocate it.
* PTX:INFO:   checking all deprecated elements.
[33mwarning: [0m* PTX:DEPRECATE: (2026-05-11) the "me" and "men" elements have been deprecated.  The replacement is an "md" with no "mrow" children, and numbering is controlled by the "@number" attribute, or a global setting in "docinfo". (12111 times)
*              located at: pretext/book/part/chapter/section/introduction/p/me
*              located within: "sec-1-1-the-dashboard-speedometer-and-odometer" (xml:id), "The dashboard: speedometer and odometer" (title)
*              located at: pretext/book/part/chapter/section/introduction/p/me
*              located within: "sec-1-1-the-dashboard-speedometer-and-odometer" (xml:id), "The dashboard: speedometer and odometer" (title)
*              located at: pretext/book/part/chapter/section/subsection/p/me
*              located within: "subsec-sec-1-1-the-dashboard-speedometer-and-odometer-distance-as-accumulated-motion" (xml:id), "Distance as accumulated motion" (title)
*              located at: pretext/book/part/chapter/section/subsection/p/me
*              located within: "subsec-sec-1-1-the-dashboard-speedometer-and-odometer-distance-as-accumulated-motion" (xml:id), "Distance as accumulated motion" (title)
*              located at: pretext/book/part/chapter/section/subsection/p/me
*              located within: "subsec-sec-1-1-the-dashboard-speedometer-and-odometer-velocity-as-changing-distance" (xml:id), "Velocity as changing distance" (title)
*              located at: pretext/book/part/chapter/section/subsection/p/me
*              located within: "subsec-sec-1-1-the-dashboard-speedometer-and-odometer-velocity-as-changing-distance" (xml:id), "Velocity as changing distance" (title)
*              located at: pretext/book/part/chapter/section/subsection/p/me
*              located within: "subsec-sec-1-1-the-dashboard-speedometer-and-odometer-velocity-as-changing-distance" (xml:id), "Velocity as changing distance" (title)
*              located at: pretext/book/part/chapter/section/subsection/p/me
*              located within: "subsec-sec-1-1-the-dashboard-speedometer-and-odometer-units-already-tell-the-story" (xml:id), "Units of velocity and distance" (title)
* --------------
successful application of C:\Users\cyril\.ptx\2.53.0\core\xsl\pretext-latex.xsl
XSL conversion of D:\work\sabbatical\2025\Books\SV-Calculus\source\main.ptx by C:\Users\cyril\.ptx\2.53.0\core\xsl\utilities\report-publisher-variables.xsl
messages from the log for XSL processing (prefaced with a *):
[33mwarning: [0m* PTX:DEPRECATE: (2026-07-30) the external directory is a property of your source, and is now declared with a "directories/@external" attribute within "docinfo".  The publication file entry "source/directories/@external" is honored meanwhile, but please relocate it.
successful application of C:\Users\cyril\.ptx\2.53.0\core\xsl\utilities\report-publisher-variables.xsl
This is XeTeX, Version 3.141592653-2.6-0.999996 (MiKTeX 24.4) (preloaded format=xelatex.fmt)
 restricted \write18 enabled.
entering extended mode
(main.tex
LaTeX2e <2024-11-01> patch level 2
L3 programming layer <2025-01-18>
(C:\Users\cyril\AppData\Local\Programs\MiKTeX\tex/latex/base\book.cls
Document Class: book 2024/06/29 v1.4n Standard LaTeX document class
(C:\Users\cyril\AppData\Local\Programs\MiKTeX\tex/latex/base\bk10.clo))
(C:\Users\cyril\AppData\Local\Programs\MiKTeX\tex/latex/geometry\geometry.sty
(C:\Users\cyril\AppData\Local\Programs\MiKTeX\tex/latex/graphics\keyval.sty)
(C:\Users\cyril\AppData\Local\Programs\MiKTeX\tex/generic/iftex\ifvtex.sty
(C:\Users\cyril\AppData\Local\Programs\MiKTeX\tex/generic/iftex\iftex.sty))
(C:\Users\cyril\AppData\Local\Programs\MiKTeX\tex/latex/geometry\geometry.cfg))
(C:\Users\cyril\AppData\Local\Programs\MiKTeX\tex/latex/base\ifthen.sty)
(C:\Users\cyril\AppData\Local\Programs\MiKTeX\tex/latex/etoolbox\etoolbox.sty)
(C:\Users\cyril\AppData\Local\Programs\MiKTeX\tex/generic/iftex\ifxetex.sty)
(C:\Users\cyril\AppData\Local\Programs\MiKTeX\tex/generic/iftex\ifluatex.sty)
(C:\Users\cyril\AppData\Local\Programs\MiKTeX\tex/latex/graphics\graphicx.sty
(C:\Users\cyril\AppData\Local\Programs\MiKTeX\tex/latex/graphics\graphics.sty
(C:\Users\cyril\AppData\Local\Programs\MiKTeX\tex/latex/graphics\trig.sty)
(C:\Users\cyril\AppData\Local\Programs\MiKTeX\tex/latex/graphics-cfg\graphics.c
fg)
(C:\Users\cyril\AppData\Local\Programs\MiKTeX\tex/latex/graphics-def\xetex.def)
)) (C:\Users\cyril\AppData\Local\Programs\MiKTeX\tex/latex/xcolor\xcolor.sty
(C:\Users\cyril\AppData\Local\Programs\MiKTeX\tex/latex/graphics-cfg\color.cfg)
(C:\Users\cyril\AppData\Local\Programs\MiKTeX\tex/latex/graphics\mathcolor.ltx)
) (C:\Users\cyril\AppData\Local\Programs\MiKTeX\tex/latex/graphics\dvipsnam.def
) (C:\Users\cyril\AppData\Local\Programs\MiKTeX\tex/latex/xcolor\svgnam.def)
(C:\Users\cyril\AppData\Local\Programs\MiKTeX\tex/latex/colortbl\colortbl.sty
(C:\Users\cyril\AppData\Local\Programs\MiKTeX\tex/latex/tools\array.sty))
(C:\Users\cyril\AppData\Local\Programs\MiKTeX\tex/latex/tcolorbox\tcolorbox.sty

(C:\Users\cyril\AppData\Local\Programs\MiKTeX\tex/latex/pgf/frontendlayer\tikz.
sty
(C:\Users\cyril\AppData\Local\Programs\MiKTeX\tex/latex/pgf/basiclayer\pgf.sty
(C:\Users\cyril\AppData\Local\Programs\MiKTeX\tex/latex/pgf/utilities\pgfrcs.st
y
(C:\Users\cyril\AppData\Local\Programs\MiKTeX\tex/generic/pgf/utilities\pgfutil
-common.tex)
(C:\Users\cyril\AppData\Local\Programs\MiKTeX\tex/generic/pgf/utilities\pgfutil
-latex.def)
(C:\Users\cyril\AppData\Local\Programs\MiKTeX\tex/generic/pgf/utilities\pgfrcs.
code.tex
(C:\Users\cyril\AppData\Local\Programs\MiKTeX\tex/generic/pgf\pgf.revision.tex)
))
(C:\Users\cyril\AppData\Local\Programs\MiKTeX\tex/latex/pgf/basiclayer\pgfcore.
sty
(C:\Users\cyril\AppData\Local\Programs\MiKTeX\tex/latex/pgf/systemlayer\pgfsys.
sty
(C:\Users\cyril\AppData\Local\Programs\MiKTeX\tex/generic/pgf/systemlayer\pgfsy
s.code.tex
(C:\Users\cyril\AppData\Local\Programs\MiKTeX\tex/generic/pgf/utilities\pgfkeys
.code.tex
(C:\Users\cyril\AppData\Local\Programs\MiKTeX\tex/generic/pgf/utilities\pgfkeys
libraryfiltered.code.tex))
(C:\Users\cyril\AppData\Local\Programs\MiKTeX\tex/generic/pgf/systemlayer\pgf.c
fg)
(C:\Users\cyril\AppData\Local\Programs\MiKTeX\tex/generic/pgf/systemlayer\pgfsy
s-xetex.def
(C:\Users\cyril\AppData\Local\Programs\MiKTeX\tex/generic/pgf/systemlayer\pgfsy
s-dvipdfmx.def
(C:\Users\cyril\AppData\Local\Programs\MiKTeX\tex/generic/pgf/systemlayer\pgfsy
s-common-pdf.def))))
(C:\Users\cyril\AppData\Local\Programs\MiKTeX\tex/generic/pgf/systemlayer\pgfsy
ssoftpath.code.tex)
(C:\Users\cyril\AppData\Local\Programs\MiKTeX\tex/generic/pgf/systemlayer\pgfsy
sprotocol.code.tex))
(C:\Users\cyril\AppData\Local\Programs\MiKTeX\tex/generic/pgf/basiclayer\pgfcor
e.code.tex
(C:\Users\cyril\AppData\Local\Programs\MiKTeX\tex/generic/pgf/math\pgfmath.code
.tex
(C:\Users\cyril\AppData\Local\Programs\MiKTeX\tex/generic/pgf/math\pgfmathutil.
code.tex)
(C:\Users\cyril\AppData\Local\Programs\MiKTeX\tex/generic/pgf/math\pgfmathparse
r.code.tex)
(C:\Users\cyril\AppData\Local\Programs\MiKTeX\tex/generic/pgf/math\pgfmathfunct
ions.code.tex)
(C:\Users\cyril\AppData\Local\Programs\MiKTeX\tex/generic/pgf/math\pgfmathfunct
ions.basic.code.tex)
(C:\Users\cyril\AppData\Local\Programs\MiKTeX\tex/generic/pgf/math\pgfmathfunct
ions.trigonometric.code.tex)
(C:\Users\cyril\AppData\Local\Programs\MiKTeX\tex/generic/pgf/math\pgfmathfunct
ions.random.code.tex)
(C:\Users\cyril\AppData\Local\Programs\MiKTeX\tex/generic/pgf/math\pgfmathfunct
ions.comparison.code.tex)
(C:\Users\cyril\AppData\Local\Programs\MiKTeX\tex/generic/pgf/math\pgfmathfunct
ions.base.code.tex)
(C:\Users\cyril\AppData\Local\Programs\MiKTeX\tex/generic/pgf/math\pgfmathfunct
ions.round.code.tex)
(C:\Users\cyril\AppData\Local\Programs\MiKTeX\tex/generic/pgf/math\pgfmathfunct
ions.misc.code.tex)
(C:\Users\cyril\AppData\Local\Programs\MiKTeX\tex/generic/pgf/math\pgfmathfunct
ions.integerarithmetics.code.tex)
(C:\Users\cyril\AppData\Local\Programs\MiKTeX\tex/generic/pgf/math\pgfmathcalc.
code.tex)
(C:\Users\cyril\AppData\Local\Programs\MiKTeX\tex/generic/pgf/math\pgfmathfloat
.code.tex))
(C:\Users\cyril\AppData\Local\Programs\MiKTeX\tex/generic/pgf/math\pgfint.code.
tex)
(C:\Users\cyril\AppData\Local\Programs\MiKTeX\tex/generic/pgf/basiclayer\pgfcor
epoints.code.tex)
(C:\Users\cyril\AppData\Local\Programs\MiKTeX\tex/generic/pgf/basiclayer\pgfcor
epathconstruct.code.tex)
(C:\Users\cyril\AppData\Local\Programs\MiKTeX\tex/generic/pgf/basiclayer\pgfcor
epathusage.code.tex)
(C:\Users\cyril\AppData\Local\Programs\MiKTeX\tex/generic/pgf/basiclayer\pgfcor
escopes.code.tex)
(C:\Users\cyril\AppData\Local\Programs\MiKTeX\tex/generic/pgf/basiclayer\pgfcor
egraphicstate.code.tex)
(C:\Users\cyril\AppData\Local\Programs\MiKTeX\tex/generic/pgf/basiclayer\pgfcor
etransformations.code.tex)
(C:\Users\cyril\AppData\Local\Programs\MiKTeX\tex/generic/pgf/basiclayer\pgfcor
equick.code.tex)
(C:\Users\cyril\AppData\Local\Programs\MiKTeX\tex/generic/pgf/basiclayer\pgfcor
eobjects.code.tex)
(C:\Users\cyril\AppData\Local\Programs\MiKTeX\tex/generic/pgf/basiclayer\pgfcor
epathprocessing.code.tex)
(C:\Users\cyril\AppData\Local\Programs\MiKTeX\tex/generic/pgf/basiclayer\pgfcor
earrows.code.tex)
(C:\Users\cyril\AppData\Local\Programs\MiKTeX\tex/generic/pgf/basiclayer\pgfcor
eshade.code.tex)
(C:\Users\cyril\AppData\Local\Programs\MiKTeX\tex/generic/pgf/basiclayer\pgfcor
eimage.code.tex)
(C:\Users\cyril\AppData\Local\Programs\MiKTeX\tex/generic/pgf/basiclayer\pgfcor
eexternal.code.tex)
(C:\Users\cyril\AppData\Local\Programs\MiKTeX\tex/generic/pgf/basiclayer\pgfcor
elayers.code.tex)
(C:\Users\cyril\AppData\Local\Programs\MiKTeX\tex/generic/pgf/basiclayer\pgfcor
etransparency.code.tex)
(C:\Users\cyril\AppData\Local\Programs\MiKTeX\tex/generic/pgf/basiclayer\pgfcor
epatterns.code.tex)
(C:\Users\cyril\AppData\Local\Programs\MiKTeX\tex/generic/pgf/basiclayer\pgfcor
erdf.code.tex)))
(C:\Users\cyril\AppData\Local\Programs\MiKTeX\tex/generic/pgf/modules\pgfmodule
shapes.code.tex)
(C:\Users\cyril\AppData\Local\Programs\MiKTeX\tex/generic/pgf/modules\pgfmodule
plot.code.tex)
(C:\Users\cyril\AppData\Local\Programs\MiKTeX\tex/latex/pgf/compatibility\pgfco
mp-version-0-65.sty)
(C:\Users\cyril\AppData\Local\Programs\MiKTeX\tex/latex/pgf/compatibility\pgfco
mp-version-1-18.sty))
(C:\Users\cyril\AppData\Local\Programs\MiKTeX\tex/latex/pgf/utilities\pgffor.st
y
(C:\Users\cyril\AppData\Local\Programs\MiKTeX\tex/latex/pgf/utilities\pgfkeys.s
ty
(C:\Users\cyril\AppData\Local\Programs\MiKTeX\tex/generic/pgf/utilities\pgfkeys
.code.tex))
(C:\Users\cyril\AppData\Local\Programs\MiKTeX\tex/latex/pgf/math\pgfmath.sty
(C:\Users\cyril\AppData\Local\Programs\MiKTeX\tex/generic/pgf/math\pgfmath.code
.tex))
(C:\Users\cyril\AppData\Local\Programs\MiKTeX\tex/generic/pgf/utilities\pgffor.
code.tex))
(C:\Users\cyril\AppData\Local\Programs\MiKTeX\tex/generic/pgf/frontendlayer/tik
z\tikz.code.tex
(C:\Users\cyril\AppData\Local\Programs\MiKTeX\tex/generic/pgf/libraries\pgflibr
aryplothandlers.code.tex)
(C:\Users\cyril\AppData\Local\Programs\MiKTeX\tex/generic/pgf/modules\pgfmodule
matrix.code.tex)
(C:\Users\cyril\AppData\Local\Programs\MiKTeX\tex/generic/pgf/frontendlayer/tik
z/libraries\tikzlibrarytopaths.code.tex)))
(C:\Users\cyril\AppData\Local\Programs\MiKTeX\tex/latex/tools\verbatim.sty)
(C:\Users\cyril\AppData\Local\Programs\MiKTeX\tex/latex/environ\environ.sty
(C:\Users\cyril\AppData\Local\Programs\MiKTeX\tex/latex/trimspaces\trimspaces.s
ty)))
(C:\Users\cyril\AppData\Local\Programs\MiKTeX\tex/latex/tcolorbox\tcbskins.code
.tex
Library (tcolorbox): 'tcbskins.code.tex' version '6.4.1'

(C:\Users\cyril\AppData\Local\Programs\MiKTeX\tex/latex/tikzfill\tikzfill.image
.sty
(C:\Users\cyril\AppData\Local\Programs\MiKTeX\tex/latex/tikzfill\tikzlibraryfil
l.image.code.tex))
(C:\Users\cyril\AppData\Local\Programs\MiKTeX\tex/latex/tcolorbox\tcbskinsjigsa
w.code.tex
Library (tcolorbox): 'tcbskinsjigsaw.code.tex' version '6.4.1'
))
(C:\Users\cyril\AppData\Local\Programs\MiKTeX\tex/latex/tcolorbox\tcbbreakable.
code.tex
Library (tcolorbox): 'tcbbreakable.code.tex' version '6.4.1'
(C:\Users\cyril\AppData\Local\Programs\MiKTeX\tex/latex/pdfcol\pdfcol.sty
(C:\Users\cyril\AppData\Local\Programs\MiKTeX\tex/generic/ltxcmds\ltxcmds.sty)
(C:\Users\cyril\AppData\Local\Programs\MiKTeX\tex/generic/infwarerr\infwarerr.s
ty)))
(C:\Users\cyril\AppData\Local\Programs\MiKTeX\tex/latex/tcolorbox\tcbraster.cod
e.tex
Library (tcolorbox): 'tcbraster.code.tex' version '6.4.1'
)
(C:\Users\cyril\AppData\Local\Programs\MiKTeX\tex/latex/tcolorbox\tcbxparse.cod
e.tex
Library (tcolorbox): 'tcbxparse.code.tex' version '6.4.1'

(C:\Users\cyril\AppData\Local\Programs\MiKTeX\tex/latex/l3packages/xparse\xpars
e.sty
(C:\Users\cyril\AppData\Local\Programs\MiKTeX\tex/latex/l3kernel\expl3.sty
(C:\Users\cyril\AppData\Local\Programs\MiKTeX\tex/latex/l3backend\l3backend-xet
ex.def))))
(C:\Users\cyril\AppData\Local\Programs\MiKTeX\tex/generic/pgf/frontendlayer/tik
z/libraries\tikzlibrarycalc.code.tex)
(C:\Users\cyril\AppData\Local\Programs\MiKTeX\tex/latex/tcolorbox\tcbhooks.code
.tex
Library (tcolorbox): 'tcbhooks.code.tex' version '6.4.1'
) (C:\Users\cyril\AppData\Local\Programs\MiKTeX\tex/latex/xstring\xstring.sty
(C:\Users\cyril\AppData\Local\Programs\MiKTeX\tex/generic/xstring\xstring.tex))
 (C:\Users\cyril\AppData\Local\Programs\MiKTeX\tex/latex/xltxtra\xltxtra.sty
(C:\Users\cyril\AppData\Local\Programs\MiKTeX\tex/latex/fontspec\fontspec.sty
(C:\Users\cyril\AppData\Local\Programs\MiKTeX\tex/latex/fontspec\fontspec-xetex
.sty (C:\Users\cyril\AppData\Local\Programs\MiKTeX\tex/latex/base\fontenc.sty)
(C:\Users\cyril\AppData\Local\Programs\MiKTeX\tex/latex/fontspec\fontspec.cfg))
)
(C:\Users\cyril\AppData\Local\Programs\MiKTeX\tex/latex/realscripts\realscripts
.sty)
(C:\Users\cyril\AppData\Local\Programs\MiKTeX\tex/latex/metalogo\metalogo.sty))
 (C:\Users\cyril\AppData\Local\Programs\MiKTeX\tex/latex/inconsolata\zi4.sty
`inconsolata-zi4' v1.12, 2019/05/17 Text macros for Inconsolata (msharpe)
(C:\Users\cyril\AppData\Local\Programs\MiKTeX\tex/latex/base\textcomp.sty)
(C:\Users\cyril\AppData\Local\Programs\MiKTeX\tex/latex/xkeyval\xkeyval.sty
(C:\Users\cyril\AppData\Local\Programs\MiKTeX\tex/generic/xkeyval\xkeyval.tex
(C:\Users\cyril\AppData\Local\Programs\MiKTeX\tex/generic/xkeyval\xkvutils.tex)
)))
(C:\Users\cyril\AppData\Local\Programs\MiKTeX\tex/latex/polyglossia\polyglossia
.sty
(C:\Users\cyril\AppData\Local\Programs\MiKTeX\tex/latex/polyglossia\gloss-latex
.ldf))
(C:\Users\cyril\AppData\Local\Programs\MiKTeX\tex/latex/polyglossia\gloss-engli
sh.ldf)
(C:\Users\cyril\AppData\Local\Programs\MiKTeX\tex/latex/microtype\microtype.sty

(C:\Users\cyril\AppData\Local\Programs\MiKTeX\tex/latex/microtype\microtype-xet
ex.def)
(C:\Users\cyril\AppData\Local\Programs\MiKTeX\tex/latex/microtype\microtype.cfg
)) (C:\Users\cyril\AppData\Local\Programs\MiKTeX\tex/latex/amsmath\amsmath.sty
For additional information on amsmath, use the `?' option.
(C:\Users\cyril\AppData\Local\Programs\MiKTeX\tex/latex/amsmath\amstext.sty
(C:\Users\cyril\AppData\Local\Programs\MiKTeX\tex/latex/amsmath\amsgen.sty))
(C:\Users\cyril\AppData\Local\Programs\MiKTeX\tex/latex/amsmath\amsbsy.sty)
(C:\Users\cyril\AppData\Local\Programs\MiKTeX\tex/latex/amsmath\amsopn.sty))
(C:\Users\cyril\AppData\Local\Programs\MiKTeX\tex/latex/amsmath\amscd.sty)
(C:\Users\cyril\AppData\Local\Programs\MiKTeX\tex/latex/amsfonts\amssymb.sty
(C:\Users\cyril\AppData\Local\Programs\MiKTeX\tex/latex/amsfonts\amsfonts.sty))
 (C:\Users\cyril\AppData\Local\Programs\MiKTeX\tex/latex/psnfss\pifont.sty
(C:\Users\cyril\AppData\Local\Programs\MiKTeX\tex/latex/psnfss\upzd.fd)
(C:\Users\cyril\AppData\Local\Programs\MiKTeX\tex/latex/psnfss\upsy.fd))
(C:\Users\cyril\AppData\Local\Programs\MiKTeX\tex/latex/titlesec\titlesec.sty
(C:\Users\cyril\AppData\Local\Programs\MiKTeX\tex/latex/titlesec\titleps.sty))
(C:\Users\cyril\AppData\Local\Programs\MiKTeX\tex/latex/titlesec\titletoc.sty)
(C:\Users\cyril\AppData\Local\Programs\MiKTeX\tex/latex/fancyvrb\fancyvrb.sty)
(C:\Users\cyril\AppData\Local\Programs\MiKTeX\tex/latex/enumitem\enumitem.sty)
(C:\Users\cyril\AppData\Local\Programs\MiKTeX\tex/latex/hyperref\hyperref.sty
(C:\Users\cyril\AppData\Local\Programs\MiKTeX\tex/latex/kvsetkeys\kvsetkeys.sty
)
(C:\Users\cyril\AppData\Local\Programs\MiKTeX\tex/generic/kvdefinekeys\kvdefine
keys.sty)
(C:\Users\cyril\AppData\Local\Programs\MiKTeX\tex/generic/pdfescape\pdfescape.s
ty
(C:\Users\cyril\AppData\Local\Programs\MiKTeX\tex/generic/pdftexcmds\pdftexcmds
.sty))
(C:\Users\cyril\AppData\Local\Programs\MiKTeX\tex/latex/hycolor\hycolor.sty)
(C:\Users\cyril\AppData\Local\Programs\MiKTeX\tex/latex/hyperref\nameref.sty
(C:\Users\cyril\AppData\Local\Programs\MiKTeX\tex/latex/refcount\refcount.sty)
(C:\Users\cyril\AppData\Local\Programs\MiKTeX\tex/generic/gettitlestring\gettit
lestring.sty
(C:\Users\cyril\AppData\Local\Programs\MiKTeX\tex/latex/kvoptions\kvoptions.sty
)))
(C:\Users\cyril\AppData\Local\Programs\MiKTeX\tex/generic/stringenc\stringenc.s
ty) (C:\Users\cyril\AppData\Local\Programs\MiKTeX\tex/latex/hyperref\pd1enc.def
) (C:\Users\cyril\AppData\Local\Programs\MiKTeX\tex/generic/intcalc\intcalc.sty
) (C:\Users\cyril\AppData\Local\Programs\MiKTeX\tex/latex/hyperref\puenc.def)
(C:\Users\cyril\AppData\Local\Programs\MiKTeX\tex/latex/url\url.sty)
(C:\Users\cyril\AppData\Local\Programs\MiKTeX\tex/generic/bitset\bitset.sty
(C:\Users\cyril\AppData\Local\Programs\MiKTeX\tex/generic/bigintcalc\bigintcalc
.sty))
(C:\Users\cyril\AppData\Local\Programs\MiKTeX\tex/latex/base\atbegshi-ltx.sty))
(C:\Users\cyril\AppData\Local\Programs\MiKTeX\tex/latex/hyperref\hxetex.def
(C:\Users\cyril\AppData\Local\Programs\MiKTeX\tex/latex/rerunfilecheck\rerunfil
echeck.sty
(C:\Users\cyril\AppData\Local\Programs\MiKTeX\tex/generic/uniquecounter\uniquec
ounter.sty)))
(C:\Users\cyril\AppData\Local\Programs\MiKTeX\tex/latex/pgfplots\pgfplots.sty
(C:\Users\cyril\AppData\Local\Programs\MiKTeX\tex/generic/pgfplots\pgfplots.rev
ision.tex)
(C:\Users\cyril\AppData\Local\Programs\MiKTeX\tex/generic/pgfplots\pgfplots.cod
e.tex
(C:\Users\cyril\AppData\Local\Programs\MiKTeX\tex/generic/pgfplots\pgfplotscore
.code.tex
(C:\Users\cyril\AppData\Local\Programs\MiKTeX\tex/generic/pgfplots/sys\pgfplots
sysgeneric.code.tex))
(C:\Users\cyril\AppData\Local\Programs\MiKTeX\tex/generic/pgfplots/libs\pgfplot
slibrary.code.tex)
(C:\Users\cyril\AppData\Local\Programs\MiKTeX\tex/generic/pgfplots/oldpgfcompat
ib\pgfplotsoldpgfsupp_loader.code.tex
(C:\Users\cyril\AppData\Local\Programs\MiKTeX\tex/generic/pgf/libraries\pgflibr
aryfpu.code.tex)
Package pgfplots: loading complementary utilities for your pgf version...

(C:\Users\cyril\AppData\Local\Programs\MiKTeX\tex/generic/pgfplots/oldpgfcompat
ib\pgfplotsoldpgfsupp_pgfutil-common-lists.tex))
(C:\Users\cyril\AppData\Local\Programs\MiKTeX\tex/generic/pgfplots/util\pgfplot
sutil.code.tex
(C:\Users\cyril\AppData\Local\Programs\MiKTeX\tex/generic/pgfplots/liststructur
e\pgfplotsliststructure.code.tex)
(C:\Users\cyril\AppData\Local\Programs\MiKTeX\tex/generic/pgfplots/liststructur
e\pgfplotsliststructureext.code.tex)
(C:\Users\cyril\AppData\Local\Programs\MiKTeX\tex/generic/pgfplots/liststructur
e\pgfplotsarray.code.tex)
(C:\Users\cyril\AppData\Local\Programs\MiKTeX\tex/generic/pgfplots/liststructur
e\pgfplotsmatrix.code.tex)
(C:\Users\cyril\AppData\Local\Programs\MiKTeX\tex/generic/pgfplots/numtable\pgf
plotstableshared.code.tex)
(C:\Users\cyril\AppData\Local\Programs\MiKTeX\tex/generic/pgfplots/liststructur
e\pgfplotsdeque.code.tex)
(C:\Users\cyril\AppData\Local\Programs\MiKTeX\tex/generic/pgfplots/util\pgfplot
sbinary.code.tex
(C:\Users\cyril\AppData\Local\Programs\MiKTeX\tex/generic/pgfplots/util\pgfplot
sbinary.data.code.tex))
(C:\Users\cyril\AppData\Local\Programs\MiKTeX\tex/generic/pgfplots/util\pgfplot
sutil.verb.code.tex)
(C:\Users\cyril\AppData\Local\Programs\MiKTeX\tex/generic/pgfplots/libs\pgflibr
arypgfplots.surfshading.code.tex
(C:\Users\cyril\AppData\Local\Programs\MiKTeX\tex/generic/pgfplots/sys\pgflibra
rypgfplots.surfshading.pgfsys-xetex.def
(C:\Users\cyril\AppData\Local\Programs\MiKTeX\tex/generic/pgfplots/sys\pgflibra
rypgfplots.surfshading.pgfsys-dvipdfmx.def))))
(C:\Users\cyril\AppData\Local\Programs\MiKTeX\tex/generic/pgfplots/util\pgfplot
scolormap.code.tex
(C:\Users\cyril\AppData\Local\Programs\MiKTeX\tex/generic/pgfplots/util\pgfplot
scolor.code.tex))
(C:\Users\cyril\AppData\Local\Programs\MiKTeX\tex/generic/pgfplots\pgfplotsstac
kedplots.code.tex)
(C:\Users\cyril\AppData\Local\Programs\MiKTeX\tex/generic/pgfplots\pgfplotsplot
handlers.code.tex
(C:\Users\cyril\AppData\Local\Programs\MiKTeX\tex/generic/pgfplots\pgfplotsmesh
plothandler.code.tex
(C:\Users\cyril\AppData\Local\Programs\MiKTeX\tex/generic/pgfplots\pgfplotsmesh
plotimage.code.tex)))
(C:\Users\cyril\AppData\Local\Programs\MiKTeX\tex/generic/pgfplots\pgfplots.sca
ling.code.tex)
(C:\Users\cyril\AppData\Local\Programs\MiKTeX\tex/generic/pgfplots\pgfplotscoor
dprocessing.code.tex)
(C:\Users\cyril\AppData\Local\Programs\MiKTeX\tex/generic/pgfplots\pgfplots.err
orbars.code.tex)
(C:\Users\cyril\AppData\Local\Programs\MiKTeX\tex/generic/pgfplots\pgfplots.mar
kers.code.tex)
(C:\Users\cyril\AppData\Local\Programs\MiKTeX\tex/generic/pgfplots\pgfplotstick
s.code.tex)
(C:\Users\cyril\AppData\Local\Programs\MiKTeX\tex/generic/pgfplots\pgfplots.pat
hs.code.tex)
(C:\Users\cyril\AppData\Local\Programs\MiKTeX\tex/generic/pgf/frontendlayer/tik
z/libraries\tikzlibrarydecorations.code.tex
(C:\Users\cyril\AppData\Local\Programs\MiKTeX\tex/generic/pgf/modules\pgfmodule
decorations.code.tex))
(C:\Users\cyril\AppData\Local\Programs\MiKTeX\tex/generic/pgf/frontendlayer/tik
z/libraries\tikzlibrarydecorations.pathmorphing.code.tex
(C:\Users\cyril\AppData\Local\Programs\MiKTeX\tex/generic/pgf/libraries/decorat
ions\pgflibrarydecorations.pathmorphing.code.tex))
(C:\Users\cyril\AppData\Local\Programs\MiKTeX\tex/generic/pgf/frontendlayer/tik
z/libraries\tikzlibrarydecorations.pathreplacing.code.tex
(C:\Users\cyril\AppData\Local\Programs\MiKTeX\tex/generic/pgf/libraries/decorat
ions\pgflibrarydecorations.pathreplacing.code.tex))
(C:\Users\cyril\AppData\Local\Programs\MiKTeX\tex/generic/pgfplots/libs\tikzlib
rarypgfplots.contourlua.code.tex))
(C:\Users\cyril\AppData\Local\Programs\MiKTeX\tex/generic/pgf/frontendlayer/tik
z/libraries\tikzlibraryplotmarks.code.tex
(C:\Users\cyril\AppData\Local\Programs\MiKTeX\tex/generic/pgf/libraries\pgflibr
aryplotmarks.code.tex)))
(C:\Users\cyril\AppData\Local\Programs\MiKTeX\tex/generic/pgfplots/libs\tikzlib
rarypgfplots.fillbetween.code.tex
(C:\Users\cyril\AppData\Local\Programs\MiKTeX\tex/generic/pgfplots/pgfcontrib\t
ikzlibraryfillbetween.code.tex
(C:\Users\cyril\AppData\Local\Programs\MiKTeX\tex/generic/pgf/frontendlayer/tik
z/libraries\tikzlibraryintersections.code.tex
(C:\Users\cyril\AppData\Local\Programs\MiKTeX\tex/generic/pgf/libraries\pgflibr
aryintersections.code.tex))
(C:\Users\cyril\AppData\Local\Programs\MiKTeX\tex/generic/pgfplots/pgfcontrib\t
ikzlibrarydecorations.softclip.code.tex
(C:\Users\cyril\AppData\Local\Programs\MiKTeX\tex/generic/pgfplots/pgfcontrib\p
gflibraryfillbetween.code.tex)))
(C:\Users\cyril\AppData\Local\Programs\MiKTeX\tex/generic/pgfplots/libs\tikzlib
rarypgfplots.decorations.softclip.code.tex))
(C:\Users\cyril\AppData\Local\Programs\MiKTeX\tex/generic/pgfplots/libs\tikzlib
rarypgfplots.colormaps.code.tex)
(C:\Users\cyril\AppData\Local\Programs\MiKTeX\tex/generic/pgf/frontendlayer/tik
z/libraries\tikzlibraryarrows.code.tex
(C:\Users\cyril\AppData\Local\Programs\MiKTeX\tex/generic/pgf/libraries\pgflibr
aryarrows.code.tex))
(C:\Users\cyril\AppData\Local\Programs\MiKTeX\tex/generic/pgf/libraries\pgflibr
aryarrows.meta.code.tex)
(C:\Users\cyril\AppData\Local\Programs\MiKTeX\tex/generic/pgf/frontendlayer/tik
z/libraries\tikzlibrarydecorations.markings.code.tex
(C:\Users\cyril\AppData\Local\Programs\MiKTeX\tex/generic/pgf/libraries/decorat
ions\pgflibrarydecorations.markings.code.tex))
(C:\Users\cyril\AppData\Local\Programs\MiKTeX\tex/generic/pgf/frontendlayer/tik
z/libraries\tikzlibrarymatrix.code.tex)
(C:\Users\cyril\AppData\Local\Programs\MiKTeX\tex/generic/pgf/frontendlayer/tik
z/libraries\tikzlibrarypatterns.code.tex
(C:\Users\cyril\AppData\Local\Programs\MiKTeX\tex/generic/pgf/libraries\pgflibr
arypatterns.code.tex))
(C:\Users\cyril\AppData\Local\Programs\MiKTeX\tex/generic/pgf/frontendlayer/tik
z/libraries\tikzlibrarypositioning.code.tex)
(C:\Users\cyril\AppData\Local\Programs\MiKTeX\tex/generic/pgf/frontendlayer/tik
z/libraries\tikzlibraryshadows.code.tex
(C:\Users\cyril\AppData\Local\Programs\MiKTeX\tex/generic/pgf/frontendlayer/tik
z/libraries\tikzlibraryfadings.code.tex
(C:\Users\cyril\AppData\Local\Programs\MiKTeX\tex/generic/pgf/libraries\pgflibr
aryfadings.code.tex)))
(C:\Users\cyril\AppData\Local\Programs\MiKTeX\tex/generic/pgf/frontendlayer/tik
z/libraries\tikzlibraryshapes.code.tex
(C:\Users\cyril\AppData\Local\Programs\MiKTeX\tex/generic/pgf/frontendlayer/tik
z/libraries\tikzlibraryshapes.geometric.code.tex
(C:\Users\cyril\AppData\Local\Programs\MiKTeX\tex/generic/pgf/libraries/shapes\
pgflibraryshapes.geometric.code.tex))
(C:\Users\cyril\AppData\Local\Programs\MiKTeX\tex/generic/pgf/frontendlayer/tik
z/libraries\tikzlibraryshapes.misc.code.tex
(C:\Users\cyril\AppData\Local\Programs\MiKTeX\tex/generic/pgf/libraries/shapes\
pgflibraryshapes.misc.code.tex))
(C:\Users\cyril\AppData\Local\Programs\MiKTeX\tex/generic/pgf/frontendlayer/tik
z/libraries\tikzlibraryshapes.symbols.code.tex
(C:\Users\cyril\AppData\Local\Programs\MiKTeX\tex/generic/pgf/libraries/shapes\
pgflibraryshapes.symbols.code.tex))
(C:\Users\cyril\AppData\Local\Programs\MiKTeX\tex/generic/pgf/frontendlayer/tik
z/libraries\tikzlibraryshapes.arrows.code.tex
(C:\Users\cyril\AppData\Local\Programs\MiKTeX\tex/generic/pgf/libraries/shapes\
pgflibraryshapes.arrows.code.tex))
(C:\Users\cyril\AppData\Local\Programs\MiKTeX\tex/generic/pgf/frontendlayer/tik
z/libraries\tikzlibraryshapes.callouts.code.tex
(C:\Users\cyril\AppData\Local\Programs\MiKTeX\tex/generic/pgf/libraries/shapes\
pgflibraryshapes.callouts.code.tex))
(C:\Users\cyril\AppData\Local\Programs\MiKTeX\tex/generic/pgf/frontendlayer/tik
z/libraries\tikzlibraryshapes.multipart.code.tex
(C:\Users\cyril\AppData\Local\Programs\MiKTeX\tex/generic/pgf/libraries/shapes\
pgflibraryshapes.multipart.code.tex)))
No file main.aux.
*geometry* driver: auto-detecting
*geometry* detected driver: xetex
(C:\Users\cyril\AppData\Local\Programs\MiKTeX\tex/latex/upquote\upquote.sty)
(C:\Users\cyril\AppData\Local\Programs\MiKTeX\tex/latex/microtype\mt-LatinModer
nRoman.cfg)

Package hyperref Warning: Rerun to get /PageLabels entry.

Package pgfplots notification 'compat/show suggested version=true': document ha
s been generated with the most recent feature set (\pgfplotsset{compat=1.18}).


[1]
[2]
[3]
************************************************
Preface Preface
************************************************
************************************************
Preface How to Read This Book
************************************************

[4]
[5]
No file main.toc.

[6]
************************************************
Part I The Two Questions of Calculus
************************************************

[1]
************************************************
Chapter 1 Velocity, Distance, and the First Shape of Calculus
************************************************
Chapter 1.
************************************************
Section 1.1 The dashboard: speedometer and odometer
************************************************
(C:\Users\cyril\AppData\Local\Programs\MiKTeX\tex/latex/amsfonts\umsa.fd)
(C:\Users\cyril\AppData\Local\Programs\MiKTeX\tex/latex/microtype\mt-msa.cfg)
(C:\Users\cyril\AppData\Local\Programs\MiKTeX\tex/latex/amsfonts\umsb.fd)
(C:\Users\cyril\AppData\Local\Programs\MiKTeX\tex/latex/microtype\mt-msb.cfg)
(C:\Users\cyril\AppData\Local\Programs\MiKTeX\tex/latex/microtype\mt-cmr.cfg)
[2]
************************************************
Subsection Distance as accumulated motion
************************************************
************************************************
Subsection Velocity as changing distance
************************************************

[3]
************************************************
Subsection Units of velocity and distance
************************************************
************************************************
Subsection The first question: distance to velocity
************************************************

[4]
************************************************
Subsection The second question: velocity to distance
************************************************

[5]
************************************************
Subsection The two questions together
************************************************
************************************************
Section 1.2 Constant velocity: where slope and area first meet
************************************************
************************************************
Subsection The graph of distance when velocity is constant
************************************************

[6]
************************************************
Subsection Slope of the distance graph
************************************************

[7]
************************************************
Subsection Area under the velocity graph
************************************************

[8]
************************************************
Subsection The constant-velocity rule
************************************************
************************************************
Subsection Why slope and area are inverse clues
************************************************

[9]
************************************************
Subsection Why the word “constant” matters
************************************************

[10]
************************************************
Section 1.3 Forward, backward, and signed motion
************************************************
************************************************
Subsection Positive and negative velocity
************************************************

[11]
************************************************
Subsection Displacement versus distance traveled
************************************************

[12]
************************************************
Subsection Area below the time axis
************************************************

[13]
************************************************
Subsection A first piecewise-defined motion
************************************************
************************************************
Subsection What the sign prepares us for
************************************************

[14]
************************************************
Section 1.4 Calculus without limits: finite differences and finite sums
************************************************

Overfull \hbox (3.59106pt too wide) in paragraph at lines 2109--2109
|[]\TU/lmr/bx/n/14.4 Calculus without limits: finite differences and
************************************************
Subsection Difference tables
************************************************

[15]
************************************************
Subsection Accumulated differences telescope
************************************************

[16]
************************************************
Subsection Step velocities and piecewise linear position
************************************************
************************************************
Subsection Unequal time steps
************************************************

[17]
************************************************
Subsection A warning about absolute values
************************************************
************************************************
Subsection Squares and odd numbers
************************************************

[18]
************************************************
Subsection What finite calculus can and cannot do
************************************************

[19]
************************************************
Section 1.5 Changing velocity and the need for limits
************************************************
************************************************
Subsection Average velocity over a time interval
************************************************

[20]
************************************************
Subsection The word “if” matters
************************************************

LaTeX Warning: Hyper reference `sec-1-3-forward-backward-and-signed-motion' on 
page 21 undefined on input line 2818.


LaTeX Warning: Reference `sec-1-3-forward-backward-and-signed-motion' on page 2
1 undefined on input line 2818.

************************************************
Subsection The tangent line problem
************************************************

[21]
************************************************
Subsection The area problem
************************************************

[22]
************************************************
Subsection Why finite arithmetic is no longer enough
************************************************

[23]
************************************************
Section 1.6 A first map of the book
************************************************
************************************************
Subsection Derivative: from position to velocity
************************************************

[24]
************************************************
Subsection Integral: from velocity to position
************************************************
************************************************
Subsection Approximation: how to work when exact formulas fail
************************************************

[25]
************************************************
Subsection Differential equations: when the law gives the derivative
************************************************
************************************************
Subsection The road in one picture
************************************************

[26]
************************************************
Section 1.7 Discovery problems and projects
************************************************
************************************************
Subsection Read a trip from a speed graph
************************************************

[27]
************************************************
Subsection Design two different trips with the same displacement
************************************************

[28]
[29]
************************************************
Subsection Finite differences of squares and cubes
************************************************

[30]
[31]
************************************************
Subsection A changing slope needs nearness
************************************************

[32]
************************************************
Chapter 2 Numbers, Functions, and Models
************************************************

[33]
Chapter 2.
************************************************
Section 2.1 The real line and intervals
************************************************
************************************************
Subsection Points as numbers
************************************************

[34]
************************************************
Subsection Open, closed, and half-open intervals
************************************************

[35]
************************************************
Subsection Absolute value as distance
************************************************

[36]
[37]
************************************************
Subsection Inequalities as a way to control error
************************************************

[38]
************************************************
Section 2.2 Completeness and the idea of no gaps
************************************************

[39]
************************************************
Subsection Rational numbers and the missing square root
************************************************

[40]
************************************************
Subsection Least upper bound property
************************************************

[41]
[42]
************************************************
Subsection Nested intervals
************************************************

[43]
************************************************
Subsection Completeness creates \(\sqrt 2\)
************************************************

[44]
************************************************
Subsection Why calculus needs the real numbers
************************************************

[45]
************************************************
Section 2.3 Functions as assignments
************************************************

[46]
************************************************
Subsection Input, output, domain, and range
************************************************

[47]
************************************************
Subsection Functions from formulas, graphs, tables, and words
************************************************

[48]
[49]
************************************************
Subsection The natural domain of a formula
************************************************

[50]
************************************************
Subsection Piecewise-defined functions
************************************************

[51]
[52]
************************************************
Subsection The difference quotient as a function of two inputs
************************************************

[53]
[54]
************************************************
Section 2.4 Graphs and transformations
************************************************
************************************************
Subsection Shifts and scalings
************************************************

[55]
[56]
************************************************
Subsection Reflections and stretching
************************************************

[57]
[58]
************************************************
Subsection Even and odd symmetry
************************************************

[59]
[60]
************************************************
Subsection Reading intercepts, sign, and intervals from a graph
************************************************

[61]
[62]
************************************************
Subsection A graph can suggest, but not prove
************************************************
************************************************
Section 2.5 Combining functions
************************************************

[63]
************************************************
Subsection Sums, products, and quotients
************************************************

[64]
[65]
************************************************
Subsection Composition
************************************************

[66]
[67]
************************************************
Subsection Inverse functions
************************************************

[68]
[69]
************************************************
Subsection When an inverse exists
************************************************

[70]
[71]
[72]
************************************************
Section 2.6 A catalog of essential functions
************************************************
************************************************
Subsection Linear functions and units
************************************************

[73]
[74]
************************************************
Subsection Powers and polynomials
************************************************

Overfull \hbox (3.91pt too wide) in paragraph at lines 8275--8276
[]\TU/lmr/m/n/10 They already appeared in the first chapter through finite diff
erences. Squares

[75]
************************************************
Subsection Rational functions and asymptotic behavior
************************************************

[76]
[77]
************************************************
Subsection Algebraic functions
************************************************

[78]
************************************************
Subsection Trigonometric functions in radians
************************************************

[79]
[80]
************************************************
Subsection Exponential functions
************************************************

[81]
[82]
************************************************
Subsection Logarithms as inverse functions
************************************************

[83]
[84]
************************************************
Subsection The catalog at a glance
************************************************
************************************************
Section 2.7 Models before calculus
************************************************

[85]
************************************************
Subsection Linear growth
************************************************

[86]
************************************************
Subsection Power-law scaling
************************************************

[87]
[88]
************************************************
Subsection Exponential growth and decay
************************************************

[89]
[90]
************************************************
Subsection Periodic motion
************************************************

[91]
[92]
************************************************
Subsection Choosing a model from units and data
************************************************

[93]
************************************************
Section 2.8 Technology and graphs
************************************************

[94]
************************************************
Subsection Windows can lie
************************************************

[95]
************************************************
Subsection Sampling can miss behavior
************************************************

[96]
************************************************
Subsection Numerical evidence versus proof
************************************************

[97]
[98]
************************************************
Subsection A first warning about roundoff
************************************************

[99]
************************************************
Section 2.9 Chapter review and discovery problems
************************************************
************************************************
Subsection Chapter map
************************************************

[100]

Package tcolorbox Warning: Using nobreak failed. Try to enlarge `lines before b
reak' or set page breaks manually on input line 11104.

************************************************
Subsection Concept check: function versus formula
************************************************

[101]
[102]
************************************************
Subsection Skills: intervals, domains, transformations, and inverses
************************************************

[103]
[104]
[105]
************************************************
Subsection Skills: reading a graph
************************************************

[106]
************************************************
Subsection Catalog practice: recognizing function families
************************************************

Overfull \hbox (5.88002pt too wide) in paragraph at lines 11630--11631
\TU/lmr/m/n/10 Classify each model as linear, power-law, polynomial, rational, 
algebraic, trigono-
************************************************
Subsection Counterexamples and proof practice
************************************************

[107]
************************************************
Subsection Technology questions
************************************************

[108]
[109]
************************************************
Subsection Project: fit a simple model to data
************************************************

[110]
************************************************
Subsection Discovery problems
************************************************

[111]
************************************************
Subsection Hook: limits make near into mathematics
************************************************

[112]
************************************************
Part II Limits, Continuity, and the Derivative
************************************************

[113]
[114]
************************************************
Chapter 3 Limits and Continuity
************************************************
Chapter 3.
************************************************
Section 3.1 Limits from motion and approximation
************************************************
************************************************
Subsection Average velocity as the interval shrinks
************************************************

[115]
************************************************
Subsection Decimal approximations to a number
************************************************

[116]
************************************************
Subsection The informal meaning of a limit
************************************************

[117]

LaTeX Warning: Hyper reference `sec-3-4-the-precise-definition-of-a-limit' on p
age 118 undefined on input line 12500.


LaTeX Warning: Reference `sec-3-4-the-precise-definition-of-a-limit' on page 11
8 undefined on input line 12500.


[118]
************************************************
Subsection Limits from graphs and tables
************************************************

[119]
************************************************
Subsection What a limit can ignore
************************************************
************************************************
Section 3.2 Calculating limits
************************************************
************************************************
Subsection A first limit law from an example
************************************************

[120]
************************************************
Subsection Limit laws
************************************************

[121]
[122]
************************************************
Subsection Polynomials and direct substitution
************************************************
************************************************
Subsection Rational functions
************************************************

[123]
************************************************
Subsection Removing a removable discontinuity
************************************************

[124]
[125]
************************************************
Subsection When cancellation does not save the limit
************************************************
************************************************
Subsection The squeeze idea
************************************************

[126]
[127]
************************************************
Subsection A short guide to the first limit tools
************************************************
************************************************
Section 3.3 One-sided limits and infinite behavior
************************************************
************************************************
Subsection Left-hand and right-hand limits
************************************************

[128]
[129]
[130]
************************************************
Subsection Infinite limits and vertical asymptotes
************************************************

[131]
[132]
************************************************
Subsection Limits at infinity
************************************************

[133]
[134]
************************************************
Subsection Horizontal and slant asymptotes
************************************************

[135]
[136]
************************************************
Subsection A map of the new behaviors
************************************************

Overfull \hbox (7.55862pt too wide) detected at line 14617
[]

[137]
************************************************
Section 3.4 The precise definition of a limit
************************************************
************************************************
Subsection The epsilon challenge
************************************************

[138]
************************************************
Subsection Delta as a response
************************************************

[139]
************************************************
Subsection Why the point \(x=a\) is excluded
************************************************

[140]
************************************************
Subsection Proving simple limits
************************************************

[141]
[142]
[143]
************************************************
Subsection Why the definition matches the picture
************************************************

[144]
************************************************
Subsection One-sided versions of the precise definition
************************************************

[145]
************************************************
Subsection What the definition gives us
************************************************
************************************************
Section 3.5 Continuity
************************************************
************************************************
Subsection Continuity at a point
************************************************

[146]
[147]
************************************************
Subsection Holes and continuous extensions
************************************************

[148]
************************************************
Subsection Continuity on an interval
************************************************

[149]
[150]
************************************************
Subsection Algebra of continuous functions
************************************************

[151]
************************************************
Subsection Continuity of compositions
************************************************

[152]
[153]
[154]
[155]
[156]
************************************************
Subsection Three common discontinuities
************************************************

[157]
************************************************
Subsection A continuity checklist
************************************************
************************************************
Section 3.6 Two theorems about continuous functions
************************************************
************************************************
Subsection Intermediate values
************************************************

[158]
[159]
************************************************
Subsection Bisection as a constructive proof idea
************************************************

[160]
************************************************
Subsection Why continuity is required
************************************************

[161]
************************************************
Subsection Highest and lowest values
************************************************

[162]
************************************************
Subsection Why closed and bounded intervals matter
************************************************

[163]
Overfull \hbox (5.16501pt too wide) detected at line 17405
[]

[164]
************************************************
Subsection Why these two theorems matter
************************************************
************************************************
Section 3.7 Warning examples
************************************************

[165]
************************************************
Subsection Jump discontinuity: unequal one-sided limits
************************************************

[166]
************************************************
Subsection A limit that is infinite, not finite
************************************************

[167]
************************************************
Subsection The Intermediate Value Theorem fails without continuity
************************************************
************************************************
Subsection The Extreme Value Theorem fails on an open interval
************************************************

[168]
************************************************
Subsection The Extreme Value Theorem fails on an unbounded interval
************************************************

[169]
************************************************
Subsection A map of the warnings
************************************************

[170]
************************************************
Section 3.8 Sequences as limits indexed by whole numbers
************************************************
************************************************
Subsection Sequence notation
************************************************

[171]
************************************************
Subsection Convergence and divergence
************************************************

[172]
[173]
[174]
************************************************
Subsection Monotone bounded sequences
************************************************

[175]
[176]
************************************************
Subsection Bisection as a sequence
************************************************

Overfull \hbox (2.17001pt too wide) in paragraph at lines 18777--18778
\TU/lmr/m/n/10 The bisection method from the Intermediate Value Theorem produce
s sequences

[177]
************************************************
Subsection Sequences as preparation for infinite series
************************************************

[178]
[179]
************************************************
Section 3.9 Chapter review and discovery problems
************************************************
************************************************
Subsection The chapter in one picture
************************************************

[180]
************************************************
Subsection A decision guide for limits and continuity
************************************************

LaTeX Warning: Hyper reference `sec-3-7-warning-examples' on page 181 undefined
 on input line 19138.


LaTeX Warning: Reference `sec-3-7-warning-examples' on page 181 undefined on in
put line 19138.

************************************************
Subsection Review problems
************************************************

[181]
[182]
[183]

LaTeX Warning: Hyper reference `fig-chapter3-graph-reading-review' on page 184 
undefined on input line 19381.


LaTeX Warning: Reference `fig-chapter3-graph-reading-review' on page 184 undefi
ned on input line 19381.


[184]
[185]
[186]
************************************************
Subsection Project: bisection method for a root
************************************************

[187]
[188]
************************************************
Subsection Discovery problems: secant slopes becoming tangent slopes
************************************************

Overfull \hbox (2.64201pt too wide) in paragraph at lines 19860--19860
|\TU/lmr/bx/n/12 Discovery problems: secant slopes becoming tangent slopes| 

[189]
[190]
************************************************
Subsection The derivative as a limit
************************************************
************************************************
Chapter 4 The Derivative
************************************************

[191]
Chapter 4.
************************************************
Section 4.1 Average rate of change
************************************************
************************************************
Subsection Secant slope
************************************************

[192]
[193]
************************************************
Subsection Average velocity
************************************************

LaTeX Warning: Hyper reference `sec-4-2-instantaneous-rate-of-change' on page 1
94 undefined on input line 20343.


LaTeX Warning: Reference `sec-4-2-instantaneous-rate-of-change' on page 194 und
efined on input line 20343.


[194]
Overfull \hbox (1.2554pt too wide) in paragraph at lines 20346--20347
[] []\TU/lmr/bx/n/10 Displacement, not distance traveled.[] \TU/lmr/m/n/10 Aver
age velocity uses signed change
************************************************
Subsection Average rate from data
************************************************

[195]
************************************************
Subsection Units of a rate
************************************************

[196]
************************************************
Section 4.2 Instantaneous rate of change
************************************************
************************************************
Subsection Shrinking the time interval
************************************************

[197]
************************************************
Subsection The derivative at a point
************************************************

[198]
[199]
************************************************
Subsection Tangent slope
************************************************

[200]
************************************************
Subsection The derivative as a limit
************************************************

[201]
[202]
************************************************
Section 4.3 The derivative as a function
************************************************
************************************************
Subsection From one tangent slope to many
************************************************

[203]
[204]
************************************************
Subsection Notations for the derivative
************************************************

[205]
[206]
************************************************
Subsection Reading \(f'\) from the graph of \(f\)
************************************************

[207]
************************************************
Subsection Reading \(f\) from the graph of \(f'\)
************************************************

[208]
[209]
************************************************
Section 4.4 Local linear approximation
************************************************
************************************************
Subsection The tangent line as a local model
************************************************

[210]
************************************************
Subsection The formula \(f(a+h)\approx f(a)+f'(a)h\)
************************************************

[211]
************************************************
Subsection Why differentiability means local linearity
************************************************

[212]
[213]
************************************************
Subsection Differentials
************************************************

[214]
[215]
************************************************
Subsection Sensitivity and propagated error
************************************************

[216]
[217]
************************************************
Section 4.5 Differentiability and continuity
************************************************
************************************************
Subsection Differentiability implies continuity
************************************************

[218]
************************************************
Subsection Why the converse is false
************************************************

[219]
[220]
************************************************
Subsection Corners, cusps, vertical tangents, and jumps
************************************************

[221]
[222]
************************************************
Subsection The absolute value as the first warning example
************************************************
************************************************
Subsection A note about endpoints
************************************************

[223]
************************************************
Section 4.6 First derivative formulas
************************************************
************************************************
Subsection Constant and identity functions
************************************************

[224]
************************************************
Subsection Power functions with positive integer powers
************************************************

[225]
[226]
************************************************
Subsection A polynomial example
************************************************

[227]
************************************************
Subsection Constant multiples and sums
************************************************

Underfull \hbox (badness 10000) in paragraph at lines 24084--24092


[228]
************************************************
Subsection The polynomial rule
************************************************

[229]
************************************************
Subsection Derivative notation in formulas
************************************************

[230]
************************************************
Subsection What we have proved so far
************************************************
************************************************
Subsection What these formulas do not yet cover
************************************************

[231]
************************************************
Section 4.7 Motion revisited
************************************************
************************************************
Subsection Position, velocity, and acceleration
************************************************

[232]
[233]
[234]
************************************************
Subsection Speed versus velocity
************************************************

[235]
[236]
************************************************
Subsection Falling under constant acceleration
************************************************

[237]
[238]
************************************************
Subsection Units and signs in motion problems
************************************************

[239]
[240]
[241]
************************************************
Section 4.8 Warning examples
************************************************
************************************************
Subsection A continuous function with no derivative at one point
************************************************

[242]
************************************************
Subsection Optional: a derivative that exists but is not continuous
************************************************

[243]
[244]
[245]
************************************************
Subsection A graphing calculator can miss a sharp corner
************************************************

[246]
************************************************
Section 4.9 Chapter review and discovery problems
************************************************

[247]
************************************************
Subsection Skills: derivative from definition
************************************************

[248]
[249]
[250]
[251]
************************************************
Subsection Concept check: tangent line versus secant line
************************************************

[252]
************************************************
Subsection Project: estimating velocity from noisy position data
************************************************

[253]
[254]
************************************************
Subsection Hook: why the definition is not enough
************************************************

[255]
************************************************
Chapter 5 Differentiation Rules and Elementary Functions
************************************************

[256]
Chapter 5.
************************************************
Section 5.1 The algebra of derivatives
************************************************
************************************************
Subsection Scaling a changing quantity
************************************************

[257]
************************************************
Subsection Constants disappear
************************************************

[258]
************************************************
Subsection Adding changing quantities
************************************************

[259]
************************************************
Subsection Linearity of the derivative
************************************************

[260]
************************************************
Subsection Derivatives of polynomials
************************************************

[261]
************************************************
Subsection Why these rules are not enough
************************************************
************************************************
Section 5.2 Product and quotient rules
************************************************

[262]
************************************************
Subsection Why the product rule has two terms
************************************************
************************************************
Subsection Product rule from changing area
************************************************

[263]
[264]
[265]
************************************************
Subsection Using the product rule
************************************************

[266]
************************************************
Subsection The reciprocal rule
************************************************

[267]
[268]
************************************************
Subsection The quotient rule
************************************************

[269]
[270]
************************************************
Subsection When a denominator erases a point
************************************************

[271]
************************************************
Subsection The rules so far
************************************************
************************************************
Section 5.3 The chain rule
************************************************

[272]
************************************************
Subsection A temperature that changes because position changes
************************************************

[273]
************************************************
Subsection Composition as change inside change
************************************************

[274]
************************************************
Subsection The chain rule formula
************************************************

[275]
[276]
************************************************
Subsection Why the chain rule is true
************************************************

[277]
************************************************
Subsection Why the hypotheses are there
************************************************

[278]
************************************************
Subsection Tree diagrams for nested functions
************************************************

[279]
[280]
************************************************
Subsection The order of composition matters
************************************************
************************************************
Subsection Chain rule in differential notation
************************************************

[281]
************************************************
Section 5.4 Implicit differentiation
************************************************

[282]
************************************************
Subsection Curves not solved for \(y\)
************************************************

[283]
[284]
************************************************
Subsection Differentiating both sides
************************************************

[285]
************************************************
Subsection The chain rule is doing the hidden work
************************************************

[286]
************************************************
Subsection When the method warns us
************************************************

[287]
************************************************
Subsection Higher derivatives implicitly
************************************************

[288]
[289]
[290]
************************************************
Subsection What implicit differentiation gives us
************************************************
************************************************
Section 5.5 Derivatives of trigonometric functions
************************************************

[291]
************************************************
Subsection Radians and the limit \(\sin h/h\to 1\)
************************************************

LaTeX Warning: Hyper reference `fig-sin-h-over-h-geometry' on page 292 undefine
d on input line 31042.


LaTeX Warning: Reference `fig-sin-h-over-h-geometry' on page 292 undefined on i
nput line 31042.


[292]
[293]
************************************************
Subsection The derivative of sine
************************************************

[294]
************************************************
Subsection The derivative of cosine
************************************************

[295]
[296]
************************************************
Subsection Tangent, secant, cosecant, and cotangent
************************************************

[297]
[298]
************************************************
Subsection Why radians are required
************************************************

[299]
************************************************
Subsection A preview of simple harmonic motion
************************************************

[300]
************************************************
Section 5.6 Derivatives of exponential and logarithmic functions
************************************************
************************************************
Subsection Exponential growth as a rate law
************************************************

[301]
************************************************
Subsection The special base \(e\)
************************************************

[302]
************************************************
Subsection The derivative of \(e^{u(x)}\)
************************************************

[303]
************************************************
Subsection The derivative of \(a^x\)
************************************************

[304]
[305]
************************************************
Subsection The derivative of \(\ln x\)
************************************************

[306]
[307]
[308]
************************************************
Subsection Logarithms with other bases
************************************************
************************************************
Subsection Logarithmic differentiation
************************************************

[309]
[310]
[311]
************************************************
Subsection The derivative table so far
************************************************
************************************************
Section 5.7 Inverse functions and inverse trigonometric functions
************************************************
************************************************
Subsection The derivative of an inverse function
************************************************

[312]
[313]
[314]
************************************************
Subsection Why the nonzero derivative matters
************************************************

[315]
[316]
************************************************
Subsection Inverse trigonometric functions
************************************************

[317]
************************************************
Subsection The derivative of \(\arcsin x\)
************************************************

[318]
[319]
************************************************
Subsection The derivatives of \(\arccos x\) and \(\arctan x\)
************************************************

[320]
[321]
************************************************
Subsection A table of inverse trigonometric derivatives
************************************************

Overfull \hbox (6.15001pt too wide) in paragraph at lines 34295--34296
[]\TU/lmr/m/n/10 The remaining inverse trigonometric derivatives follow from th
e same method.
************************************************
Subsection Inverse trigonometric derivatives as an integration preview
************************************************

Overfull \hbox (0.95001pt too wide) in paragraph at lines 34309--34317
\TU/lmr/m/n/10 the branch choices and the sign of the trigonometric functions o
n those branches.

Underfull \hbox (badness 10000) in paragraph at lines 34309--34317


[322]
************************************************
Section 5.8 General power rule and hyperbolic functions
************************************************
************************************************
Subsection The derivative of \(x^r\)
************************************************

[323]
[324]
[325]
************************************************
Subsection Hyperbolic sine and cosine
************************************************

[326]
[327]
************************************************
Subsection Hyperbolic identities
************************************************

[328]
[329]
************************************************
Subsection Hyperbolic tangent and its derivative
************************************************

[330]
************************************************
Subsection Inverse hyperbolic functions: branches and derivatives
************************************************

Overfull \hbox (11.48096pt too wide) detected at line 35298
\OT1/cmr/m/n/10 ([] \OML/cmm/m/it/10 t\OT1/cmr/m/n/10 )[] = \OMS/cmsy/m/n/10 ^^
@ [][] \OML/cmm/m/it/10 t;  \OT1/cmr/m/n/10 ([] \OML/cmm/m/it/10 t\OT1/cmr/m/n/
10 )[] = \OMS/cmsy/m/n/10 ^^@ [] \OML/cmm/m/it/10 t [] t;  \OT1/cmr/m/n/10 ([] 
\OML/cmm/m/it/10 t\OT1/cmr/m/n/10 )[] = \OMS/cmsy/m/n/10 ^^@ [] \OML/cmm/m/it/1
0 t [] t:

[331]
[332]

LaTeX Warning: Hyper reference `subsec-inverse-hyperbolic-integrals' on page 33
3 undefined on input line 35429.

************************************************
Subsection Why hyperbolic functions appear in hanging cables
************************************************

[333]
[334]
************************************************
Subsection The derivative table at the end of Chapter 5
************************************************

[335]
************************************************
Section 5.9 Warning examples
************************************************
************************************************
Subsection The product rule is not \((fg)'=f'g'\)
************************************************

[336]
[337]
************************************************
Subsection The chain rule needs the order of composition
************************************************

[338]
[339]
************************************************
Subsection An inverse can fail to be differentiable
************************************************

[340]
************************************************
Subsection A rule checklist
************************************************
************************************************
Section 5.10 Chapter review and discovery problems
************************************************

[341]
************************************************
Subsection Chapter map
************************************************
************************************************
Subsection Derivative table
************************************************

[342]
************************************************
Subsection Worked mixed examples
************************************************

[343]
[344]
************************************************
Subsection Skills: mixed derivative calculations
************************************************

[345]
[346]
************************************************
Subsection Implicit differentiation practice
************************************************

[347]
************************************************
Subsection Concept check
************************************************
************************************************
Subsection True or false
************************************************

[348]
************************************************
Subsection Proof practice
************************************************

[349]
[350]
************************************************
Subsection Project: derivative formulas from numerical experiments
************************************************

[351]
[352]
************************************************
Subsection Discovery problems
************************************************

[353]
[354]
************************************************
Subsection Where the chapter points next
************************************************

[355]
************************************************
Part III What Derivatives Reveal
************************************************

[356]
[357]
************************************************
Chapter 6 Shape, Extremes, and the Mean Value Theorem
************************************************
Chapter 6.
************************************************
Section 6.1 Increasing and decreasing functions
************************************************
************************************************
Subsection Reading motion from the sign of velocity
************************************************

[358]
************************************************
Subsection Increasing and decreasing functions
************************************************

[359]
************************************************
Subsection The first derivative sign rule
************************************************

LaTeX Warning: Hyper reference `sec-6-3-rolle-s-theorem-and-the-mean-value-theo
rem' on page 360 undefined on input line 37994.


LaTeX Warning: Reference `sec-6-3-rolle-s-theorem-and-the-mean-value-theorem' o
n page 360 undefined on input line 37994.

************************************************
Subsection First derivative sign charts
************************************************

[360]
************************************************
Subsection Critical numbers
************************************************

[361]
[362]
************************************************
Section 6.2 Local and absolute extrema
************************************************
************************************************
Subsection Local maximum and local minimum
************************************************

[363]
************************************************
Subsection Fermat’s theorem
************************************************

[364]
************************************************
Subsection Why Fermat’s hypotheses matter
************************************************

[365]
************************************************
Subsection The first derivative test
************************************************

[366]
************************************************
Subsection Absolute extrema and the closed interval method
************************************************

[367]
************************************************
Subsection The closed interval method
************************************************

[368]
************************************************
Subsection Where this points
************************************************
************************************************
Section 6.3 Rolle’s Theorem and the Mean Value Theorem
************************************************

[369]
************************************************
Subsection A road trip with average velocity
************************************************

[370]

LaTeX Warning: Hyper reference `fig-mvt-parabola' on page 371 undefined on inpu
t line 39042.


LaTeX Warning: Reference `fig-mvt-parabola' on page 371 undefined on input line
 39042.

************************************************
Subsection Rolle’s Theorem
************************************************

[371]
************************************************
Subsection Why Rolle’s hypotheses matter
************************************************

[372]
************************************************
Subsection The Mean Value Theorem
************************************************

[373]
[374]
************************************************
Subsection Why the Mean Value Theorem hypotheses matter
************************************************

[375]
************************************************
Subsection Consequences of the Mean Value Theorem
************************************************

[376]
************************************************
Subsection The first derivative sign rule, proved
************************************************

LaTeX Warning: Hyper reference `subsec-first-derivative-sign-rule' on page 377 
undefined on input line 39710.


[377]
************************************************
Subsection A useful bound from derivatives
************************************************
************************************************
Subsection Where this points
************************************************

[378]
************************************************
Section 6.4 Concavity and second derivatives
************************************************
************************************************
Subsection Velocity changing: acceleration
************************************************

[379]
************************************************
Subsection Concave up and concave down
************************************************

[380]
************************************************
Subsection A sign chart for the second derivative
************************************************

[381]
************************************************
Subsection Inflection points
************************************************

[382]
************************************************
Subsection The second derivative test
************************************************

[383]
[384]
************************************************
Subsection When the second derivative test is inconclusive
************************************************

[385]
************************************************
Subsection Where this points
************************************************
************************************************
Section 6.5 Graph sketching with calculus
************************************************
************************************************
Subsection Sign charts for \(f'\) and \(f''\)
************************************************

[386]
[387]
************************************************
Subsection Asymptotes and end behavior
************************************************

[388]
[389]
************************************************
Subsection A complete curve-sketching workflow
************************************************

[390]
[391]
[392]
[393]
************************************************
Subsection When technology helps and when it misleads
************************************************

[394]
************************************************
Subsection Where this points
************************************************
************************************************
Section 6.6 Indeterminate forms and l’Hospital’s Rule
************************************************

[395]
************************************************
Subsection The forms \(0/0\) and \(\infty /\infty \)
************************************************

[396]
************************************************
Subsection Why derivatives can reveal a limiting ratio
************************************************

[397]
************************************************
Subsection l’Hospital’s Rule
************************************************

[398]
************************************************
Subsection Idea of the proof
************************************************

[399]
[400]
************************************************
Subsection Other indeterminate forms
************************************************

[401]
[402]
************************************************
Subsection Comparing growth rates
************************************************

[403]
************************************************
Subsection When l’Hospital’s Rule cannot be used
************************************************

[404]
************************************************
Subsection Where this points
************************************************

[405]
************************************************
Section 6.7 Warning examples
************************************************
************************************************
Subsection Fermat’s theorem fails at an endpoint
************************************************

[406]
************************************************
Subsection The Mean Value Theorem fails without continuity
************************************************

[407]
************************************************
Subsection The Mean Value Theorem fails without differentiability
************************************************

[408]
************************************************
Subsection The second derivative test can be inconclusive
************************************************

[409]
[410]
************************************************
Subsection l’Hospital’s Rule cannot be used on every quotient
************************************************

[411]
************************************************
Subsection A theorem-use checklist
************************************************

[412]
************************************************
Section 6.8 Chapter review and discovery problems
************************************************
************************************************
Subsection The chapter’s map
************************************************

[413]
************************************************
Subsection A complete review example
************************************************

[414]
************************************************
Subsection Concept checks
************************************************

[415]
************************************************
Subsection Skills: graph from derivatives
************************************************

[416]
************************************************
Subsection Extrema and closed interval practice
************************************************

[417]
************************************************
Subsection Mean Value Theorem practice
************************************************

[418]
************************************************
Subsection Proof practice with the Mean Value Theorem
************************************************

[419]
************************************************
Subsection l’Hospital’s Rule practice
************************************************

[420]
************************************************
Subsection Counterexample problems
************************************************

[421]
************************************************
Subsection Project: reconstruct a trip from acceleration data
************************************************

[422]
[423]
************************************************
Subsection Discovery problems
************************************************

[424]
************************************************
Subsection Where this points
************************************************
************************************************
Chapter 7 Optimization, Related Rates, and Models
************************************************

[425]
Chapter 7.
************************************************
Section 7.1 Related rates
************************************************
************************************************
Subsection Quantities changing together
************************************************

[426]
************************************************
Subsection Differentiating a relation with respect to time
************************************************

[427]
************************************************
Subsection Geometry problems: ladders, shadows, cones
************************************************

[428]
[429]
[430]
[431]
[432]
************************************************
Subsection Units as a guardrail
************************************************

[433]
Overfull \hbox (5.36pt too wide) detected at line 45341
[]
************************************************
Section 7.2 Optimization problems
************************************************
************************************************
Subsection Translating a word problem into a function
************************************************

[434]
[435]
************************************************
Subsection Constraints in one variable
************************************************

[436]
************************************************
Subsection Geometry: boxes, fences, cans, and light paths
************************************************

[437]
[438]
[439]
[440]
************************************************
Subsection Endpoint checks and physical feasibility
************************************************

[441]
[442]
************************************************
Section 7.3 Linear approximation in applications
************************************************
************************************************
Subsection Estimating hard numbers quickly
************************************************

[443]
[444]
************************************************
Subsection Error propagation
************************************************

[445]
[446]
************************************************
Subsection Relative and percentage error
************************************************

[447]
[448]
************************************************
Subsection Sensitivity in measurement
************************************************

[449]
[450]
************************************************
Section 7.4 Newton’s method
************************************************
************************************************
Subsection Tangent lines as root finders
************************************************

[451]
[452]
************************************************
Subsection The iteration formula
************************************************

[453]
[454]
************************************************
Subsection Convergence when the starting point is good
************************************************

[455]
************************************************
Subsection Failure modes: cycles and bad tangents
************************************************

[456]
[457]
************************************************
Subsection How to use Newton’s method safely
************************************************

[458]
************************************************
Section 7.5 Exponential growth and decay
************************************************
************************************************
Subsection Assume the initial amount \(y_0>0\) in growth, decay, doubling-time,
 and half-life models. The differential equation \(y'=ky\)
************************************************

Overfull \hbox (5.2995pt too wide) in paragraph at lines 47956--47956
|\TU/lmr/bx/n/12 Assume the initial amount $\OML/cmm/m/it/12 y[] > \OT1/cmr/m/n
/12 0$ \TU/lmr/bx/n/12 in growth, decay, doubling-

[459]
[460]
[461]
************************************************
Subsection Half-life and doubling time
************************************************

[462]
[463]
************************************************
Subsection Continuously compounded interest
************************************************

[464]
************************************************
Subsection Newton’s law of cooling
************************************************

[465]
[466]
************************************************
Subsection What exponential models assume
************************************************

[467]
************************************************
Section 7.6 Logistic growth and limited resources
************************************************
************************************************
Subsection Why pure exponential growth cannot last
************************************************

[468]
************************************************
Subsection The logistic differential equation
************************************************

[469]
************************************************
Subsection Equilibria and stability from a graph
************************************************

[470]
[471]
************************************************
Subsection The logistic formula
************************************************

[472]
[473]
[474]
************************************************
Subsection Population and spread models
************************************************

[475]
************************************************
Subsection What logistic models assume
************************************************

[476]
************************************************
Section 7.7 Light, time, and extremal principles
************************************************
************************************************
Subsection Reflection from shortest path
************************************************

[477]
[478]
************************************************
Subsection Refraction and Snell’s law
************************************************

[479]
[480]
************************************************
Subsection The seed of the calculus of variations
************************************************

[481]
[482]
************************************************
Section 7.8 Warning examples
************************************************
************************************************
Subsection A critical point outside the physical domain
************************************************

[483]
************************************************
Subsection A local maximum that is not the absolute maximum
************************************************

[484]
************************************************
Subsection Newton’s method can find the wrong root
************************************************

[485]
************************************************
Subsection Newton’s method may not converge
************************************************

[486]
************************************************
Subsection The common lesson
************************************************

[487]
************************************************
Section 7.9 Chapter review and applications
************************************************
************************************************
Subsection The chapter in one map
************************************************

[488]
************************************************
Subsection Formulas to remember
************************************************

[489]
************************************************
Subsection Skills: related rates and optimization
************************************************

[490]
************************************************
Subsection Review problems
************************************************

[491]
************************************************
Subsection Project: design a least-material container
************************************************

[492]
[493]

LaTeX Warning: Hyper reference `subsec-geometry-optimization' on page 494 undef
ined on input line 51518.


[494]
************************************************
Subsection Project: model cooling data
************************************************

[495]
[496]
[497]
************************************************
Subsection Concept checks
************************************************

[498]
************************************************
Subsection Where this points
************************************************
************************************************
Part IV Integrals and the Fundamental Theorem
************************************************

[499]
[500]
************************************************
Chapter 8 The Integral as Accumulation
************************************************
Chapter 8.
************************************************
Section 8.1 Distance from velocity
************************************************
************************************************
Subsection Constant velocity revisited
************************************************

[501]
[502]
************************************************
Subsection Piecewise constant velocity
************************************************

[503]
************************************************
Subsection Estimating distance from sampled speeds
************************************************

[504]
[505]
************************************************
Subsection Signed displacement versus total distance
************************************************

[506]
[507]
************************************************
Section 8.2 Area under a graph
************************************************
************************************************
Subsection Rectangular estimates
************************************************

[508]
************************************************
Subsection Left, right, and midpoint sums
************************************************

[509]
************************************************
Subsection Upper and lower sums
************************************************

[510]
[511]
************************************************
Subsection Area as a limiting process
************************************************

[512]
[513]
************************************************
Section 8.3 Sigma notation and finite sums
************************************************
************************************************
Subsection Summation notation
************************************************

[514]
[515]
************************************************
Subsection Sigma notation for rectangular sums
************************************************

[516]
************************************************
Subsection Arithmetic sums
************************************************

[517]
[518]
************************************************
Subsection Basic rules for finite sums
************************************************

[519]
************************************************
Subsection Geometric sums
************************************************

[520]
************************************************
Subsection Sums of powers
************************************************

[521]
[522]
************************************************
Subsection From finite sums to integrals
************************************************

[523]
[524]
************************************************
Section 8.4 The definite integral
************************************************
************************************************
Subsection Partitions and sample points
************************************************

[525]
************************************************
Subsection Riemann sums
************************************************

[526]
[527]
************************************************
Subsection Definition of the definite integral
************************************************

[528]
************************************************
Subsection Equal-width Riemann sums
************************************************
************************************************
Subsection Computing an integral from the definition
************************************************

[529]
[530]
************************************************
Subsection Why the sample point should not matter
************************************************

[531]
************************************************
Subsection Integrability, informally first
************************************************

[532]
************************************************
Section 8.5 Signed area and net change
************************************************

[533]
************************************************
Subsection Area above the axis
************************************************
************************************************
Subsection Area below the axis
************************************************

[534]
************************************************
Subsection A graph with both signs
************************************************
************************************************
Subsection Cancellation and meaning
************************************************

[535]
************************************************
Subsection Velocity: displacement versus distance traveled
************************************************

[536]
************************************************
Subsection Total accumulation from absolute value
************************************************

[537]
************************************************
Section 8.6 Properties of the integral
************************************************

[538]
************************************************
Subsection Linearity
************************************************

[539]
************************************************
Subsection Additivity over intervals
************************************************

[540]
************************************************
Subsection Orientation of the interval
************************************************

[541]
************************************************
Subsection Order properties
************************************************

[542]
************************************************
Subsection Net change is no larger than total change
************************************************

[543]
************************************************
Subsection Average value of a function
************************************************

[544]
************************************************
Subsection The average value is really attained when \(f\) is continuous
************************************************

[545]
************************************************
Subsection Symmetry
************************************************

[546]
************************************************
Subsection Where the properties come from
************************************************

[547]
************************************************
Section 8.7 Existence of integrals
************************************************
************************************************
Subsection The upper-lower test
************************************************

[548]
************************************************
Subsection Continuous functions are integrable
************************************************

[549]
[550]
[551]
************************************************
Subsection Monotone functions are integrable
************************************************

[552]
************************************************
Subsection Functions with finitely many jump discontinuities
************************************************

[553]
************************************************
Subsection A bounded function that is not Riemann integrable
************************************************

[554]
[555]
************************************************
Section 8.8 Chapter review and discovery problems
************************************************
************************************************
Subsection Skills: set up Riemann sums
************************************************

[556]
[557]
[558]
[559]
************************************************
Subsection Project: estimate energy use from power data
************************************************

[560]
************************************************
Subsection Computing: compare left, right, midpoint, and trapezoid estimates
************************************************

[561]
[562]
************************************************
Subsection Hook: an accumulation function has a slope
************************************************

[563]
************************************************
Chapter 9 The Fundamental Theorem of Calculus
************************************************

[564]
Chapter 9.
************************************************
Section 9.1 Accumulation functions
************************************************
************************************************
Subsection Area with a moving endpoint
************************************************

[565]
************************************************
Subsection \(A(x)=\DOTSI \intop \ilimits@ _a^x f(t)\,dt\)
************************************************

[566]
************************************************
Subsection Estimating the change in an accumulation function
************************************************

[567]
************************************************
Subsection The slope of accumulated area
************************************************

[568]
[569]
************************************************
Section 9.2 Fundamental Theorem, Part I
************************************************
************************************************
Subsection The derivative of an accumulation function
************************************************
************************************************
Subsection Continuity as the needed hypothesis
************************************************

[570]
[571]
************************************************
Subsection Geometric proof idea
************************************************
************************************************
Subsection Proof of Part I
************************************************

[572]
************************************************
Subsection Examples with variable upper limits
************************************************

[573]
[574]
************************************************
Subsection What Part I gives us
************************************************

[575]
************************************************
Section 9.3 Fundamental Theorem, Part II
************************************************
************************************************
Subsection Antiderivatives evaluate definite integrals
************************************************

[576]
[577]
************************************************
Subsection The statement of Part II
************************************************

[578]
************************************************
Subsection Proof of Part II
************************************************

[579]
************************************************
Subsection Why the interval hypothesis matters
************************************************

[580]
************************************************
Subsection The net change theorem
************************************************

[581]
************************************************
Subsection Position from velocity
************************************************

[582]
[583]
************************************************
Subsection Accumulated rate in science and economics
************************************************

[584]
************************************************
Section 9.4 Indefinite integrals
************************************************

[585]
************************************************
Subsection Antiderivative families
************************************************

[586]
************************************************
Subsection The constant of integration
************************************************

[587]
[588]
************************************************
Subsection Initial value problems
************************************************

[589]
************************************************
Subsection Basic antiderivative formulas
************************************************

[590]
[591]
************************************************
Subsection Linearity of indefinite integrals
************************************************

[592]
************************************************
Subsection When guessing is not enough
************************************************

[593]
************************************************
Section 9.5 Differential notation and oriented length
************************************************
************************************************
Subsection \(dx\) as an oriented step
************************************************

[594]
************************************************
Subsection \(f(x)\,dx\) as the thing being accumulated
************************************************

[595]
[596]
************************************************
Subsection Pulling an integrand through \(x=g(u)\)
************************************************

[597]
[598]
************************************************
Subsection The one-dimensional seed of differential forms
************************************************

[599]
[600]
************************************************
Subsection What the notation is allowed to do
************************************************
************************************************
Section 9.6 Warning examples
************************************************

[601]
************************************************
Subsection A discontinuity and the derivative of an accumulation function
************************************************

[602]
[603]
************************************************
Subsection Forgetting the new limits in substitution
************************************************

[604]
************************************************
Subsection Treating \(\DOTSI \intop \ilimits@ f(x)\,dx\) like multiplication
************************************************

[605]
[606]
************************************************
Subsection Confusing area with net signed area
************************************************

[607]
************************************************
Subsection What these warnings protect
************************************************

[608]
************************************************
Section 9.7 Chapter review and discovery problems
************************************************
************************************************
Subsection Chapter map
************************************************

[609]
************************************************
Subsection Skills: FTC and substitution
************************************************

[610]
[611]
[612]
[613]
************************************************
Subsection Concept checks
************************************************

[614]
[615]
************************************************
Subsection Warning checks
************************************************

[616]
************************************************
Subsection Proof practice: FTC Part I in a simple case
************************************************

[617]
************************************************
Subsection Project: reconstruct a function from its rate
************************************************

[618]
[619]
************************************************
Subsection Where this points
************************************************

[620]
************************************************
Part V Applications and Techniques of Integration
************************************************

[621]
[622]
************************************************
Chapter 10 What Integrals Measure
************************************************
Chapter 10.
************************************************
Section 10.1 Area between curves
************************************************
************************************************
Subsection Top minus bottom
************************************************

[623]
[624]
************************************************
Subsection Why we cannot skip the picture
************************************************

[625]
************************************************
Subsection Right minus left
************************************************

[626]
[627]
************************************************
Subsection Splitting at intersections
************************************************

[628]
************************************************
Subsection Area from data and graphs
************************************************

[629]
************************************************
Section 10.2 Volumes by slicing
************************************************
************************************************
Subsection Cross-sectional area as a function
************************************************

[630]
[631]
************************************************
Subsection Solids of revolution: disks and washers
************************************************

[632]
[633]
[634]
************************************************
Subsection Non-circular cross sections
************************************************

[635]
************************************************
Subsection Choosing the slicing direction
************************************************

[636]
************************************************
Subsection A slicing checklist
************************************************
************************************************
Subsection Where this points
************************************************

[637]
************************************************
Section 10.3 Cylindrical shells
************************************************
************************************************
Subsection A thin shell unwrapped
************************************************

[638]
************************************************
Subsection The shell method formula
************************************************

[639]
************************************************
Subsection When shells beat washers
************************************************

[640]
[641]
************************************************
Subsection Comparing two methods on the same solid
************************************************

[642]
************************************************
Subsection Shells around a horizontal axis
************************************************

[643]
[644]
************************************************
Section 10.4 Mass, density, and center of mass
************************************************
************************************************
Subsection Linear density and mass of a rod
************************************************

[645]
************************************************
Subsection Moments
************************************************

[646]
************************************************
Subsection Center of mass on a line
************************************************

[647]
[648]
************************************************
Subsection Uniform density as a check
************************************************

[649]
************************************************
Subsection A lamina preview by slices
************************************************

[650]
[651]
************************************************
Subsection What center of mass is measuring
************************************************

[652]
************************************************
Section 10.5 Work and energy
************************************************

[653]
************************************************
Subsection Constant force and variable force
************************************************

Overfull \hbox (1.02002pt too wide) detected at line 67927
[]

[654]
[655]
Overfull \hbox (2.95862pt too wide) in paragraph at lines 68083--68084
[] []\TU/lmr/bx/n/10 Signed work.[] \TU/lmr/m/n/10 Work can be negative. For mo
tion in the increasing $\OML/cmm/m/it/10 x$\TU/lmr/m/n/10 -direction,
************************************************
Subsection Springs and Hooke’s law
************************************************

[656]
[657]
************************************************
Subsection Lifting a chain
************************************************

[658]
[659]
************************************************
Subsection Pumping fluid from a tank
************************************************

[660]
[661]
[662]
************************************************
Subsection Energy stored by work
************************************************
************************************************
Section 10.6 Hydrostatic force
************************************************

[663]
************************************************
Subsection Pressure depends on depth
************************************************

[664]
************************************************
Subsection Force on a vertical plate
************************************************

[665]
************************************************
Subsection Choosing strips
************************************************

[666]
[667]
************************************************
Subsection Dams and windows
************************************************

[668]
[669]
[670]
************************************************
Subsection What hydrostatic force is measuring
************************************************

[671]
************************************************
Section 10.7 Average value and probability
************************************************
************************************************
Subsection Average value of a continuous function
************************************************

[672]
[673]
[674]
************************************************
Subsection The average value theorem for integrals
************************************************

[675]
************************************************
Subsection Probability density
************************************************

[676]
[677]
************************************************
Subsection Expected value
************************************************

[678]
[679]
************************************************
Subsection Normal distribution as a preview of non-elementary integrals
************************************************

[680]
************************************************
Section 10.8 Arc length and surface area of revolution
************************************************
************************************************
Subsection Arc length from small straight pieces
************************************************

[681]
[682]
************************************************
Subsection Arc length of a graph
************************************************

[683]
[684]
************************************************
Subsection Surface area by rotating a curve
************************************************

[685]
[686]
************************************************
Subsection Cone surface area from the integral
************************************************

[687]
************************************************
Subsection Sphere surface area from the integral
************************************************

[688]
************************************************
Subsection Why some natural lengths have no elementary antiderivative
************************************************

[689]
************************************************
Section 10.9 Chapter review and applications
************************************************
************************************************
Subsection The chapter in one table
************************************************

[690]
************************************************
Subsection Skills: choose the small piece
************************************************

[691]
************************************************
Subsection A decision guide
************************************************
************************************************
Subsection One region, several different questions
************************************************

[692]
[693]
[694]
************************************************
Subsection Concept checks
************************************************
************************************************
Subsection Practice: set up the integral
************************************************

[695]
[696]
************************************************
Subsection Project: compare volume methods
************************************************

[697]
************************************************
Subsection Project: work needed to pump out a real tank shape
************************************************

[698]
[699]
************************************************
Subsection Where this points
************************************************
************************************************
Chapter 11 Techniques of Integration
************************************************

[700]
Chapter 11.
************************************************
Section 11.1 Integration by parts
************************************************
************************************************
Subsection Reversing the product rule
************************************************

[701]
************************************************
Subsection Choosing \(u\) and \(dv\)
************************************************

[702]
[703]
[704]
************************************************
Subsection Repeated integration by parts
************************************************

[705]
************************************************
Subsection Definite integrals and boundary terms
************************************************

[706]
[707]
************************************************
Section 11.2 Trigonometric integrals
************************************************

[708]
************************************************
Subsection Powers of sine and cosine
************************************************

[709]
[710]
************************************************
Subsection Powers of tangent and secant
************************************************

[711]
[712]
[713]
[714]
************************************************
Subsection Product-to-sum identities
************************************************
************************************************
Subsection Strategy over memorization
************************************************

[715]
[716]
************************************************
Section 11.3 Trigonometric substitution
************************************************
************************************************
Subsection Square roots from circles and triangles
************************************************

[717]
[718]
************************************************
Subsection \(a^2-x^2\), \(a^2+x^2\), and \(x^2-a^2\)
************************************************

Overfull \hbox (0.54114pt too wide) in paragraph at lines 74675--74721
\TU/lmr/m/n/10 For $\OML/cmm/m/it/10 a > \OT1/cmr/m/n/10 0$\TU/lmr/m/n/10 , the
 three common square-root patterns match the three Pythagorean

[719]

LaTeX Warning: Hyper reference `sec-11-2-trigonometric-integrals' on page 720 u
ndefined on input line 74880.


LaTeX Warning: Reference `sec-11-2-trigonometric-integrals' on page 720 undefin
ed on input line 74880.


[720]
[721]
[722]
************************************************
Subsection Returning to the original variable
************************************************

[723]
************************************************
Subsection Hyperbolic substitutions
************************************************

[724]
[725]
************************************************
Subsection Integrals and inverse hyperbolic functions
************************************************

LaTeX Warning: Hyper reference `subsec-inverse-hyperbolic-functions' on page 72
6 undefined on input line 75492.


[726]
************************************************
Section 11.4 Rational functions and partial fractions
************************************************

[727]
************************************************
Subsection Polynomial division
************************************************

[728]
************************************************
Subsection Distinct linear factors
************************************************

[729]
[730]
************************************************
Subsection Repeated linear factors
************************************************

[731]
************************************************
Subsection Irreducible quadratic factors
************************************************

[732]
[733]
************************************************
Subsection Completing the square
************************************************

[734]
************************************************
Subsection The partial fractions pattern
************************************************

[735]
[736]
[737]
************************************************
Section 11.5 Strategy for integration
************************************************
************************************************
Subsection Recognizing the structure of an integrand
************************************************

[738]
[739]
************************************************
Subsection Substitution first or parts first?
************************************************

[740]
[741]
************************************************
Subsection Algebraic simplification
************************************************

[742]
[743]
************************************************
Subsection A practical decision tree
************************************************

[744]
[745]
[746]
************************************************
Subsection When no elementary antiderivative exists
************************************************

[747]
************************************************
Subsection Strategy summary
************************************************

[748]
************************************************
Section 11.6 Computer algebra systems and integral tables
************************************************
************************************************
Subsection Checking without surrendering thought
************************************************

[749]
[750]
************************************************
Subsection Equivalent antiderivatives can look different
************************************************

[751]
[752]
************************************************
Subsection Branch and domain issues
************************************************

[753]
[754]
************************************************
Subsection Integral tables
************************************************

[755]
************************************************
Subsection Special functions born from integrals
************************************************

[756]
[757]
************************************************
Subsection Definite integrals and symbolic answers
************************************************
************************************************
Subsection A responsible workflow with tools
************************************************

[758]
************************************************
Section 11.7 Improper integrals
************************************************
************************************************
Subsection Infinite intervals
************************************************

[759]
[760]
[761]
************************************************
Subsection Infinite discontinuities
************************************************

[762]
[763]
************************************************
Subsection Convergence and divergence
************************************************

[764]
[765]
************************************************
Subsection Comparison tests for improper integrals
************************************************

[766]
[767]
[768]
[769]
************************************************
Subsection The \(p\)-integrals
************************************************

[770]
[771]
************************************************
Subsection Absolute and conditional convergence
************************************************

[772]
[773]
Underfull \hbox (badness 4378) in paragraph at lines 80568--80570
[][]\TU/lmr/bx/n/10 Checkpoint 11.7.28  Classify oscillatory integrals. []\TU/l
mr/m/n/10 Classify
************************************************
Section 11.8 Warning examples
************************************************
************************************************
Subsection An antiderivative exists formally but the improper integral diverges

************************************************

[774]
************************************************
Subsection Cancellation hides divergence
************************************************

[775]
************************************************
Subsection A CAS gives an antiderivative with the wrong domain
************************************************

[776]
[777]
************************************************
Subsection A trigonometric substitution triangle used outside its range
************************************************

Overfull \hbox (2.9705pt too wide) in paragraph at lines 81008--81008
|\TU/lmr/bx/n/12 A trigonometric substitution triangle used outside its range| 


[778]
************************************************
Section 11.9 Chapter review and discovery problems
************************************************

[779]
************************************************
Subsection The chapter in one map
************************************************

[780]
************************************************
Subsection Essential formulas and patterns
************************************************

[781]
[782]
************************************************
Subsection Concept check
************************************************

[783]
************************************************
Subsection Skills: choose the method
************************************************
************************************************
Subsection Mixed practice
************************************************

[784]
[785]
************************************************
Subsection Definite integrals
************************************************
************************************************
Subsection Improper integral practice
************************************************

[786]
************************************************
Subsection Warning review
************************************************

[787]
[788]
************************************************
Subsection Project: build an integration decision tree
************************************************
************************************************
Subsection Project: compare human and CAS antiderivatives
************************************************

[789]
************************************************
Subsection Challenge problems
************************************************

[790]
************************************************
Subsection Where this points
************************************************

[791]
************************************************
Chapter 12 Numerical Integration, Error, and Computation
************************************************

[792]
Chapter 12.
************************************************
Section 12.1 Why approximate integrals?
************************************************
************************************************
Subsection Data instead of formulas
************************************************

[793]
************************************************
Subsection Non-elementary antiderivatives
************************************************

[794]
************************************************
Subsection Speed versus accuracy
************************************************

[795]
************************************************
Subsection The role of error estimates
************************************************

[796]
************************************************
Section 12.2 Midpoint and trapezoidal rules
************************************************
************************************************
Subsection Geometry of the midpoint rule
************************************************

[797]
************************************************
Subsection Geometry of the trapezoidal rule
************************************************

[798]
************************************************
Subsection Composite rules
************************************************

[799]
************************************************
Subsection Example: approximating a non-elementary integral
************************************************

Overfull \hbox (0.72571pt too wide) in paragraph at lines 83122--83122
\OT1/cmr/m/n/10 1\OML/cmm/m/it/10 :\OT1/cmr/m/n/10 000000\OML/cmm/m/it/10 ;  f\
OT1/cmr/m/n/10 (0\OML/cmm/m/it/10 :\OT1/cmr/m/n/10 25) = 

Overfull \hbox (1.22571pt too wide) in paragraph at lines 83122--83122
\OT1/cmr/m/n/10 0\OML/cmm/m/it/10 :\OT1/cmr/m/n/10 939413\OML/cmm/m/it/10 ;  f\
OT1/cmr/m/n/10 (0\OML/cmm/m/it/10 :\OT1/cmr/m/n/10 50) = 

Overfull \hbox (1.22571pt too wide) in paragraph at lines 83122--83122
\OT1/cmr/m/n/10 0\OML/cmm/m/it/10 :\OT1/cmr/m/n/10 778801\OML/cmm/m/it/10 ;  f\
OT1/cmr/m/n/10 (0\OML/cmm/m/it/10 :\OT1/cmr/m/n/10 75) = 

[800]
************************************************
Subsection Error patterns from concavity
************************************************

[801]
[802]
************************************************
Subsection Error bounds
************************************************

[803]

LaTeX Warning: Hyper reference `subsec-newton-convergence-good-start' on page 8
04 undefined on input line 83488.


[804]
[805]
************************************************
Section 12.3 Simpson’s Rule
************************************************
************************************************
Subsection Quadratic approximation on pairs of intervals
************************************************

[806]
[807]
[808]
************************************************
Subsection Composite Simpson’s Rule
************************************************

[809]
************************************************
Subsection Example: Simpson’s Rule for \(\DOTSI \intop \ilimits@ _0^1 e^{-x^2}\
,dx\)
************************************************

[810]
************************************************
Subsection Why Simpson’s Rule is often much better
************************************************

[811]
[812]
************************************************
Subsection Simpson error bound
************************************************

[813]
[814]
************************************************
Section 12.4 Numerical differentiation
************************************************

[815]
************************************************
Subsection Forward, backward, and centered differences
************************************************

[816]
************************************************
Subsection Truncation error
************************************************

Overfull \hbox (4.10307pt too wide) detected at line 84882
\OML/cmm/m/it/10 f\OT1/cmr/m/n/10 (\OML/cmm/m/it/10 a \OT1/cmr/m/n/10 + \OML/cm
m/m/it/10 s\OT1/cmr/m/n/10 ) = \OML/cmm/m/it/10 f\OT1/cmr/m/n/10 (\OML/cmm/m/it
/10 a\OT1/cmr/m/n/10 ) + \OML/cmm/m/it/10 f[]\OT1/cmr/m/n/10 (\OML/cmm/m/it/10 
a\OT1/cmr/m/n/10 )\OML/cmm/m/it/10 s \OT1/cmr/m/n/10 + []\OML/cmm/m/it/10 f[]\O
T1/cmr/m/n/10 (\OML/cmm/m/it/10 a\OT1/cmr/m/n/10 )\OML/cmm/m/it/10 s[] \OT1/cmr
/m/n/10 + \OML/cmm/m/it/10 R[]\OT1/cmr/m/n/10 (\OML/cmm/m/it/10 s\OT1/cmr/m/n/1
0 )\OML/cmm/m/it/10 ;  R[]\OT1/cmr/m/n/10 (\OML/cmm/m/it/10 s\OT1/cmr/m/n/10 ) 
= [] [][](\OML/cmm/m/it/10 s \OMS/cmsy/m/n/10 ^^@ \OML/cmm/m/it/10 t\OT1/cmr/m/
n/10 )[]\OML/cmm/m/it/10 f[]\OT1/cmr/m/n/10 (\OML/cmm/m/it/10 a \OT1/cmr/m/n/10
 + \OML/cmm/m/it/10 t\OT1/cmr/m/n/10 ) \OML/cmm/m/it/10 dt:

[817]
[818]
************************************************
Subsection Roundoff error
************************************************

[819]
************************************************
Subsection Why smaller \(h\) is not always better
************************************************

[820]
************************************************
Subsection Data, endpoints, and one-sided differences
************************************************
************************************************
Subsection Warning example: a difference quotient may hide a corner
************************************************

[821]
************************************************
Subsection Where this points
************************************************

[822]
************************************************
Section 12.5 Newton’s method revisited
************************************************
************************************************
Subsection Stopping criteria
************************************************

[823]
[824]
************************************************
Subsection Error estimates
************************************************

[825]
************************************************
Subsection The Newton step as an error estimate
************************************************

[826]
************************************************
Subsection Multiple roots
************************************************

[827]
[828]
************************************************
Subsection A first glimpse of chaotic iteration
************************************************

[829]
************************************************
Subsection A safe Newton workflow
************************************************

[830]
************************************************
Section 12.6 Computing experiments
************************************************
************************************************
Subsection Experiment 1: approximate \(\pi \) by integration
************************************************

[831]
[832]
************************************************
Subsection Experiment 2: estimate a probability from a density
************************************************

[833]
************************************************
Subsection Experiment 3: compare rules on smooth and rough functions
************************************************

[834]
[835]
************************************************
Subsection Experiment 4: build a small numerical-integration program
************************************************

[836]

LaTeX Font Warning: Font shape `TS1/Inconsolatazi4-Regular.otf(0)/m/n' undefine
d
(Font)              using `TS1/cmr/m/n' instead
(Font)              for symbol `textquotesingle' on input line 86741.


[837]
************************************************
Subsection A final computational habit
************************************************

[838]

LaTeX Warning: Hyper reference `sec-additional-richardson-romberg' on page 839 
undefined on input line 86920.


LaTeX Warning: Reference `sec-additional-richardson-romberg' on page 839 undefi
ned on input line 86920.


LaTeX Warning: Hyper reference `sec-additional-adaptive-quadrature' on page 839
 undefined on input line 86920.


LaTeX Warning: Reference `sec-additional-adaptive-quadrature' on page 839 undef
ined on input line 86920.

************************************************
Section 12.7 Chapter review and discovery problems
************************************************
************************************************
Subsection Chapter map
************************************************

[839]

Package tcolorbox Warning: Using nobreak failed. Try to enlarge `lines before b
reak' or set page breaks manually on input line 86991.

************************************************
Subsection Essential formulas
************************************************

[840]
[841]
************************************************
Subsection Common mistakes
************************************************

[842]

Package tcolorbox Warning: Using nobreak failed. Try to enlarge `lines before b
reak' or set page breaks manually on input line 87301.

************************************************
Subsection Skills: numerical rules and error bounds
************************************************

[843]
[844]
[845]

LaTeX Warning: Hyper reference `subsec-truncation-error' on page 846 undefined 
on input line 87539.


[846]
************************************************
Subsection Concept check: exact value versus approximation
************************************************

[847]
************************************************
Subsection Discovery problems
************************************************

[848]
[849]
[850]
************************************************
Section 12.8 Additional topics: Richardson and Romberg methods
************************************************

Overfull \hbox (2.98628pt too wide) in paragraph at lines 87910--87910
|[]\TU/lmr/bx/n/14.4 Additional topics: Richardson and Romberg
************************************************
Subsection Cancel a leading error term
************************************************
************************************************
Subsection Repeated extrapolation of trapezoidal rules
************************************************

[851]
[852]
************************************************
Section 12.9 Additional topics: a complete adaptive quadrature algorithm
************************************************

Overfull \hbox (5.03108pt too wide) in paragraph at lines 88063--88063
|[]\TU/lmr/bx/n/14.4 Additional topics: a complete adaptive quad-

LaTeX Warning: Hyper reference `sec-additional-richardson-romberg' on page 853 
undefined on input line 88065.


LaTeX Warning: Reference `sec-additional-richardson-romberg' on page 853 undefi
ned on input line 88065.

************************************************
Subsection Compare one panel with two
************************************************
************************************************
Subsection An implementation with explicit outcomes
************************************************

Overfull \hbox (5.03004pt too wide) in paragraph at lines 88101--88102
\TU/lmr/m/n/10 The following Python implementation assumes a finite-valued inte
grand through-

[853]
[854]
************************************************
Subsection Test cases and the limits of sampling
************************************************

[855]
************************************************
Part VI Differential Equations and Curves
************************************************

[856]
[857]
************************************************
Chapter 13 Differential Equations: Laws Written as Derivatives
************************************************
Chapter 13.
************************************************
Section 13.1 Modeling with differential equations
************************************************
************************************************
Subsection A law that gives a rate
************************************************

[858]
************************************************
Subsection Solution as an unknown function
************************************************

[859]
[860]
************************************************
Subsection Initial conditions
************************************************

[861]
[862]
************************************************
Subsection Checking a proposed solution
************************************************

[863]
************************************************
Section 13.2 Direction fields
************************************************

[864]
************************************************
Subsection Slope field as a picture of a differential equation
************************************************

[865]
************************************************
Subsection Equilibrium solutions
************************************************

LaTeX Warning: Hyper reference `fig-direction-field-one-minus-y' on page 866 un
defined on input line 89124.


LaTeX Warning: Reference `fig-direction-field-one-minus-y' on page 866 undefine
d on input line 89124.


[866]
************************************************
Subsection Qualitative behavior
************************************************

[867]
************************************************
Subsection Reading long-term behavior from the field
************************************************

[868]
[869]
************************************************
Section 13.3 Euler’s method
************************************************
************************************************
Subsection Following the slope field step by step
************************************************

[870]
[871]
[872]
************************************************
Subsection Step size and accumulated error
************************************************

[873]
************************************************
Subsection Improved Euler method
************************************************

[874]
[875]
************************************************
Subsection Numerical solutions as approximate functions
************************************************
************************************************
Section 13.4 Separable equations
************************************************
************************************************
Subsection Separating variables
************************************************

[876]
[877]
[878]
************************************************
Subsection Growth and decay revisited
************************************************

[879]
[880]
************************************************
Subsection Cooling and mixing
************************************************

[881]
[882]
[883]
************************************************
Subsection Implicit solutions
************************************************

[884]
[885]
[886]
************************************************
Section 13.5 Logistic and threshold models
************************************************
************************************************
Subsection Carrying capacity
************************************************

[887]
[888]
[889]
[890]
************************************************
Subsection Phase line
************************************************

[891]
[892]
[893]
************************************************
Subsection Stable and unstable equilibria
************************************************

[894]
[895]
************************************************
Subsection Harvesting and tipping points
************************************************

[896]
[897]
[898]
************************************************
Section 13.6 First-order linear equations
************************************************
************************************************
Subsection Standard form
************************************************

[899]
[900]
************************************************
Subsection Integrating factors
************************************************

[901]
[902]
************************************************
Subsection Mixing and finance examples
************************************************

[903]
[904]
[905]
[906]
************************************************
Subsection Why the integrating factor works
************************************************

[907]
[908]
[909]
************************************************
Section 13.7 Second-order equations and vibration
************************************************
************************************************
Subsection Simple harmonic motion
************************************************

[910]
[911]
************************************************
Subsection The equation \(y''+\omega ^2y=0\)
************************************************

[912]
[913]
[914]
************************************************
Subsection Damping
************************************************

[915]
[916]
************************************************
Subsection Driven oscillation and resonance
************************************************

[917]
[918]
************************************************
Section 13.8 Systems and interaction models
************************************************
************************************************
Subsection Two populations
************************************************

[919]
[920]
************************************************
Subsection Predator-prey equations as a picture
************************************************

[921]
[922]
[923]
************************************************
Subsection Why systems lead naturally to multivariable calculus
************************************************

[924]
[925]
************************************************
Section 13.9 Warning examples
************************************************

LaTeX Warning: Hyper reference `sec-additional-local-existence-uniqueness' on p
age 926 undefined on input line 95692.


LaTeX Warning: Reference `sec-additional-local-existence-uniqueness' on page 92
6 undefined on input line 95692.

************************************************
Subsection A solution lost by dividing by zero
************************************************

[926]
[927]
[928]
************************************************
Subsection Euler’s method follows the wrong behavior with a large step
************************************************

[929]
[930]
************************************************
Subsection Same differential equation, different initial conditions
************************************************

[931]
[932]
************************************************
Subsection The three warnings together
************************************************
************************************************
Section 13.10 Chapter review and applications
************************************************

[933]
************************************************
Subsection Skills: solve and interpret first-order equations
************************************************

[934]
[935]
************************************************
Subsection Concept check
************************************************

[936]
************************************************
Subsection Skills practice
************************************************

[937]
[938]
************************************************
Subsection Interpretation and modeling practice
************************************************

[939]
************************************************
Subsection Project: model a cooling cup of coffee
************************************************

[940]
************************************************
Subsection Project: compare Euler approximations with exact solutions
************************************************

[941]
************************************************
Subsection A final map of the chapter
************************************************

[942]
************************************************
Section 13.11 Additional topics: Runge–Kutta methods
************************************************

[943]
************************************************
Subsection Two slopes and four slopes
************************************************
************************************************
Subsection Local error and accumulated error
************************************************

[944]
[945]
************************************************
Chapter 14 Parametric Curves, Polar Coordinates, and Conics
************************************************

[946]
Chapter 14.
************************************************
Section 14.1 Parametric curves
************************************************
************************************************
Subsection A curve as a moving point
************************************************

[947]
[948]
************************************************
Subsection Eliminating the parameter when possible
************************************************

[949]
************************************************
Subsection What elimination forgets
************************************************

[950]
[951]
************************************************
Subsection Different parametrizations of the same curve
************************************************
************************************************
Subsection Orientation and speed along a curve
************************************************

[952]
[953]
************************************************
Section 14.2 Calculus with parametric curves
************************************************
************************************************
Subsection Slope \(dy/dx\) from \(dx/dt\) and \(dy/dt\)
************************************************

[954]
[955]
************************************************
Subsection Horizontal and vertical tangents
************************************************

[956]
[957]
[958]
************************************************
Subsection Concavity
************************************************

[959]
[960]
************************************************
Subsection Motion in the plane as a bridge to vectors
************************************************

[961]
[962]
************************************************
Subsection What comes next
************************************************

[963]
************************************************
Section 14.3 Length and area for parametric curves
************************************************
************************************************
Subsection Arc length from speed
************************************************

[964]
[965]
[966]
************************************************
Subsection Surface area from a parametrized curve of revolution
************************************************

[967]
[968]
************************************************
Subsection Area enclosed by a parametric curve
************************************************

[969]
[970]
[971]
************************************************
Subsection Cycloids and rolling motion
************************************************

[972]
[973]
************************************************
Section 14.4 Polar coordinates
************************************************

[974]
************************************************
Subsection Distance and angle as coordinates
************************************************

[975]
************************************************
Subsection Converting between polar and Cartesian coordinates
************************************************

LaTeX Warning: Hyper reference `fig-polar-coordinate-point' on page 976 undefin
ed on input line 100756.


LaTeX Warning: Reference `fig-polar-coordinate-point' on page 976 undefined on 
input line 100756.


[976]
[977]
[978]
************************************************
Subsection Polar graphs
************************************************

[979]
[980]
************************************************
Subsection Circles, spirals, roses, and limacons
************************************************

[981]
[982]
[983]
************************************************
Section 14.5 Calculus in polar coordinates
************************************************
************************************************
Subsection Slope of a polar curve
************************************************

[984]
[985]
[986]
[987]
************************************************
Subsection Area in polar coordinates
************************************************

[988]
[989]
[990]
[991]
************************************************
Subsection Arc length in polar coordinates
************************************************

[992]
[993]
[994]
************************************************
Subsection Intersections and repeated tracing
************************************************

[995]
[996]
[997]
************************************************
Section 14.6 Conic sections
************************************************
************************************************
Subsection Parabolas, ellipses, and hyperbolas from focus and directrix
************************************************

[998]
[999]
************************************************
Subsection Standard equations
************************************************

[1000]
[1001]
[1002]
************************************************
Subsection Polar equations of conics
************************************************

[1003]
[1004]
[1005]
[1006]
************************************************
Subsection Eccentricity
************************************************

[1007]
************************************************
Section 14.7 Planetary motion as a capstone
************************************************

[1008]
************************************************
Subsection Ellipses in polar form
************************************************

[1009]
[1010]
************************************************
Subsection Kepler’s second law as swept area
************************************************

[1011]
[1012]
************************************************
Subsection Central force preview
************************************************

[1013]
************************************************
Subsection Why this belongs to multivariable calculus next
************************************************

[1014]
************************************************
Section 14.8 Complex numbers and polar form
************************************************
************************************************
Subsection Complex numbers as points in the plane
************************************************

[1015]
[1016]
************************************************
Subsection Multiplication as scaling and rotation
************************************************

[1017]
[1018]
************************************************
Subsection Euler’s formula preview
************************************************

[1019]
[1020]
************************************************
Subsection Oscillation written exponentially
************************************************

[1021]
[1022]
************************************************
Section 14.9 Warning examples
************************************************
************************************************
Subsection A parametrization stops even when the curve continues
************************************************

[1023]
************************************************
Subsection A polar curve traced twice
************************************************

[1024]
[1025]
************************************************
Subsection A tangent formula fails when both derivatives vanish
************************************************

[1026]
[1027]
************************************************
Subsection The chapter’s main cautions
************************************************

[1028]
************************************************
Section 14.10 Chapter review and projects
************************************************
************************************************
Subsection Chapter map
************************************************

[1029]

Package tcolorbox Warning: Using nobreak failed. Try to enlarge `lines before b
reak' or set page breaks manually on input line 106721.

************************************************
Subsection Essential formulas
************************************************

[1030]
[1031]
************************************************
Subsection Skills: parametric and polar calculus
************************************************

[1032]
************************************************
Subsection Review problems
************************************************

[1033]
[1034]
************************************************
Subsection Project: design a cycloid animation
************************************************

[1035]
************************************************
Subsection Project: compare polar and Cartesian descriptions of conics
************************************************

[1036]
[1037]
************************************************
Subsection The bridge to infinite series
************************************************

Overfull \hbox (11.68002pt too wide) detected at line 107537
[]

[1038]
************************************************
Part VII Infinite Processes and Approximation by Polynomials
************************************************

[1039]
[1040]
************************************************
Chapter 15 Sequences and Infinite Series
************************************************
Chapter 15.
************************************************
Section 15.1 Sequences
************************************************
************************************************
Subsection Lists with a rule
************************************************

[1041]
[1042]
************************************************
Subsection Convergence and divergence
************************************************

[1043]
[1044]
************************************************
Subsection Basic limit laws for sequences
************************************************

[1045]
[1046]
************************************************
Subsection Monotone bounded sequences
************************************************

[1047]

LaTeX Warning: Hyper reference `ch02-numbers-functions-and-models' on page 1048
 undefined on input line 108314.


LaTeX Warning: Reference `ch02-numbers-functions-and-models' on page 1048 undef
ined on input line 108314.


[1048]
************************************************
Subsection The Cauchy criterion: convergence without knowing the limit
************************************************

[1049]
************************************************
Subsection Recursive sequences and fixed points
************************************************

[1050]
[1051]
************************************************
Section 15.2 Infinite series
************************************************

[1052]
************************************************
Subsection Partial sums
************************************************

[1053]
************************************************
Subsection Series convergence as a sequence problem
************************************************

[1054]
************************************************
Subsection Geometric series
************************************************

[1055]
[1056]
[1057]
[1058]
************************************************
Subsection Telescoping series
************************************************

[1059]
[1060]
************************************************
Subsection What series add to calculus
************************************************

[1061]
************************************************
Subsection The Cauchy criterion for series
************************************************

LaTeX Warning: Hyper reference `thm-cauchy-sequences' on page 1062 undefined on
 input line 109779.


LaTeX Warning: Reference `thm-cauchy-sequences' on page 1062 undefined on input
 line 109779.

************************************************
Section 15.3 The harmonic series and first warnings
************************************************
************************************************
Subsection Terms can go to zero while the series diverges
************************************************

[1062]
************************************************
Subsection A necessary condition for convergence
************************************************

[1063]
[1064]
************************************************
Subsection The harmonic series
************************************************
************************************************
Subsection Grouping terms to see divergence
************************************************

[1065]
[1066]
************************************************
Section 15.4 Positive series tests
************************************************

[1067]
************************************************
Subsection Integral test
************************************************

[1068]
[1069]
************************************************
Subsection Remainder estimates from the integral test
************************************************

[1070]
[1071]
************************************************
Subsection Direct comparison
************************************************

[1072]
[1073]
[1074]
************************************************
Subsection Limit comparison
************************************************

[1075]
[1076]
[1077]
************************************************
Subsection \(p\)-series
************************************************

[1078]
[1079]
************************************************
Section 15.5 Alternating series
************************************************
************************************************
Subsection A first alternating sum
************************************************

[1080]
************************************************
Subsection Alternating Series Test
************************************************

[1081]
[1082]
[1083]
************************************************
Subsection Why the hypotheses matter
************************************************

[1084]
************************************************
Subsection Alternating Series Estimation Theorem
************************************************

[1085]
[1086]
[1087]
************************************************
Subsection Conditional convergence
************************************************

[1088]
************************************************
Section 15.6 Absolute convergence and stronger tests
************************************************
************************************************
Subsection Absolute versus conditional convergence
************************************************

[1089]
[1090]
[1091]
************************************************
Subsection Ratio Test
************************************************

[1092]
[1093]
[1094]
************************************************
Subsection Root Test
************************************************

[1095]
[1096]
[1097]
************************************************
Subsection Dirichlet's and Abel's tests: controlled cancellation
************************************************

Overfull \hbox (0.30466pt too wide) in paragraph at lines 113466--113467
[] []\TU/lmr/bx/n/10 Summation by parts.[] \TU/lmr/m/n/10 For integers $\OML/cm
m/m/it/10 q \OMS/cmsy/m/n/10 ^^U \OML/cmm/m/it/10 p$\TU/lmr/m/n/10 , put $\OML/
cmm/m/it/10 A[] \OT1/cmr/m/n/10 = [][] \OML/cmm/m/it/10 a[]$ \TU/lmr/m/n/10 and
 $\OML/cmm/m/it/10 A[] \OT1/cmr/m/n/10 =

[1098]
Underfull \hbox (badness 1540) in paragraph at lines 113514--113516
[][]\TU/lmr/bx/n/10 Checkpoint 15.6.23  Select the cancellation test. []\TU/lmr
/m/n/10 Prove that
************************************************
Subsection Strategy for testing series
************************************************

[1099]
[1100]
[1101]
************************************************
Subsection Where this leads
************************************************
************************************************
Section 15.7 Rearrangement and the danger of infinity
************************************************
************************************************
Subsection Finite sums can be rearranged freely
************************************************

[1102]
************************************************
Subsection A rearranged alternating harmonic series
************************************************

[1103]
[1104]
************************************************
Subsection Why conditional convergence is fragile
************************************************
************************************************
Subsection The Riemann rearrangement idea
************************************************

[1105]
************************************************
Subsection Why absolute convergence is safer
************************************************

[1106]
************************************************
Section 15.8 Warning examples
************************************************

[1107]
************************************************
Subsection Terms tend to zero, but the series diverges
************************************************
************************************************
Subsection The Ratio Test can give no information
************************************************

[1108]
[1109]
************************************************
Subsection The Integral Test requires its hypotheses
************************************************

[1110]
************************************************
Subsection The Alternating Series Test requires decreasing term sizes
************************************************

[1111]
************************************************
Subsection The final checklist
************************************************

[1112]
************************************************
Section 15.9 Chapter review and discovery problems
************************************************
************************************************
Subsection The chapter in one picture
************************************************

[1113]
************************************************
Subsection Skills: choosing series tests
************************************************

[1114]
[1115]
[1116]
************************************************
Subsection Concept check
************************************************

[1117]
************************************************
Subsection Skills practice
************************************************

[1118]
[1119]
************************************************
Subsection Project: estimate sums with rigorous error bounds
************************************************

[1120]
************************************************
Subsection Computing: numerical partial sums can mislead
************************************************

[1121]
************************************************
Subsection Discovery problems
************************************************

[1122]
************************************************
Subsection Hook: some infinite sums are functions
************************************************

[1123]
************************************************
Section 15.10 Additional topics: contraction and fixed-point iteration
************************************************

LaTeX Warning: Hyper reference `sec-15-1-sequences' on page 1124 undefined on i
nput line 116114.


LaTeX Warning: Reference `sec-15-1-sequences' on page 1124 undefined on input l
ine 116114.

************************************************
Subsection Distance, completeness, and contraction
************************************************

LaTeX Warning: Hyper reference `thm-cauchy-sequences' on page 1124 undefined on
 input line 116133.


LaTeX Warning: Reference `thm-cauchy-sequences' on page 1124 undefined on input
 line 116133.

************************************************
Subsection The contraction theorem and its error estimates
************************************************

[1124]
Overfull \hbox (1.39113pt too wide) in paragraph at lines 116176--116177
[]\TU/lmr/m/n/10 If an implementation produces approximate steps $[]$ with $\OM
L/cmm/m/it/10 d\OT1/cmr/m/n/10 ([]\OML/cmm/m/it/10 ; T[]\OT1/cmr/m/n/10 ) \OMS/
cmsy/m/n/10 ^^T
************************************************
Subsection Choosing a useful iteration
************************************************

[1125]
************************************************
Chapter 16 Power Series, Taylor Polynomials, and Taylor Series
************************************************

[1126]
Chapter 16.
************************************************
Section 16.1 Power series
************************************************
************************************************
Subsection A polynomial with infinitely many terms
************************************************

[1127]
[1128]
************************************************
Subsection Center of a power series
************************************************

[1129]
************************************************
Subsection Radius and interval of convergence
************************************************

[1130]
[1131]
[1132]
************************************************
Subsection Endpoint testing
************************************************

[1133]
[1134]

LaTeX Warning: Hyper reference `ch15-sequences-and-infinite-series' on page 113
5 undefined on input line 117071.


LaTeX Warning: Reference `ch15-sequences-and-infinite-series' on page 1135 unde
fined on input line 117071.

************************************************
Section 16.2 Working with power series
************************************************
************************************************
Subsection Algebra of power series
************************************************

[1135]
[1136]
[1137]
************************************************
Subsection Differentiating power series
************************************************

[1138]
************************************************
Subsection Integrating power series
************************************************

[1139]
[1140]
************************************************
Subsection Why power series behave better than arbitrary series
************************************************

[1141]
[1142]
************************************************
Section 16.3 Representing functions by power series
************************************************
************************************************
Subsection Geometric series as the seed
************************************************

[1143]
************************************************
Subsection Series for \(\frac 1{1-x}\)
************************************************

[1144]
[1145]
[1146]
************************************************
Subsection Series for \(\ln (1+x)\)
************************************************

[1147]
[1148]
************************************************
Subsection Series for \(\arctan x\)
************************************************

[1149]
************************************************
Subsection Estimating \(\pi \) from a series
************************************************

[1150]
Overfull \hbox (7.35231pt too wide) detected at line 118789
[] \OT1/cmr/m/n/10 = [] + [] \OML/cmm/m/it/10 :
************************************************
Section 16.4 Taylor polynomials
************************************************

[1151]
************************************************
Subsection Matching value and derivatives
************************************************

[1152]
[1153]
************************************************
Subsection Linear, quadratic, and cubic approximations
************************************************

[1154]
************************************************
Subsection Taylor polynomial centered at \(a\)
************************************************

[1155]
[1156]
************************************************
Subsection Maclaurin polynomials
************************************************

[1157]
[1158]
************************************************
Section 16.5 Taylor’s theorem and remainders
************************************************
************************************************
Subsection The error term matters
************************************************

[1159]
************************************************
Subsection Lagrange form of the remainder
************************************************

[1160]
[1161]
[1162]
[1163]
************************************************
Subsection Proof idea for Taylor’s theorem
************************************************

[1164]
************************************************
Subsection Integral form of the remainder
************************************************

[1165]
************************************************
Subsection Alternating-series remainders as a special case
************************************************

[1166]

LaTeX Warning: Hyper reference `subsec-series-for-arctan' on page 1167 undefine
d on input line 120473.


LaTeX Warning: Hyper reference `subsec-series-for-log-one-plus-x' on page 1167 
undefined on input line 120558.


[1167]
************************************************
Section 16.6 Taylor series for elementary functions
************************************************
************************************************
Subsection \(e^x\)
************************************************

[1168]
[1169]
************************************************
Subsection \(\sin x\) and \(\cos x\)
************************************************

[1170]
Underfull \hbox (badness 1226) in paragraph at lines 121031--121032
\TU/lmr/bx/n/10 Hint\TU/lmr/m/n/10 .[] Factorials in the denominator overpower 
any fixed power of $\OML/cmm/m/it/10 x$\TU/lmr/m/n/10 .

[1171]
************************************************
Subsection \(\ln (1+x)\)
************************************************

[1172]
[1173]
************************************************
Subsection \(\arctan x\)
************************************************

[1174]
************************************************
Subsection Binomial series
************************************************

[1175]
[1176]
[1177]
************************************************
Subsection A table of common Taylor series
************************************************
************************************************
Section 16.7 Applications of Taylor series
************************************************

[1178]
************************************************
Subsection Estimating function values
************************************************

[1179]
[1180]
************************************************
Subsection Evaluating limits
************************************************

[1181]
[1182]
************************************************
Subsection Approximating integrals
************************************************

[1183]
[1184]
************************************************
Subsection Solving differential equations by series
************************************************

[1185]
[1186]
************************************************
Subsection Error bounds in applications
************************************************

[1187]
[1188]
************************************************
Section 16.8 Uniform convergence preview
************************************************
************************************************
Subsection Pointwise convergence of functions
************************************************

[1189]
[1190]
************************************************
Subsection Uniform convergence as one error bound for all points
************************************************

[1191]
[1192]
************************************************
Subsection Interchanging limits and integrals
************************************************

[1193]
[1194]
[1195]
************************************************
Subsection Why power series are trustworthy inside their radius
************************************************

[1196]

LaTeX Warning: Hyper reference `subsec-differentiating-power-series' on page 11
97 undefined on input line 123882.


[1197]
************************************************
Section 16.9 Warning examples
************************************************

[1198]
************************************************
Subsection A Taylor series can converge but not to the function
************************************************

[1199]
************************************************
Subsection Endpoint behavior differs from interior behavior
************************************************

[1200]
[1201]
************************************************
Subsection Termwise operations can fail for arbitrary function series
************************************************

[1202]
[1203]
************************************************
Subsection A good local approximation can become bad far away
************************************************

[1204]
************************************************
Section 16.10 Chapter review and projects
************************************************
************************************************
Subsection Skills: power series and Taylor series
************************************************

[1205]
[1206]
[1207]
[1208]
************************************************
Subsection Project: build a sine calculator with error control
************************************************

[1209]
[1210]
************************************************
Subsection Project: compare Taylor approximations visually
************************************************

[1211]
[1212]
************************************************
Subsection Hook: the series for sine and cosine hide a rotating vector
************************************************

[1213]
************************************************
Section 16.11 Additional topics: the Weierstrass M-test
************************************************

LaTeX Warning: Hyper reference `sec-16-8-uniform-convergence-preview' on page 1
214 undefined on input line 125467.


LaTeX Warning: Reference `sec-16-8-uniform-convergence-preview' on page 1214 un
defined on input line 125467.


LaTeX Warning: Hyper reference `ch15-sequences-and-infinite-series' on page 121
4 undefined on input line 125467.


LaTeX Warning: Reference `ch15-sequences-and-infinite-series' on page 1214 unde
fined on input line 125467.

************************************************
Subsection A numerical majorant controls a function series
************************************************

[1214]

LaTeX Warning: Hyper reference `sec-16-8-uniform-convergence-preview' on page 1
215 undefined on input line 125497.


LaTeX Warning: Reference `sec-16-8-uniform-convergence-preview' on page 1215 un
defined on input line 125497.

************************************************
Subsection Examples, error bounds, and limitations
************************************************

Overfull \hbox (11.05498pt too wide) in paragraph at lines 125523--125528
\TU/lmr/m/n/10 terms $\OML/cmm/m/it/10 f[]\OT1/cmr/m/n/10 (\OML/cmm/m/it/10 x\O
T1/cmr/m/n/10 ) = (\OMS/cmsy/m/n/10 ^^@\OT1/cmr/m/n/10 1)[]/\OML/cmm/m/it/10 n$
 \TU/lmr/m/n/10 converges uniformly on any set, because the alternating-
************************************************
Part VIII Capstones and Bridges
************************************************

[1215]
[1216]
************************************************
Chapter 17 Complex Numbers, Fourier Ideas, and the Road Ahead
************************************************
Chapter 17.
************************************************
Section 17.1 Complex numbers and Euler’s formula
************************************************
************************************************
Subsection The complex plane
************************************************

[1217]
[1218]
************************************************
Subsection Polar form
************************************************

[1219]
[1220]
************************************************
Subsection Multiplication as rotation and scaling
************************************************

[1221]
[1222]
************************************************
Subsection Euler’s formula from Taylor series
************************************************

[1223]
[1224]
[1225]
************************************************
Subsection Why \(e^{it}\) is the natural language of oscillation
************************************************

[1226]
[1227]
************************************************
Section 17.2 Vibrations and second-order equations
************************************************
************************************************
Subsection The spring equation
************************************************

[1228]
[1229]
************************************************
Subsection Sine and cosine as natural motions
************************************************

[1230]
[1231]
[1232]
************************************************
Subsection Energy conservation
************************************************

[1233]
[1234]
[1235]
************************************************
Subsection Damping and forcing preview
************************************************

[1236]
[1237]
[1238]
************************************************
Section 17.3 Fourier series preview
************************************************
************************************************
Subsection Building a periodic function from waves
************************************************

[1239]
************************************************
Subsection Orthogonality of sine and cosine, geometrically
************************************************

[1240]
[1241]
[1242]
************************************************
Subsection Square waves and Gibbs phenomenon
************************************************

[1243]
[1244]
************************************************
Subsection Why Fourier series belong after Taylor series
************************************************

Overfull \hbox (9.46005pt too wide) detected at line 128655
[]

[1245]
************************************************
Section 17.4 The one-dimensional Stokes theorem
************************************************
************************************************
Subsection Boundary of an interval
************************************************

[1246]
************************************************
Subsection \(\DOTSI \intop \ilimits@ _a^b F'(x)\,dx=F(b)-F(a)\)
************************************************

[1247]
[1248]
************************************************
Subsection The FTC as a boundary theorem
************************************************

[1249]
[1250]
************************************************
Subsection Preview of line integrals and differential forms
************************************************

[1251]
************************************************
Section 17.5 Conservation laws in one dimension
************************************************

[1252]
************************************************
Subsection Density and flux on a line
************************************************

[1253]
************************************************
Subsection Accumulation inside an interval
************************************************

[1254]
************************************************
Subsection What crosses the boundary changes what is inside
************************************************

[1255]
[1256]
************************************************
Subsection Preview of divergence in multivariable calculus
************************************************

[1257]
[1258]
************************************************
Section 17.6 Least action and the shape of a path
************************************************
************************************************
Subsection From optimization of numbers to optimization of functions
************************************************

[1259]
************************************************
Subsection The brachistochrone problem
************************************************

[1260]
[1261]
[1262]
************************************************
Subsection A gentle first variation calculation
************************************************

[1263]
[1264]
************************************************
Subsection Why this is beyond ordinary single-variable calculus
************************************************

[1265]
[1266]
************************************************
Section 17.7 Final projects
************************************************
************************************************
Subsection Model, solve, and test a cooling law
************************************************

[1267]
[1268]
[1269]
************************************************
Subsection Approximate a difficult integral three ways
************************************************

[1270]
[1271]
************************************************
Subsection Build a Taylor-series calculator
************************************************

[1272]
[1273]
************************************************
Subsection Analyze a parametric curve from motion data
************************************************

Overfull \hbox (2.30891pt too wide) in paragraph at lines 131675--131684
[]\TU/lmr/m/n/10 A numerical implementation needs both efficient evaluation and
 documented

[1274]
[1275]
************************************************
Subsection Explain the FTC as the first boundary theorem
************************************************

[1276]

LaTeX Warning: Hyper reference `sec-17-4-the-one-dimensional-stokes-theorem' on
 page 1277 undefined on input line 131890.


LaTeX Warning: Reference `sec-17-4-the-one-dimensional-stokes-theorem' on page 
1277 undefined on input line 131890.


[1277]
Overfull \hbox (3.51201pt too wide) in paragraph at lines 132054--132055
[]\TU/lmr/m/n/10 In conservation laws, the amount inside changes because someth
ing crosses
************************************************
Subsection Closing note: what calculus has taught us
************************************************

[1278]
************************************************
Section 17.8 Additional topics: local existence and uniqueness
************************************************

Overfull \hbox (9.35107pt too wide) in paragraph at lines 132177--132177
|[]\TU/lmr/bx/n/14.4 Additional topics: local existence and unique-

LaTeX Warning: Hyper reference `ch13-differential-equations-laws-written-as-der
ivatives' on page 1279 undefined on input line 132179.


LaTeX Warning: Reference `ch13-differential-equations-laws-written-as-derivativ
es' on page 1279 undefined on input line 132179.


[1279]
************************************************
Subsection A Lipschitz condition in the dependent variable
************************************************
************************************************
Subsection Proof by successive approximations
************************************************

LaTeX Warning: Hyper reference `thm-cauchy-sequences' on page 1280 undefined on
 input line 132241.


LaTeX Warning: Reference `thm-cauchy-sequences' on page 1280 undefined on input
 line 132241.


[1280]

LaTeX Warning: Hyper reference `thm-contraction-iteration' on page 1281 undefin
ed on input line 132267.


LaTeX Warning: Reference `thm-contraction-iteration' on page 1281 undefined on 
input line 132267.

************************************************
Subsection What the hypotheses do and do not guarantee
************************************************

[1281]
[1282]
[1283]
************************************************
Appendix A Algebra and Inequalities Review
************************************************
Appendix A.
************************************************
Section A.1 Factoring and completing the square
************************************************
************************************************
Subsection Common factors
************************************************
************************************************
Subsection Special products
************************************************

[1284]
************************************************
Subsection Factoring quadratics
************************************************

[1285]
************************************************
Subsection Why factoring matters in limits
************************************************
************************************************
Subsection Completing the square
************************************************

[1286]
[1287]
************************************************
Subsection Quadratic formula
************************************************
************************************************
Section A.2 Rational expressions
************************************************

[1288]
************************************************
Subsection Canceling common factors
************************************************

[1289]
************************************************
Subsection Combining rational expressions
************************************************

[1290]
************************************************
Subsection Rationalizing
************************************************
************************************************
Section A.3 Exponents and radicals
************************************************
************************************************
Subsection Laws of exponents
************************************************

[1291]
************************************************
Subsection Negative and fractional exponents
************************************************

[1292]
************************************************
Subsection Radicals and conjugates
************************************************

[1293]
************************************************
Section A.4 Inequalities and absolute values
************************************************
************************************************
Subsection Rules for inequalities
************************************************

[1294]
************************************************
Subsection Sign charts
************************************************

[1295]
************************************************
Subsection Absolute value as distance
************************************************

[1296]
************************************************
Subsection Absolute value and limits
************************************************
************************************************
Section A.5 Sigma notation practice
************************************************
************************************************
Subsection Reading sigma notation
************************************************

[1297]
************************************************
Subsection Linearity of finite sums
************************************************

[1298]
************************************************
Subsection Basic sum formulas
************************************************

[1299]
************************************************
Subsection Changing the index
************************************************

[1300]
************************************************
Subsection Sigma notation and Riemann sums
************************************************

[1301]
************************************************
Section A.6 Practice problems
************************************************
************************************************
Subsection Factoring and completing the square
************************************************
************************************************
Subsection Rational expressions
************************************************

[1302]
************************************************
Subsection Exponents and radicals
************************************************
************************************************
Subsection Inequalities and absolute values
************************************************

[1303]
************************************************
Subsection Sigma notation
************************************************
************************************************
Subsection Answers to Appendix A practice problems
************************************************

[1304]
[1305]
[1306]
************************************************
Appendix B Coordinate Geometry
************************************************

[1307]
Appendix B.
************************************************
Section B.1 Lines
************************************************
************************************************
Subsection Slope
************************************************

[1308]
************************************************
Subsection Point-slope form
************************************************

[1309]
************************************************
Subsection Slope-intercept form
************************************************
************************************************
Subsection Line through two points
************************************************

[1310]
************************************************
Subsection General form
************************************************

[1311]
************************************************
Subsection Parallel and perpendicular lines
************************************************

[1312]
[1313]
************************************************
Section B.2 Circles
************************************************
************************************************
Subsection Equation of a circle
************************************************

[1314]
************************************************
Subsection Completing the square
************************************************

[1315]
************************************************
Subsection Disks and circle inequalities
************************************************
************************************************
Section B.3 Parabolas, ellipses, and hyperbolas
************************************************

[1316]
************************************************
Subsection Parabolas
************************************************

[1317]
************************************************
Subsection Focus and directrix form
************************************************

[1318]
************************************************
Subsection Ellipses
************************************************
************************************************
Subsection Hyperbolas
************************************************

[1319]
[1320]
[1321]
************************************************
Subsection Recognizing conics quickly
************************************************

[1322]
************************************************
Section B.4 Distance and midpoint formulas
************************************************
************************************************
Subsection Distance between two points
************************************************

[1323]
************************************************
Subsection Midpoint of a segment
************************************************
************************************************
Subsection A locus example: perpendicular bisectors
************************************************

[1324]
************************************************
Section B.5 Scaling and shifting graphs
************************************************
************************************************
Subsection Vertical and horizontal shifts
************************************************

[1325]
************************************************
Subsection Vertical scaling and reflection
************************************************
************************************************
Subsection Horizontal scaling and reflection
************************************************

[1326]
[1327]
************************************************
Subsection Transformations and domains
************************************************
************************************************
Subsection Transforming equations
************************************************

[1328]
************************************************
Section B.6 Practice problems
************************************************
************************************************
Subsection Lines
************************************************

[1329]
************************************************
Subsection Circles
************************************************
************************************************
Subsection Parabolas, ellipses, and hyperbolas
************************************************

[1330]
************************************************
Subsection Distance and midpoint
************************************************
************************************************
Subsection Scaling and shifting graphs
************************************************
************************************************
Subsection Answers to Appendix B practice problems
************************************************

[1331]
[1332]
[1333]
[1334]
[1335]
[1336]
[1337]
************************************************
Appendix C Trigonometry in Radians
************************************************

[1338]
Appendix C.
************************************************
Section C.1 Unit circle definitions
************************************************
************************************************
Subsection Radians and arc length
************************************************

[1339]
[1340]
************************************************
Subsection Sine and cosine from the unit circle
************************************************

[1341]
************************************************
Subsection Tangent, secant, cosecant, and cotangent
************************************************

[1342]
************************************************
Subsection Special angles
************************************************
************************************************
Subsection Periodicity and coterminal angles
************************************************

[1343]
************************************************
Subsection Graphs of sine and cosine
************************************************

[1344]
************************************************
Section C.2 Basic identities
************************************************
************************************************
Subsection Reciprocal and quotient identities
************************************************
************************************************
Subsection Pythagorean identities
************************************************

[1345]
[1346]
************************************************
Subsection Even and odd identities
************************************************
************************************************
Subsection Using identities carefully
************************************************

[1347]
************************************************
Section C.3 Addition formulas
************************************************
************************************************
Subsection Cosine of a difference
************************************************

[1348]
************************************************
Subsection Sine and cosine addition formulas
************************************************

[1349]
[1350]
************************************************
Subsection Tangent addition formulas
************************************************
************************************************
Subsection Double-angle and half-angle identities
************************************************

[1351]
Overfull \hbox (5.00607pt too wide) in paragraph at lines 140000--140001
[]\TU/lmr/m/n/10 Solving these last two formulas for $[][] \OML/cmm/m/it/10 x$ 
\TU/lmr/m/n/10 and $[][] \OML/cmm/m/it/10 x$ \TU/lmr/m/n/10 gives the power-red
uction
************************************************
Subsection Product-to-sum identities
************************************************

[1352]
************************************************
Section C.4 Inverse trigonometric functions
************************************************
************************************************
Subsection Why restrictions are needed
************************************************

[1353]
************************************************
Subsection Arcsine, arccosine, and arctangent
************************************************

[1354]
************************************************
Subsection Compositions with inverse trigonometric functions
************************************************

[1355]
[1356]
************************************************
Section C.5 Trigonometric equations
************************************************
************************************************
Subsection Solving by the unit circle
************************************************

[1357]
************************************************
Subsection Solving after using identities
************************************************

[1358]
************************************************
Subsection Avoiding lost or extra solutions
************************************************

[1359]
[1360]
************************************************
Section C.6 Practice problems
************************************************
************************************************
Subsection Unit circle definitions
************************************************
************************************************
Subsection Basic identities
************************************************

[1361]
************************************************
Subsection Addition formulas
************************************************
************************************************
Subsection Inverse trigonometric functions
************************************************

[1362]
************************************************
Subsection Trigonometric equations
************************************************

[1363]
************************************************
Subsection Answers to Appendix C practice problems
************************************************

[1364]
[1365]
[1366]
[1367]
************************************************
Appendix D Proofs and Completeness
************************************************

[1368]
Appendix D.

LaTeX Warning: Hyper reference `thm-cauchy-sequences' on page 1369 undefined on
 input line 141761.


LaTeX Warning: Reference `thm-cauchy-sequences' on page 1369 undefined on input
 line 141761.

************************************************
Section D.1 The Least Upper Bound Property
************************************************
************************************************
Subsection Upper bounds and least upper bounds
************************************************

[1369]
************************************************
Subsection The completeness axiom
************************************************

[1370]
************************************************
Subsection The approximation property of the supremum
************************************************

[1371]
************************************************
Subsection Greatest lower bounds
************************************************

[1372]
************************************************
Section D.2 The Monotone Convergence Theorem
************************************************
************************************************
Subsection Monotone sequences
************************************************

[1373]
************************************************
Subsection The theorem
************************************************

[1374]
************************************************
Subsection Why the hypotheses matter
************************************************

[1375]
************************************************
Subsection Nested intervals
************************************************

[1376]
************************************************
Section D.3 Bolzano’s Theorem and Bisection
************************************************
************************************************
Subsection Bolzano’s theorem
************************************************

[1377]
************************************************
Subsection Proof by bisection
************************************************

[1378]
************************************************
Subsection Bisection error
************************************************

[1379]
************************************************
Subsection Why continuity matters
************************************************

[1380]
************************************************
Section D.4 The Extreme Value Theorem: Proof Outline
************************************************
************************************************
Subsection Statement of the theorem
************************************************
************************************************
Subsection Why the function is bounded
************************************************

[1381]
************************************************
Subsection Why the maximum is reached
************************************************

[1382]
************************************************
Subsection Why the hypotheses matter
************************************************

[1383]
************************************************
Section D.5 Uniform Continuity on Closed Intervals
************************************************
************************************************
Subsection Pointwise continuity versus uniform continuity
************************************************

[1384]
************************************************
Subsection A simple uniform continuity estimate
************************************************

[1385]
************************************************
Subsection A continuous function that is not uniformly continuous
************************************************
************************************************
Subsection The theorem on closed intervals
************************************************

[1386]
************************************************
Subsection Finite covering lemma
************************************************
************************************************
Subsection Proof of uniform continuity
************************************************

[1387]
************************************************
Section D.6 Practice problems
************************************************
************************************************
Subsection Least upper bounds
************************************************

[1388]
************************************************
Subsection Monotone convergence
************************************************
************************************************
Subsection Bolzano’s theorem and bisection
************************************************

[1389]
************************************************
Subsection Extreme Value Theorem
************************************************
************************************************
Subsection Uniform continuity
************************************************

[1390]
************************************************
Subsection Answers to Appendix D practice problems
************************************************

[1391]
[1392]
[1393]
[1394]
[1395]
[1396]
************************************************
Appendix E Technology Notes
************************************************

[1397]
Appendix E.
************************************************
Section E.1 Graphing windows
************************************************
************************************************
Subsection A window is a mathematical choice
************************************************

[1398]
************************************************
Subsection A graph can hide a hole
************************************************

[1399]
************************************************
Subsection A graph can hide a sharp feature
************************************************
************************************************
Subsection A graphing checklist
************************************************

[1400]
************************************************
Section E.2 Numerical precision and roundoff
************************************************
************************************************
Subsection Exact arithmetic and floating-point arithmetic
************************************************
************************************************
Subsection Subtraction can magnify relative error
************************************************

[1401]
************************************************
Subsection Roundoff versus truncation
************************************************

[1402]
************************************************
Subsection Residuals and step sizes
************************************************

[1403]
************************************************
Section E.3 Calculator and CAS syntax
************************************************
************************************************
Subsection Common syntax translations
************************************************
************************************************
Subsection Parentheses are part of the mathematics
************************************************

[1404]
************************************************
Subsection Radians versus degrees
************************************************
************************************************
Subsection Exact and approximate answers
************************************************

[1405]
************************************************
Subsection CAS answers need interpretation
************************************************

[1406]
************************************************
Section E.4 Simple Python experiments for calculus
************************************************
************************************************
Subsection Experiment 1: difference quotients
************************************************

[1407]
************************************************
Subsection Experiment 2: bisection for a root
************************************************
************************************************
Subsection Experiment 3: midpoint rule for an integral
************************************************

[1408]
************************************************
Subsection Experiment 4: Euler’s method
************************************************

[1409]
************************************************
Subsection Experiment 5: Newton’s method
************************************************

[1410]
************************************************
Section E.5 Plotting sequences, sums, and Taylor polynomials
************************************************
************************************************
Subsection Plotting a sequence
************************************************

[1411]
************************************************
Subsection Plotting partial sums
************************************************

[1412]
************************************************
Subsection Plotting Taylor polynomials
************************************************

[1413]
************************************************
Subsection A Taylor-series calculator
************************************************

[1414]
************************************************
Section E.6 Practice problems
************************************************
************************************************
Subsection Graphing windows
************************************************
************************************************
Subsection Numerical precision and roundoff
************************************************

[1415]
************************************************
Subsection Calculator and CAS syntax
************************************************

[1416]
************************************************
Subsection Simple Python experiments
************************************************
************************************************
Subsection Plotting sequences, sums, and Taylor polynomials
************************************************

[1417]
************************************************
Subsection Answers to Appendix E practice problems
************************************************

[1418]
[1419]
[1420]
[1421]
[1422]
************************************************
Appendix F Tables
************************************************

[1423]
Appendix F.
************************************************
Section F.1 Derivative formulas
************************************************
************************************************
Subsection General differentiation rules
************************************************

[1424]
************************************************
Subsection Elementary derivatives
************************************************
************************************************
Subsection Trigonometric derivatives
************************************************

[1425]

Package tcolorbox Warning: Using nobreak failed. Try to enlarge `lines before b
reak' or set page breaks manually on input line 147455.

************************************************
Subsection Inverse trigonometric derivatives
************************************************
************************************************
Subsection Second derivative reminders
************************************************

LaTeX Warning: Hyper reference `subsec-inverse-hyperbolic-functions' on page 14
26 undefined on input line 147544.

************************************************
Section F.2 Integral formulas
************************************************

[1426]
************************************************
Subsection General integral rules
************************************************
************************************************
Subsection Basic antiderivatives
************************************************

[1427]
************************************************
Subsection Trigonometric antiderivatives
************************************************
************************************************
Subsection Inverse trigonometric forms
************************************************

[1428]
************************************************
Subsection Trigonometric substitution patterns
************************************************
************************************************
Subsection Partial fraction patterns
************************************************

LaTeX Warning: Hyper reference `subsec-inverse-hyperbolic-integrals' on page 14
29 undefined on input line 147849.


LaTeX Warning: Hyper reference `subsec-absolute-conditional-improper-integrals'
 on page 1429 undefined on input line 147849.

************************************************
Section F.3 Common Taylor series
************************************************

[1429]
************************************************
Subsection Taylor polynomial and remainder
************************************************
************************************************
Subsection Maclaurin series
************************************************

[1430]
************************************************
Subsection Series shifted from zero
************************************************

[1431]
************************************************
Section F.4 Series tests
************************************************
************************************************
Subsection Basic comparison and structure tests
************************************************
************************************************
Subsection Integral, alternating, ratio, and root tests
************************************************

[1432]
************************************************
Subsection Power series convergence
************************************************

[1433]

LaTeX Warning: Hyper reference `thm-cauchy-sequences' on page 1434 undefined on
 input line 148350.


LaTeX Warning: Reference `thm-cauchy-sequences' on page 1434 undefined on input
 line 148350.


LaTeX Warning: Hyper reference `thm-cauchy-series' on page 1434 undefined on in
put line 148350.


LaTeX Warning: Reference `thm-cauchy-series' on page 1434 undefined on input li
ne 148350.


LaTeX Warning: Hyper reference `thm-dirichlet-series' on page 1434 undefined on
 input line 148350.


LaTeX Warning: Reference `thm-dirichlet-series' on page 1434 undefined on input
 line 148350.


LaTeX Warning: Hyper reference `thm-abel-series' on page 1434 undefined on inpu
t line 148350.


LaTeX Warning: Reference `thm-abel-series' on page 1434 undefined on input line
 148350.


LaTeX Warning: Hyper reference `thm-weierstrass-m-test' on page 1434 undefined 
on input line 148350.


LaTeX Warning: Reference `thm-weierstrass-m-test' on page 1434 undefined on inp
ut line 148350.

************************************************
Section F.5 Numerical integration rules
************************************************
************************************************
Subsection Rectangle, midpoint, trapezoidal, and Simpson rules
************************************************

[1434]
************************************************
Subsection Error bounds
************************************************
************************************************
Subsection Monotonicity and concavity checks
************************************************
************************************************
Subsection Choosing a numerical rule
************************************************

[1435]

Package tcolorbox Warning: Using nobreak failed. Try to enlarge `lines before b
reak' or set page breaks manually on input line 148639.


LaTeX Warning: Hyper reference `sec-additional-richardson-romberg' on page 1436
 undefined on input line 148651.


LaTeX Warning: Reference `sec-additional-richardson-romberg' on page 1436 undef
ined on input line 148651.


LaTeX Warning: Hyper reference `sec-additional-adaptive-quadrature' on page 143
6 undefined on input line 148651.


LaTeX Warning: Reference `sec-additional-adaptive-quadrature' on page 1436 unde
fined on input line 148651.


[1436]
[1437] (main.aux)

LaTeX Font Warning: Some font shapes were not available, defaults substituted.


LaTeX Warning: There were undefined references.


LaTeX Warning: Label(s) may have changed. Rerun to get cross-references right.


Package rerunfilecheck Warning: File `main.out' has changed.
(rerunfilecheck)                Rerun to get outlines right
(rerunfilecheck)                or use package `bookmark'.

 )
(see the transcript file for additional information)
Output written on main.pdf (1443 pages).
Transcript written on main.log.
Rerunning LaTeX for main.tex (pass 2)
This is XeTeX, Version 3.141592653-2.6-0.999996 (MiKTeX 24.4) (preloaded format=xelatex.fmt)
 restricted \write18 enabled.
entering extended mode
(main.tex
LaTeX2e <2024-11-01> patch level 2
L3 programming layer <2025-01-18>
(C:\Users\cyril\AppData\Local\Programs\MiKTeX\tex/latex/base\book.cls
Document Class: book 2024/06/29 v1.4n Standard LaTeX document class
(C:\Users\cyril\AppData\Local\Programs\MiKTeX\tex/latex/base\bk10.clo))
(C:\Users\cyril\AppData\Local\Programs\MiKTeX\tex/latex/geometry\geometry.sty
(C:\Users\cyril\AppData\Local\Programs\MiKTeX\tex/latex/graphics\keyval.sty)
(C:\Users\cyril\AppData\Local\Programs\MiKTeX\tex/generic/iftex\ifvtex.sty
(C:\Users\cyril\AppData\Local\Programs\MiKTeX\tex/generic/iftex\iftex.sty))
(C:\Users\cyril\AppData\Local\Programs\MiKTeX\tex/latex/geometry\geometry.cfg))
(C:\Users\cyril\AppData\Local\Programs\MiKTeX\tex/latex/base\ifthen.sty)
(C:\Users\cyril\AppData\Local\Programs\MiKTeX\tex/latex/etoolbox\etoolbox.sty)
(C:\Users\cyril\AppData\Local\Programs\MiKTeX\tex/generic/iftex\ifxetex.sty)
(C:\Users\cyril\AppData\Local\Programs\MiKTeX\tex/generic/iftex\ifluatex.sty)
(C:\Users\cyril\AppData\Local\Programs\MiKTeX\tex/latex/graphics\graphicx.sty
(C:\Users\cyril\AppData\Local\Programs\MiKTeX\tex/latex/graphics\graphics.sty
(C:\Users\cyril\AppData\Local\Programs\MiKTeX\tex/latex/graphics\trig.sty)
(C:\Users\cyril\AppData\Local\Programs\MiKTeX\tex/latex/graphics-cfg\graphics.c
fg)
(C:\Users\cyril\AppData\Local\Programs\MiKTeX\tex/latex/graphics-def\xetex.def)
)) (C:\Users\cyril\AppData\Local\Programs\MiKTeX\tex/latex/xcolor\xcolor.sty
(C:\Users\cyril\AppData\Local\Programs\MiKTeX\tex/latex/graphics-cfg\color.cfg)
(C:\Users\cyril\AppData\Local\Programs\MiKTeX\tex/latex/graphics\mathcolor.ltx)
) (C:\Users\cyril\AppData\Local\Programs\MiKTeX\tex/latex/graphics\dvipsnam.def
) (C:\Users\cyril\AppData\Local\Programs\MiKTeX\tex/latex/xcolor\svgnam.def)
(C:\Users\cyril\AppData\Local\Programs\MiKTeX\tex/latex/colortbl\colortbl.sty
(C:\Users\cyril\AppData\Local\Programs\MiKTeX\tex/latex/tools\array.sty))
(C:\Users\cyril\AppData\Local\Programs\MiKTeX\tex/latex/tcolorbox\tcolorbox.sty

(C:\Users\cyril\AppData\Local\Programs\MiKTeX\tex/latex/pgf/frontendlayer\tikz.
sty
(C:\Users\cyril\AppData\Local\Programs\MiKTeX\tex/latex/pgf/basiclayer\pgf.sty
(C:\Users\cyril\AppData\Local\Programs\MiKTeX\tex/latex/pgf/utilities\pgfrcs.st
y
(C:\Users\cyril\AppData\Local\Programs\MiKTeX\tex/generic/pgf/utilities\pgfutil
-common.tex)
(C:\Users\cyril\AppData\Local\Programs\MiKTeX\tex/generic/pgf/utilities\pgfutil
-latex.def)
(C:\Users\cyril\AppData\Local\Programs\MiKTeX\tex/generic/pgf/utilities\pgfrcs.
code.tex
(C:\Users\cyril\AppData\Local\Programs\MiKTeX\tex/generic/pgf\pgf.revision.tex)
))
(C:\Users\cyril\AppData\Local\Programs\MiKTeX\tex/latex/pgf/basiclayer\pgfcore.
sty
(C:\Users\cyril\AppData\Local\Programs\MiKTeX\tex/latex/pgf/systemlayer\pgfsys.
sty
(C:\Users\cyril\AppData\Local\Programs\MiKTeX\tex/generic/pgf/systemlayer\pgfsy
s.code.tex
(C:\Users\cyril\AppData\Local\Programs\MiKTeX\tex/generic/pgf/utilities\pgfkeys
.code.tex
(C:\Users\cyril\AppData\Local\Programs\MiKTeX\tex/generic/pgf/utilities\pgfkeys
libraryfiltered.code.tex))
(C:\Users\cyril\AppData\Local\Programs\MiKTeX\tex/generic/pgf/systemlayer\pgf.c
fg)
(C:\Users\cyril\AppData\Local\Programs\MiKTeX\tex/generic/pgf/systemlayer\pgfsy
s-xetex.def
(C:\Users\cyril\AppData\Local\Programs\MiKTeX\tex/generic/pgf/systemlayer\pgfsy
s-dvipdfmx.def
(C:\Users\cyril\AppData\Local\Programs\MiKTeX\tex/generic/pgf/systemlayer\pgfsy
s-common-pdf.def))))
(C:\Users\cyril\AppData\Local\Programs\MiKTeX\tex/generic/pgf/systemlayer\pgfsy
ssoftpath.code.tex)
(C:\Users\cyril\AppData\Local\Programs\MiKTeX\tex/generic/pgf/systemlayer\pgfsy
sprotocol.code.tex))
(C:\Users\cyril\AppData\Local\Programs\MiKTeX\tex/generic/pgf/basiclayer\pgfcor
e.code.tex
(C:\Users\cyril\AppData\Local\Programs\MiKTeX\tex/generic/pgf/math\pgfmath.code
.tex
(C:\Users\cyril\AppData\Local\Programs\MiKTeX\tex/generic/pgf/math\pgfmathutil.
code.tex)
(C:\Users\cyril\AppData\Local\Programs\MiKTeX\tex/generic/pgf/math\pgfmathparse
r.code.tex)
(C:\Users\cyril\AppData\Local\Programs\MiKTeX\tex/generic/pgf/math\pgfmathfunct
ions.code.tex)
(C:\Users\cyril\AppData\Local\Programs\MiKTeX\tex/generic/pgf/math\pgfmathfunct
ions.basic.code.tex)
(C:\Users\cyril\AppData\Local\Programs\MiKTeX\tex/generic/pgf/math\pgfmathfunct
ions.trigonometric.code.tex)
(C:\Users\cyril\AppData\Local\Programs\MiKTeX\tex/generic/pgf/math\pgfmathfunct
ions.random.code.tex)
(C:\Users\cyril\AppData\Local\Programs\MiKTeX\tex/generic/pgf/math\pgfmathfunct
ions.comparison.code.tex)
(C:\Users\cyril\AppData\Local\Programs\MiKTeX\tex/generic/pgf/math\pgfmathfunct
ions.base.code.tex)
(C:\Users\cyril\AppData\Local\Programs\MiKTeX\tex/generic/pgf/math\pgfmathfunct
ions.round.code.tex)
(C:\Users\cyril\AppData\Local\Programs\MiKTeX\tex/generic/pgf/math\pgfmathfunct
ions.misc.code.tex)
(C:\Users\cyril\AppData\Local\Programs\MiKTeX\tex/generic/pgf/math\pgfmathfunct
ions.integerarithmetics.code.tex)
(C:\Users\cyril\AppData\Local\Programs\MiKTeX\tex/generic/pgf/math\pgfmathcalc.
code.tex)
(C:\Users\cyril\AppData\Local\Programs\MiKTeX\tex/generic/pgf/math\pgfmathfloat
.code.tex))
(C:\Users\cyril\AppData\Local\Programs\MiKTeX\tex/generic/pgf/math\pgfint.code.
tex)
(C:\Users\cyril\AppData\Local\Programs\MiKTeX\tex/generic/pgf/basiclayer\pgfcor
epoints.code.tex)
(C:\Users\cyril\AppData\Local\Programs\MiKTeX\tex/generic/pgf/basiclayer\pgfcor
epathconstruct.code.tex)
(C:\Users\cyril\AppData\Local\Programs\MiKTeX\tex/generic/pgf/basiclayer\pgfcor
epathusage.code.tex)
(C:\Users\cyril\AppData\Local\Programs\MiKTeX\tex/generic/pgf/basiclayer\pgfcor
escopes.code.tex)
(C:\Users\cyril\AppData\Local\Programs\MiKTeX\tex/generic/pgf/basiclayer\pgfcor
egraphicstate.code.tex)
(C:\Users\cyril\AppData\Local\Programs\MiKTeX\tex/generic/pgf/basiclayer\pgfcor
etransformations.code.tex)
(C:\Users\cyril\AppData\Local\Programs\MiKTeX\tex/generic/pgf/basiclayer\pgfcor
equick.code.tex)
(C:\Users\cyril\AppData\Local\Programs\MiKTeX\tex/generic/pgf/basiclayer\pgfcor
eobjects.code.tex)
(C:\Users\cyril\AppData\Local\Programs\MiKTeX\tex/generic/pgf/basiclayer\pgfcor
epathprocessing.code.tex)
(C:\Users\cyril\AppData\Local\Programs\MiKTeX\tex/generic/pgf/basiclayer\pgfcor
earrows.code.tex)
(C:\Users\cyril\AppData\Local\Programs\MiKTeX\tex/generic/pgf/basiclayer\pgfcor
eshade.code.tex)
(C:\Users\cyril\AppData\Local\Programs\MiKTeX\tex/generic/pgf/basiclayer\pgfcor
eimage.code.tex)
(C:\Users\cyril\AppData\Local\Programs\MiKTeX\tex/generic/pgf/basiclayer\pgfcor
eexternal.code.tex)
(C:\Users\cyril\AppData\Local\Programs\MiKTeX\tex/generic/pgf/basiclayer\pgfcor
elayers.code.tex)
(C:\Users\cyril\AppData\Local\Programs\MiKTeX\tex/generic/pgf/basiclayer\pgfcor
etransparency.code.tex)
(C:\Users\cyril\AppData\Local\Programs\MiKTeX\tex/generic/pgf/basiclayer\pgfcor
epatterns.code.tex)
(C:\Users\cyril\AppData\Local\Programs\MiKTeX\tex/generic/pgf/basiclayer\pgfcor
erdf.code.tex)))
(C:\Users\cyril\AppData\Local\Programs\MiKTeX\tex/generic/pgf/modules\pgfmodule
shapes.code.tex)
(C:\Users\cyril\AppData\Local\Programs\MiKTeX\tex/generic/pgf/modules\pgfmodule
plot.code.tex)
(C:\Users\cyril\AppData\Local\Programs\MiKTeX\tex/latex/pgf/compatibility\pgfco
mp-version-0-65.sty)
(C:\Users\cyril\AppData\Local\Programs\MiKTeX\tex/latex/pgf/compatibility\pgfco
mp-version-1-18.sty))
(C:\Users\cyril\AppData\Local\Programs\MiKTeX\tex/latex/pgf/utilities\pgffor.st
y
(C:\Users\cyril\AppData\Local\Programs\MiKTeX\tex/latex/pgf/utilities\pgfkeys.s
ty
(C:\Users\cyril\AppData\Local\Programs\MiKTeX\tex/generic/pgf/utilities\pgfkeys
.code.tex))
(C:\Users\cyril\AppData\Local\Programs\MiKTeX\tex/latex/pgf/math\pgfmath.sty
(C:\Users\cyril\AppData\Local\Programs\MiKTeX\tex/generic/pgf/math\pgfmath.code
.tex))
(C:\Users\cyril\AppData\Local\Programs\MiKTeX\tex/generic/pgf/utilities\pgffor.
code.tex))
(C:\Users\cyril\AppData\Local\Programs\MiKTeX\tex/generic/pgf/frontendlayer/tik
z\tikz.code.tex
(C:\Users\cyril\AppData\Local\Programs\MiKTeX\tex/generic/pgf/libraries\pgflibr
aryplothandlers.code.tex)
(C:\Users\cyril\AppData\Local\Programs\MiKTeX\tex/generic/pgf/modules\pgfmodule
matrix.code.tex)
(C:\Users\cyril\AppData\Local\Programs\MiKTeX\tex/generic/pgf/frontendlayer/tik
z/libraries\tikzlibrarytopaths.code.tex)))
(C:\Users\cyril\AppData\Local\Programs\MiKTeX\tex/latex/tools\verbatim.sty)
(C:\Users\cyril\AppData\Local\Programs\MiKTeX\tex/latex/environ\environ.sty
(C:\Users\cyril\AppData\Local\Programs\MiKTeX\tex/latex/trimspaces\trimspaces.s
ty)))
(C:\Users\cyril\AppData\Local\Programs\MiKTeX\tex/latex/tcolorbox\tcbskins.code
.tex
Library (tcolorbox): 'tcbskins.code.tex' version '6.4.1'

(C:\Users\cyril\AppData\Local\Programs\MiKTeX\tex/latex/tikzfill\tikzfill.image
.sty
(C:\Users\cyril\AppData\Local\Programs\MiKTeX\tex/latex/tikzfill\tikzlibraryfil
l.image.code.tex))
(C:\Users\cyril\AppData\Local\Programs\MiKTeX\tex/latex/tcolorbox\tcbskinsjigsa
w.code.tex
Library (tcolorbox): 'tcbskinsjigsaw.code.tex' version '6.4.1'
))
(C:\Users\cyril\AppData\Local\Programs\MiKTeX\tex/latex/tcolorbox\tcbbreakable.
code.tex
Library (tcolorbox): 'tcbbreakable.code.tex' version '6.4.1'
(C:\Users\cyril\AppData\Local\Programs\MiKTeX\tex/latex/pdfcol\pdfcol.sty
(C:\Users\cyril\AppData\Local\Programs\MiKTeX\tex/generic/ltxcmds\ltxcmds.sty)
(C:\Users\cyril\AppData\Local\Programs\MiKTeX\tex/generic/infwarerr\infwarerr.s
ty)))
(C:\Users\cyril\AppData\Local\Programs\MiKTeX\tex/latex/tcolorbox\tcbraster.cod
e.tex
Library (tcolorbox): 'tcbraster.code.tex' version '6.4.1'
)
(C:\Users\cyril\AppData\Local\Programs\MiKTeX\tex/latex/tcolorbox\tcbxparse.cod
e.tex
Library (tcolorbox): 'tcbxparse.code.tex' version '6.4.1'

(C:\Users\cyril\AppData\Local\Programs\MiKTeX\tex/latex/l3packages/xparse\xpars
e.sty
(C:\Users\cyril\AppData\Local\Programs\MiKTeX\tex/latex/l3kernel\expl3.sty
(C:\Users\cyril\AppData\Local\Programs\MiKTeX\tex/latex/l3backend\l3backend-xet
ex.def))))
(C:\Users\cyril\AppData\Local\Programs\MiKTeX\tex/generic/pgf/frontendlayer/tik
z/libraries\tikzlibrarycalc.code.tex)
(C:\Users\cyril\AppData\Local\Programs\MiKTeX\tex/latex/tcolorbox\tcbhooks.code
.tex
Library (tcolorbox): 'tcbhooks.code.tex' version '6.4.1'
) (C:\Users\cyril\AppData\Local\Programs\MiKTeX\tex/latex/xstring\xstring.sty
(C:\Users\cyril\AppData\Local\Programs\MiKTeX\tex/generic/xstring\xstring.tex))
 (C:\Users\cyril\AppData\Local\Programs\MiKTeX\tex/latex/xltxtra\xltxtra.sty
(C:\Users\cyril\AppData\Local\Programs\MiKTeX\tex/latex/fontspec\fontspec.sty
(C:\Users\cyril\AppData\Local\Programs\MiKTeX\tex/latex/fontspec\fontspec-xetex
.sty (C:\Users\cyril\AppData\Local\Programs\MiKTeX\tex/latex/base\fontenc.sty)
(C:\Users\cyril\AppData\Local\Programs\MiKTeX\tex/latex/fontspec\fontspec.cfg))
)
(C:\Users\cyril\AppData\Local\Programs\MiKTeX\tex/latex/realscripts\realscripts
.sty)
(C:\Users\cyril\AppData\Local\Programs\MiKTeX\tex/latex/metalogo\metalogo.sty))
 (C:\Users\cyril\AppData\Local\Programs\MiKTeX\tex/latex/inconsolata\zi4.sty
`inconsolata-zi4' v1.12, 2019/05/17 Text macros for Inconsolata (msharpe)
(C:\Users\cyril\AppData\Local\Programs\MiKTeX\tex/latex/base\textcomp.sty)
(C:\Users\cyril\AppData\Local\Programs\MiKTeX\tex/latex/xkeyval\xkeyval.sty
(C:\Users\cyril\AppData\Local\Programs\MiKTeX\tex/generic/xkeyval\xkeyval.tex
(C:\Users\cyril\AppData\Local\Programs\MiKTeX\tex/generic/xkeyval\xkvutils.tex)
)))
(C:\Users\cyril\AppData\Local\Programs\MiKTeX\tex/latex/polyglossia\polyglossia
.sty
(C:\Users\cyril\AppData\Local\Programs\MiKTeX\tex/latex/polyglossia\gloss-latex
.ldf))
(C:\Users\cyril\AppData\Local\Programs\MiKTeX\tex/latex/polyglossia\gloss-engli
sh.ldf)
(C:\Users\cyril\AppData\Local\Programs\MiKTeX\tex/latex/microtype\microtype.sty

(C:\Users\cyril\AppData\Local\Programs\MiKTeX\tex/latex/microtype\microtype-xet
ex.def)
(C:\Users\cyril\AppData\Local\Programs\MiKTeX\tex/latex/microtype\microtype.cfg
)) (C:\Users\cyril\AppData\Local\Programs\MiKTeX\tex/latex/amsmath\amsmath.sty
For additional information on amsmath, use the `?' option.
(C:\Users\cyril\AppData\Local\Programs\MiKTeX\tex/latex/amsmath\amstext.sty
(C:\Users\cyril\AppData\Local\Programs\MiKTeX\tex/latex/amsmath\amsgen.sty))
(C:\Users\cyril\AppData\Local\Programs\MiKTeX\tex/latex/amsmath\amsbsy.sty)
(C:\Users\cyril\AppData\Local\Programs\MiKTeX\tex/latex/amsmath\amsopn.sty))
(C:\Users\cyril\AppData\Local\Programs\MiKTeX\tex/latex/amsmath\amscd.sty)
(C:\Users\cyril\AppData\Local\Programs\MiKTeX\tex/latex/amsfonts\amssymb.sty
(C:\Users\cyril\AppData\Local\Programs\MiKTeX\tex/latex/amsfonts\amsfonts.sty))
 (C:\Users\cyril\AppData\Local\Programs\MiKTeX\tex/latex/psnfss\pifont.sty
(C:\Users\cyril\AppData\Local\Programs\MiKTeX\tex/latex/psnfss\upzd.fd)
(C:\Users\cyril\AppData\Local\Programs\MiKTeX\tex/latex/psnfss\upsy.fd))
(C:\Users\cyril\AppData\Local\Programs\MiKTeX\tex/latex/titlesec\titlesec.sty
(C:\Users\cyril\AppData\Local\Programs\MiKTeX\tex/latex/titlesec\titleps.sty))
(C:\Users\cyril\AppData\Local\Programs\MiKTeX\tex/latex/titlesec\titletoc.sty)
(C:\Users\cyril\AppData\Local\Programs\MiKTeX\tex/latex/fancyvrb\fancyvrb.sty)
(C:\Users\cyril\AppData\Local\Programs\MiKTeX\tex/latex/enumitem\enumitem.sty)
(C:\Users\cyril\AppData\Local\Programs\MiKTeX\tex/latex/hyperref\hyperref.sty
(C:\Users\cyril\AppData\Local\Programs\MiKTeX\tex/latex/kvsetkeys\kvsetkeys.sty
)
(C:\Users\cyril\AppData\Local\Programs\MiKTeX\tex/generic/kvdefinekeys\kvdefine
keys.sty)
(C:\Users\cyril\AppData\Local\Programs\MiKTeX\tex/generic/pdfescape\pdfescape.s
ty
(C:\Users\cyril\AppData\Local\Programs\MiKTeX\tex/generic/pdftexcmds\pdftexcmds
.sty))
(C:\Users\cyril\AppData\Local\Programs\MiKTeX\tex/latex/hycolor\hycolor.sty)
(C:\Users\cyril\AppData\Local\Programs\MiKTeX\tex/latex/hyperref\nameref.sty
(C:\Users\cyril\AppData\Local\Programs\MiKTeX\tex/latex/refcount\refcount.sty)
(C:\Users\cyril\AppData\Local\Programs\MiKTeX\tex/generic/gettitlestring\gettit
lestring.sty
(C:\Users\cyril\AppData\Local\Programs\MiKTeX\tex/latex/kvoptions\kvoptions.sty
)))
(C:\Users\cyril\AppData\Local\Programs\MiKTeX\tex/generic/stringenc\stringenc.s
ty) (C:\Users\cyril\AppData\Local\Programs\MiKTeX\tex/latex/hyperref\pd1enc.def
) (C:\Users\cyril\AppData\Local\Programs\MiKTeX\tex/generic/intcalc\intcalc.sty
) (C:\Users\cyril\AppData\Local\Programs\MiKTeX\tex/latex/hyperref\puenc.def)
(C:\Users\cyril\AppData\Local\Programs\MiKTeX\tex/latex/url\url.sty)
(C:\Users\cyril\AppData\Local\Programs\MiKTeX\tex/generic/bitset\bitset.sty
(C:\Users\cyril\AppData\Local\Programs\MiKTeX\tex/generic/bigintcalc\bigintcalc
.sty))
(C:\Users\cyril\AppData\Local\Programs\MiKTeX\tex/latex/base\atbegshi-ltx.sty))
(C:\Users\cyril\AppData\Local\Programs\MiKTeX\tex/latex/hyperref\hxetex.def
(C:\Users\cyril\AppData\Local\Programs\MiKTeX\tex/latex/rerunfilecheck\rerunfil
echeck.sty
(C:\Users\cyril\AppData\Local\Programs\MiKTeX\tex/generic/uniquecounter\uniquec
ounter.sty)))
(C:\Users\cyril\AppData\Local\Programs\MiKTeX\tex/latex/pgfplots\pgfplots.sty
(C:\Users\cyril\AppData\Local\Programs\MiKTeX\tex/generic/pgfplots\pgfplots.rev
ision.tex)
(C:\Users\cyril\AppData\Local\Programs\MiKTeX\tex/generic/pgfplots\pgfplots.cod
e.tex
(C:\Users\cyril\AppData\Local\Programs\MiKTeX\tex/generic/pgfplots\pgfplotscore
.code.tex
(C:\Users\cyril\AppData\Local\Programs\MiKTeX\tex/generic/pgfplots/sys\pgfplots
sysgeneric.code.tex))
(C:\Users\cyril\AppData\Local\Programs\MiKTeX\tex/generic/pgfplots/libs\pgfplot
slibrary.code.tex)
(C:\Users\cyril\AppData\Local\Programs\MiKTeX\tex/generic/pgfplots/oldpgfcompat
ib\pgfplotsoldpgfsupp_loader.code.tex
(C:\Users\cyril\AppData\Local\Programs\MiKTeX\tex/generic/pgf/libraries\pgflibr
aryfpu.code.tex)
Package pgfplots: loading complementary utilities for your pgf version...

(C:\Users\cyril\AppData\Local\Programs\MiKTeX\tex/generic/pgfplots/oldpgfcompat
ib\pgfplotsoldpgfsupp_pgfutil-common-lists.tex))
(C:\Users\cyril\AppData\Local\Programs\MiKTeX\tex/generic/pgfplots/util\pgfplot
sutil.code.tex
(C:\Users\cyril\AppData\Local\Programs\MiKTeX\tex/generic/pgfplots/liststructur
e\pgfplotsliststructure.code.tex)
(C:\Users\cyril\AppData\Local\Programs\MiKTeX\tex/generic/pgfplots/liststructur
e\pgfplotsliststructureext.code.tex)
(C:\Users\cyril\AppData\Local\Programs\MiKTeX\tex/generic/pgfplots/liststructur
e\pgfplotsarray.code.tex)
(C:\Users\cyril\AppData\Local\Programs\MiKTeX\tex/generic/pgfplots/liststructur
e\pgfplotsmatrix.code.tex)
(C:\Users\cyril\AppData\Local\Programs\MiKTeX\tex/generic/pgfplots/numtable\pgf
plotstableshared.code.tex)
(C:\Users\cyril\AppData\Local\Programs\MiKTeX\tex/generic/pgfplots/liststructur
e\pgfplotsdeque.code.tex)
(C:\Users\cyril\AppData\Local\Programs\MiKTeX\tex/generic/pgfplots/util\pgfplot
sbinary.code.tex
(C:\Users\cyril\AppData\Local\Programs\MiKTeX\tex/generic/pgfplots/util\pgfplot
sbinary.data.code.tex))
(C:\Users\cyril\AppData\Local\Programs\MiKTeX\tex/generic/pgfplots/util\pgfplot
sutil.verb.code.tex)
(C:\Users\cyril\AppData\Local\Programs\MiKTeX\tex/generic/pgfplots/libs\pgflibr
arypgfplots.surfshading.code.tex
(C:\Users\cyril\AppData\Local\Programs\MiKTeX\tex/generic/pgfplots/sys\pgflibra
rypgfplots.surfshading.pgfsys-xetex.def
(C:\Users\cyril\AppData\Local\Programs\MiKTeX\tex/generic/pgfplots/sys\pgflibra
rypgfplots.surfshading.pgfsys-dvipdfmx.def))))
(C:\Users\cyril\AppData\Local\Programs\MiKTeX\tex/generic/pgfplots/util\pgfplot
scolormap.code.tex
(C:\Users\cyril\AppData\Local\Programs\MiKTeX\tex/generic/pgfplots/util\pgfplot
scolor.code.tex))
(C:\Users\cyril\AppData\Local\Programs\MiKTeX\tex/generic/pgfplots\pgfplotsstac
kedplots.code.tex)
(C:\Users\cyril\AppData\Local\Programs\MiKTeX\tex/generic/pgfplots\pgfplotsplot
handlers.code.tex
(C:\Users\cyril\AppData\Local\Programs\MiKTeX\tex/generic/pgfplots\pgfplotsmesh
plothandler.code.tex
(C:\Users\cyril\AppData\Local\Programs\MiKTeX\tex/generic/pgfplots\pgfplotsmesh
plotimage.code.tex)))
(C:\Users\cyril\AppData\Local\Programs\MiKTeX\tex/generic/pgfplots\pgfplots.sca
ling.code.tex)
(C:\Users\cyril\AppData\Local\Programs\MiKTeX\tex/generic/pgfplots\pgfplotscoor
dprocessing.code.tex)
(C:\Users\cyril\AppData\Local\Programs\MiKTeX\tex/generic/pgfplots\pgfplots.err
orbars.code.tex)
(C:\Users\cyril\AppData\Local\Programs\MiKTeX\tex/generic/pgfplots\pgfplots.mar
kers.code.tex)
(C:\Users\cyril\AppData\Local\Programs\MiKTeX\tex/generic/pgfplots\pgfplotstick
s.code.tex)
(C:\Users\cyril\AppData\Local\Programs\MiKTeX\tex/generic/pgfplots\pgfplots.pat
hs.code.tex)
(C:\Users\cyril\AppData\Local\Programs\MiKTeX\tex/generic/pgf/frontendlayer/tik
z/libraries\tikzlibrarydecorations.code.tex
(C:\Users\cyril\AppData\Local\Programs\MiKTeX\tex/generic/pgf/modules\pgfmodule
decorations.code.tex))
(C:\Users\cyril\AppData\Local\Programs\MiKTeX\tex/generic/pgf/frontendlayer/tik
z/libraries\tikzlibrarydecorations.pathmorphing.code.tex
(C:\Users\cyril\AppData\Local\Programs\MiKTeX\tex/generic/pgf/libraries/decorat
ions\pgflibrarydecorations.pathmorphing.code.tex))
(C:\Users\cyril\AppData\Local\Programs\MiKTeX\tex/generic/pgf/frontendlayer/tik
z/libraries\tikzlibrarydecorations.pathreplacing.code.tex
(C:\Users\cyril\AppData\Local\Programs\MiKTeX\tex/generic/pgf/libraries/decorat
ions\pgflibrarydecorations.pathreplacing.code.tex))
(C:\Users\cyril\AppData\Local\Programs\MiKTeX\tex/generic/pgfplots/libs\tikzlib
rarypgfplots.contourlua.code.tex))
(C:\Users\cyril\AppData\Local\Programs\MiKTeX\tex/generic/pgf/frontendlayer/tik
z/libraries\tikzlibraryplotmarks.code.tex
(C:\Users\cyril\AppData\Local\Programs\MiKTeX\tex/generic/pgf/libraries\pgflibr
aryplotmarks.code.tex)))
(C:\Users\cyril\AppData\Local\Programs\MiKTeX\tex/generic/pgfplots/libs\tikzlib
rarypgfplots.fillbetween.code.tex
(C:\Users\cyril\AppData\Local\Programs\MiKTeX\tex/generic/pgfplots/pgfcontrib\t
ikzlibraryfillbetween.code.tex
(C:\Users\cyril\AppData\Local\Programs\MiKTeX\tex/generic/pgf/frontendlayer/tik
z/libraries\tikzlibraryintersections.code.tex
(C:\Users\cyril\AppData\Local\Programs\MiKTeX\tex/generic/pgf/libraries\pgflibr
aryintersections.code.tex))
(C:\Users\cyril\AppData\Local\Programs\MiKTeX\tex/generic/pgfplots/pgfcontrib\t
ikzlibrarydecorations.softclip.code.tex
(C:\Users\cyril\AppData\Local\Programs\MiKTeX\tex/generic/pgfplots/pgfcontrib\p
gflibraryfillbetween.code.tex)))
(C:\Users\cyril\AppData\Local\Programs\MiKTeX\tex/generic/pgfplots/libs\tikzlib
rarypgfplots.decorations.softclip.code.tex))
(C:\Users\cyril\AppData\Local\Programs\MiKTeX\tex/generic/pgfplots/libs\tikzlib
rarypgfplots.colormaps.code.tex)
(C:\Users\cyril\AppData\Local\Programs\MiKTeX\tex/generic/pgf/frontendlayer/tik
z/libraries\tikzlibraryarrows.code.tex
(C:\Users\cyril\AppData\Local\Programs\MiKTeX\tex/generic/pgf/libraries\pgflibr
aryarrows.code.tex))
(C:\Users\cyril\AppData\Local\Programs\MiKTeX\tex/generic/pgf/libraries\pgflibr
aryarrows.meta.code.tex)
(C:\Users\cyril\AppData\Local\Programs\MiKTeX\tex/generic/pgf/frontendlayer/tik
z/libraries\tikzlibrarydecorations.markings.code.tex
(C:\Users\cyril\AppData\Local\Programs\MiKTeX\tex/generic/pgf/libraries/decorat
ions\pgflibrarydecorations.markings.code.tex))
(C:\Users\cyril\AppData\Local\Programs\MiKTeX\tex/generic/pgf/frontendlayer/tik
z/libraries\tikzlibrarymatrix.code.tex)
(C:\Users\cyril\AppData\Local\Programs\MiKTeX\tex/generic/pgf/frontendlayer/tik
z/libraries\tikzlibrarypatterns.code.tex
(C:\Users\cyril\AppData\Local\Programs\MiKTeX\tex/generic/pgf/libraries\pgflibr
arypatterns.code.tex))
(C:\Users\cyril\AppData\Local\Programs\MiKTeX\tex/generic/pgf/frontendlayer/tik
z/libraries\tikzlibrarypositioning.code.tex)
(C:\Users\cyril\AppData\Local\Programs\MiKTeX\tex/generic/pgf/frontendlayer/tik
z/libraries\tikzlibraryshadows.code.tex
(C:\Users\cyril\AppData\Local\Programs\MiKTeX\tex/generic/pgf/frontendlayer/tik
z/libraries\tikzlibraryfadings.code.tex
(C:\Users\cyril\AppData\Local\Programs\MiKTeX\tex/generic/pgf/libraries\pgflibr
aryfadings.code.tex)))
(C:\Users\cyril\AppData\Local\Programs\MiKTeX\tex/generic/pgf/frontendlayer/tik
z/libraries\tikzlibraryshapes.code.tex
(C:\Users\cyril\AppData\Local\Programs\MiKTeX\tex/generic/pgf/frontendlayer/tik
z/libraries\tikzlibraryshapes.geometric.code.tex
(C:\Users\cyril\AppData\Local\Programs\MiKTeX\tex/generic/pgf/libraries/shapes\
pgflibraryshapes.geometric.code.tex))
(C:\Users\cyril\AppData\Local\Programs\MiKTeX\tex/generic/pgf/frontendlayer/tik
z/libraries\tikzlibraryshapes.misc.code.tex
(C:\Users\cyril\AppData\Local\Programs\MiKTeX\tex/generic/pgf/libraries/shapes\
pgflibraryshapes.misc.code.tex))
(C:\Users\cyril\AppData\Local\Programs\MiKTeX\tex/generic/pgf/frontendlayer/tik
z/libraries\tikzlibraryshapes.symbols.code.tex
(C:\Users\cyril\AppData\Local\Programs\MiKTeX\tex/generic/pgf/libraries/shapes\
pgflibraryshapes.symbols.code.tex))
(C:\Users\cyril\AppData\Local\Programs\MiKTeX\tex/generic/pgf/frontendlayer/tik
z/libraries\tikzlibraryshapes.arrows.code.tex
(C:\Users\cyril\AppData\Local\Programs\MiKTeX\tex/generic/pgf/libraries/shapes\
pgflibraryshapes.arrows.code.tex))
(C:\Users\cyril\AppData\Local\Programs\MiKTeX\tex/generic/pgf/frontendlayer/tik
z/libraries\tikzlibraryshapes.callouts.code.tex
(C:\Users\cyril\AppData\Local\Programs\MiKTeX\tex/generic/pgf/libraries/shapes\
pgflibraryshapes.callouts.code.tex))
(C:\Users\cyril\AppData\Local\Programs\MiKTeX\tex/generic/pgf/frontendlayer/tik
z/libraries\tikzlibraryshapes.multipart.code.tex
(C:\Users\cyril\AppData\Local\Programs\MiKTeX\tex/generic/pgf/libraries/shapes\
pgflibraryshapes.multipart.code.tex))) (main.aux)
*geometry* driver: auto-detecting
*geometry* detected driver: xetex
(C:\Users\cyril\AppData\Local\Programs\MiKTeX\tex/latex/upquote\upquote.sty)
(C:\Users\cyril\AppData\Local\Programs\MiKTeX\tex/latex/microtype\mt-LatinModer
nRoman.cfg) (main.out) (main.out)
Package pgfplots notification 'compat/show suggested version=true': document ha
s been generated with the most recent feature set (\pgfplotsset{compat=1.18}).


[1]
[2]
[3]
************************************************
Preface Preface
************************************************
************************************************
Preface How to Read This Book
************************************************

[4]
[5] (main.toc
[6]
[7]
[8]
Overfull \hbox (4.49997pt too wide) detected at line 808
 \TU/lmr/m/n/10 1009

Overfull \hbox (4.49997pt too wide) detected at line 813
 \TU/lmr/m/n/10 1015

Overfull \hbox (4.49997pt too wide) detected at line 818
 \TU/lmr/m/n/10 1023

Overfull \hbox (4.49997pt too wide) detected at line 823
 \TU/lmr/m/n/10 1029

Overfull \hbox (4.49997pt too wide) detected at line 833
 \TU/lmr/m/n/10 1041

Overfull \hbox (4.49997pt too wide) detected at line 840
 \TU/lmr/m/n/10 1053

Overfull \hbox (4.49997pt too wide) detected at line 847
 \TU/lmr/m/n/10 1062

Overfull \hbox (4.49997pt too wide) detected at line 852
 \TU/lmr/m/n/10 1067

Overfull \hbox (4.49997pt too wide) detected at line 858
 \TU/lmr/m/n/10 1080

Overfull \hbox (4.49997pt too wide) detected at line 864
 \TU/lmr/m/n/10 1089

Overfull \hbox (4.49997pt too wide) detected at line 871
 \TU/lmr/m/n/10 1102

Overfull \hbox (4.49997pt too wide) detected at line 877
 \TU/lmr/m/n/10 1108

Overfull \hbox (4.49997pt too wide) detected at line 883
 \TU/lmr/m/n/10 1113

[9]
Overfull \hbox (4.49997pt too wide) detected at line 892
 \TU/lmr/m/n/10 1124

Overfull \hbox (4.49997pt too wide) detected at line 897
 \TU/lmr/m/n/10 1127

Overfull \hbox (4.49997pt too wide) detected at line 902
 \TU/lmr/m/n/10 1135

Overfull \hbox (4.49997pt too wide) detected at line 907
 \TU/lmr/m/n/10 1143

Overfull \hbox (4.49997pt too wide) detected at line 913
 \TU/lmr/m/n/10 1152

Overfull \hbox (4.49997pt too wide) detected at line 918
 \TU/lmr/m/n/10 1159

Overfull \hbox (4.49997pt too wide) detected at line 924
 \TU/lmr/m/n/10 1168

Overfull \hbox (4.49997pt too wide) detected at line 931
 \TU/lmr/m/n/10 1179

Overfull \hbox (4.49997pt too wide) detected at line 937
 \TU/lmr/m/n/10 1189

Overfull \hbox (4.49997pt too wide) detected at line 942
 \TU/lmr/m/n/10 1199

Overfull \hbox (4.49997pt too wide) detected at line 947
 \TU/lmr/m/n/10 1205

Overfull \hbox (4.49997pt too wide) detected at line 952
 \TU/lmr/m/n/10 1214

Overfull \hbox (4.49997pt too wide) detected at line 957
 \TU/lmr/m/n/10 1217

Overfull \hbox (4.49997pt too wide) detected at line 963
 \TU/lmr/m/n/10 1228

Overfull \hbox (4.49997pt too wide) detected at line 968
 \TU/lmr/m/n/10 1239

Overfull \hbox (4.49997pt too wide) detected at line 973
 \TU/lmr/m/n/10 1246

Overfull \hbox (4.49997pt too wide) detected at line 978
 \TU/lmr/m/n/10 1253

Overfull \hbox (4.49997pt too wide) detected at line 983
 \TU/lmr/m/n/10 1259

Overfull \hbox (4.49997pt too wide) detected at line 988
 \TU/lmr/m/n/10 1267

Overfull \hbox (4.49997pt too wide) detected at line 995
 \TU/lmr/m/n/10 1280

Overfull \hbox (4.49997pt too wide) detected at line 1002
 \TU/lmr/m/n/10 1284

Overfull \hbox (4.49997pt too wide) detected at line 1009
 \TU/lmr/m/n/10 1289

Overfull \hbox (4.49997pt too wide) detected at line 1013
 \TU/lmr/m/n/10 1291

Overfull \hbox (4.49997pt too wide) detected at line 1017
 \TU/lmr/m/n/10 1294

Overfull \hbox (4.49997pt too wide) detected at line 1022
 \TU/lmr/m/n/10 1297

Overfull \hbox (4.49997pt too wide) detected at line 1028
 \TU/lmr/m/n/10 1302

Overfull \hbox (4.49997pt too wide) detected at line 1036
 \TU/lmr/m/n/10 1308

Overfull \hbox (4.49997pt too wide) detected at line 1043
 \TU/lmr/m/n/10 1314

Overfull \hbox (4.49997pt too wide) detected at line 1047
 \TU/lmr/m/n/10 1316

Overfull \hbox (4.49997pt too wide) detected at line 1053
 \TU/lmr/m/n/10 1323

Overfull \hbox (4.49997pt too wide) detected at line 1057
 \TU/lmr/m/n/10 1325

Overfull \hbox (4.49997pt too wide) detected at line 1063
 \TU/lmr/m/n/10 1329

Overfull \hbox (4.49997pt too wide) detected at line 1071
 \TU/lmr/m/n/10 1339

Overfull \hbox (4.49997pt too wide) detected at line 1078
 \TU/lmr/m/n/10 1345

[10]
Overfull \hbox (4.49997pt too wide) detected at line 1083
 \TU/lmr/m/n/10 1348

Overfull \hbox (4.49997pt too wide) detected at line 1089
 \TU/lmr/m/n/10 1353

Overfull \hbox (4.49997pt too wide) detected at line 1093
 \TU/lmr/m/n/10 1357

Overfull \hbox (4.49997pt too wide) detected at line 1097
 \TU/lmr/m/n/10 1361

Overfull \hbox (4.49997pt too wide) detected at line 1105
 \TU/lmr/m/n/10 1369

Overfull \hbox (4.49997pt too wide) detected at line 1110
 \TU/lmr/m/n/10 1373

Overfull \hbox (4.49997pt too wide) detected at line 1115
 \TU/lmr/m/n/10 1377

Overfull \hbox (4.49997pt too wide) detected at line 1120
 \TU/lmr/m/n/10 1381

Overfull \hbox (4.49997pt too wide) detected at line 1125
 \TU/lmr/m/n/10 1384

Overfull \hbox (4.49997pt too wide) detected at line 1132
 \TU/lmr/m/n/10 1389

Overfull \hbox (4.49997pt too wide) detected at line 1140
 \TU/lmr/m/n/10 1398

Overfull \hbox (4.49997pt too wide) detected at line 1145
 \TU/lmr/m/n/10 1401

Overfull \hbox (4.49997pt too wide) detected at line 1150
 \TU/lmr/m/n/10 1404

Overfull \hbox (4.49997pt too wide) detected at line 1156
 \TU/lmr/m/n/10 1407

Overfull \hbox (4.49997pt too wide) detected at line 1162
 \TU/lmr/m/n/10 1411

Overfull \hbox (4.49997pt too wide) detected at line 1167
 \TU/lmr/m/n/10 1415

Overfull \hbox (4.49997pt too wide) detected at line 1175
 \TU/lmr/m/n/10 1424

Overfull \hbox (4.49997pt too wide) detected at line 1181
 \TU/lmr/m/n/10 1427

Overfull \hbox (4.49997pt too wide) detected at line 1188
 \TU/lmr/m/n/10 1430

Overfull \hbox (4.49997pt too wide) detected at line 1192
 \TU/lmr/m/n/10 1432

Overfull \hbox (4.49997pt too wide) detected at line 1196
 \TU/lmr/m/n/10 1434
)
[11]
************************************************
Part I The Two Questions of Calculus
************************************************

[1]
************************************************
Chapter 1 Velocity, Distance, and the First Shape of Calculus
************************************************
Chapter 1.
************************************************
Section 1.1 The dashboard: speedometer and odometer
************************************************
(C:\Users\cyril\AppData\Local\Programs\MiKTeX\tex/latex/amsfonts\umsa.fd)
(C:\Users\cyril\AppData\Local\Programs\MiKTeX\tex/latex/microtype\mt-msa.cfg)
(C:\Users\cyril\AppData\Local\Programs\MiKTeX\tex/latex/amsfonts\umsb.fd)
(C:\Users\cyril\AppData\Local\Programs\MiKTeX\tex/latex/microtype\mt-msb.cfg)
(C:\Users\cyril\AppData\Local\Programs\MiKTeX\tex/latex/microtype\mt-cmr.cfg)
[2]
************************************************
Subsection Distance as accumulated motion
************************************************
************************************************
Subsection Velocity as changing distance
************************************************

[3]
************************************************
Subsection Units of velocity and distance
************************************************
************************************************
Subsection The first question: distance to velocity
************************************************

[4]
************************************************
Subsection The second question: velocity to distance
************************************************

[5]
************************************************
Subsection The two questions together
************************************************
************************************************
Section 1.2 Constant velocity: where slope and area first meet
************************************************
************************************************
Subsection The graph of distance when velocity is constant
************************************************

[6]
************************************************
Subsection Slope of the distance graph
************************************************

[7]
************************************************
Subsection Area under the velocity graph
************************************************

[8]
************************************************
Subsection The constant-velocity rule
************************************************
************************************************
Subsection Why slope and area are inverse clues
************************************************

[9]
************************************************
Subsection Why the word “constant” matters
************************************************

[10]
************************************************
Section 1.3 Forward, backward, and signed motion
************************************************
************************************************
Subsection Positive and negative velocity
************************************************

[11]
************************************************
Subsection Displacement versus distance traveled
************************************************

[12]
************************************************
Subsection Area below the time axis
************************************************

[13]
************************************************
Subsection A first piecewise-defined motion
************************************************
************************************************
Subsection What the sign prepares us for
************************************************

[14]
************************************************
Section 1.4 Calculus without limits: finite differences and finite sums
************************************************

Overfull \hbox (3.59106pt too wide) in paragraph at lines 2109--2109
|[]\TU/lmr/bx/n/14.4 Calculus without limits: finite differences and
************************************************
Subsection Difference tables
************************************************

[15]
************************************************
Subsection Accumulated differences telescope
************************************************

[16]
************************************************
Subsection Step velocities and piecewise linear position
************************************************
************************************************
Subsection Unequal time steps
************************************************

[17]
************************************************
Subsection A warning about absolute values
************************************************
************************************************
Subsection Squares and odd numbers
************************************************

[18]
************************************************
Subsection What finite calculus can and cannot do
************************************************

[19]
************************************************
Section 1.5 Changing velocity and the need for limits
************************************************
************************************************
Subsection Average velocity over a time interval
************************************************

[20]
************************************************
Subsection The word “if” matters
************************************************
************************************************
Subsection The tangent line problem
************************************************

[21]
************************************************
Subsection The area problem
************************************************

[22]
************************************************
Subsection Why finite arithmetic is no longer enough
************************************************

[23]
************************************************
Section 1.6 A first map of the book
************************************************
************************************************
Subsection Derivative: from position to velocity
************************************************

[24]
************************************************
Subsection Integral: from velocity to position
************************************************
************************************************
Subsection Approximation: how to work when exact formulas fail
************************************************

[25]
************************************************
Subsection Differential equations: when the law gives the derivative
************************************************
************************************************
Subsection The road in one picture
************************************************

[26]
************************************************
Section 1.7 Discovery problems and projects
************************************************
************************************************
Subsection Read a trip from a speed graph
************************************************

[27]
************************************************
Subsection Design two different trips with the same displacement
************************************************

[28]
[29]
************************************************
Subsection Finite differences of squares and cubes
************************************************

[30]
[31]
************************************************
Subsection A changing slope needs nearness
************************************************

[32]
************************************************
Chapter 2 Numbers, Functions, and Models
************************************************

[33]
Chapter 2.
************************************************
Section 2.1 The real line and intervals
************************************************
************************************************
Subsection Points as numbers
************************************************

[34]
************************************************
Subsection Open, closed, and half-open intervals
************************************************

[35]
************************************************
Subsection Absolute value as distance
************************************************

[36]
[37]
************************************************
Subsection Inequalities as a way to control error
************************************************

[38]
************************************************
Section 2.2 Completeness and the idea of no gaps
************************************************

[39]
************************************************
Subsection Rational numbers and the missing square root
************************************************

[40]
************************************************
Subsection Least upper bound property
************************************************

[41]
[42]
************************************************
Subsection Nested intervals
************************************************

[43]
************************************************
Subsection Completeness creates \(\sqrt 2\)
************************************************

[44]
************************************************
Subsection Why calculus needs the real numbers
************************************************

[45]
************************************************
Section 2.3 Functions as assignments
************************************************

[46]
************************************************
Subsection Input, output, domain, and range
************************************************

[47]
************************************************
Subsection Functions from formulas, graphs, tables, and words
************************************************

[48]
[49]
************************************************
Subsection The natural domain of a formula
************************************************

[50]
************************************************
Subsection Piecewise-defined functions
************************************************

[51]
[52]
************************************************
Subsection The difference quotient as a function of two inputs
************************************************

[53]
[54]
************************************************
Section 2.4 Graphs and transformations
************************************************
************************************************
Subsection Shifts and scalings
************************************************

[55]
[56]
************************************************
Subsection Reflections and stretching
************************************************

[57]
[58]
************************************************
Subsection Even and odd symmetry
************************************************

[59]
[60]
************************************************
Subsection Reading intercepts, sign, and intervals from a graph
************************************************

[61]
[62]
************************************************
Subsection A graph can suggest, but not prove
************************************************
************************************************
Section 2.5 Combining functions
************************************************

[63]
************************************************
Subsection Sums, products, and quotients
************************************************

[64]
[65]
************************************************
Subsection Composition
************************************************

[66]
[67]
************************************************
Subsection Inverse functions
************************************************

[68]
[69]
************************************************
Subsection When an inverse exists
************************************************

[70]
[71]
[72]
************************************************
Section 2.6 A catalog of essential functions
************************************************
************************************************
Subsection Linear functions and units
************************************************

[73]
[74]
************************************************
Subsection Powers and polynomials
************************************************

Overfull \hbox (3.91pt too wide) in paragraph at lines 8275--8276
[]\TU/lmr/m/n/10 They already appeared in the first chapter through finite diff
erences. Squares

[75]
************************************************
Subsection Rational functions and asymptotic behavior
************************************************

[76]
[77]
************************************************
Subsection Algebraic functions
************************************************

[78]
************************************************
Subsection Trigonometric functions in radians
************************************************

[79]
[80]
************************************************
Subsection Exponential functions
************************************************

[81]
[82]
************************************************
Subsection Logarithms as inverse functions
************************************************

[83]
[84]
************************************************
Subsection The catalog at a glance
************************************************
************************************************
Section 2.7 Models before calculus
************************************************

[85]
************************************************
Subsection Linear growth
************************************************

[86]
************************************************
Subsection Power-law scaling
************************************************

[87]
[88]
************************************************
Subsection Exponential growth and decay
************************************************

[89]
[90]
************************************************
Subsection Periodic motion
************************************************

[91]
[92]
************************************************
Subsection Choosing a model from units and data
************************************************

[93]
************************************************
Section 2.8 Technology and graphs
************************************************

[94]
************************************************
Subsection Windows can lie
************************************************

[95]
************************************************
Subsection Sampling can miss behavior
************************************************

[96]
************************************************
Subsection Numerical evidence versus proof
************************************************

[97]
[98]
************************************************
Subsection A first warning about roundoff
************************************************

[99]
************************************************
Section 2.9 Chapter review and discovery problems
************************************************
************************************************
Subsection Chapter map
************************************************

[100]

Package tcolorbox Warning: Using nobreak failed. Try to enlarge `lines before b
reak' or set page breaks manually on input line 11104.

************************************************
Subsection Concept check: function versus formula
************************************************

[101]
[102]
************************************************
Subsection Skills: intervals, domains, transformations, and inverses
************************************************

[103]
[104]
[105]
************************************************
Subsection Skills: reading a graph
************************************************

[106]
************************************************
Subsection Catalog practice: recognizing function families
************************************************

Overfull \hbox (5.88002pt too wide) in paragraph at lines 11630--11631
\TU/lmr/m/n/10 Classify each model as linear, power-law, polynomial, rational, 
algebraic, trigono-
************************************************
Subsection Counterexamples and proof practice
************************************************

[107]
************************************************
Subsection Technology questions
************************************************

[108]
[109]
************************************************
Subsection Project: fit a simple model to data
************************************************

[110]
************************************************
Subsection Discovery problems
************************************************

[111]
************************************************
Subsection Hook: limits make near into mathematics
************************************************

[112]
************************************************
Part II Limits, Continuity, and the Derivative
************************************************

[113]
[114]
************************************************
Chapter 3 Limits and Continuity
************************************************
Chapter 3.
************************************************
Section 3.1 Limits from motion and approximation
************************************************
************************************************
Subsection Average velocity as the interval shrinks
************************************************

[115]
************************************************
Subsection Decimal approximations to a number
************************************************

[116]
************************************************
Subsection The informal meaning of a limit
************************************************

[117]
[118]
************************************************
Subsection Limits from graphs and tables
************************************************

[119]
************************************************
Subsection What a limit can ignore
************************************************
************************************************
Section 3.2 Calculating limits
************************************************
************************************************
Subsection A first limit law from an example
************************************************

[120]
************************************************
Subsection Limit laws
************************************************

[121]
[122]
************************************************
Subsection Polynomials and direct substitution
************************************************
************************************************
Subsection Rational functions
************************************************

[123]
************************************************
Subsection Removing a removable discontinuity
************************************************

[124]
[125]
************************************************
Subsection When cancellation does not save the limit
************************************************
************************************************
Subsection The squeeze idea
************************************************

[126]
[127]
************************************************
Subsection A short guide to the first limit tools
************************************************
************************************************
Section 3.3 One-sided limits and infinite behavior
************************************************
************************************************
Subsection Left-hand and right-hand limits
************************************************

[128]
[129]
[130]
************************************************
Subsection Infinite limits and vertical asymptotes
************************************************

[131]
[132]
************************************************
Subsection Limits at infinity
************************************************

[133]
[134]
************************************************
Subsection Horizontal and slant asymptotes
************************************************

[135]
[136]
************************************************
Subsection A map of the new behaviors
************************************************

Overfull \hbox (7.55862pt too wide) detected at line 14617
[]

[137]
************************************************
Section 3.4 The precise definition of a limit
************************************************
************************************************
Subsection The epsilon challenge
************************************************

[138]
************************************************
Subsection Delta as a response
************************************************

[139]
************************************************
Subsection Why the point \(x=a\) is excluded
************************************************

[140]
************************************************
Subsection Proving simple limits
************************************************

[141]
[142]
[143]
************************************************
Subsection Why the definition matches the picture
************************************************

[144]
************************************************
Subsection One-sided versions of the precise definition
************************************************

[145]
************************************************
Subsection What the definition gives us
************************************************
************************************************
Section 3.5 Continuity
************************************************
************************************************
Subsection Continuity at a point
************************************************

[146]
[147]
************************************************
Subsection Holes and continuous extensions
************************************************

[148]
************************************************
Subsection Continuity on an interval
************************************************

[149]
[150]
************************************************
Subsection Algebra of continuous functions
************************************************

[151]
************************************************
Subsection Continuity of compositions
************************************************

[152]
[153]
[154]
[155]
[156]
************************************************
Subsection Three common discontinuities
************************************************

[157]
************************************************
Subsection A continuity checklist
************************************************
************************************************
Section 3.6 Two theorems about continuous functions
************************************************
************************************************
Subsection Intermediate values
************************************************

[158]
[159]
************************************************
Subsection Bisection as a constructive proof idea
************************************************

[160]
************************************************
Subsection Why continuity is required
************************************************

[161]
************************************************
Subsection Highest and lowest values
************************************************

[162]
************************************************
Subsection Why closed and bounded intervals matter
************************************************

[163]
Overfull \hbox (5.16501pt too wide) detected at line 17405
[]

[164]
************************************************
Subsection Why these two theorems matter
************************************************
************************************************
Section 3.7 Warning examples
************************************************

[165]
************************************************
Subsection Jump discontinuity: unequal one-sided limits
************************************************

[166]
************************************************
Subsection A limit that is infinite, not finite
************************************************

[167]
************************************************
Subsection The Intermediate Value Theorem fails without continuity
************************************************
************************************************
Subsection The Extreme Value Theorem fails on an open interval
************************************************

[168]
************************************************
Subsection The Extreme Value Theorem fails on an unbounded interval
************************************************

[169]
************************************************
Subsection A map of the warnings
************************************************

[170]
************************************************
Section 3.8 Sequences as limits indexed by whole numbers
************************************************
************************************************
Subsection Sequence notation
************************************************

[171]
************************************************
Subsection Convergence and divergence
************************************************

[172]
[173]
[174]
************************************************
Subsection Monotone bounded sequences
************************************************

[175]
[176]
************************************************
Subsection Bisection as a sequence
************************************************

Overfull \hbox (2.17001pt too wide) in paragraph at lines 18777--18778
\TU/lmr/m/n/10 The bisection method from the Intermediate Value Theorem produce
s sequences

[177]
************************************************
Subsection Sequences as preparation for infinite series
************************************************

[178]
[179]
************************************************
Section 3.9 Chapter review and discovery problems
************************************************
************************************************
Subsection The chapter in one picture
************************************************

[180]
************************************************
Subsection A decision guide for limits and continuity
************************************************
************************************************
Subsection Review problems
************************************************

[181]
[182]
[183]
[184]
[185]
[186]
************************************************
Subsection Project: bisection method for a root
************************************************

[187]
[188]
************************************************
Subsection Discovery problems: secant slopes becoming tangent slopes
************************************************

Overfull \hbox (2.64201pt too wide) in paragraph at lines 19860--19860
|\TU/lmr/bx/n/12 Discovery problems: secant slopes becoming tangent slopes| 

[189]
[190]
************************************************
Subsection The derivative as a limit
************************************************
************************************************
Chapter 4 The Derivative
************************************************

[191]
Chapter 4.
************************************************
Section 4.1 Average rate of change
************************************************
************************************************
Subsection Secant slope
************************************************

[192]
[193]
************************************************
Subsection Average velocity
************************************************

[194]
Overfull \hbox (1.2554pt too wide) in paragraph at lines 20346--20347
[] []\TU/lmr/bx/n/10 Displacement, not distance traveled.[] \TU/lmr/m/n/10 Aver
age velocity uses signed change
************************************************
Subsection Average rate from data
************************************************

[195]
************************************************
Subsection Units of a rate
************************************************

[196]
************************************************
Section 4.2 Instantaneous rate of change
************************************************
************************************************
Subsection Shrinking the time interval
************************************************

[197]
************************************************
Subsection The derivative at a point
************************************************

[198]
[199]
************************************************
Subsection Tangent slope
************************************************

[200]
************************************************
Subsection The derivative as a limit
************************************************

[201]
[202]
************************************************
Section 4.3 The derivative as a function
************************************************
************************************************
Subsection From one tangent slope to many
************************************************

[203]
[204]
************************************************
Subsection Notations for the derivative
************************************************

[205]
[206]
************************************************
Subsection Reading \(f'\) from the graph of \(f\)
************************************************

[207]
************************************************
Subsection Reading \(f\) from the graph of \(f'\)
************************************************

[208]
[209]
************************************************
Section 4.4 Local linear approximation
************************************************
************************************************
Subsection The tangent line as a local model
************************************************

[210]
************************************************
Subsection The formula \(f(a+h)\approx f(a)+f'(a)h\)
************************************************

[211]
************************************************
Subsection Why differentiability means local linearity
************************************************

[212]
[213]
************************************************
Subsection Differentials
************************************************

[214]
[215]
************************************************
Subsection Sensitivity and propagated error
************************************************

[216]
[217]
************************************************
Section 4.5 Differentiability and continuity
************************************************
************************************************
Subsection Differentiability implies continuity
************************************************

[218]
************************************************
Subsection Why the converse is false
************************************************

[219]
[220]
************************************************
Subsection Corners, cusps, vertical tangents, and jumps
************************************************

[221]
[222]
************************************************
Subsection The absolute value as the first warning example
************************************************
************************************************
Subsection A note about endpoints
************************************************

[223]
************************************************
Section 4.6 First derivative formulas
************************************************
************************************************
Subsection Constant and identity functions
************************************************

[224]
************************************************
Subsection Power functions with positive integer powers
************************************************

[225]
[226]
************************************************
Subsection A polynomial example
************************************************

[227]
************************************************
Subsection Constant multiples and sums
************************************************

Underfull \hbox (badness 10000) in paragraph at lines 24084--24092


[228]
************************************************
Subsection The polynomial rule
************************************************

[229]
************************************************
Subsection Derivative notation in formulas
************************************************

[230]
************************************************
Subsection What we have proved so far
************************************************
************************************************
Subsection What these formulas do not yet cover
************************************************

[231]
************************************************
Section 4.7 Motion revisited
************************************************
************************************************
Subsection Position, velocity, and acceleration
************************************************

[232]
[233]
[234]
************************************************
Subsection Speed versus velocity
************************************************

[235]
[236]
************************************************
Subsection Falling under constant acceleration
************************************************

[237]
[238]
************************************************
Subsection Units and signs in motion problems
************************************************

[239]
[240]
[241]
************************************************
Section 4.8 Warning examples
************************************************
************************************************
Subsection A continuous function with no derivative at one point
************************************************

[242]
************************************************
Subsection Optional: a derivative that exists but is not continuous
************************************************

[243]
[244]
[245]
************************************************
Subsection A graphing calculator can miss a sharp corner
************************************************

[246]
************************************************
Section 4.9 Chapter review and discovery problems
************************************************

[247]
************************************************
Subsection Skills: derivative from definition
************************************************

[248]
[249]
[250]
[251]
************************************************
Subsection Concept check: tangent line versus secant line
************************************************

[252]
************************************************
Subsection Project: estimating velocity from noisy position data
************************************************

[253]
[254]
************************************************
Subsection Hook: why the definition is not enough
************************************************

[255]
************************************************
Chapter 5 Differentiation Rules and Elementary Functions
************************************************

[256]
Chapter 5.
************************************************
Section 5.1 The algebra of derivatives
************************************************
************************************************
Subsection Scaling a changing quantity
************************************************

[257]
************************************************
Subsection Constants disappear
************************************************

[258]
************************************************
Subsection Adding changing quantities
************************************************

[259]
************************************************
Subsection Linearity of the derivative
************************************************

[260]
************************************************
Subsection Derivatives of polynomials
************************************************

[261]
************************************************
Subsection Why these rules are not enough
************************************************
************************************************
Section 5.2 Product and quotient rules
************************************************

[262]
************************************************
Subsection Why the product rule has two terms
************************************************
************************************************
Subsection Product rule from changing area
************************************************

[263]
[264]
[265]
************************************************
Subsection Using the product rule
************************************************

[266]
************************************************
Subsection The reciprocal rule
************************************************

[267]
[268]
************************************************
Subsection The quotient rule
************************************************

[269]
[270]
************************************************
Subsection When a denominator erases a point
************************************************

[271]
************************************************
Subsection The rules so far
************************************************
************************************************
Section 5.3 The chain rule
************************************************

[272]
************************************************
Subsection A temperature that changes because position changes
************************************************

[273]
************************************************
Subsection Composition as change inside change
************************************************

[274]
************************************************
Subsection The chain rule formula
************************************************

[275]
[276]
************************************************
Subsection Why the chain rule is true
************************************************

[277]
************************************************
Subsection Why the hypotheses are there
************************************************

[278]
************************************************
Subsection Tree diagrams for nested functions
************************************************

[279]
[280]
************************************************
Subsection The order of composition matters
************************************************
************************************************
Subsection Chain rule in differential notation
************************************************

[281]
************************************************
Section 5.4 Implicit differentiation
************************************************

[282]
************************************************
Subsection Curves not solved for \(y\)
************************************************

[283]
[284]
************************************************
Subsection Differentiating both sides
************************************************

[285]
************************************************
Subsection The chain rule is doing the hidden work
************************************************

[286]
************************************************
Subsection When the method warns us
************************************************

[287]
************************************************
Subsection Higher derivatives implicitly
************************************************

[288]
[289]
[290]
************************************************
Subsection What implicit differentiation gives us
************************************************
************************************************
Section 5.5 Derivatives of trigonometric functions
************************************************

[291]
************************************************
Subsection Radians and the limit \(\sin h/h\to 1\)
************************************************

[292]
[293]
************************************************
Subsection The derivative of sine
************************************************

[294]
************************************************
Subsection The derivative of cosine
************************************************

[295]
[296]
************************************************
Subsection Tangent, secant, cosecant, and cotangent
************************************************

[297]
[298]
************************************************
Subsection Why radians are required
************************************************

[299]
************************************************
Subsection A preview of simple harmonic motion
************************************************

[300]
************************************************
Section 5.6 Derivatives of exponential and logarithmic functions
************************************************
************************************************
Subsection Exponential growth as a rate law
************************************************

[301]
************************************************
Subsection The special base \(e\)
************************************************

[302]
************************************************
Subsection The derivative of \(e^{u(x)}\)
************************************************

[303]
************************************************
Subsection The derivative of \(a^x\)
************************************************

[304]
[305]
************************************************
Subsection The derivative of \(\ln x\)
************************************************

[306]
[307]
[308]
************************************************
Subsection Logarithms with other bases
************************************************
************************************************
Subsection Logarithmic differentiation
************************************************

[309]
[310]
[311]
************************************************
Subsection The derivative table so far
************************************************
************************************************
Section 5.7 Inverse functions and inverse trigonometric functions
************************************************
************************************************
Subsection The derivative of an inverse function
************************************************

[312]
[313]
[314]
************************************************
Subsection Why the nonzero derivative matters
************************************************

[315]
[316]
************************************************
Subsection Inverse trigonometric functions
************************************************

[317]
************************************************
Subsection The derivative of \(\arcsin x\)
************************************************

[318]
[319]
************************************************
Subsection The derivatives of \(\arccos x\) and \(\arctan x\)
************************************************

[320]
[321]
************************************************
Subsection A table of inverse trigonometric derivatives
************************************************

Overfull \hbox (6.15001pt too wide) in paragraph at lines 34295--34296
[]\TU/lmr/m/n/10 The remaining inverse trigonometric derivatives follow from th
e same method.
************************************************
Subsection Inverse trigonometric derivatives as an integration preview
************************************************

Overfull \hbox (0.95001pt too wide) in paragraph at lines 34309--34317
\TU/lmr/m/n/10 the branch choices and the sign of the trigonometric functions o
n those branches.

Underfull \hbox (badness 10000) in paragraph at lines 34309--34317


[322]
************************************************
Section 5.8 General power rule and hyperbolic functions
************************************************
************************************************
Subsection The derivative of \(x^r\)
************************************************

[323]
[324]
[325]
************************************************
Subsection Hyperbolic sine and cosine
************************************************

[326]
[327]
************************************************
Subsection Hyperbolic identities
************************************************

[328]
[329]
************************************************
Subsection Hyperbolic tangent and its derivative
************************************************

[330]
************************************************
Subsection Inverse hyperbolic functions: branches and derivatives
************************************************

Overfull \hbox (11.48096pt too wide) detected at line 35298
\OT1/cmr/m/n/10 ([] \OML/cmm/m/it/10 t\OT1/cmr/m/n/10 )[] = \OMS/cmsy/m/n/10 ^^
@ [][] \OML/cmm/m/it/10 t;  \OT1/cmr/m/n/10 ([] \OML/cmm/m/it/10 t\OT1/cmr/m/n/
10 )[] = \OMS/cmsy/m/n/10 ^^@ [] \OML/cmm/m/it/10 t [] t;  \OT1/cmr/m/n/10 ([] 
\OML/cmm/m/it/10 t\OT1/cmr/m/n/10 )[] = \OMS/cmsy/m/n/10 ^^@ [] \OML/cmm/m/it/1
0 t [] t:

[331]
[332]
************************************************
Subsection Why hyperbolic functions appear in hanging cables
************************************************

[333]
[334]
************************************************
Subsection The derivative table at the end of Chapter 5
************************************************

[335]
************************************************
Section 5.9 Warning examples
************************************************
************************************************
Subsection The product rule is not \((fg)'=f'g'\)
************************************************

[336]
[337]
************************************************
Subsection The chain rule needs the order of composition
************************************************

[338]
[339]
************************************************
Subsection An inverse can fail to be differentiable
************************************************

[340]
************************************************
Subsection A rule checklist
************************************************
************************************************
Section 5.10 Chapter review and discovery problems
************************************************

[341]
************************************************
Subsection Chapter map
************************************************
************************************************
Subsection Derivative table
************************************************

[342]
************************************************
Subsection Worked mixed examples
************************************************

[343]
[344]
************************************************
Subsection Skills: mixed derivative calculations
************************************************

[345]
[346]
************************************************
Subsection Implicit differentiation practice
************************************************

[347]
************************************************
Subsection Concept check
************************************************
************************************************
Subsection True or false
************************************************

[348]
************************************************
Subsection Proof practice
************************************************

[349]
[350]
************************************************
Subsection Project: derivative formulas from numerical experiments
************************************************

[351]
[352]
************************************************
Subsection Discovery problems
************************************************

[353]
[354]
************************************************
Subsection Where the chapter points next
************************************************

[355]
************************************************
Part III What Derivatives Reveal
************************************************

[356]
[357]
************************************************
Chapter 6 Shape, Extremes, and the Mean Value Theorem
************************************************
Chapter 6.
************************************************
Section 6.1 Increasing and decreasing functions
************************************************
************************************************
Subsection Reading motion from the sign of velocity
************************************************

[358]
************************************************
Subsection Increasing and decreasing functions
************************************************

[359]
************************************************
Subsection The first derivative sign rule
************************************************
************************************************
Subsection First derivative sign charts
************************************************

[360]
************************************************
Subsection Critical numbers
************************************************

[361]
[362]
************************************************
Section 6.2 Local and absolute extrema
************************************************
************************************************
Subsection Local maximum and local minimum
************************************************

[363]
************************************************
Subsection Fermat’s theorem
************************************************

[364]
************************************************
Subsection Why Fermat’s hypotheses matter
************************************************

[365]
************************************************
Subsection The first derivative test
************************************************

[366]
************************************************
Subsection Absolute extrema and the closed interval method
************************************************

[367]
************************************************
Subsection The closed interval method
************************************************

[368]
************************************************
Subsection Where this points
************************************************
************************************************
Section 6.3 Rolle’s Theorem and the Mean Value Theorem
************************************************

[369]
************************************************
Subsection A road trip with average velocity
************************************************

[370]
************************************************
Subsection Rolle’s Theorem
************************************************

[371]
************************************************
Subsection Why Rolle’s hypotheses matter
************************************************

[372]
************************************************
Subsection The Mean Value Theorem
************************************************

[373]
[374]
************************************************
Subsection Why the Mean Value Theorem hypotheses matter
************************************************

[375]
************************************************
Subsection Consequences of the Mean Value Theorem
************************************************

[376]
************************************************
Subsection The first derivative sign rule, proved
************************************************

[377]
************************************************
Subsection A useful bound from derivatives
************************************************
************************************************
Subsection Where this points
************************************************

[378]
************************************************
Section 6.4 Concavity and second derivatives
************************************************
************************************************
Subsection Velocity changing: acceleration
************************************************

[379]
************************************************
Subsection Concave up and concave down
************************************************

[380]
************************************************
Subsection A sign chart for the second derivative
************************************************

[381]
************************************************
Subsection Inflection points
************************************************

[382]
************************************************
Subsection The second derivative test
************************************************

[383]
[384]
************************************************
Subsection When the second derivative test is inconclusive
************************************************

[385]
************************************************
Subsection Where this points
************************************************
************************************************
Section 6.5 Graph sketching with calculus
************************************************
************************************************
Subsection Sign charts for \(f'\) and \(f''\)
************************************************

[386]
[387]
************************************************
Subsection Asymptotes and end behavior
************************************************

[388]
[389]
************************************************
Subsection A complete curve-sketching workflow
************************************************

[390]
[391]
[392]
[393]
************************************************
Subsection When technology helps and when it misleads
************************************************

[394]
************************************************
Subsection Where this points
************************************************
************************************************
Section 6.6 Indeterminate forms and l’Hospital’s Rule
************************************************

[395]
************************************************
Subsection The forms \(0/0\) and \(\infty /\infty \)
************************************************

[396]
************************************************
Subsection Why derivatives can reveal a limiting ratio
************************************************

[397]
************************************************
Subsection l’Hospital’s Rule
************************************************

[398]
************************************************
Subsection Idea of the proof
************************************************

[399]
[400]
************************************************
Subsection Other indeterminate forms
************************************************

[401]
[402]
************************************************
Subsection Comparing growth rates
************************************************

[403]
************************************************
Subsection When l’Hospital’s Rule cannot be used
************************************************

[404]
************************************************
Subsection Where this points
************************************************

[405]
************************************************
Section 6.7 Warning examples
************************************************
************************************************
Subsection Fermat’s theorem fails at an endpoint
************************************************

[406]
************************************************
Subsection The Mean Value Theorem fails without continuity
************************************************

[407]
************************************************
Subsection The Mean Value Theorem fails without differentiability
************************************************

[408]
************************************************
Subsection The second derivative test can be inconclusive
************************************************

[409]
[410]
************************************************
Subsection l’Hospital’s Rule cannot be used on every quotient
************************************************

[411]
************************************************
Subsection A theorem-use checklist
************************************************

[412]
************************************************
Section 6.8 Chapter review and discovery problems
************************************************
************************************************
Subsection The chapter’s map
************************************************

[413]
************************************************
Subsection A complete review example
************************************************

[414]
************************************************
Subsection Concept checks
************************************************

[415]
************************************************
Subsection Skills: graph from derivatives
************************************************

[416]
************************************************
Subsection Extrema and closed interval practice
************************************************

[417]
************************************************
Subsection Mean Value Theorem practice
************************************************

[418]
************************************************
Subsection Proof practice with the Mean Value Theorem
************************************************

[419]
************************************************
Subsection l’Hospital’s Rule practice
************************************************

[420]
************************************************
Subsection Counterexample problems
************************************************

[421]
************************************************
Subsection Project: reconstruct a trip from acceleration data
************************************************

[422]
[423]
************************************************
Subsection Discovery problems
************************************************

[424]
************************************************
Subsection Where this points
************************************************
************************************************
Chapter 7 Optimization, Related Rates, and Models
************************************************

[425]
Chapter 7.
************************************************
Section 7.1 Related rates
************************************************
************************************************
Subsection Quantities changing together
************************************************

[426]
************************************************
Subsection Differentiating a relation with respect to time
************************************************

[427]
************************************************
Subsection Geometry problems: ladders, shadows, cones
************************************************

[428]
[429]
[430]
[431]
[432]
************************************************
Subsection Units as a guardrail
************************************************

[433]
Overfull \hbox (5.36pt too wide) detected at line 45341
[]
************************************************
Section 7.2 Optimization problems
************************************************
************************************************
Subsection Translating a word problem into a function
************************************************

[434]
[435]
************************************************
Subsection Constraints in one variable
************************************************

[436]
************************************************
Subsection Geometry: boxes, fences, cans, and light paths
************************************************

[437]
[438]
[439]
[440]
************************************************
Subsection Endpoint checks and physical feasibility
************************************************

[441]
[442]
************************************************
Section 7.3 Linear approximation in applications
************************************************
************************************************
Subsection Estimating hard numbers quickly
************************************************

[443]
[444]
************************************************
Subsection Error propagation
************************************************

[445]
[446]
************************************************
Subsection Relative and percentage error
************************************************

[447]
[448]
************************************************
Subsection Sensitivity in measurement
************************************************

[449]
[450]
************************************************
Section 7.4 Newton’s method
************************************************
************************************************
Subsection Tangent lines as root finders
************************************************

[451]
[452]
************************************************
Subsection The iteration formula
************************************************

[453]
[454]
************************************************
Subsection Convergence when the starting point is good
************************************************

[455]
************************************************
Subsection Failure modes: cycles and bad tangents
************************************************

[456]
[457]
************************************************
Subsection How to use Newton’s method safely
************************************************

[458]
************************************************
Section 7.5 Exponential growth and decay
************************************************
************************************************
Subsection Assume the initial amount \(y_0>0\) in growth, decay, doubling-time,
 and half-life models. The differential equation \(y'=ky\)
************************************************

Overfull \hbox (5.2995pt too wide) in paragraph at lines 47956--47956
|\TU/lmr/bx/n/12 Assume the initial amount $\OML/cmm/m/it/12 y[] > \OT1/cmr/m/n
/12 0$ \TU/lmr/bx/n/12 in growth, decay, doubling-

[459]
[460]
[461]
************************************************
Subsection Half-life and doubling time
************************************************

[462]
[463]
************************************************
Subsection Continuously compounded interest
************************************************

[464]
************************************************
Subsection Newton’s law of cooling
************************************************

[465]
[466]
************************************************
Subsection What exponential models assume
************************************************

[467]
************************************************
Section 7.6 Logistic growth and limited resources
************************************************
************************************************
Subsection Why pure exponential growth cannot last
************************************************

[468]
************************************************
Subsection The logistic differential equation
************************************************

[469]
************************************************
Subsection Equilibria and stability from a graph
************************************************

[470]
[471]
************************************************
Subsection The logistic formula
************************************************

[472]
[473]
[474]
************************************************
Subsection Population and spread models
************************************************

[475]
************************************************
Subsection What logistic models assume
************************************************

[476]
************************************************
Section 7.7 Light, time, and extremal principles
************************************************
************************************************
Subsection Reflection from shortest path
************************************************

[477]
[478]
************************************************
Subsection Refraction and Snell’s law
************************************************

[479]
[480]
************************************************
Subsection The seed of the calculus of variations
************************************************

[481]
[482]
************************************************
Section 7.8 Warning examples
************************************************
************************************************
Subsection A critical point outside the physical domain
************************************************

[483]
************************************************
Subsection A local maximum that is not the absolute maximum
************************************************

[484]
************************************************
Subsection Newton’s method can find the wrong root
************************************************

[485]
************************************************
Subsection Newton’s method may not converge
************************************************

[486]
************************************************
Subsection The common lesson
************************************************

[487]
************************************************
Section 7.9 Chapter review and applications
************************************************
************************************************
Subsection The chapter in one map
************************************************

[488]
************************************************
Subsection Formulas to remember
************************************************

[489]
************************************************
Subsection Skills: related rates and optimization
************************************************

[490]
************************************************
Subsection Review problems
************************************************

[491]
************************************************
Subsection Project: design a least-material container
************************************************

[492]
[493]
[494]
************************************************
Subsection Project: model cooling data
************************************************

[495]
[496]
[497]
************************************************
Subsection Concept checks
************************************************

[498]
************************************************
Subsection Where this points
************************************************
************************************************
Part IV Integrals and the Fundamental Theorem
************************************************

[499]
[500]
************************************************
Chapter 8 The Integral as Accumulation
************************************************
Chapter 8.
************************************************
Section 8.1 Distance from velocity
************************************************
************************************************
Subsection Constant velocity revisited
************************************************

[501]
[502]
************************************************
Subsection Piecewise constant velocity
************************************************

[503]
************************************************
Subsection Estimating distance from sampled speeds
************************************************

[504]
[505]
************************************************
Subsection Signed displacement versus total distance
************************************************

[506]
[507]
************************************************
Section 8.2 Area under a graph
************************************************
************************************************
Subsection Rectangular estimates
************************************************

[508]
************************************************
Subsection Left, right, and midpoint sums
************************************************

[509]
************************************************
Subsection Upper and lower sums
************************************************

[510]
[511]
************************************************
Subsection Area as a limiting process
************************************************

[512]
[513]
************************************************
Section 8.3 Sigma notation and finite sums
************************************************
************************************************
Subsection Summation notation
************************************************

[514]
[515]
************************************************
Subsection Sigma notation for rectangular sums
************************************************

[516]
************************************************
Subsection Arithmetic sums
************************************************

[517]
[518]
************************************************
Subsection Basic rules for finite sums
************************************************

[519]
************************************************
Subsection Geometric sums
************************************************

[520]
************************************************
Subsection Sums of powers
************************************************

[521]
[522]
************************************************
Subsection From finite sums to integrals
************************************************

[523]
[524]
************************************************
Section 8.4 The definite integral
************************************************
************************************************
Subsection Partitions and sample points
************************************************

[525]
************************************************
Subsection Riemann sums
************************************************

[526]
[527]
************************************************
Subsection Definition of the definite integral
************************************************

[528]
************************************************
Subsection Equal-width Riemann sums
************************************************
************************************************
Subsection Computing an integral from the definition
************************************************

[529]
[530]
************************************************
Subsection Why the sample point should not matter
************************************************

[531]
************************************************
Subsection Integrability, informally first
************************************************

[532]
************************************************
Section 8.5 Signed area and net change
************************************************

[533]
************************************************
Subsection Area above the axis
************************************************
************************************************
Subsection Area below the axis
************************************************

[534]
************************************************
Subsection A graph with both signs
************************************************
************************************************
Subsection Cancellation and meaning
************************************************

[535]
************************************************
Subsection Velocity: displacement versus distance traveled
************************************************

[536]
************************************************
Subsection Total accumulation from absolute value
************************************************

[537]
************************************************
Section 8.6 Properties of the integral
************************************************

[538]
************************************************
Subsection Linearity
************************************************

[539]
************************************************
Subsection Additivity over intervals
************************************************

[540]
************************************************
Subsection Orientation of the interval
************************************************

[541]
************************************************
Subsection Order properties
************************************************

[542]
************************************************
Subsection Net change is no larger than total change
************************************************

[543]
************************************************
Subsection Average value of a function
************************************************

[544]
************************************************
Subsection The average value is really attained when \(f\) is continuous
************************************************

[545]
************************************************
Subsection Symmetry
************************************************

[546]
************************************************
Subsection Where the properties come from
************************************************

[547]
************************************************
Section 8.7 Existence of integrals
************************************************
************************************************
Subsection The upper-lower test
************************************************

[548]
************************************************
Subsection Continuous functions are integrable
************************************************

[549]
[550]
[551]
************************************************
Subsection Monotone functions are integrable
************************************************

[552]
************************************************
Subsection Functions with finitely many jump discontinuities
************************************************

[553]
************************************************
Subsection A bounded function that is not Riemann integrable
************************************************

[554]
[555]
************************************************
Section 8.8 Chapter review and discovery problems
************************************************
************************************************
Subsection Skills: set up Riemann sums
************************************************

[556]
[557]
[558]
[559]
************************************************
Subsection Project: estimate energy use from power data
************************************************

[560]
************************************************
Subsection Computing: compare left, right, midpoint, and trapezoid estimates
************************************************

[561]
[562]
************************************************
Subsection Hook: an accumulation function has a slope
************************************************

[563]
************************************************
Chapter 9 The Fundamental Theorem of Calculus
************************************************

[564]
Chapter 9.
************************************************
Section 9.1 Accumulation functions
************************************************
************************************************
Subsection Area with a moving endpoint
************************************************

[565]
************************************************
Subsection \(A(x)=\DOTSI \intop \ilimits@ _a^x f(t)\,dt\)
************************************************

[566]
************************************************
Subsection Estimating the change in an accumulation function
************************************************

[567]
************************************************
Subsection The slope of accumulated area
************************************************

[568]
[569]
************************************************
Section 9.2 Fundamental Theorem, Part I
************************************************
************************************************
Subsection The derivative of an accumulation function
************************************************
************************************************
Subsection Continuity as the needed hypothesis
************************************************

[570]
[571]
************************************************
Subsection Geometric proof idea
************************************************
************************************************
Subsection Proof of Part I
************************************************

[572]
************************************************
Subsection Examples with variable upper limits
************************************************

[573]
[574]
************************************************
Subsection What Part I gives us
************************************************

[575]
************************************************
Section 9.3 Fundamental Theorem, Part II
************************************************
************************************************
Subsection Antiderivatives evaluate definite integrals
************************************************

[576]
[577]
************************************************
Subsection The statement of Part II
************************************************

[578]
************************************************
Subsection Proof of Part II
************************************************

[579]
************************************************
Subsection Why the interval hypothesis matters
************************************************

[580]
************************************************
Subsection The net change theorem
************************************************

[581]
************************************************
Subsection Position from velocity
************************************************

[582]
[583]
************************************************
Subsection Accumulated rate in science and economics
************************************************

[584]
************************************************
Section 9.4 Indefinite integrals
************************************************

[585]
************************************************
Subsection Antiderivative families
************************************************

[586]
************************************************
Subsection The constant of integration
************************************************

[587]
[588]
************************************************
Subsection Initial value problems
************************************************

[589]
************************************************
Subsection Basic antiderivative formulas
************************************************

[590]
[591]
************************************************
Subsection Linearity of indefinite integrals
************************************************

[592]
************************************************
Subsection When guessing is not enough
************************************************

[593]
************************************************
Section 9.5 Differential notation and oriented length
************************************************
************************************************
Subsection \(dx\) as an oriented step
************************************************

[594]
************************************************
Subsection \(f(x)\,dx\) as the thing being accumulated
************************************************

[595]
[596]
************************************************
Subsection Pulling an integrand through \(x=g(u)\)
************************************************

[597]
[598]
************************************************
Subsection The one-dimensional seed of differential forms
************************************************

[599]
[600]
************************************************
Subsection What the notation is allowed to do
************************************************
************************************************
Section 9.6 Warning examples
************************************************

[601]
************************************************
Subsection A discontinuity and the derivative of an accumulation function
************************************************

[602]
[603]
************************************************
Subsection Forgetting the new limits in substitution
************************************************

[604]
************************************************
Subsection Treating \(\DOTSI \intop \ilimits@ f(x)\,dx\) like multiplication
************************************************

[605]
[606]
************************************************
Subsection Confusing area with net signed area
************************************************

[607]
************************************************
Subsection What these warnings protect
************************************************

[608]
************************************************
Section 9.7 Chapter review and discovery problems
************************************************
************************************************
Subsection Chapter map
************************************************

[609]
************************************************
Subsection Skills: FTC and substitution
************************************************

[610]
[611]
[612]
[613]
************************************************
Subsection Concept checks
************************************************

[614]
[615]
************************************************
Subsection Warning checks
************************************************

[616]
************************************************
Subsection Proof practice: FTC Part I in a simple case
************************************************

[617]
************************************************
Subsection Project: reconstruct a function from its rate
************************************************

[618]
[619]
************************************************
Subsection Where this points
************************************************

[620]
************************************************
Part V Applications and Techniques of Integration
************************************************

[621]
[622]
************************************************
Chapter 10 What Integrals Measure
************************************************
Chapter 10.
************************************************
Section 10.1 Area between curves
************************************************
************************************************
Subsection Top minus bottom
************************************************

[623]
[624]
************************************************
Subsection Why we cannot skip the picture
************************************************

[625]
************************************************
Subsection Right minus left
************************************************

[626]
[627]
************************************************
Subsection Splitting at intersections
************************************************

[628]
************************************************
Subsection Area from data and graphs
************************************************

[629]
************************************************
Section 10.2 Volumes by slicing
************************************************
************************************************
Subsection Cross-sectional area as a function
************************************************

[630]
[631]
************************************************
Subsection Solids of revolution: disks and washers
************************************************

[632]
[633]
[634]
************************************************
Subsection Non-circular cross sections
************************************************

[635]
************************************************
Subsection Choosing the slicing direction
************************************************

[636]
************************************************
Subsection A slicing checklist
************************************************
************************************************
Subsection Where this points
************************************************

[637]
************************************************
Section 10.3 Cylindrical shells
************************************************
************************************************
Subsection A thin shell unwrapped
************************************************

[638]
************************************************
Subsection The shell method formula
************************************************

[639]
************************************************
Subsection When shells beat washers
************************************************

[640]
[641]
************************************************
Subsection Comparing two methods on the same solid
************************************************

[642]
************************************************
Subsection Shells around a horizontal axis
************************************************

[643]
[644]
************************************************
Section 10.4 Mass, density, and center of mass
************************************************
************************************************
Subsection Linear density and mass of a rod
************************************************

[645]
************************************************
Subsection Moments
************************************************

[646]
************************************************
Subsection Center of mass on a line
************************************************

[647]
[648]
************************************************
Subsection Uniform density as a check
************************************************

[649]
************************************************
Subsection A lamina preview by slices
************************************************

[650]
[651]
************************************************
Subsection What center of mass is measuring
************************************************

[652]
************************************************
Section 10.5 Work and energy
************************************************

[653]
************************************************
Subsection Constant force and variable force
************************************************

Overfull \hbox (1.02002pt too wide) detected at line 67927
[]

[654]
[655]
Overfull \hbox (2.95862pt too wide) in paragraph at lines 68083--68084
[] []\TU/lmr/bx/n/10 Signed work.[] \TU/lmr/m/n/10 Work can be negative. For mo
tion in the increasing $\OML/cmm/m/it/10 x$\TU/lmr/m/n/10 -direction,
************************************************
Subsection Springs and Hooke’s law
************************************************

[656]
[657]
************************************************
Subsection Lifting a chain
************************************************

[658]
[659]
************************************************
Subsection Pumping fluid from a tank
************************************************

[660]
[661]
[662]
************************************************
Subsection Energy stored by work
************************************************
************************************************
Section 10.6 Hydrostatic force
************************************************

[663]
************************************************
Subsection Pressure depends on depth
************************************************

[664]
************************************************
Subsection Force on a vertical plate
************************************************

[665]
************************************************
Subsection Choosing strips
************************************************

[666]
[667]
************************************************
Subsection Dams and windows
************************************************

[668]
[669]
[670]
************************************************
Subsection What hydrostatic force is measuring
************************************************

[671]
************************************************
Section 10.7 Average value and probability
************************************************
************************************************
Subsection Average value of a continuous function
************************************************

[672]
[673]
[674]
************************************************
Subsection The average value theorem for integrals
************************************************

[675]
************************************************
Subsection Probability density
************************************************

[676]
[677]
************************************************
Subsection Expected value
************************************************

[678]
[679]
************************************************
Subsection Normal distribution as a preview of non-elementary integrals
************************************************

[680]
************************************************
Section 10.8 Arc length and surface area of revolution
************************************************
************************************************
Subsection Arc length from small straight pieces
************************************************

[681]
[682]
************************************************
Subsection Arc length of a graph
************************************************

[683]
[684]
************************************************
Subsection Surface area by rotating a curve
************************************************

[685]
[686]
************************************************
Subsection Cone surface area from the integral
************************************************

[687]
************************************************
Subsection Sphere surface area from the integral
************************************************

[688]
************************************************
Subsection Why some natural lengths have no elementary antiderivative
************************************************

[689]
************************************************
Section 10.9 Chapter review and applications
************************************************
************************************************
Subsection The chapter in one table
************************************************

[690]
************************************************
Subsection Skills: choose the small piece
************************************************

[691]
************************************************
Subsection A decision guide
************************************************
************************************************
Subsection One region, several different questions
************************************************

[692]
[693]
[694]
************************************************
Subsection Concept checks
************************************************
************************************************
Subsection Practice: set up the integral
************************************************

[695]
[696]
************************************************
Subsection Project: compare volume methods
************************************************

[697]
************************************************
Subsection Project: work needed to pump out a real tank shape
************************************************

[698]
[699]
************************************************
Subsection Where this points
************************************************
************************************************
Chapter 11 Techniques of Integration
************************************************

[700]
Chapter 11.
************************************************
Section 11.1 Integration by parts
************************************************
************************************************
Subsection Reversing the product rule
************************************************

[701]
************************************************
Subsection Choosing \(u\) and \(dv\)
************************************************

[702]
[703]
[704]
************************************************
Subsection Repeated integration by parts
************************************************

[705]
************************************************
Subsection Definite integrals and boundary terms
************************************************

[706]
[707]
************************************************
Section 11.2 Trigonometric integrals
************************************************

[708]
************************************************
Subsection Powers of sine and cosine
************************************************

[709]
[710]
************************************************
Subsection Powers of tangent and secant
************************************************

[711]
[712]
[713]
[714]
************************************************
Subsection Product-to-sum identities
************************************************
************************************************
Subsection Strategy over memorization
************************************************

[715]
[716]
************************************************
Section 11.3 Trigonometric substitution
************************************************
************************************************
Subsection Square roots from circles and triangles
************************************************

[717]
[718]
************************************************
Subsection \(a^2-x^2\), \(a^2+x^2\), and \(x^2-a^2\)
************************************************

Overfull \hbox (0.54114pt too wide) in paragraph at lines 74675--74721
\TU/lmr/m/n/10 For $\OML/cmm/m/it/10 a > \OT1/cmr/m/n/10 0$\TU/lmr/m/n/10 , the
 three common square-root patterns match the three Pythagorean

[719]
[720]
[721]
[722]
************************************************
Subsection Returning to the original variable
************************************************

[723]
************************************************
Subsection Hyperbolic substitutions
************************************************

[724]
[725]
************************************************
Subsection Integrals and inverse hyperbolic functions
************************************************

[726]
************************************************
Section 11.4 Rational functions and partial fractions
************************************************

[727]
************************************************
Subsection Polynomial division
************************************************

[728]
************************************************
Subsection Distinct linear factors
************************************************

[729]
[730]
************************************************
Subsection Repeated linear factors
************************************************

[731]
************************************************
Subsection Irreducible quadratic factors
************************************************

[732]
[733]
************************************************
Subsection Completing the square
************************************************

[734]
************************************************
Subsection The partial fractions pattern
************************************************

[735]
[736]
[737]
************************************************
Section 11.5 Strategy for integration
************************************************
************************************************
Subsection Recognizing the structure of an integrand
************************************************

[738]
[739]
************************************************
Subsection Substitution first or parts first?
************************************************

[740]
[741]
************************************************
Subsection Algebraic simplification
************************************************

[742]
[743]
************************************************
Subsection A practical decision tree
************************************************

[744]
[745]
[746]
************************************************
Subsection When no elementary antiderivative exists
************************************************

[747]
************************************************
Subsection Strategy summary
************************************************

[748]
************************************************
Section 11.6 Computer algebra systems and integral tables
************************************************
************************************************
Subsection Checking without surrendering thought
************************************************

[749]
[750]
************************************************
Subsection Equivalent antiderivatives can look different
************************************************

[751]
[752]
************************************************
Subsection Branch and domain issues
************************************************

[753]
[754]
************************************************
Subsection Integral tables
************************************************

[755]
************************************************
Subsection Special functions born from integrals
************************************************

[756]
[757]
************************************************
Subsection Definite integrals and symbolic answers
************************************************
************************************************
Subsection A responsible workflow with tools
************************************************

[758]
************************************************
Section 11.7 Improper integrals
************************************************
************************************************
Subsection Infinite intervals
************************************************

[759]
[760]
[761]
************************************************
Subsection Infinite discontinuities
************************************************

[762]
[763]
************************************************
Subsection Convergence and divergence
************************************************

[764]
[765]
************************************************
Subsection Comparison tests for improper integrals
************************************************

[766]
[767]
[768]
[769]
************************************************
Subsection The \(p\)-integrals
************************************************

[770]
[771]
************************************************
Subsection Absolute and conditional convergence
************************************************

[772]
[773]
Underfull \hbox (badness 4378) in paragraph at lines 80568--80570
[][]\TU/lmr/bx/n/10 Checkpoint 11.7.28  Classify oscillatory integrals. []\TU/l
mr/m/n/10 Classify
************************************************
Section 11.8 Warning examples
************************************************
************************************************
Subsection An antiderivative exists formally but the improper integral diverges

************************************************

[774]
************************************************
Subsection Cancellation hides divergence
************************************************

[775]
************************************************
Subsection A CAS gives an antiderivative with the wrong domain
************************************************

[776]
[777]
************************************************
Subsection A trigonometric substitution triangle used outside its range
************************************************

Overfull \hbox (2.9705pt too wide) in paragraph at lines 81008--81008
|\TU/lmr/bx/n/12 A trigonometric substitution triangle used outside its range| 


[778]
************************************************
Section 11.9 Chapter review and discovery problems
************************************************

[779]
************************************************
Subsection The chapter in one map
************************************************

[780]
************************************************
Subsection Essential formulas and patterns
************************************************

[781]
[782]
************************************************
Subsection Concept check
************************************************

[783]
************************************************
Subsection Skills: choose the method
************************************************
************************************************
Subsection Mixed practice
************************************************

[784]
[785]
************************************************
Subsection Definite integrals
************************************************
************************************************
Subsection Improper integral practice
************************************************

[786]
************************************************
Subsection Warning review
************************************************

[787]
[788]
************************************************
Subsection Project: build an integration decision tree
************************************************
************************************************
Subsection Project: compare human and CAS antiderivatives
************************************************

[789]
************************************************
Subsection Challenge problems
************************************************

[790]
************************************************
Subsection Where this points
************************************************

[791]
************************************************
Chapter 12 Numerical Integration, Error, and Computation
************************************************

[792]
Chapter 12.
************************************************
Section 12.1 Why approximate integrals?
************************************************
************************************************
Subsection Data instead of formulas
************************************************

[793]
************************************************
Subsection Non-elementary antiderivatives
************************************************

[794]
************************************************
Subsection Speed versus accuracy
************************************************

[795]
************************************************
Subsection The role of error estimates
************************************************

[796]
************************************************
Section 12.2 Midpoint and trapezoidal rules
************************************************
************************************************
Subsection Geometry of the midpoint rule
************************************************

[797]
************************************************
Subsection Geometry of the trapezoidal rule
************************************************

[798]
************************************************
Subsection Composite rules
************************************************

[799]
************************************************
Subsection Example: approximating a non-elementary integral
************************************************

Overfull \hbox (0.72571pt too wide) in paragraph at lines 83122--83122
\OT1/cmr/m/n/10 1\OML/cmm/m/it/10 :\OT1/cmr/m/n/10 000000\OML/cmm/m/it/10 ;  f\
OT1/cmr/m/n/10 (0\OML/cmm/m/it/10 :\OT1/cmr/m/n/10 25) = 

Overfull \hbox (1.22571pt too wide) in paragraph at lines 83122--83122
\OT1/cmr/m/n/10 0\OML/cmm/m/it/10 :\OT1/cmr/m/n/10 939413\OML/cmm/m/it/10 ;  f\
OT1/cmr/m/n/10 (0\OML/cmm/m/it/10 :\OT1/cmr/m/n/10 50) = 

Overfull \hbox (1.22571pt too wide) in paragraph at lines 83122--83122
\OT1/cmr/m/n/10 0\OML/cmm/m/it/10 :\OT1/cmr/m/n/10 778801\OML/cmm/m/it/10 ;  f\
OT1/cmr/m/n/10 (0\OML/cmm/m/it/10 :\OT1/cmr/m/n/10 75) = 

[800]
************************************************
Subsection Error patterns from concavity
************************************************

[801]
[802]
************************************************
Subsection Error bounds
************************************************

[803]
[804]
[805]
************************************************
Section 12.3 Simpson’s Rule
************************************************
************************************************
Subsection Quadratic approximation on pairs of intervals
************************************************

[806]
[807]
[808]
************************************************
Subsection Composite Simpson’s Rule
************************************************

[809]
************************************************
Subsection Example: Simpson’s Rule for \(\DOTSI \intop \ilimits@ _0^1 e^{-x^2}\
,dx\)
************************************************

[810]
************************************************
Subsection Why Simpson’s Rule is often much better
************************************************

[811]
[812]
************************************************
Subsection Simpson error bound
************************************************

[813]
[814]
************************************************
Section 12.4 Numerical differentiation
************************************************

[815]
************************************************
Subsection Forward, backward, and centered differences
************************************************

[816]
************************************************
Subsection Truncation error
************************************************

Overfull \hbox (4.10307pt too wide) detected at line 84882
\OML/cmm/m/it/10 f\OT1/cmr/m/n/10 (\OML/cmm/m/it/10 a \OT1/cmr/m/n/10 + \OML/cm
m/m/it/10 s\OT1/cmr/m/n/10 ) = \OML/cmm/m/it/10 f\OT1/cmr/m/n/10 (\OML/cmm/m/it
/10 a\OT1/cmr/m/n/10 ) + \OML/cmm/m/it/10 f[]\OT1/cmr/m/n/10 (\OML/cmm/m/it/10 
a\OT1/cmr/m/n/10 )\OML/cmm/m/it/10 s \OT1/cmr/m/n/10 + []\OML/cmm/m/it/10 f[]\O
T1/cmr/m/n/10 (\OML/cmm/m/it/10 a\OT1/cmr/m/n/10 )\OML/cmm/m/it/10 s[] \OT1/cmr
/m/n/10 + \OML/cmm/m/it/10 R[]\OT1/cmr/m/n/10 (\OML/cmm/m/it/10 s\OT1/cmr/m/n/1
0 )\OML/cmm/m/it/10 ;  R[]\OT1/cmr/m/n/10 (\OML/cmm/m/it/10 s\OT1/cmr/m/n/10 ) 
= [] [][](\OML/cmm/m/it/10 s \OMS/cmsy/m/n/10 ^^@ \OML/cmm/m/it/10 t\OT1/cmr/m/
n/10 )[]\OML/cmm/m/it/10 f[]\OT1/cmr/m/n/10 (\OML/cmm/m/it/10 a \OT1/cmr/m/n/10
 + \OML/cmm/m/it/10 t\OT1/cmr/m/n/10 ) \OML/cmm/m/it/10 dt:

[817]
[818]
************************************************
Subsection Roundoff error
************************************************

[819]
************************************************
Subsection Why smaller \(h\) is not always better
************************************************

[820]
************************************************
Subsection Data, endpoints, and one-sided differences
************************************************
************************************************
Subsection Warning example: a difference quotient may hide a corner
************************************************

[821]
************************************************
Subsection Where this points
************************************************

[822]
************************************************
Section 12.5 Newton’s method revisited
************************************************
************************************************
Subsection Stopping criteria
************************************************

[823]
[824]
************************************************
Subsection Error estimates
************************************************

[825]
************************************************
Subsection The Newton step as an error estimate
************************************************

[826]
************************************************
Subsection Multiple roots
************************************************

[827]
[828]
************************************************
Subsection A first glimpse of chaotic iteration
************************************************

[829]
************************************************
Subsection A safe Newton workflow
************************************************

[830]
************************************************
Section 12.6 Computing experiments
************************************************
************************************************
Subsection Experiment 1: approximate \(\pi \) by integration
************************************************

[831]
[832]
************************************************
Subsection Experiment 2: estimate a probability from a density
************************************************

[833]
************************************************
Subsection Experiment 3: compare rules on smooth and rough functions
************************************************

[834]
[835]
************************************************
Subsection Experiment 4: build a small numerical-integration program
************************************************

[836]

LaTeX Font Warning: Font shape `TS1/Inconsolatazi4-Regular.otf(0)/m/n' undefine
d
(Font)              using `TS1/cmr/m/n' instead
(Font)              for symbol `textquotesingle' on input line 86741.


[837]
************************************************
Subsection A final computational habit
************************************************

[838]
************************************************
Section 12.7 Chapter review and discovery problems
************************************************
************************************************
Subsection Chapter map
************************************************

[839]

Package tcolorbox Warning: Using nobreak failed. Try to enlarge `lines before b
reak' or set page breaks manually on input line 86991.

************************************************
Subsection Essential formulas
************************************************

[840]
[841]
************************************************
Subsection Common mistakes
************************************************

[842]

Package tcolorbox Warning: Using nobreak failed. Try to enlarge `lines before b
reak' or set page breaks manually on input line 87301.

************************************************
Subsection Skills: numerical rules and error bounds
************************************************

[843]
[844]
[845]
[846]
************************************************
Subsection Concept check: exact value versus approximation
************************************************

[847]
************************************************
Subsection Discovery problems
************************************************

[848]
[849]
[850]
************************************************
Section 12.8 Additional topics: Richardson and Romberg methods
************************************************

Overfull \hbox (2.98628pt too wide) in paragraph at lines 87910--87910
|[]\TU/lmr/bx/n/14.4 Additional topics: Richardson and Romberg
************************************************
Subsection Cancel a leading error term
************************************************
************************************************
Subsection Repeated extrapolation of trapezoidal rules
************************************************

[851]
[852]
************************************************
Section 12.9 Additional topics: a complete adaptive quadrature algorithm
************************************************

Overfull \hbox (5.03108pt too wide) in paragraph at lines 88063--88063
|[]\TU/lmr/bx/n/14.4 Additional topics: a complete adaptive quad-
************************************************
Subsection Compare one panel with two
************************************************
************************************************
Subsection An implementation with explicit outcomes
************************************************

Overfull \hbox (5.03004pt too wide) in paragraph at lines 88101--88102
\TU/lmr/m/n/10 The following Python implementation assumes a finite-valued inte
grand through-

[853]
[854]
************************************************
Subsection Test cases and the limits of sampling
************************************************

[855]
************************************************
Part VI Differential Equations and Curves
************************************************

[856]
[857]
************************************************
Chapter 13 Differential Equations: Laws Written as Derivatives
************************************************
Chapter 13.
************************************************
Section 13.1 Modeling with differential equations
************************************************
************************************************
Subsection A law that gives a rate
************************************************

[858]
************************************************
Subsection Solution as an unknown function
************************************************

[859]
[860]
************************************************
Subsection Initial conditions
************************************************

[861]
[862]
************************************************
Subsection Checking a proposed solution
************************************************

[863]
************************************************
Section 13.2 Direction fields
************************************************

[864]
************************************************
Subsection Slope field as a picture of a differential equation
************************************************

[865]
************************************************
Subsection Equilibrium solutions
************************************************

[866]
************************************************
Subsection Qualitative behavior
************************************************

[867]
************************************************
Subsection Reading long-term behavior from the field
************************************************

[868]
[869]
************************************************
Section 13.3 Euler’s method
************************************************
************************************************
Subsection Following the slope field step by step
************************************************

[870]
[871]
[872]
************************************************
Subsection Step size and accumulated error
************************************************

[873]
************************************************
Subsection Improved Euler method
************************************************

[874]
[875]
************************************************
Subsection Numerical solutions as approximate functions
************************************************
************************************************
Section 13.4 Separable equations
************************************************
************************************************
Subsection Separating variables
************************************************

[876]
[877]
[878]
************************************************
Subsection Growth and decay revisited
************************************************

[879]
[880]
************************************************
Subsection Cooling and mixing
************************************************

[881]
[882]
[883]
************************************************
Subsection Implicit solutions
************************************************

[884]
[885]
[886]
************************************************
Section 13.5 Logistic and threshold models
************************************************
************************************************
Subsection Carrying capacity
************************************************

[887]
[888]
[889]
[890]
************************************************
Subsection Phase line
************************************************

[891]
[892]
[893]
************************************************
Subsection Stable and unstable equilibria
************************************************

[894]
[895]
************************************************
Subsection Harvesting and tipping points
************************************************

[896]
[897]
[898]
************************************************
Section 13.6 First-order linear equations
************************************************
************************************************
Subsection Standard form
************************************************

[899]
[900]
************************************************
Subsection Integrating factors
************************************************

[901]
[902]
************************************************
Subsection Mixing and finance examples
************************************************

[903]
[904]
[905]
[906]
************************************************
Subsection Why the integrating factor works
************************************************

[907]
[908]
[909]
************************************************
Section 13.7 Second-order equations and vibration
************************************************
************************************************
Subsection Simple harmonic motion
************************************************

[910]
[911]
************************************************
Subsection The equation \(y''+\omega ^2y=0\)
************************************************

[912]
[913]
[914]
************************************************
Subsection Damping
************************************************

[915]
[916]
************************************************
Subsection Driven oscillation and resonance
************************************************

[917]
[918]
************************************************
Section 13.8 Systems and interaction models
************************************************
************************************************
Subsection Two populations
************************************************

[919]
[920]
************************************************
Subsection Predator-prey equations as a picture
************************************************

[921]
[922]
[923]
************************************************
Subsection Why systems lead naturally to multivariable calculus
************************************************

[924]
[925]
************************************************
Section 13.9 Warning examples
************************************************
************************************************
Subsection A solution lost by dividing by zero
************************************************

[926]
[927]
[928]
************************************************
Subsection Euler’s method follows the wrong behavior with a large step
************************************************

[929]
[930]
************************************************
Subsection Same differential equation, different initial conditions
************************************************

[931]
[932]
************************************************
Subsection The three warnings together
************************************************
************************************************
Section 13.10 Chapter review and applications
************************************************

[933]
************************************************
Subsection Skills: solve and interpret first-order equations
************************************************

[934]
[935]
************************************************
Subsection Concept check
************************************************

[936]
************************************************
Subsection Skills practice
************************************************

[937]
[938]
************************************************
Subsection Interpretation and modeling practice
************************************************

[939]
************************************************
Subsection Project: model a cooling cup of coffee
************************************************

[940]
************************************************
Subsection Project: compare Euler approximations with exact solutions
************************************************

[941]
************************************************
Subsection A final map of the chapter
************************************************

[942]
************************************************
Section 13.11 Additional topics: Runge–Kutta methods
************************************************

[943]
************************************************
Subsection Two slopes and four slopes
************************************************
************************************************
Subsection Local error and accumulated error
************************************************

[944]
[945]
************************************************
Chapter 14 Parametric Curves, Polar Coordinates, and Conics
************************************************

[946]
Chapter 14.
************************************************
Section 14.1 Parametric curves
************************************************
************************************************
Subsection A curve as a moving point
************************************************

[947]
[948]
************************************************
Subsection Eliminating the parameter when possible
************************************************

[949]
************************************************
Subsection What elimination forgets
************************************************

[950]
[951]
************************************************
Subsection Different parametrizations of the same curve
************************************************
************************************************
Subsection Orientation and speed along a curve
************************************************

[952]
[953]
************************************************
Section 14.2 Calculus with parametric curves
************************************************
************************************************
Subsection Slope \(dy/dx\) from \(dx/dt\) and \(dy/dt\)
************************************************

[954]
[955]
************************************************
Subsection Horizontal and vertical tangents
************************************************

[956]
[957]
[958]
************************************************
Subsection Concavity
************************************************

[959]
[960]
************************************************
Subsection Motion in the plane as a bridge to vectors
************************************************

[961]
[962]
************************************************
Subsection What comes next
************************************************

[963]
************************************************
Section 14.3 Length and area for parametric curves
************************************************
************************************************
Subsection Arc length from speed
************************************************

[964]
[965]
[966]
************************************************
Subsection Surface area from a parametrized curve of revolution
************************************************

[967]
[968]
************************************************
Subsection Area enclosed by a parametric curve
************************************************

[969]
[970]
[971]
************************************************
Subsection Cycloids and rolling motion
************************************************

[972]
[973]
************************************************
Section 14.4 Polar coordinates
************************************************

[974]
************************************************
Subsection Distance and angle as coordinates
************************************************

[975]
************************************************
Subsection Converting between polar and Cartesian coordinates
************************************************

[976]
[977]
[978]
************************************************
Subsection Polar graphs
************************************************

[979]
[980]
************************************************
Subsection Circles, spirals, roses, and limacons
************************************************

[981]
[982]
[983]
************************************************
Section 14.5 Calculus in polar coordinates
************************************************
************************************************
Subsection Slope of a polar curve
************************************************

[984]
[985]
[986]
[987]
************************************************
Subsection Area in polar coordinates
************************************************

[988]
[989]
[990]
[991]
************************************************
Subsection Arc length in polar coordinates
************************************************

[992]
[993]
[994]
************************************************
Subsection Intersections and repeated tracing
************************************************

[995]
[996]
[997]
************************************************
Section 14.6 Conic sections
************************************************
************************************************
Subsection Parabolas, ellipses, and hyperbolas from focus and directrix
************************************************

[998]
[999]
************************************************
Subsection Standard equations
************************************************

[1000]
[1001]
[1002]
************************************************
Subsection Polar equations of conics
************************************************

[1003]
[1004]
[1005]
[1006]
************************************************
Subsection Eccentricity
************************************************

[1007]
************************************************
Section 14.7 Planetary motion as a capstone
************************************************

[1008]
************************************************
Subsection Ellipses in polar form
************************************************

[1009]
[1010]
************************************************
Subsection Kepler’s second law as swept area
************************************************

[1011]
[1012]
************************************************
Subsection Central force preview
************************************************

[1013]
************************************************
Subsection Why this belongs to multivariable calculus next
************************************************

[1014]
************************************************
Section 14.8 Complex numbers and polar form
************************************************
************************************************
Subsection Complex numbers as points in the plane
************************************************

[1015]
[1016]
************************************************
Subsection Multiplication as scaling and rotation
************************************************

[1017]
[1018]
************************************************
Subsection Euler’s formula preview
************************************************

[1019]
[1020]
************************************************
Subsection Oscillation written exponentially
************************************************

[1021]
[1022]
************************************************
Section 14.9 Warning examples
************************************************
************************************************
Subsection A parametrization stops even when the curve continues
************************************************

[1023]
************************************************
Subsection A polar curve traced twice
************************************************

[1024]
[1025]
************************************************
Subsection A tangent formula fails when both derivatives vanish
************************************************

[1026]
[1027]
************************************************
Subsection The chapter’s main cautions
************************************************

[1028]
************************************************
Section 14.10 Chapter review and projects
************************************************
************************************************
Subsection Chapter map
************************************************

[1029]

Package tcolorbox Warning: Using nobreak failed. Try to enlarge `lines before b
reak' or set page breaks manually on input line 106721.

************************************************
Subsection Essential formulas
************************************************

[1030]
[1031]
************************************************
Subsection Skills: parametric and polar calculus
************************************************

[1032]
************************************************
Subsection Review problems
************************************************

[1033]
[1034]
************************************************
Subsection Project: design a cycloid animation
************************************************

[1035]
************************************************
Subsection Project: compare polar and Cartesian descriptions of conics
************************************************

[1036]
[1037]
************************************************
Subsection The bridge to infinite series
************************************************

Overfull \hbox (11.68002pt too wide) detected at line 107537
[]

[1038]
************************************************
Part VII Infinite Processes and Approximation by Polynomials
************************************************

[1039]
[1040]
************************************************
Chapter 15 Sequences and Infinite Series
************************************************
Chapter 15.
************************************************
Section 15.1 Sequences
************************************************
************************************************
Subsection Lists with a rule
************************************************

[1041]
[1042]
************************************************
Subsection Convergence and divergence
************************************************

[1043]
[1044]
************************************************
Subsection Basic limit laws for sequences
************************************************

[1045]
[1046]
************************************************
Subsection Monotone bounded sequences
************************************************

[1047]
[1048]
************************************************
Subsection The Cauchy criterion: convergence without knowing the limit
************************************************

[1049]
************************************************
Subsection Recursive sequences and fixed points
************************************************

[1050]
[1051]
************************************************
Section 15.2 Infinite series
************************************************

[1052]
************************************************
Subsection Partial sums
************************************************

[1053]
************************************************
Subsection Series convergence as a sequence problem
************************************************

[1054]
************************************************
Subsection Geometric series
************************************************

[1055]
[1056]
[1057]
[1058]
************************************************
Subsection Telescoping series
************************************************

[1059]
[1060]
************************************************
Subsection What series add to calculus
************************************************

[1061]
************************************************
Subsection The Cauchy criterion for series
************************************************
************************************************
Section 15.3 The harmonic series and first warnings
************************************************
************************************************
Subsection Terms can go to zero while the series diverges
************************************************

[1062]
************************************************
Subsection A necessary condition for convergence
************************************************

[1063]
[1064]
************************************************
Subsection The harmonic series
************************************************
************************************************
Subsection Grouping terms to see divergence
************************************************

[1065]
[1066]
************************************************
Section 15.4 Positive series tests
************************************************

[1067]
************************************************
Subsection Integral test
************************************************

[1068]
[1069]
************************************************
Subsection Remainder estimates from the integral test
************************************************

[1070]
[1071]
************************************************
Subsection Direct comparison
************************************************

[1072]
[1073]
[1074]
************************************************
Subsection Limit comparison
************************************************

[1075]
[1076]
[1077]
************************************************
Subsection \(p\)-series
************************************************

[1078]
[1079]
************************************************
Section 15.5 Alternating series
************************************************
************************************************
Subsection A first alternating sum
************************************************

[1080]
************************************************
Subsection Alternating Series Test
************************************************

[1081]
[1082]
[1083]
************************************************
Subsection Why the hypotheses matter
************************************************

[1084]
************************************************
Subsection Alternating Series Estimation Theorem
************************************************

[1085]
[1086]
[1087]
************************************************
Subsection Conditional convergence
************************************************

[1088]
************************************************
Section 15.6 Absolute convergence and stronger tests
************************************************
************************************************
Subsection Absolute versus conditional convergence
************************************************

[1089]
[1090]
[1091]
************************************************
Subsection Ratio Test
************************************************

[1092]
[1093]
[1094]
************************************************
Subsection Root Test
************************************************

[1095]
[1096]
[1097]
************************************************
Subsection Dirichlet's and Abel's tests: controlled cancellation
************************************************

Overfull \hbox (0.30466pt too wide) in paragraph at lines 113466--113467
[] []\TU/lmr/bx/n/10 Summation by parts.[] \TU/lmr/m/n/10 For integers $\OML/cm
m/m/it/10 q \OMS/cmsy/m/n/10 ^^U \OML/cmm/m/it/10 p$\TU/lmr/m/n/10 , put $\OML/
cmm/m/it/10 A[] \OT1/cmr/m/n/10 = [][] \OML/cmm/m/it/10 a[]$ \TU/lmr/m/n/10 and
 $\OML/cmm/m/it/10 A[] \OT1/cmr/m/n/10 =

[1098]
Underfull \hbox (badness 1540) in paragraph at lines 113514--113516
[][]\TU/lmr/bx/n/10 Checkpoint 15.6.23  Select the cancellation test. []\TU/lmr
/m/n/10 Prove that
************************************************
Subsection Strategy for testing series
************************************************

[1099]
[1100]
[1101]
************************************************
Subsection Where this leads
************************************************
************************************************
Section 15.7 Rearrangement and the danger of infinity
************************************************
************************************************
Subsection Finite sums can be rearranged freely
************************************************

[1102]
************************************************
Subsection A rearranged alternating harmonic series
************************************************

[1103]
[1104]
************************************************
Subsection Why conditional convergence is fragile
************************************************
************************************************
Subsection The Riemann rearrangement idea
************************************************

[1105]
************************************************
Subsection Why absolute convergence is safer
************************************************

[1106]
************************************************
Section 15.8 Warning examples
************************************************

[1107]
************************************************
Subsection Terms tend to zero, but the series diverges
************************************************
************************************************
Subsection The Ratio Test can give no information
************************************************

[1108]
[1109]
************************************************
Subsection The Integral Test requires its hypotheses
************************************************

[1110]
************************************************
Subsection The Alternating Series Test requires decreasing term sizes
************************************************

[1111]
************************************************
Subsection The final checklist
************************************************

[1112]
************************************************
Section 15.9 Chapter review and discovery problems
************************************************
************************************************
Subsection The chapter in one picture
************************************************

[1113]
************************************************
Subsection Skills: choosing series tests
************************************************

[1114]
[1115]
[1116]
************************************************
Subsection Concept check
************************************************

[1117]
************************************************
Subsection Skills practice
************************************************

[1118]
[1119]
************************************************
Subsection Project: estimate sums with rigorous error bounds
************************************************

[1120]
************************************************
Subsection Computing: numerical partial sums can mislead
************************************************

[1121]
************************************************
Subsection Discovery problems
************************************************

[1122]
************************************************
Subsection Hook: some infinite sums are functions
************************************************

[1123]
************************************************
Section 15.10 Additional topics: contraction and fixed-point iteration
************************************************
************************************************
Subsection Distance, completeness, and contraction
************************************************
************************************************
Subsection The contraction theorem and its error estimates
************************************************

[1124]
Overfull \hbox (1.39113pt too wide) in paragraph at lines 116176--116177
[]\TU/lmr/m/n/10 If an implementation produces approximate steps $[]$ with $\OM
L/cmm/m/it/10 d\OT1/cmr/m/n/10 ([]\OML/cmm/m/it/10 ; T[]\OT1/cmr/m/n/10 ) \OMS/
cmsy/m/n/10 ^^T
************************************************
Subsection Choosing a useful iteration
************************************************

[1125]
************************************************
Chapter 16 Power Series, Taylor Polynomials, and Taylor Series
************************************************

[1126]
Chapter 16.
************************************************
Section 16.1 Power series
************************************************
************************************************
Subsection A polynomial with infinitely many terms
************************************************

[1127]
[1128]
************************************************
Subsection Center of a power series
************************************************

[1129]
************************************************
Subsection Radius and interval of convergence
************************************************

[1130]
[1131]
[1132]
************************************************
Subsection Endpoint testing
************************************************

[1133]
[1134]
************************************************
Section 16.2 Working with power series
************************************************
************************************************
Subsection Algebra of power series
************************************************

[1135]
[1136]
[1137]
************************************************
Subsection Differentiating power series
************************************************

[1138]
************************************************
Subsection Integrating power series
************************************************

[1139]
[1140]
************************************************
Subsection Why power series behave better than arbitrary series
************************************************

[1141]
[1142]
************************************************
Section 16.3 Representing functions by power series
************************************************
************************************************
Subsection Geometric series as the seed
************************************************

[1143]
************************************************
Subsection Series for \(\frac 1{1-x}\)
************************************************

[1144]
[1145]
[1146]
************************************************
Subsection Series for \(\ln (1+x)\)
************************************************

[1147]
[1148]
************************************************
Subsection Series for \(\arctan x\)
************************************************

[1149]
************************************************
Subsection Estimating \(\pi \) from a series
************************************************

[1150]
Overfull \hbox (7.35231pt too wide) detected at line 118789
[] \OT1/cmr/m/n/10 = [] + [] \OML/cmm/m/it/10 :
************************************************
Section 16.4 Taylor polynomials
************************************************

[1151]
************************************************
Subsection Matching value and derivatives
************************************************

[1152]
[1153]
************************************************
Subsection Linear, quadratic, and cubic approximations
************************************************

[1154]
************************************************
Subsection Taylor polynomial centered at \(a\)
************************************************

[1155]
[1156]
************************************************
Subsection Maclaurin polynomials
************************************************

[1157]
[1158]
************************************************
Section 16.5 Taylor’s theorem and remainders
************************************************
************************************************
Subsection The error term matters
************************************************

[1159]
************************************************
Subsection Lagrange form of the remainder
************************************************

[1160]
[1161]
[1162]
[1163]
************************************************
Subsection Proof idea for Taylor’s theorem
************************************************

[1164]
************************************************
Subsection Integral form of the remainder
************************************************

[1165]
************************************************
Subsection Alternating-series remainders as a special case
************************************************

[1166]
[1167]
************************************************
Section 16.6 Taylor series for elementary functions
************************************************
************************************************
Subsection \(e^x\)
************************************************

[1168]
[1169]
************************************************
Subsection \(\sin x\) and \(\cos x\)
************************************************

[1170]
Underfull \hbox (badness 1226) in paragraph at lines 121031--121032
\TU/lmr/bx/n/10 Hint\TU/lmr/m/n/10 .[] Factorials in the denominator overpower 
any fixed power of $\OML/cmm/m/it/10 x$\TU/lmr/m/n/10 .

[1171]
************************************************
Subsection \(\ln (1+x)\)
************************************************

[1172]
[1173]
************************************************
Subsection \(\arctan x\)
************************************************

[1174]
************************************************
Subsection Binomial series
************************************************

[1175]
[1176]
[1177]
************************************************
Subsection A table of common Taylor series
************************************************
************************************************
Section 16.7 Applications of Taylor series
************************************************

[1178]
************************************************
Subsection Estimating function values
************************************************

[1179]
[1180]
************************************************
Subsection Evaluating limits
************************************************

[1181]
[1182]
************************************************
Subsection Approximating integrals
************************************************

[1183]
[1184]
************************************************
Subsection Solving differential equations by series
************************************************

[1185]
[1186]
************************************************
Subsection Error bounds in applications
************************************************

[1187]
[1188]
************************************************
Section 16.8 Uniform convergence preview
************************************************
************************************************
Subsection Pointwise convergence of functions
************************************************

[1189]
[1190]
************************************************
Subsection Uniform convergence as one error bound for all points
************************************************

[1191]
[1192]
************************************************
Subsection Interchanging limits and integrals
************************************************

[1193]
[1194]
[1195]
************************************************
Subsection Why power series are trustworthy inside their radius
************************************************

[1196]
[1197]
************************************************
Section 16.9 Warning examples
************************************************

[1198]
************************************************
Subsection A Taylor series can converge but not to the function
************************************************

[1199]
************************************************
Subsection Endpoint behavior differs from interior behavior
************************************************

[1200]
[1201]
************************************************
Subsection Termwise operations can fail for arbitrary function series
************************************************

[1202]
[1203]
************************************************
Subsection A good local approximation can become bad far away
************************************************

[1204]
************************************************
Section 16.10 Chapter review and projects
************************************************
************************************************
Subsection Skills: power series and Taylor series
************************************************

[1205]
[1206]
[1207]
[1208]
************************************************
Subsection Project: build a sine calculator with error control
************************************************

[1209]
[1210]
************************************************
Subsection Project: compare Taylor approximations visually
************************************************

[1211]
[1212]
************************************************
Subsection Hook: the series for sine and cosine hide a rotating vector
************************************************

[1213]
************************************************
Section 16.11 Additional topics: the Weierstrass M-test
************************************************
************************************************
Subsection A numerical majorant controls a function series
************************************************

[1214]
************************************************
Subsection Examples, error bounds, and limitations
************************************************

Overfull \hbox (11.05498pt too wide) in paragraph at lines 125523--125528
\TU/lmr/m/n/10 terms $\OML/cmm/m/it/10 f[]\OT1/cmr/m/n/10 (\OML/cmm/m/it/10 x\O
T1/cmr/m/n/10 ) = (\OMS/cmsy/m/n/10 ^^@\OT1/cmr/m/n/10 1)[]/\OML/cmm/m/it/10 n$
 \TU/lmr/m/n/10 converges uniformly on any set, because the alternating-
************************************************
Part VIII Capstones and Bridges
************************************************

[1215]
[1216]
************************************************
Chapter 17 Complex Numbers, Fourier Ideas, and the Road Ahead
************************************************
Chapter 17.
************************************************
Section 17.1 Complex numbers and Euler’s formula
************************************************
************************************************
Subsection The complex plane
************************************************

[1217]
[1218]
************************************************
Subsection Polar form
************************************************

[1219]
[1220]
************************************************
Subsection Multiplication as rotation and scaling
************************************************

[1221]
[1222]
************************************************
Subsection Euler’s formula from Taylor series
************************************************

[1223]
[1224]
[1225]
************************************************
Subsection Why \(e^{it}\) is the natural language of oscillation
************************************************

[1226]
[1227]
************************************************
Section 17.2 Vibrations and second-order equations
************************************************
************************************************
Subsection The spring equation
************************************************

[1228]
[1229]
************************************************
Subsection Sine and cosine as natural motions
************************************************

[1230]
[1231]
[1232]
************************************************
Subsection Energy conservation
************************************************

[1233]
[1234]
[1235]
************************************************
Subsection Damping and forcing preview
************************************************

[1236]
[1237]
[1238]
************************************************
Section 17.3 Fourier series preview
************************************************
************************************************
Subsection Building a periodic function from waves
************************************************

[1239]
************************************************
Subsection Orthogonality of sine and cosine, geometrically
************************************************

[1240]
[1241]
[1242]
************************************************
Subsection Square waves and Gibbs phenomenon
************************************************

[1243]
[1244]
************************************************
Subsection Why Fourier series belong after Taylor series
************************************************

Overfull \hbox (9.46005pt too wide) detected at line 128655
[]

[1245]
************************************************
Section 17.4 The one-dimensional Stokes theorem
************************************************
************************************************
Subsection Boundary of an interval
************************************************

[1246]
************************************************
Subsection \(\DOTSI \intop \ilimits@ _a^b F'(x)\,dx=F(b)-F(a)\)
************************************************

[1247]
[1248]
************************************************
Subsection The FTC as a boundary theorem
************************************************

[1249]
[1250]
************************************************
Subsection Preview of line integrals and differential forms
************************************************

[1251]
************************************************
Section 17.5 Conservation laws in one dimension
************************************************

[1252]
************************************************
Subsection Density and flux on a line
************************************************

[1253]
************************************************
Subsection Accumulation inside an interval
************************************************

[1254]
************************************************
Subsection What crosses the boundary changes what is inside
************************************************

[1255]
[1256]
************************************************
Subsection Preview of divergence in multivariable calculus
************************************************

[1257]
[1258]
************************************************
Section 17.6 Least action and the shape of a path
************************************************
************************************************
Subsection From optimization of numbers to optimization of functions
************************************************

[1259]
************************************************
Subsection The brachistochrone problem
************************************************

[1260]
[1261]
[1262]
************************************************
Subsection A gentle first variation calculation
************************************************

[1263]
[1264]
************************************************
Subsection Why this is beyond ordinary single-variable calculus
************************************************

[1265]
[1266]
************************************************
Section 17.7 Final projects
************************************************
************************************************
Subsection Model, solve, and test a cooling law
************************************************

[1267]
[1268]
[1269]
************************************************
Subsection Approximate a difficult integral three ways
************************************************

[1270]
[1271]
************************************************
Subsection Build a Taylor-series calculator
************************************************

[1272]
[1273]
************************************************
Subsection Analyze a parametric curve from motion data
************************************************

Overfull \hbox (2.30891pt too wide) in paragraph at lines 131675--131684
[]\TU/lmr/m/n/10 A numerical implementation needs both efficient evaluation and
 documented

[1274]
[1275]
************************************************
Subsection Explain the FTC as the first boundary theorem
************************************************

[1276]
[1277]
Overfull \hbox (3.51201pt too wide) in paragraph at lines 132054--132055
[]\TU/lmr/m/n/10 In conservation laws, the amount inside changes because someth
ing crosses
************************************************
Subsection Closing note: what calculus has taught us
************************************************

[1278]
************************************************
Section 17.8 Additional topics: local existence and uniqueness
************************************************

Overfull \hbox (9.35107pt too wide) in paragraph at lines 132177--132177
|[]\TU/lmr/bx/n/14.4 Additional topics: local existence and unique-

[1279]
************************************************
Subsection A Lipschitz condition in the dependent variable
************************************************
************************************************
Subsection Proof by successive approximations
************************************************

[1280]
************************************************
Subsection What the hypotheses do and do not guarantee
************************************************

[1281]
[1282]
[1283]
************************************************
Appendix A Algebra and Inequalities Review
************************************************
Appendix A.
************************************************
Section A.1 Factoring and completing the square
************************************************
************************************************
Subsection Common factors
************************************************
************************************************
Subsection Special products
************************************************

[1284]
************************************************
Subsection Factoring quadratics
************************************************

[1285]
************************************************
Subsection Why factoring matters in limits
************************************************
************************************************
Subsection Completing the square
************************************************

[1286]
[1287]
************************************************
Subsection Quadratic formula
************************************************
************************************************
Section A.2 Rational expressions
************************************************

[1288]
************************************************
Subsection Canceling common factors
************************************************

[1289]
************************************************
Subsection Combining rational expressions
************************************************

[1290]
************************************************
Subsection Rationalizing
************************************************
************************************************
Section A.3 Exponents and radicals
************************************************
************************************************
Subsection Laws of exponents
************************************************

[1291]
************************************************
Subsection Negative and fractional exponents
************************************************

[1292]
************************************************
Subsection Radicals and conjugates
************************************************

[1293]
************************************************
Section A.4 Inequalities and absolute values
************************************************
************************************************
Subsection Rules for inequalities
************************************************

[1294]
************************************************
Subsection Sign charts
************************************************

[1295]
************************************************
Subsection Absolute value as distance
************************************************

[1296]
************************************************
Subsection Absolute value and limits
************************************************
************************************************
Section A.5 Sigma notation practice
************************************************
************************************************
Subsection Reading sigma notation
************************************************

[1297]
************************************************
Subsection Linearity of finite sums
************************************************

[1298]
************************************************
Subsection Basic sum formulas
************************************************

[1299]
************************************************
Subsection Changing the index
************************************************

[1300]
************************************************
Subsection Sigma notation and Riemann sums
************************************************

[1301]
************************************************
Section A.6 Practice problems
************************************************
************************************************
Subsection Factoring and completing the square
************************************************
************************************************
Subsection Rational expressions
************************************************

[1302]
************************************************
Subsection Exponents and radicals
************************************************
************************************************
Subsection Inequalities and absolute values
************************************************

[1303]
************************************************
Subsection Sigma notation
************************************************
************************************************
Subsection Answers to Appendix A practice problems
************************************************

[1304]
[1305]
[1306]
************************************************
Appendix B Coordinate Geometry
************************************************

[1307]
Appendix B.
************************************************
Section B.1 Lines
************************************************
************************************************
Subsection Slope
************************************************

[1308]
************************************************
Subsection Point-slope form
************************************************

[1309]
************************************************
Subsection Slope-intercept form
************************************************
************************************************
Subsection Line through two points
************************************************

[1310]
************************************************
Subsection General form
************************************************

[1311]
************************************************
Subsection Parallel and perpendicular lines
************************************************

[1312]
[1313]
************************************************
Section B.2 Circles
************************************************
************************************************
Subsection Equation of a circle
************************************************

[1314]
************************************************
Subsection Completing the square
************************************************

[1315]
************************************************
Subsection Disks and circle inequalities
************************************************
************************************************
Section B.3 Parabolas, ellipses, and hyperbolas
************************************************

[1316]
************************************************
Subsection Parabolas
************************************************

[1317]
************************************************
Subsection Focus and directrix form
************************************************

[1318]
************************************************
Subsection Ellipses
************************************************
************************************************
Subsection Hyperbolas
************************************************

[1319]
[1320]
[1321]
************************************************
Subsection Recognizing conics quickly
************************************************

[1322]
************************************************
Section B.4 Distance and midpoint formulas
************************************************
************************************************
Subsection Distance between two points
************************************************

[1323]
************************************************
Subsection Midpoint of a segment
************************************************
************************************************
Subsection A locus example: perpendicular bisectors
************************************************

[1324]
************************************************
Section B.5 Scaling and shifting graphs
************************************************
************************************************
Subsection Vertical and horizontal shifts
************************************************

[1325]
************************************************
Subsection Vertical scaling and reflection
************************************************
************************************************
Subsection Horizontal scaling and reflection
************************************************

[1326]
[1327]
************************************************
Subsection Transformations and domains
************************************************
************************************************
Subsection Transforming equations
************************************************

[1328]
************************************************
Section B.6 Practice problems
************************************************
************************************************
Subsection Lines
************************************************

[1329]
************************************************
Subsection Circles
************************************************
************************************************
Subsection Parabolas, ellipses, and hyperbolas
************************************************

[1330]
************************************************
Subsection Distance and midpoint
************************************************
************************************************
Subsection Scaling and shifting graphs
************************************************
************************************************
Subsection Answers to Appendix B practice problems
************************************************

[1331]
[1332]
[1333]
[1334]
[1335]
[1336]
[1337]
************************************************
Appendix C Trigonometry in Radians
************************************************

[1338]
Appendix C.
************************************************
Section C.1 Unit circle definitions
************************************************
************************************************
Subsection Radians and arc length
************************************************

[1339]
[1340]
************************************************
Subsection Sine and cosine from the unit circle
************************************************

[1341]
************************************************
Subsection Tangent, secant, cosecant, and cotangent
************************************************

[1342]
************************************************
Subsection Special angles
************************************************
************************************************
Subsection Periodicity and coterminal angles
************************************************

[1343]
************************************************
Subsection Graphs of sine and cosine
************************************************

[1344]
************************************************
Section C.2 Basic identities
************************************************
************************************************
Subsection Reciprocal and quotient identities
************************************************
************************************************
Subsection Pythagorean identities
************************************************

[1345]
[1346]
************************************************
Subsection Even and odd identities
************************************************
************************************************
Subsection Using identities carefully
************************************************

[1347]
************************************************
Section C.3 Addition formulas
************************************************
************************************************
Subsection Cosine of a difference
************************************************

[1348]
************************************************
Subsection Sine and cosine addition formulas
************************************************

[1349]
[1350]
************************************************
Subsection Tangent addition formulas
************************************************
************************************************
Subsection Double-angle and half-angle identities
************************************************

[1351]
Overfull \hbox (5.00607pt too wide) in paragraph at lines 140000--140001
[]\TU/lmr/m/n/10 Solving these last two formulas for $[][] \OML/cmm/m/it/10 x$ 
\TU/lmr/m/n/10 and $[][] \OML/cmm/m/it/10 x$ \TU/lmr/m/n/10 gives the power-red
uction
************************************************
Subsection Product-to-sum identities
************************************************

[1352]
************************************************
Section C.4 Inverse trigonometric functions
************************************************
************************************************
Subsection Why restrictions are needed
************************************************

[1353]
************************************************
Subsection Arcsine, arccosine, and arctangent
************************************************

[1354]
************************************************
Subsection Compositions with inverse trigonometric functions
************************************************

[1355]
[1356]
************************************************
Section C.5 Trigonometric equations
************************************************
************************************************
Subsection Solving by the unit circle
************************************************

[1357]
************************************************
Subsection Solving after using identities
************************************************

[1358]
************************************************
Subsection Avoiding lost or extra solutions
************************************************

[1359]
[1360]
************************************************
Section C.6 Practice problems
************************************************
************************************************
Subsection Unit circle definitions
************************************************
************************************************
Subsection Basic identities
************************************************

[1361]
************************************************
Subsection Addition formulas
************************************************
************************************************
Subsection Inverse trigonometric functions
************************************************

[1362]
************************************************
Subsection Trigonometric equations
************************************************

[1363]
************************************************
Subsection Answers to Appendix C practice problems
************************************************

[1364]
[1365]
[1366]
[1367]
************************************************
Appendix D Proofs and Completeness
************************************************

[1368]
Appendix D.
************************************************
Section D.1 The Least Upper Bound Property
************************************************
************************************************
Subsection Upper bounds and least upper bounds
************************************************

[1369]
************************************************
Subsection The completeness axiom
************************************************

[1370]
************************************************
Subsection The approximation property of the supremum
************************************************

[1371]
************************************************
Subsection Greatest lower bounds
************************************************

[1372]
************************************************
Section D.2 The Monotone Convergence Theorem
************************************************
************************************************
Subsection Monotone sequences
************************************************

[1373]
************************************************
Subsection The theorem
************************************************

[1374]
************************************************
Subsection Why the hypotheses matter
************************************************

[1375]
************************************************
Subsection Nested intervals
************************************************

[1376]
************************************************
Section D.3 Bolzano’s Theorem and Bisection
************************************************
************************************************
Subsection Bolzano’s theorem
************************************************

[1377]
************************************************
Subsection Proof by bisection
************************************************

[1378]
************************************************
Subsection Bisection error
************************************************

[1379]
************************************************
Subsection Why continuity matters
************************************************

[1380]
************************************************
Section D.4 The Extreme Value Theorem: Proof Outline
************************************************
************************************************
Subsection Statement of the theorem
************************************************
************************************************
Subsection Why the function is bounded
************************************************

[1381]
************************************************
Subsection Why the maximum is reached
************************************************

[1382]
************************************************
Subsection Why the hypotheses matter
************************************************

[1383]
************************************************
Section D.5 Uniform Continuity on Closed Intervals
************************************************
************************************************
Subsection Pointwise continuity versus uniform continuity
************************************************

[1384]
************************************************
Subsection A simple uniform continuity estimate
************************************************

[1385]
************************************************
Subsection A continuous function that is not uniformly continuous
************************************************
************************************************
Subsection The theorem on closed intervals
************************************************

[1386]
************************************************
Subsection Finite covering lemma
************************************************
************************************************
Subsection Proof of uniform continuity
************************************************

[1387]
************************************************
Section D.6 Practice problems
************************************************
************************************************
Subsection Least upper bounds
************************************************

[1388]
************************************************
Subsection Monotone convergence
************************************************
************************************************
Subsection Bolzano’s theorem and bisection
************************************************

[1389]
************************************************
Subsection Extreme Value Theorem
************************************************
************************************************
Subsection Uniform continuity
************************************************

[1390]
************************************************
Subsection Answers to Appendix D practice problems
************************************************

[1391]
[1392]
[1393]
[1394]
[1395]
[1396]
************************************************
Appendix E Technology Notes
************************************************

[1397]
Appendix E.
************************************************
Section E.1 Graphing windows
************************************************
************************************************
Subsection A window is a mathematical choice
************************************************

[1398]
************************************************
Subsection A graph can hide a hole
************************************************

[1399]
************************************************
Subsection A graph can hide a sharp feature
************************************************
************************************************
Subsection A graphing checklist
************************************************

[1400]
************************************************
Section E.2 Numerical precision and roundoff
************************************************
************************************************
Subsection Exact arithmetic and floating-point arithmetic
************************************************
************************************************
Subsection Subtraction can magnify relative error
************************************************

[1401]
************************************************
Subsection Roundoff versus truncation
************************************************

[1402]
************************************************
Subsection Residuals and step sizes
************************************************

[1403]
************************************************
Section E.3 Calculator and CAS syntax
************************************************
************************************************
Subsection Common syntax translations
************************************************
************************************************
Subsection Parentheses are part of the mathematics
************************************************

[1404]
************************************************
Subsection Radians versus degrees
************************************************
************************************************
Subsection Exact and approximate answers
************************************************

[1405]
************************************************
Subsection CAS answers need interpretation
************************************************

[1406]
************************************************
Section E.4 Simple Python experiments for calculus
************************************************
************************************************
Subsection Experiment 1: difference quotients
************************************************

[1407]
************************************************
Subsection Experiment 2: bisection for a root
************************************************
************************************************
Subsection Experiment 3: midpoint rule for an integral
************************************************

[1408]
************************************************
Subsection Experiment 4: Euler’s method
************************************************

[1409]
************************************************
Subsection Experiment 5: Newton’s method
************************************************

[1410]
************************************************
Section E.5 Plotting sequences, sums, and Taylor polynomials
************************************************
************************************************
Subsection Plotting a sequence
************************************************

[1411]
************************************************
Subsection Plotting partial sums
************************************************

[1412]
************************************************
Subsection Plotting Taylor polynomials
************************************************

[1413]
************************************************
Subsection A Taylor-series calculator
************************************************

[1414]
************************************************
Section E.6 Practice problems
************************************************
************************************************
Subsection Graphing windows
************************************************
************************************************
Subsection Numerical precision and roundoff
************************************************

[1415]
************************************************
Subsection Calculator and CAS syntax
************************************************

[1416]
************************************************
Subsection Simple Python experiments
************************************************
************************************************
Subsection Plotting sequences, sums, and Taylor polynomials
************************************************

[1417]
************************************************
Subsection Answers to Appendix E practice problems
************************************************

[1418]
[1419]
[1420]
[1421]
[1422]
************************************************
Appendix F Tables
************************************************

[1423]
Appendix F.
************************************************
Section F.1 Derivative formulas
************************************************
************************************************
Subsection General differentiation rules
************************************************

[1424]
************************************************
Subsection Elementary derivatives
************************************************
************************************************
Subsection Trigonometric derivatives
************************************************

[1425]

Package tcolorbox Warning: Using nobreak failed. Try to enlarge `lines before b
reak' or set page breaks manually on input line 147455.

************************************************
Subsection Inverse trigonometric derivatives
************************************************
************************************************
Subsection Second derivative reminders
************************************************
************************************************
Section F.2 Integral formulas
************************************************

[1426]
************************************************
Subsection General integral rules
************************************************
************************************************
Subsection Basic antiderivatives
************************************************

[1427]
************************************************
Subsection Trigonometric antiderivatives
************************************************
************************************************
Subsection Inverse trigonometric forms
************************************************

[1428]
************************************************
Subsection Trigonometric substitution patterns
************************************************
************************************************
Subsection Partial fraction patterns
************************************************
************************************************
Section F.3 Common Taylor series
************************************************

[1429]
************************************************
Subsection Taylor polynomial and remainder
************************************************
************************************************
Subsection Maclaurin series
************************************************

[1430]
************************************************
Subsection Series shifted from zero
************************************************

[1431]
************************************************
Section F.4 Series tests
************************************************
************************************************
Subsection Basic comparison and structure tests
************************************************
************************************************
Subsection Integral, alternating, ratio, and root tests
************************************************

[1432]
************************************************
Subsection Power series convergence
************************************************

[1433]
************************************************
Section F.5 Numerical integration rules
************************************************
************************************************
Subsection Rectangle, midpoint, trapezoidal, and Simpson rules
************************************************

[1434]
************************************************
Subsection Error bounds
************************************************
************************************************
Subsection Monotonicity and concavity checks
************************************************
************************************************
Subsection Choosing a numerical rule
************************************************

[1435]

Package tcolorbox Warning: Using nobreak failed. Try to enlarge `lines before b
reak' or set page breaks manually on input line 148639.


[1436]
[1437] (main.aux)

LaTeX Font Warning: Some font shapes were not available, defaults substituted.


LaTeX Warning: Label(s) may have changed. Rerun to get cross-references right.

 )
(see the transcript file for additional information)
Output written on main.pdf (1448 pages).
Transcript written on main.log.
Rerunning LaTeX for main.tex (pass 3)
This is XeTeX, Version 3.141592653-2.6-0.999996 (MiKTeX 24.4) (preloaded format=xelatex.fmt)
 restricted \write18 enabled.
entering extended mode
(main.tex
LaTeX2e <2024-11-01> patch level 2
L3 programming layer <2025-01-18>
(C:\Users\cyril\AppData\Local\Programs\MiKTeX\tex/latex/base\book.cls
Document Class: book 2024/06/29 v1.4n Standard LaTeX document class
(C:\Users\cyril\AppData\Local\Programs\MiKTeX\tex/latex/base\bk10.clo))
(C:\Users\cyril\AppData\Local\Programs\MiKTeX\tex/latex/geometry\geometry.sty
(C:\Users\cyril\AppData\Local\Programs\MiKTeX\tex/latex/graphics\keyval.sty)
(C:\Users\cyril\AppData\Local\Programs\MiKTeX\tex/generic/iftex\ifvtex.sty
(C:\Users\cyril\AppData\Local\Programs\MiKTeX\tex/generic/iftex\iftex.sty))
(C:\Users\cyril\AppData\Local\Programs\MiKTeX\tex/latex/geometry\geometry.cfg))
(C:\Users\cyril\AppData\Local\Programs\MiKTeX\tex/latex/base\ifthen.sty)
(C:\Users\cyril\AppData\Local\Programs\MiKTeX\tex/latex/etoolbox\etoolbox.sty)
(C:\Users\cyril\AppData\Local\Programs\MiKTeX\tex/generic/iftex\ifxetex.sty)
(C:\Users\cyril\AppData\Local\Programs\MiKTeX\tex/generic/iftex\ifluatex.sty)
(C:\Users\cyril\AppData\Local\Programs\MiKTeX\tex/latex/graphics\graphicx.sty
(C:\Users\cyril\AppData\Local\Programs\MiKTeX\tex/latex/graphics\graphics.sty
(C:\Users\cyril\AppData\Local\Programs\MiKTeX\tex/latex/graphics\trig.sty)
(C:\Users\cyril\AppData\Local\Programs\MiKTeX\tex/latex/graphics-cfg\graphics.c
fg)
(C:\Users\cyril\AppData\Local\Programs\MiKTeX\tex/latex/graphics-def\xetex.def)
)) (C:\Users\cyril\AppData\Local\Programs\MiKTeX\tex/latex/xcolor\xcolor.sty
(C:\Users\cyril\AppData\Local\Programs\MiKTeX\tex/latex/graphics-cfg\color.cfg)
(C:\Users\cyril\AppData\Local\Programs\MiKTeX\tex/latex/graphics\mathcolor.ltx)
) (C:\Users\cyril\AppData\Local\Programs\MiKTeX\tex/latex/graphics\dvipsnam.def
) (C:\Users\cyril\AppData\Local\Programs\MiKTeX\tex/latex/xcolor\svgnam.def)
(C:\Users\cyril\AppData\Local\Programs\MiKTeX\tex/latex/colortbl\colortbl.sty
(C:\Users\cyril\AppData\Local\Programs\MiKTeX\tex/latex/tools\array.sty))
(C:\Users\cyril\AppData\Local\Programs\MiKTeX\tex/latex/tcolorbox\tcolorbox.sty

(C:\Users\cyril\AppData\Local\Programs\MiKTeX\tex/latex/pgf/frontendlayer\tikz.
sty
(C:\Users\cyril\AppData\Local\Programs\MiKTeX\tex/latex/pgf/basiclayer\pgf.sty
(C:\Users\cyril\AppData\Local\Programs\MiKTeX\tex/latex/pgf/utilities\pgfrcs.st
y
(C:\Users\cyril\AppData\Local\Programs\MiKTeX\tex/generic/pgf/utilities\pgfutil
-common.tex)
(C:\Users\cyril\AppData\Local\Programs\MiKTeX\tex/generic/pgf/utilities\pgfutil
-latex.def)
(C:\Users\cyril\AppData\Local\Programs\MiKTeX\tex/generic/pgf/utilities\pgfrcs.
code.tex
(C:\Users\cyril\AppData\Local\Programs\MiKTeX\tex/generic/pgf\pgf.revision.tex)
))
(C:\Users\cyril\AppData\Local\Programs\MiKTeX\tex/latex/pgf/basiclayer\pgfcore.
sty
(C:\Users\cyril\AppData\Local\Programs\MiKTeX\tex/latex/pgf/systemlayer\pgfsys.
sty
(C:\Users\cyril\AppData\Local\Programs\MiKTeX\tex/generic/pgf/systemlayer\pgfsy
s.code.tex
(C:\Users\cyril\AppData\Local\Programs\MiKTeX\tex/generic/pgf/utilities\pgfkeys
.code.tex
(C:\Users\cyril\AppData\Local\Programs\MiKTeX\tex/generic/pgf/utilities\pgfkeys
libraryfiltered.code.tex))
(C:\Users\cyril\AppData\Local\Programs\MiKTeX\tex/generic/pgf/systemlayer\pgf.c
fg)
(C:\Users\cyril\AppData\Local\Programs\MiKTeX\tex/generic/pgf/systemlayer\pgfsy
s-xetex.def
(C:\Users\cyril\AppData\Local\Programs\MiKTeX\tex/generic/pgf/systemlayer\pgfsy
s-dvipdfmx.def
(C:\Users\cyril\AppData\Local\Programs\MiKTeX\tex/generic/pgf/systemlayer\pgfsy
s-common-pdf.def))))
(C:\Users\cyril\AppData\Local\Programs\MiKTeX\tex/generic/pgf/systemlayer\pgfsy
ssoftpath.code.tex)
(C:\Users\cyril\AppData\Local\Programs\MiKTeX\tex/generic/pgf/systemlayer\pgfsy
sprotocol.code.tex))
(C:\Users\cyril\AppData\Local\Programs\MiKTeX\tex/generic/pgf/basiclayer\pgfcor
e.code.tex
(C:\Users\cyril\AppData\Local\Programs\MiKTeX\tex/generic/pgf/math\pgfmath.code
.tex
(C:\Users\cyril\AppData\Local\Programs\MiKTeX\tex/generic/pgf/math\pgfmathutil.
code.tex)
(C:\Users\cyril\AppData\Local\Programs\MiKTeX\tex/generic/pgf/math\pgfmathparse
r.code.tex)
(C:\Users\cyril\AppData\Local\Programs\MiKTeX\tex/generic/pgf/math\pgfmathfunct
ions.code.tex)
(C:\Users\cyril\AppData\Local\Programs\MiKTeX\tex/generic/pgf/math\pgfmathfunct
ions.basic.code.tex)
(C:\Users\cyril\AppData\Local\Programs\MiKTeX\tex/generic/pgf/math\pgfmathfunct
ions.trigonometric.code.tex)
(C:\Users\cyril\AppData\Local\Programs\MiKTeX\tex/generic/pgf/math\pgfmathfunct
ions.random.code.tex)
(C:\Users\cyril\AppData\Local\Programs\MiKTeX\tex/generic/pgf/math\pgfmathfunct
ions.comparison.code.tex)
(C:\Users\cyril\AppData\Local\Programs\MiKTeX\tex/generic/pgf/math\pgfmathfunct
ions.base.code.tex)
(C:\Users\cyril\AppData\Local\Programs\MiKTeX\tex/generic/pgf/math\pgfmathfunct
ions.round.code.tex)
(C:\Users\cyril\AppData\Local\Programs\MiKTeX\tex/generic/pgf/math\pgfmathfunct
ions.misc.code.tex)
(C:\Users\cyril\AppData\Local\Programs\MiKTeX\tex/generic/pgf/math\pgfmathfunct
ions.integerarithmetics.code.tex)
(C:\Users\cyril\AppData\Local\Programs\MiKTeX\tex/generic/pgf/math\pgfmathcalc.
code.tex)
(C:\Users\cyril\AppData\Local\Programs\MiKTeX\tex/generic/pgf/math\pgfmathfloat
.code.tex))
(C:\Users\cyril\AppData\Local\Programs\MiKTeX\tex/generic/pgf/math\pgfint.code.
tex)
(C:\Users\cyril\AppData\Local\Programs\MiKTeX\tex/generic/pgf/basiclayer\pgfcor
epoints.code.tex)
(C:\Users\cyril\AppData\Local\Programs\MiKTeX\tex/generic/pgf/basiclayer\pgfcor
epathconstruct.code.tex)
(C:\Users\cyril\AppData\Local\Programs\MiKTeX\tex/generic/pgf/basiclayer\pgfcor
epathusage.code.tex)
(C:\Users\cyril\AppData\Local\Programs\MiKTeX\tex/generic/pgf/basiclayer\pgfcor
escopes.code.tex)
(C:\Users\cyril\AppData\Local\Programs\MiKTeX\tex/generic/pgf/basiclayer\pgfcor
egraphicstate.code.tex)
(C:\Users\cyril\AppData\Local\Programs\MiKTeX\tex/generic/pgf/basiclayer\pgfcor
etransformations.code.tex)
(C:\Users\cyril\AppData\Local\Programs\MiKTeX\tex/generic/pgf/basiclayer\pgfcor
equick.code.tex)
(C:\Users\cyril\AppData\Local\Programs\MiKTeX\tex/generic/pgf/basiclayer\pgfcor
eobjects.code.tex)
(C:\Users\cyril\AppData\Local\Programs\MiKTeX\tex/generic/pgf/basiclayer\pgfcor
epathprocessing.code.tex)
(C:\Users\cyril\AppData\Local\Programs\MiKTeX\tex/generic/pgf/basiclayer\pgfcor
earrows.code.tex)
(C:\Users\cyril\AppData\Local\Programs\MiKTeX\tex/generic/pgf/basiclayer\pgfcor
eshade.code.tex)
(C:\Users\cyril\AppData\Local\Programs\MiKTeX\tex/generic/pgf/basiclayer\pgfcor
eimage.code.tex)
(C:\Users\cyril\AppData\Local\Programs\MiKTeX\tex/generic/pgf/basiclayer\pgfcor
eexternal.code.tex)
(C:\Users\cyril\AppData\Local\Programs\MiKTeX\tex/generic/pgf/basiclayer\pgfcor
elayers.code.tex)
(C:\Users\cyril\AppData\Local\Programs\MiKTeX\tex/generic/pgf/basiclayer\pgfcor
etransparency.code.tex)
(C:\Users\cyril\AppData\Local\Programs\MiKTeX\tex/generic/pgf/basiclayer\pgfcor
epatterns.code.tex)
(C:\Users\cyril\AppData\Local\Programs\MiKTeX\tex/generic/pgf/basiclayer\pgfcor
erdf.code.tex)))
(C:\Users\cyril\AppData\Local\Programs\MiKTeX\tex/generic/pgf/modules\pgfmodule
shapes.code.tex)
(C:\Users\cyril\AppData\Local\Programs\MiKTeX\tex/generic/pgf/modules\pgfmodule
plot.code.tex)
(C:\Users\cyril\AppData\Local\Programs\MiKTeX\tex/latex/pgf/compatibility\pgfco
mp-version-0-65.sty)
(C:\Users\cyril\AppData\Local\Programs\MiKTeX\tex/latex/pgf/compatibility\pgfco
mp-version-1-18.sty))
(C:\Users\cyril\AppData\Local\Programs\MiKTeX\tex/latex/pgf/utilities\pgffor.st
y
(C:\Users\cyril\AppData\Local\Programs\MiKTeX\tex/latex/pgf/utilities\pgfkeys.s
ty
(C:\Users\cyril\AppData\Local\Programs\MiKTeX\tex/generic/pgf/utilities\pgfkeys
.code.tex))
(C:\Users\cyril\AppData\Local\Programs\MiKTeX\tex/latex/pgf/math\pgfmath.sty
(C:\Users\cyril\AppData\Local\Programs\MiKTeX\tex/generic/pgf/math\pgfmath.code
.tex))
(C:\Users\cyril\AppData\Local\Programs\MiKTeX\tex/generic/pgf/utilities\pgffor.
code.tex))
(C:\Users\cyril\AppData\Local\Programs\MiKTeX\tex/generic/pgf/frontendlayer/tik
z\tikz.code.tex
(C:\Users\cyril\AppData\Local\Programs\MiKTeX\tex/generic/pgf/libraries\pgflibr
aryplothandlers.code.tex)
(C:\Users\cyril\AppData\Local\Programs\MiKTeX\tex/generic/pgf/modules\pgfmodule
matrix.code.tex)
(C:\Users\cyril\AppData\Local\Programs\MiKTeX\tex/generic/pgf/frontendlayer/tik
z/libraries\tikzlibrarytopaths.code.tex)))
(C:\Users\cyril\AppData\Local\Programs\MiKTeX\tex/latex/tools\verbatim.sty)
(C:\Users\cyril\AppData\Local\Programs\MiKTeX\tex/latex/environ\environ.sty
(C:\Users\cyril\AppData\Local\Programs\MiKTeX\tex/latex/trimspaces\trimspaces.s
ty)))
(C:\Users\cyril\AppData\Local\Programs\MiKTeX\tex/latex/tcolorbox\tcbskins.code
.tex
Library (tcolorbox): 'tcbskins.code.tex' version '6.4.1'

(C:\Users\cyril\AppData\Local\Programs\MiKTeX\tex/latex/tikzfill\tikzfill.image
.sty
(C:\Users\cyril\AppData\Local\Programs\MiKTeX\tex/latex/tikzfill\tikzlibraryfil
l.image.code.tex))
(C:\Users\cyril\AppData\Local\Programs\MiKTeX\tex/latex/tcolorbox\tcbskinsjigsa
w.code.tex
Library (tcolorbox): 'tcbskinsjigsaw.code.tex' version '6.4.1'
))
(C:\Users\cyril\AppData\Local\Programs\MiKTeX\tex/latex/tcolorbox\tcbbreakable.
code.tex
Library (tcolorbox): 'tcbbreakable.code.tex' version '6.4.1'
(C:\Users\cyril\AppData\Local\Programs\MiKTeX\tex/latex/pdfcol\pdfcol.sty
(C:\Users\cyril\AppData\Local\Programs\MiKTeX\tex/generic/ltxcmds\ltxcmds.sty)
(C:\Users\cyril\AppData\Local\Programs\MiKTeX\tex/generic/infwarerr\infwarerr.s
ty)))
(C:\Users\cyril\AppData\Local\Programs\MiKTeX\tex/latex/tcolorbox\tcbraster.cod
e.tex
Library (tcolorbox): 'tcbraster.code.tex' version '6.4.1'
)
(C:\Users\cyril\AppData\Local\Programs\MiKTeX\tex/latex/tcolorbox\tcbxparse.cod
e.tex
Library (tcolorbox): 'tcbxparse.code.tex' version '6.4.1'

(C:\Users\cyril\AppData\Local\Programs\MiKTeX\tex/latex/l3packages/xparse\xpars
e.sty
(C:\Users\cyril\AppData\Local\Programs\MiKTeX\tex/latex/l3kernel\expl3.sty
(C:\Users\cyril\AppData\Local\Programs\MiKTeX\tex/latex/l3backend\l3backend-xet
ex.def))))
(C:\Users\cyril\AppData\Local\Programs\MiKTeX\tex/generic/pgf/frontendlayer/tik
z/libraries\tikzlibrarycalc.code.tex)
(C:\Users\cyril\AppData\Local\Programs\MiKTeX\tex/latex/tcolorbox\tcbhooks.code
.tex
Library (tcolorbox): 'tcbhooks.code.tex' version '6.4.1'
) (C:\Users\cyril\AppData\Local\Programs\MiKTeX\tex/latex/xstring\xstring.sty
(C:\Users\cyril\AppData\Local\Programs\MiKTeX\tex/generic/xstring\xstring.tex))
 (C:\Users\cyril\AppData\Local\Programs\MiKTeX\tex/latex/xltxtra\xltxtra.sty
(C:\Users\cyril\AppData\Local\Programs\MiKTeX\tex/latex/fontspec\fontspec.sty
(C:\Users\cyril\AppData\Local\Programs\MiKTeX\tex/latex/fontspec\fontspec-xetex
.sty (C:\Users\cyril\AppData\Local\Programs\MiKTeX\tex/latex/base\fontenc.sty)
(C:\Users\cyril\AppData\Local\Programs\MiKTeX\tex/latex/fontspec\fontspec.cfg))
)
(C:\Users\cyril\AppData\Local\Programs\MiKTeX\tex/latex/realscripts\realscripts
.sty)
(C:\Users\cyril\AppData\Local\Programs\MiKTeX\tex/latex/metalogo\metalogo.sty))
 (C:\Users\cyril\AppData\Local\Programs\MiKTeX\tex/latex/inconsolata\zi4.sty
`inconsolata-zi4' v1.12, 2019/05/17 Text macros for Inconsolata (msharpe)
(C:\Users\cyril\AppData\Local\Programs\MiKTeX\tex/latex/base\textcomp.sty)
(C:\Users\cyril\AppData\Local\Programs\MiKTeX\tex/latex/xkeyval\xkeyval.sty
(C:\Users\cyril\AppData\Local\Programs\MiKTeX\tex/generic/xkeyval\xkeyval.tex
(C:\Users\cyril\AppData\Local\Programs\MiKTeX\tex/generic/xkeyval\xkvutils.tex)
)))
(C:\Users\cyril\AppData\Local\Programs\MiKTeX\tex/latex/polyglossia\polyglossia
.sty
(C:\Users\cyril\AppData\Local\Programs\MiKTeX\tex/latex/polyglossia\gloss-latex
.ldf))
(C:\Users\cyril\AppData\Local\Programs\MiKTeX\tex/latex/polyglossia\gloss-engli
sh.ldf)
(C:\Users\cyril\AppData\Local\Programs\MiKTeX\tex/latex/microtype\microtype.sty

(C:\Users\cyril\AppData\Local\Programs\MiKTeX\tex/latex/microtype\microtype-xet
ex.def)
(C:\Users\cyril\AppData\Local\Programs\MiKTeX\tex/latex/microtype\microtype.cfg
)) (C:\Users\cyril\AppData\Local\Programs\MiKTeX\tex/latex/amsmath\amsmath.sty
For additional information on amsmath, use the `?' option.
(C:\Users\cyril\AppData\Local\Programs\MiKTeX\tex/latex/amsmath\amstext.sty
(C:\Users\cyril\AppData\Local\Programs\MiKTeX\tex/latex/amsmath\amsgen.sty))
(C:\Users\cyril\AppData\Local\Programs\MiKTeX\tex/latex/amsmath\amsbsy.sty)
(C:\Users\cyril\AppData\Local\Programs\MiKTeX\tex/latex/amsmath\amsopn.sty))
(C:\Users\cyril\AppData\Local\Programs\MiKTeX\tex/latex/amsmath\amscd.sty)
(C:\Users\cyril\AppData\Local\Programs\MiKTeX\tex/latex/amsfonts\amssymb.sty
(C:\Users\cyril\AppData\Local\Programs\MiKTeX\tex/latex/amsfonts\amsfonts.sty))
 (C:\Users\cyril\AppData\Local\Programs\MiKTeX\tex/latex/psnfss\pifont.sty
(C:\Users\cyril\AppData\Local\Programs\MiKTeX\tex/latex/psnfss\upzd.fd)
(C:\Users\cyril\AppData\Local\Programs\MiKTeX\tex/latex/psnfss\upsy.fd))
(C:\Users\cyril\AppData\Local\Programs\MiKTeX\tex/latex/titlesec\titlesec.sty
(C:\Users\cyril\AppData\Local\Programs\MiKTeX\tex/latex/titlesec\titleps.sty))
(C:\Users\cyril\AppData\Local\Programs\MiKTeX\tex/latex/titlesec\titletoc.sty)
(C:\Users\cyril\AppData\Local\Programs\MiKTeX\tex/latex/fancyvrb\fancyvrb.sty)
(C:\Users\cyril\AppData\Local\Programs\MiKTeX\tex/latex/enumitem\enumitem.sty)
(C:\Users\cyril\AppData\Local\Programs\MiKTeX\tex/latex/hyperref\hyperref.sty
(C:\Users\cyril\AppData\Local\Programs\MiKTeX\tex/latex/kvsetkeys\kvsetkeys.sty
)
(C:\Users\cyril\AppData\Local\Programs\MiKTeX\tex/generic/kvdefinekeys\kvdefine
keys.sty)
(C:\Users\cyril\AppData\Local\Programs\MiKTeX\tex/generic/pdfescape\pdfescape.s
ty
(C:\Users\cyril\AppData\Local\Programs\MiKTeX\tex/generic/pdftexcmds\pdftexcmds
.sty))
(C:\Users\cyril\AppData\Local\Programs\MiKTeX\tex/latex/hycolor\hycolor.sty)
(C:\Users\cyril\AppData\Local\Programs\MiKTeX\tex/latex/hyperref\nameref.sty
(C:\Users\cyril\AppData\Local\Programs\MiKTeX\tex/latex/refcount\refcount.sty)
(C:\Users\cyril\AppData\Local\Programs\MiKTeX\tex/generic/gettitlestring\gettit
lestring.sty
(C:\Users\cyril\AppData\Local\Programs\MiKTeX\tex/latex/kvoptions\kvoptions.sty
)))
(C:\Users\cyril\AppData\Local\Programs\MiKTeX\tex/generic/stringenc\stringenc.s
ty) (C:\Users\cyril\AppData\Local\Programs\MiKTeX\tex/latex/hyperref\pd1enc.def
) (C:\Users\cyril\AppData\Local\Programs\MiKTeX\tex/generic/intcalc\intcalc.sty
) (C:\Users\cyril\AppData\Local\Programs\MiKTeX\tex/latex/hyperref\puenc.def)
(C:\Users\cyril\AppData\Local\Programs\MiKTeX\tex/latex/url\url.sty)
(C:\Users\cyril\AppData\Local\Programs\MiKTeX\tex/generic/bitset\bitset.sty
(C:\Users\cyril\AppData\Local\Programs\MiKTeX\tex/generic/bigintcalc\bigintcalc
.sty))
(C:\Users\cyril\AppData\Local\Programs\MiKTeX\tex/latex/base\atbegshi-ltx.sty))
(C:\Users\cyril\AppData\Local\Programs\MiKTeX\tex/latex/hyperref\hxetex.def
(C:\Users\cyril\AppData\Local\Programs\MiKTeX\tex/latex/rerunfilecheck\rerunfil
echeck.sty
(C:\Users\cyril\AppData\Local\Programs\MiKTeX\tex/generic/uniquecounter\uniquec
ounter.sty)))
(C:\Users\cyril\AppData\Local\Programs\MiKTeX\tex/latex/pgfplots\pgfplots.sty
(C:\Users\cyril\AppData\Local\Programs\MiKTeX\tex/generic/pgfplots\pgfplots.rev
ision.tex)
(C:\Users\cyril\AppData\Local\Programs\MiKTeX\tex/generic/pgfplots\pgfplots.cod
e.tex
(C:\Users\cyril\AppData\Local\Programs\MiKTeX\tex/generic/pgfplots\pgfplotscore
.code.tex
(C:\Users\cyril\AppData\Local\Programs\MiKTeX\tex/generic/pgfplots/sys\pgfplots
sysgeneric.code.tex))
(C:\Users\cyril\AppData\Local\Programs\MiKTeX\tex/generic/pgfplots/libs\pgfplot
slibrary.code.tex)
(C:\Users\cyril\AppData\Local\Programs\MiKTeX\tex/generic/pgfplots/oldpgfcompat
ib\pgfplotsoldpgfsupp_loader.code.tex
(C:\Users\cyril\AppData\Local\Programs\MiKTeX\tex/generic/pgf/libraries\pgflibr
aryfpu.code.tex)
Package pgfplots: loading complementary utilities for your pgf version...

(C:\Users\cyril\AppData\Local\Programs\MiKTeX\tex/generic/pgfplots/oldpgfcompat
ib\pgfplotsoldpgfsupp_pgfutil-common-lists.tex))
(C:\Users\cyril\AppData\Local\Programs\MiKTeX\tex/generic/pgfplots/util\pgfplot
sutil.code.tex
(C:\Users\cyril\AppData\Local\Programs\MiKTeX\tex/generic/pgfplots/liststructur
e\pgfplotsliststructure.code.tex)
(C:\Users\cyril\AppData\Local\Programs\MiKTeX\tex/generic/pgfplots/liststructur
e\pgfplotsliststructureext.code.tex)
(C:\Users\cyril\AppData\Local\Programs\MiKTeX\tex/generic/pgfplots/liststructur
e\pgfplotsarray.code.tex)
(C:\Users\cyril\AppData\Local\Programs\MiKTeX\tex/generic/pgfplots/liststructur
e\pgfplotsmatrix.code.tex)
(C:\Users\cyril\AppData\Local\Programs\MiKTeX\tex/generic/pgfplots/numtable\pgf
plotstableshared.code.tex)
(C:\Users\cyril\AppData\Local\Programs\MiKTeX\tex/generic/pgfplots/liststructur
e\pgfplotsdeque.code.tex)
(C:\Users\cyril\AppData\Local\Programs\MiKTeX\tex/generic/pgfplots/util\pgfplot
sbinary.code.tex
(C:\Users\cyril\AppData\Local\Programs\MiKTeX\tex/generic/pgfplots/util\pgfplot
sbinary.data.code.tex))
(C:\Users\cyril\AppData\Local\Programs\MiKTeX\tex/generic/pgfplots/util\pgfplot
sutil.verb.code.tex)
(C:\Users\cyril\AppData\Local\Programs\MiKTeX\tex/generic/pgfplots/libs\pgflibr
arypgfplots.surfshading.code.tex
(C:\Users\cyril\AppData\Local\Programs\MiKTeX\tex/generic/pgfplots/sys\pgflibra
rypgfplots.surfshading.pgfsys-xetex.def
(C:\Users\cyril\AppData\Local\Programs\MiKTeX\tex/generic/pgfplots/sys\pgflibra
rypgfplots.surfshading.pgfsys-dvipdfmx.def))))
(C:\Users\cyril\AppData\Local\Programs\MiKTeX\tex/generic/pgfplots/util\pgfplot
scolormap.code.tex
(C:\Users\cyril\AppData\Local\Programs\MiKTeX\tex/generic/pgfplots/util\pgfplot
scolor.code.tex))
(C:\Users\cyril\AppData\Local\Programs\MiKTeX\tex/generic/pgfplots\pgfplotsstac
kedplots.code.tex)
(C:\Users\cyril\AppData\Local\Programs\MiKTeX\tex/generic/pgfplots\pgfplotsplot
handlers.code.tex
(C:\Users\cyril\AppData\Local\Programs\MiKTeX\tex/generic/pgfplots\pgfplotsmesh
plothandler.code.tex
(C:\Users\cyril\AppData\Local\Programs\MiKTeX\tex/generic/pgfplots\pgfplotsmesh
plotimage.code.tex)))
(C:\Users\cyril\AppData\Local\Programs\MiKTeX\tex/generic/pgfplots\pgfplots.sca
ling.code.tex)
(C:\Users\cyril\AppData\Local\Programs\MiKTeX\tex/generic/pgfplots\pgfplotscoor
dprocessing.code.tex)
(C:\Users\cyril\AppData\Local\Programs\MiKTeX\tex/generic/pgfplots\pgfplots.err
orbars.code.tex)
(C:\Users\cyril\AppData\Local\Programs\MiKTeX\tex/generic/pgfplots\pgfplots.mar
kers.code.tex)
(C:\Users\cyril\AppData\Local\Programs\MiKTeX\tex/generic/pgfplots\pgfplotstick
s.code.tex)
(C:\Users\cyril\AppData\Local\Programs\MiKTeX\tex/generic/pgfplots\pgfplots.pat
hs.code.tex)
(C:\Users\cyril\AppData\Local\Programs\MiKTeX\tex/generic/pgf/frontendlayer/tik
z/libraries\tikzlibrarydecorations.code.tex
(C:\Users\cyril\AppData\Local\Programs\MiKTeX\tex/generic/pgf/modules\pgfmodule
decorations.code.tex))
(C:\Users\cyril\AppData\Local\Programs\MiKTeX\tex/generic/pgf/frontendlayer/tik
z/libraries\tikzlibrarydecorations.pathmorphing.code.tex
(C:\Users\cyril\AppData\Local\Programs\MiKTeX\tex/generic/pgf/libraries/decorat
ions\pgflibrarydecorations.pathmorphing.code.tex))
(C:\Users\cyril\AppData\Local\Programs\MiKTeX\tex/generic/pgf/frontendlayer/tik
z/libraries\tikzlibrarydecorations.pathreplacing.code.tex
(C:\Users\cyril\AppData\Local\Programs\MiKTeX\tex/generic/pgf/libraries/decorat
ions\pgflibrarydecorations.pathreplacing.code.tex))
(C:\Users\cyril\AppData\Local\Programs\MiKTeX\tex/generic/pgfplots/libs\tikzlib
rarypgfplots.contourlua.code.tex))
(C:\Users\cyril\AppData\Local\Programs\MiKTeX\tex/generic/pgf/frontendlayer/tik
z/libraries\tikzlibraryplotmarks.code.tex
(C:\Users\cyril\AppData\Local\Programs\MiKTeX\tex/generic/pgf/libraries\pgflibr
aryplotmarks.code.tex)))
(C:\Users\cyril\AppData\Local\Programs\MiKTeX\tex/generic/pgfplots/libs\tikzlib
rarypgfplots.fillbetween.code.tex
(C:\Users\cyril\AppData\Local\Programs\MiKTeX\tex/generic/pgfplots/pgfcontrib\t
ikzlibraryfillbetween.code.tex
(C:\Users\cyril\AppData\Local\Programs\MiKTeX\tex/generic/pgf/frontendlayer/tik
z/libraries\tikzlibraryintersections.code.tex
(C:\Users\cyril\AppData\Local\Programs\MiKTeX\tex/generic/pgf/libraries\pgflibr
aryintersections.code.tex))
(C:\Users\cyril\AppData\Local\Programs\MiKTeX\tex/generic/pgfplots/pgfcontrib\t
ikzlibrarydecorations.softclip.code.tex
(C:\Users\cyril\AppData\Local\Programs\MiKTeX\tex/generic/pgfplots/pgfcontrib\p
gflibraryfillbetween.code.tex)))
(C:\Users\cyril\AppData\Local\Programs\MiKTeX\tex/generic/pgfplots/libs\tikzlib
rarypgfplots.decorations.softclip.code.tex))
(C:\Users\cyril\AppData\Local\Programs\MiKTeX\tex/generic/pgfplots/libs\tikzlib
rarypgfplots.colormaps.code.tex)
(C:\Users\cyril\AppData\Local\Programs\MiKTeX\tex/generic/pgf/frontendlayer/tik
z/libraries\tikzlibraryarrows.code.tex
(C:\Users\cyril\AppData\Local\Programs\MiKTeX\tex/generic/pgf/libraries\pgflibr
aryarrows.code.tex))
(C:\Users\cyril\AppData\Local\Programs\MiKTeX\tex/generic/pgf/libraries\pgflibr
aryarrows.meta.code.tex)
(C:\Users\cyril\AppData\Local\Programs\MiKTeX\tex/generic/pgf/frontendlayer/tik
z/libraries\tikzlibrarydecorations.markings.code.tex
(C:\Users\cyril\AppData\Local\Programs\MiKTeX\tex/generic/pgf/libraries/decorat
ions\pgflibrarydecorations.markings.code.tex))
(C:\Users\cyril\AppData\Local\Programs\MiKTeX\tex/generic/pgf/frontendlayer/tik
z/libraries\tikzlibrarymatrix.code.tex)
(C:\Users\cyril\AppData\Local\Programs\MiKTeX\tex/generic/pgf/frontendlayer/tik
z/libraries\tikzlibrarypatterns.code.tex
(C:\Users\cyril\AppData\Local\Programs\MiKTeX\tex/generic/pgf/libraries\pgflibr
arypatterns.code.tex))
(C:\Users\cyril\AppData\Local\Programs\MiKTeX\tex/generic/pgf/frontendlayer/tik
z/libraries\tikzlibrarypositioning.code.tex)
(C:\Users\cyril\AppData\Local\Programs\MiKTeX\tex/generic/pgf/frontendlayer/tik
z/libraries\tikzlibraryshadows.code.tex
(C:\Users\cyril\AppData\Local\Programs\MiKTeX\tex/generic/pgf/frontendlayer/tik
z/libraries\tikzlibraryfadings.code.tex
(C:\Users\cyril\AppData\Local\Programs\MiKTeX\tex/generic/pgf/libraries\pgflibr
aryfadings.code.tex)))
(C:\Users\cyril\AppData\Local\Programs\MiKTeX\tex/generic/pgf/frontendlayer/tik
z/libraries\tikzlibraryshapes.code.tex
(C:\Users\cyril\AppData\Local\Programs\MiKTeX\tex/generic/pgf/frontendlayer/tik
z/libraries\tikzlibraryshapes.geometric.code.tex
(C:\Users\cyril\AppData\Local\Programs\MiKTeX\tex/generic/pgf/libraries/shapes\
pgflibraryshapes.geometric.code.tex))
(C:\Users\cyril\AppData\Local\Programs\MiKTeX\tex/generic/pgf/frontendlayer/tik
z/libraries\tikzlibraryshapes.misc.code.tex
(C:\Users\cyril\AppData\Local\Programs\MiKTeX\tex/generic/pgf/libraries/shapes\
pgflibraryshapes.misc.code.tex))
(C:\Users\cyril\AppData\Local\Programs\MiKTeX\tex/generic/pgf/frontendlayer/tik
z/libraries\tikzlibraryshapes.symbols.code.tex
(C:\Users\cyril\AppData\Local\Programs\MiKTeX\tex/generic/pgf/libraries/shapes\
pgflibraryshapes.symbols.code.tex))
(C:\Users\cyril\AppData\Local\Programs\MiKTeX\tex/generic/pgf/frontendlayer/tik
z/libraries\tikzlibraryshapes.arrows.code.tex
(C:\Users\cyril\AppData\Local\Programs\MiKTeX\tex/generic/pgf/libraries/shapes\
pgflibraryshapes.arrows.code.tex))
(C:\Users\cyril\AppData\Local\Programs\MiKTeX\tex/generic/pgf/frontendlayer/tik
z/libraries\tikzlibraryshapes.callouts.code.tex
(C:\Users\cyril\AppData\Local\Programs\MiKTeX\tex/generic/pgf/libraries/shapes\
pgflibraryshapes.callouts.code.tex))
(C:\Users\cyril\AppData\Local\Programs\MiKTeX\tex/generic/pgf/frontendlayer/tik
z/libraries\tikzlibraryshapes.multipart.code.tex
(C:\Users\cyril\AppData\Local\Programs\MiKTeX\tex/generic/pgf/libraries/shapes\
pgflibraryshapes.multipart.code.tex))) (main.aux)
*geometry* driver: auto-detecting
*geometry* detected driver: xetex
(C:\Users\cyril\AppData\Local\Programs\MiKTeX\tex/latex/upquote\upquote.sty)
(C:\Users\cyril\AppData\Local\Programs\MiKTeX\tex/latex/microtype\mt-LatinModer
nRoman.cfg) (main.out) (main.out)
Package pgfplots notification 'compat/show suggested version=true': document ha
s been generated with the most recent feature set (\pgfplotsset{compat=1.18}).


[1]
[2]
[3]
************************************************
Preface Preface
************************************************
************************************************
Preface How to Read This Book
************************************************

[4]
[5] (main.toc
[6]
[7]
[8]
Overfull \hbox (4.49997pt too wide) detected at line 808
 \TU/lmr/m/n/10 1009

Overfull \hbox (4.49997pt too wide) detected at line 813
 \TU/lmr/m/n/10 1015

Overfull \hbox (4.49997pt too wide) detected at line 818
 \TU/lmr/m/n/10 1023

Overfull \hbox (4.49997pt too wide) detected at line 823
 \TU/lmr/m/n/10 1029

Overfull \hbox (4.49997pt too wide) detected at line 833
 \TU/lmr/m/n/10 1041

Overfull \hbox (4.49997pt too wide) detected at line 840
 \TU/lmr/m/n/10 1053

Overfull \hbox (4.49997pt too wide) detected at line 847
 \TU/lmr/m/n/10 1062

Overfull \hbox (4.49997pt too wide) detected at line 852
 \TU/lmr/m/n/10 1067

Overfull \hbox (4.49997pt too wide) detected at line 858
 \TU/lmr/m/n/10 1080

Overfull \hbox (4.49997pt too wide) detected at line 864
 \TU/lmr/m/n/10 1089

Overfull \hbox (4.49997pt too wide) detected at line 871
 \TU/lmr/m/n/10 1102

Overfull \hbox (4.49997pt too wide) detected at line 877
 \TU/lmr/m/n/10 1108

Overfull \hbox (4.49997pt too wide) detected at line 883
 \TU/lmr/m/n/10 1113

[9]
Overfull \hbox (4.49997pt too wide) detected at line 892
 \TU/lmr/m/n/10 1124

Overfull \hbox (4.49997pt too wide) detected at line 897
 \TU/lmr/m/n/10 1127

Overfull \hbox (4.49997pt too wide) detected at line 902
 \TU/lmr/m/n/10 1135

Overfull \hbox (4.49997pt too wide) detected at line 907
 \TU/lmr/m/n/10 1143

Overfull \hbox (4.49997pt too wide) detected at line 913
 \TU/lmr/m/n/10 1152

Overfull \hbox (4.49997pt too wide) detected at line 918
 \TU/lmr/m/n/10 1159

Overfull \hbox (4.49997pt too wide) detected at line 924
 \TU/lmr/m/n/10 1168

Overfull \hbox (4.49997pt too wide) detected at line 931
 \TU/lmr/m/n/10 1179

Overfull \hbox (4.49997pt too wide) detected at line 937
 \TU/lmr/m/n/10 1189

Overfull \hbox (4.49997pt too wide) detected at line 942
 \TU/lmr/m/n/10 1199

Overfull \hbox (4.49997pt too wide) detected at line 947
 \TU/lmr/m/n/10 1205

Overfull \hbox (4.49997pt too wide) detected at line 952
 \TU/lmr/m/n/10 1214

Overfull \hbox (4.49997pt too wide) detected at line 957
 \TU/lmr/m/n/10 1217

Overfull \hbox (4.49997pt too wide) detected at line 963
 \TU/lmr/m/n/10 1228

Overfull \hbox (4.49997pt too wide) detected at line 968
 \TU/lmr/m/n/10 1239

Overfull \hbox (4.49997pt too wide) detected at line 973
 \TU/lmr/m/n/10 1246

Overfull \hbox (4.49997pt too wide) detected at line 978
 \TU/lmr/m/n/10 1253

Overfull \hbox (4.49997pt too wide) detected at line 983
 \TU/lmr/m/n/10 1259

Overfull \hbox (4.49997pt too wide) detected at line 988
 \TU/lmr/m/n/10 1267

Overfull \hbox (4.49997pt too wide) detected at line 995
 \TU/lmr/m/n/10 1280

Overfull \hbox (4.49997pt too wide) detected at line 1002
 \TU/lmr/m/n/10 1284

Overfull \hbox (4.49997pt too wide) detected at line 1009
 \TU/lmr/m/n/10 1289

Overfull \hbox (4.49997pt too wide) detected at line 1013
 \TU/lmr/m/n/10 1291

Overfull \hbox (4.49997pt too wide) detected at line 1017
 \TU/lmr/m/n/10 1294

Overfull \hbox (4.49997pt too wide) detected at line 1022
 \TU/lmr/m/n/10 1297

Overfull \hbox (4.49997pt too wide) detected at line 1028
 \TU/lmr/m/n/10 1302

Overfull \hbox (4.49997pt too wide) detected at line 1036
 \TU/lmr/m/n/10 1308

Overfull \hbox (4.49997pt too wide) detected at line 1043
 \TU/lmr/m/n/10 1314

Overfull \hbox (4.49997pt too wide) detected at line 1047
 \TU/lmr/m/n/10 1316

Overfull \hbox (4.49997pt too wide) detected at line 1053
 \TU/lmr/m/n/10 1323

Overfull \hbox (4.49997pt too wide) detected at line 1057
 \TU/lmr/m/n/10 1325

Overfull \hbox (4.49997pt too wide) detected at line 1063
 \TU/lmr/m/n/10 1329

Overfull \hbox (4.49997pt too wide) detected at line 1071
 \TU/lmr/m/n/10 1339

Overfull \hbox (4.49997pt too wide) detected at line 1078
 \TU/lmr/m/n/10 1345

[10]
Overfull \hbox (4.49997pt too wide) detected at line 1083
 \TU/lmr/m/n/10 1348

Overfull \hbox (4.49997pt too wide) detected at line 1089
 \TU/lmr/m/n/10 1353

Overfull \hbox (4.49997pt too wide) detected at line 1093
 \TU/lmr/m/n/10 1357

Overfull \hbox (4.49997pt too wide) detected at line 1097
 \TU/lmr/m/n/10 1361

Overfull \hbox (4.49997pt too wide) detected at line 1105
 \TU/lmr/m/n/10 1369

Overfull \hbox (4.49997pt too wide) detected at line 1110
 \TU/lmr/m/n/10 1373

Overfull \hbox (4.49997pt too wide) detected at line 1115
 \TU/lmr/m/n/10 1377

Overfull \hbox (4.49997pt too wide) detected at line 1120
 \TU/lmr/m/n/10 1381

Overfull \hbox (4.49997pt too wide) detected at line 1125
 \TU/lmr/m/n/10 1384

Overfull \hbox (4.49997pt too wide) detected at line 1132
 \TU/lmr/m/n/10 1389

Overfull \hbox (4.49997pt too wide) detected at line 1140
 \TU/lmr/m/n/10 1398

Overfull \hbox (4.49997pt too wide) detected at line 1145
 \TU/lmr/m/n/10 1401

Overfull \hbox (4.49997pt too wide) detected at line 1150
 \TU/lmr/m/n/10 1404

Overfull \hbox (4.49997pt too wide) detected at line 1156
 \TU/lmr/m/n/10 1407

Overfull \hbox (4.49997pt too wide) detected at line 1162
 \TU/lmr/m/n/10 1411

Overfull \hbox (4.49997pt too wide) detected at line 1167
 \TU/lmr/m/n/10 1415

Overfull \hbox (4.49997pt too wide) detected at line 1175
 \TU/lmr/m/n/10 1424

Overfull \hbox (4.49997pt too wide) detected at line 1181
 \TU/lmr/m/n/10 1427

Overfull \hbox (4.49997pt too wide) detected at line 1188
 \TU/lmr/m/n/10 1430

Overfull \hbox (4.49997pt too wide) detected at line 1192
 \TU/lmr/m/n/10 1432

Overfull \hbox (4.49997pt too wide) detected at line 1196
 \TU/lmr/m/n/10 1434
)
[11]
************************************************
Part I The Two Questions of Calculus
************************************************

[1]
************************************************
Chapter 1 Velocity, Distance, and the First Shape of Calculus
************************************************
Chapter 1.
************************************************
Section 1.1 The dashboard: speedometer and odometer
************************************************
(C:\Users\cyril\AppData\Local\Programs\MiKTeX\tex/latex/amsfonts\umsa.fd)
(C:\Users\cyril\AppData\Local\Programs\MiKTeX\tex/latex/microtype\mt-msa.cfg)
(C:\Users\cyril\AppData\Local\Programs\MiKTeX\tex/latex/amsfonts\umsb.fd)
(C:\Users\cyril\AppData\Local\Programs\MiKTeX\tex/latex/microtype\mt-msb.cfg)
(C:\Users\cyril\AppData\Local\Programs\MiKTeX\tex/latex/microtype\mt-cmr.cfg)
[2]
************************************************
Subsection Distance as accumulated motion
************************************************
************************************************
Subsection Velocity as changing distance
************************************************

[3]
************************************************
Subsection Units of velocity and distance
************************************************
************************************************
Subsection The first question: distance to velocity
************************************************

[4]
************************************************
Subsection The second question: velocity to distance
************************************************

[5]
************************************************
Subsection The two questions together
************************************************
************************************************
Section 1.2 Constant velocity: where slope and area first meet
************************************************
************************************************
Subsection The graph of distance when velocity is constant
************************************************

[6]
************************************************
Subsection Slope of the distance graph
************************************************

[7]
************************************************
Subsection Area under the velocity graph
************************************************

[8]
************************************************
Subsection The constant-velocity rule
************************************************
************************************************
Subsection Why slope and area are inverse clues
************************************************

[9]
************************************************
Subsection Why the word “constant” matters
************************************************

[10]
************************************************
Section 1.3 Forward, backward, and signed motion
************************************************
************************************************
Subsection Positive and negative velocity
************************************************

[11]
************************************************
Subsection Displacement versus distance traveled
************************************************

[12]
************************************************
Subsection Area below the time axis
************************************************

[13]
************************************************
Subsection A first piecewise-defined motion
************************************************
************************************************
Subsection What the sign prepares us for
************************************************

[14]
************************************************
Section 1.4 Calculus without limits: finite differences and finite sums
************************************************

Overfull \hbox (3.59106pt too wide) in paragraph at lines 2109--2109
|[]\TU/lmr/bx/n/14.4 Calculus without limits: finite differences and
************************************************
Subsection Difference tables
************************************************

[15]
************************************************
Subsection Accumulated differences telescope
************************************************

[16]
************************************************
Subsection Step velocities and piecewise linear position
************************************************
************************************************
Subsection Unequal time steps
************************************************

[17]
************************************************
Subsection A warning about absolute values
************************************************
************************************************
Subsection Squares and odd numbers
************************************************

[18]
************************************************
Subsection What finite calculus can and cannot do
************************************************

[19]
************************************************
Section 1.5 Changing velocity and the need for limits
************************************************
************************************************
Subsection Average velocity over a time interval
************************************************

[20]
************************************************
Subsection The word “if” matters
************************************************
************************************************
Subsection The tangent line problem
************************************************

[21]
************************************************
Subsection The area problem
************************************************

[22]
************************************************
Subsection Why finite arithmetic is no longer enough
************************************************

[23]
************************************************
Section 1.6 A first map of the book
************************************************
************************************************
Subsection Derivative: from position to velocity
************************************************

[24]
************************************************
Subsection Integral: from velocity to position
************************************************
************************************************
Subsection Approximation: how to work when exact formulas fail
************************************************

[25]
************************************************
Subsection Differential equations: when the law gives the derivative
************************************************
************************************************
Subsection The road in one picture
************************************************

[26]
************************************************
Section 1.7 Discovery problems and projects
************************************************
************************************************
Subsection Read a trip from a speed graph
************************************************

[27]
************************************************
Subsection Design two different trips with the same displacement
************************************************

[28]
[29]
************************************************
Subsection Finite differences of squares and cubes
************************************************

[30]
[31]
************************************************
Subsection A changing slope needs nearness
************************************************

[32]
************************************************
Chapter 2 Numbers, Functions, and Models
************************************************

[33]
Chapter 2.
************************************************
Section 2.1 The real line and intervals
************************************************
************************************************
Subsection Points as numbers
************************************************

[34]
************************************************
Subsection Open, closed, and half-open intervals
************************************************

[35]
************************************************
Subsection Absolute value as distance
************************************************

[36]
[37]
************************************************
Subsection Inequalities as a way to control error
************************************************

[38]
************************************************
Section 2.2 Completeness and the idea of no gaps
************************************************

[39]
************************************************
Subsection Rational numbers and the missing square root
************************************************

[40]
************************************************
Subsection Least upper bound property
************************************************

[41]
[42]
************************************************
Subsection Nested intervals
************************************************

[43]
************************************************
Subsection Completeness creates \(\sqrt 2\)
************************************************

[44]
************************************************
Subsection Why calculus needs the real numbers
************************************************

[45]
************************************************
Section 2.3 Functions as assignments
************************************************

[46]
************************************************
Subsection Input, output, domain, and range
************************************************

[47]
************************************************
Subsection Functions from formulas, graphs, tables, and words
************************************************

[48]
[49]
************************************************
Subsection The natural domain of a formula
************************************************

[50]
************************************************
Subsection Piecewise-defined functions
************************************************

[51]
[52]
************************************************
Subsection The difference quotient as a function of two inputs
************************************************

[53]
[54]
************************************************
Section 2.4 Graphs and transformations
************************************************
************************************************
Subsection Shifts and scalings
************************************************

[55]
[56]
************************************************
Subsection Reflections and stretching
************************************************

[57]
[58]
************************************************
Subsection Even and odd symmetry
************************************************

[59]
[60]
************************************************
Subsection Reading intercepts, sign, and intervals from a graph
************************************************

[61]
[62]
************************************************
Subsection A graph can suggest, but not prove
************************************************
************************************************
Section 2.5 Combining functions
************************************************

[63]
************************************************
Subsection Sums, products, and quotients
************************************************

[64]
[65]
************************************************
Subsection Composition
************************************************

[66]
[67]
************************************************
Subsection Inverse functions
************************************************

[68]
[69]
************************************************
Subsection When an inverse exists
************************************************

[70]
[71]
[72]
************************************************
Section 2.6 A catalog of essential functions
************************************************
************************************************
Subsection Linear functions and units
************************************************

[73]
[74]
************************************************
Subsection Powers and polynomials
************************************************

Overfull \hbox (3.91pt too wide) in paragraph at lines 8275--8276
[]\TU/lmr/m/n/10 They already appeared in the first chapter through finite diff
erences. Squares

[75]
************************************************
Subsection Rational functions and asymptotic behavior
************************************************

[76]
[77]
************************************************
Subsection Algebraic functions
************************************************

[78]
************************************************
Subsection Trigonometric functions in radians
************************************************

[79]
[80]
************************************************
Subsection Exponential functions
************************************************

[81]
[82]
************************************************
Subsection Logarithms as inverse functions
************************************************

[83]
[84]
************************************************
Subsection The catalog at a glance
************************************************
************************************************
Section 2.7 Models before calculus
************************************************

[85]
************************************************
Subsection Linear growth
************************************************

[86]
************************************************
Subsection Power-law scaling
************************************************

[87]
[88]
************************************************
Subsection Exponential growth and decay
************************************************

[89]
[90]
************************************************
Subsection Periodic motion
************************************************

[91]
[92]
************************************************
Subsection Choosing a model from units and data
************************************************

[93]
************************************************
Section 2.8 Technology and graphs
************************************************

[94]
************************************************
Subsection Windows can lie
************************************************

[95]
************************************************
Subsection Sampling can miss behavior
************************************************

[96]
************************************************
Subsection Numerical evidence versus proof
************************************************

[97]
[98]
************************************************
Subsection A first warning about roundoff
************************************************

[99]
************************************************
Section 2.9 Chapter review and discovery problems
************************************************
************************************************
Subsection Chapter map
************************************************

[100]

Package tcolorbox Warning: Using nobreak failed. Try to enlarge `lines before b
reak' or set page breaks manually on input line 11104.

************************************************
Subsection Concept check: function versus formula
************************************************

[101]
[102]
************************************************
Subsection Skills: intervals, domains, transformations, and inverses
************************************************

[103]
[104]
[105]
************************************************
Subsection Skills: reading a graph
************************************************

[106]
************************************************
Subsection Catalog practice: recognizing function families
************************************************

Overfull \hbox (5.88002pt too wide) in paragraph at lines 11630--11631
\TU/lmr/m/n/10 Classify each model as linear, power-law, polynomial, rational, 
algebraic, trigono-
************************************************
Subsection Counterexamples and proof practice
************************************************

[107]
************************************************
Subsection Technology questions
************************************************

[108]
[109]
************************************************
Subsection Project: fit a simple model to data
************************************************

[110]
************************************************
Subsection Discovery problems
************************************************

[111]
************************************************
Subsection Hook: limits make near into mathematics
************************************************

[112]
************************************************
Part II Limits, Continuity, and the Derivative
************************************************

[113]
[114]
************************************************
Chapter 3 Limits and Continuity
************************************************
Chapter 3.
************************************************
Section 3.1 Limits from motion and approximation
************************************************
************************************************
Subsection Average velocity as the interval shrinks
************************************************

[115]
************************************************
Subsection Decimal approximations to a number
************************************************

[116]
************************************************
Subsection The informal meaning of a limit
************************************************

[117]
[118]
************************************************
Subsection Limits from graphs and tables
************************************************

[119]
************************************************
Subsection What a limit can ignore
************************************************
************************************************
Section 3.2 Calculating limits
************************************************
************************************************
Subsection A first limit law from an example
************************************************

[120]
************************************************
Subsection Limit laws
************************************************

[121]
[122]
************************************************
Subsection Polynomials and direct substitution
************************************************
************************************************
Subsection Rational functions
************************************************

[123]
************************************************
Subsection Removing a removable discontinuity
************************************************

[124]
[125]
************************************************
Subsection When cancellation does not save the limit
************************************************
************************************************
Subsection The squeeze idea
************************************************

[126]
[127]
************************************************
Subsection A short guide to the first limit tools
************************************************
************************************************
Section 3.3 One-sided limits and infinite behavior
************************************************
************************************************
Subsection Left-hand and right-hand limits
************************************************

[128]
[129]
[130]
************************************************
Subsection Infinite limits and vertical asymptotes
************************************************

[131]
[132]
************************************************
Subsection Limits at infinity
************************************************

[133]
[134]
************************************************
Subsection Horizontal and slant asymptotes
************************************************

[135]
[136]
************************************************
Subsection A map of the new behaviors
************************************************

Overfull \hbox (7.55862pt too wide) detected at line 14617
[]

[137]
************************************************
Section 3.4 The precise definition of a limit
************************************************
************************************************
Subsection The epsilon challenge
************************************************

[138]
************************************************
Subsection Delta as a response
************************************************

[139]
************************************************
Subsection Why the point \(x=a\) is excluded
************************************************

[140]
************************************************
Subsection Proving simple limits
************************************************

[141]
[142]
[143]
************************************************
Subsection Why the definition matches the picture
************************************************

[144]
************************************************
Subsection One-sided versions of the precise definition
************************************************

[145]
************************************************
Subsection What the definition gives us
************************************************
************************************************
Section 3.5 Continuity
************************************************
************************************************
Subsection Continuity at a point
************************************************

[146]
[147]
************************************************
Subsection Holes and continuous extensions
************************************************

[148]
************************************************
Subsection Continuity on an interval
************************************************

[149]
[150]
************************************************
Subsection Algebra of continuous functions
************************************************

[151]
************************************************
Subsection Continuity of compositions
************************************************

[152]
[153]
[154]
[155]
[156]
************************************************
Subsection Three common discontinuities
************************************************

[157]
************************************************
Subsection A continuity checklist
************************************************
************************************************
Section 3.6 Two theorems about continuous functions
************************************************
************************************************
Subsection Intermediate values
************************************************

[158]
[159]
************************************************
Subsection Bisection as a constructive proof idea
************************************************

[160]
************************************************
Subsection Why continuity is required
************************************************

[161]
************************************************
Subsection Highest and lowest values
************************************************

[162]
************************************************
Subsection Why closed and bounded intervals matter
************************************************

[163]
Overfull \hbox (5.16501pt too wide) detected at line 17405
[]

[164]
************************************************
Subsection Why these two theorems matter
************************************************
************************************************
Section 3.7 Warning examples
************************************************

[165]
************************************************
Subsection Jump discontinuity: unequal one-sided limits
************************************************

[166]
************************************************
Subsection A limit that is infinite, not finite
************************************************

[167]
************************************************
Subsection The Intermediate Value Theorem fails without continuity
************************************************
************************************************
Subsection The Extreme Value Theorem fails on an open interval
************************************************

[168]
************************************************
Subsection The Extreme Value Theorem fails on an unbounded interval
************************************************

[169]
************************************************
Subsection A map of the warnings
************************************************

[170]
************************************************
Section 3.8 Sequences as limits indexed by whole numbers
************************************************
************************************************
Subsection Sequence notation
************************************************

[171]
************************************************
Subsection Convergence and divergence
************************************************

[172]
[173]
[174]
************************************************
Subsection Monotone bounded sequences
************************************************

[175]
[176]
************************************************
Subsection Bisection as a sequence
************************************************

Overfull \hbox (2.17001pt too wide) in paragraph at lines 18777--18778
\TU/lmr/m/n/10 The bisection method from the Intermediate Value Theorem produce
s sequences

[177]
************************************************
Subsection Sequences as preparation for infinite series
************************************************

[178]
[179]
************************************************
Section 3.9 Chapter review and discovery problems
************************************************
************************************************
Subsection The chapter in one picture
************************************************

[180]
************************************************
Subsection A decision guide for limits and continuity
************************************************
************************************************
Subsection Review problems
************************************************

[181]
[182]
[183]
[184]
[185]
[186]
************************************************
Subsection Project: bisection method for a root
************************************************

[187]
[188]
************************************************
Subsection Discovery problems: secant slopes becoming tangent slopes
************************************************

Overfull \hbox (2.64201pt too wide) in paragraph at lines 19860--19860
|\TU/lmr/bx/n/12 Discovery problems: secant slopes becoming tangent slopes| 

[189]
[190]
************************************************
Subsection The derivative as a limit
************************************************
************************************************
Chapter 4 The Derivative
************************************************

[191]
Chapter 4.
************************************************
Section 4.1 Average rate of change
************************************************
************************************************
Subsection Secant slope
************************************************

[192]
[193]
************************************************
Subsection Average velocity
************************************************

[194]
Overfull \hbox (1.2554pt too wide) in paragraph at lines 20346--20347
[] []\TU/lmr/bx/n/10 Displacement, not distance traveled.[] \TU/lmr/m/n/10 Aver
age velocity uses signed change
************************************************
Subsection Average rate from data
************************************************

[195]
************************************************
Subsection Units of a rate
************************************************

[196]
************************************************
Section 4.2 Instantaneous rate of change
************************************************
************************************************
Subsection Shrinking the time interval
************************************************

[197]
************************************************
Subsection The derivative at a point
************************************************

[198]
[199]
************************************************
Subsection Tangent slope
************************************************

[200]
************************************************
Subsection The derivative as a limit
************************************************

[201]
[202]
************************************************
Section 4.3 The derivative as a function
************************************************
************************************************
Subsection From one tangent slope to many
************************************************

[203]
[204]
************************************************
Subsection Notations for the derivative
************************************************

[205]
[206]
************************************************
Subsection Reading \(f'\) from the graph of \(f\)
************************************************

[207]
************************************************
Subsection Reading \(f\) from the graph of \(f'\)
************************************************

[208]
[209]
************************************************
Section 4.4 Local linear approximation
************************************************
************************************************
Subsection The tangent line as a local model
************************************************

[210]
************************************************
Subsection The formula \(f(a+h)\approx f(a)+f'(a)h\)
************************************************

[211]
************************************************
Subsection Why differentiability means local linearity
************************************************

[212]
[213]
************************************************
Subsection Differentials
************************************************

[214]
[215]
************************************************
Subsection Sensitivity and propagated error
************************************************

[216]
[217]
************************************************
Section 4.5 Differentiability and continuity
************************************************
************************************************
Subsection Differentiability implies continuity
************************************************

[218]
************************************************
Subsection Why the converse is false
************************************************

[219]
[220]
************************************************
Subsection Corners, cusps, vertical tangents, and jumps
************************************************

[221]
[222]
************************************************
Subsection The absolute value as the first warning example
************************************************
************************************************
Subsection A note about endpoints
************************************************

[223]
************************************************
Section 4.6 First derivative formulas
************************************************
************************************************
Subsection Constant and identity functions
************************************************

[224]
************************************************
Subsection Power functions with positive integer powers
************************************************

[225]
[226]
************************************************
Subsection A polynomial example
************************************************

[227]
************************************************
Subsection Constant multiples and sums
************************************************

Underfull \hbox (badness 10000) in paragraph at lines 24084--24092


[228]
************************************************
Subsection The polynomial rule
************************************************

[229]
************************************************
Subsection Derivative notation in formulas
************************************************

[230]
************************************************
Subsection What we have proved so far
************************************************
************************************************
Subsection What these formulas do not yet cover
************************************************

[231]
************************************************
Section 4.7 Motion revisited
************************************************
************************************************
Subsection Position, velocity, and acceleration
************************************************

[232]
[233]
[234]
************************************************
Subsection Speed versus velocity
************************************************

[235]
[236]
************************************************
Subsection Falling under constant acceleration
************************************************

[237]
[238]
************************************************
Subsection Units and signs in motion problems
************************************************

[239]
[240]
[241]
************************************************
Section 4.8 Warning examples
************************************************
************************************************
Subsection A continuous function with no derivative at one point
************************************************

[242]
************************************************
Subsection Optional: a derivative that exists but is not continuous
************************************************

[243]
[244]
[245]
************************************************
Subsection A graphing calculator can miss a sharp corner
************************************************

[246]
************************************************
Section 4.9 Chapter review and discovery problems
************************************************

[247]
************************************************
Subsection Skills: derivative from definition
************************************************

[248]
[249]
[250]
[251]
************************************************
Subsection Concept check: tangent line versus secant line
************************************************

[252]
************************************************
Subsection Project: estimating velocity from noisy position data
************************************************

[253]
[254]
************************************************
Subsection Hook: why the definition is not enough
************************************************

[255]
************************************************
Chapter 5 Differentiation Rules and Elementary Functions
************************************************

[256]
Chapter 5.
************************************************
Section 5.1 The algebra of derivatives
************************************************
************************************************
Subsection Scaling a changing quantity
************************************************

[257]
************************************************
Subsection Constants disappear
************************************************

[258]
************************************************
Subsection Adding changing quantities
************************************************

[259]
************************************************
Subsection Linearity of the derivative
************************************************

[260]
************************************************
Subsection Derivatives of polynomials
************************************************

[261]
************************************************
Subsection Why these rules are not enough
************************************************
************************************************
Section 5.2 Product and quotient rules
************************************************

[262]
************************************************
Subsection Why the product rule has two terms
************************************************
************************************************
Subsection Product rule from changing area
************************************************

[263]
[264]
[265]
************************************************
Subsection Using the product rule
************************************************

[266]
************************************************
Subsection The reciprocal rule
************************************************

[267]
[268]
************************************************
Subsection The quotient rule
************************************************

[269]
[270]
************************************************
Subsection When a denominator erases a point
************************************************

[271]
************************************************
Subsection The rules so far
************************************************
************************************************
Section 5.3 The chain rule
************************************************

[272]
************************************************
Subsection A temperature that changes because position changes
************************************************

[273]
************************************************
Subsection Composition as change inside change
************************************************

[274]
************************************************
Subsection The chain rule formula
************************************************

[275]
[276]
************************************************
Subsection Why the chain rule is true
************************************************

[277]
************************************************
Subsection Why the hypotheses are there
************************************************

[278]
************************************************
Subsection Tree diagrams for nested functions
************************************************

[279]
[280]
************************************************
Subsection The order of composition matters
************************************************
************************************************
Subsection Chain rule in differential notation
************************************************

[281]
************************************************
Section 5.4 Implicit differentiation
************************************************

[282]
************************************************
Subsection Curves not solved for \(y\)
************************************************

[283]
[284]
************************************************
Subsection Differentiating both sides
************************************************

[285]
************************************************
Subsection The chain rule is doing the hidden work
************************************************

[286]
************************************************
Subsection When the method warns us
************************************************

[287]
************************************************
Subsection Higher derivatives implicitly
************************************************

[288]
[289]
[290]
************************************************
Subsection What implicit differentiation gives us
************************************************
************************************************
Section 5.5 Derivatives of trigonometric functions
************************************************

[291]
************************************************
Subsection Radians and the limit \(\sin h/h\to 1\)
************************************************

[292]
[293]
************************************************
Subsection The derivative of sine
************************************************

[294]
************************************************
Subsection The derivative of cosine
************************************************

[295]
[296]
************************************************
Subsection Tangent, secant, cosecant, and cotangent
************************************************

[297]
[298]
************************************************
Subsection Why radians are required
************************************************

[299]
************************************************
Subsection A preview of simple harmonic motion
************************************************

[300]
************************************************
Section 5.6 Derivatives of exponential and logarithmic functions
************************************************
************************************************
Subsection Exponential growth as a rate law
************************************************

[301]
************************************************
Subsection The special base \(e\)
************************************************

[302]
************************************************
Subsection The derivative of \(e^{u(x)}\)
************************************************

[303]
************************************************
Subsection The derivative of \(a^x\)
************************************************

[304]
[305]
************************************************
Subsection The derivative of \(\ln x\)
************************************************

[306]
[307]
[308]
************************************************
Subsection Logarithms with other bases
************************************************
************************************************
Subsection Logarithmic differentiation
************************************************

[309]
[310]
[311]
************************************************
Subsection The derivative table so far
************************************************
************************************************
Section 5.7 Inverse functions and inverse trigonometric functions
************************************************
************************************************
Subsection The derivative of an inverse function
************************************************

[312]
[313]
[314]
************************************************
Subsection Why the nonzero derivative matters
************************************************

[315]
[316]
************************************************
Subsection Inverse trigonometric functions
************************************************

[317]
************************************************
Subsection The derivative of \(\arcsin x\)
************************************************

[318]
[319]
************************************************
Subsection The derivatives of \(\arccos x\) and \(\arctan x\)
************************************************

[320]
[321]
************************************************
Subsection A table of inverse trigonometric derivatives
************************************************

Overfull \hbox (6.15001pt too wide) in paragraph at lines 34295--34296
[]\TU/lmr/m/n/10 The remaining inverse trigonometric derivatives follow from th
e same method.
************************************************
Subsection Inverse trigonometric derivatives as an integration preview
************************************************

Overfull \hbox (0.95001pt too wide) in paragraph at lines 34309--34317
\TU/lmr/m/n/10 the branch choices and the sign of the trigonometric functions o
n those branches.

Underfull \hbox (badness 10000) in paragraph at lines 34309--34317


[322]
************************************************
Section 5.8 General power rule and hyperbolic functions
************************************************
************************************************
Subsection The derivative of \(x^r\)
************************************************

[323]
[324]
[325]
************************************************
Subsection Hyperbolic sine and cosine
************************************************

[326]
[327]
************************************************
Subsection Hyperbolic identities
************************************************

[328]
[329]
************************************************
Subsection Hyperbolic tangent and its derivative
************************************************

[330]
************************************************
Subsection Inverse hyperbolic functions: branches and derivatives
************************************************

Overfull \hbox (11.48096pt too wide) detected at line 35298
\OT1/cmr/m/n/10 ([] \OML/cmm/m/it/10 t\OT1/cmr/m/n/10 )[] = \OMS/cmsy/m/n/10 ^^
@ [][] \OML/cmm/m/it/10 t;  \OT1/cmr/m/n/10 ([] \OML/cmm/m/it/10 t\OT1/cmr/m/n/
10 )[] = \OMS/cmsy/m/n/10 ^^@ [] \OML/cmm/m/it/10 t [] t;  \OT1/cmr/m/n/10 ([] 
\OML/cmm/m/it/10 t\OT1/cmr/m/n/10 )[] = \OMS/cmsy/m/n/10 ^^@ [] \OML/cmm/m/it/1
0 t [] t:

[331]
[332]
************************************************
Subsection Why hyperbolic functions appear in hanging cables
************************************************

[333]
[334]
************************************************
Subsection The derivative table at the end of Chapter 5
************************************************

[335]
************************************************
Section 5.9 Warning examples
************************************************
************************************************
Subsection The product rule is not \((fg)'=f'g'\)
************************************************

[336]
[337]
************************************************
Subsection The chain rule needs the order of composition
************************************************

[338]
[339]
************************************************
Subsection An inverse can fail to be differentiable
************************************************

[340]
************************************************
Subsection A rule checklist
************************************************
************************************************
Section 5.10 Chapter review and discovery problems
************************************************

[341]
************************************************
Subsection Chapter map
************************************************
************************************************
Subsection Derivative table
************************************************

[342]
************************************************
Subsection Worked mixed examples
************************************************

[343]
[344]
************************************************
Subsection Skills: mixed derivative calculations
************************************************

[345]
[346]
************************************************
Subsection Implicit differentiation practice
************************************************

[347]
************************************************
Subsection Concept check
************************************************
************************************************
Subsection True or false
************************************************

[348]
************************************************
Subsection Proof practice
************************************************

[349]
[350]
************************************************
Subsection Project: derivative formulas from numerical experiments
************************************************

[351]
[352]
************************************************
Subsection Discovery problems
************************************************

[353]
[354]
************************************************
Subsection Where the chapter points next
************************************************

[355]
************************************************
Part III What Derivatives Reveal
************************************************

[356]
[357]
************************************************
Chapter 6 Shape, Extremes, and the Mean Value Theorem
************************************************
Chapter 6.
************************************************
Section 6.1 Increasing and decreasing functions
************************************************
************************************************
Subsection Reading motion from the sign of velocity
************************************************

[358]
************************************************
Subsection Increasing and decreasing functions
************************************************

[359]
************************************************
Subsection The first derivative sign rule
************************************************
************************************************
Subsection First derivative sign charts
************************************************

[360]
************************************************
Subsection Critical numbers
************************************************

[361]
[362]
************************************************
Section 6.2 Local and absolute extrema
************************************************
************************************************
Subsection Local maximum and local minimum
************************************************

[363]
************************************************
Subsection Fermat’s theorem
************************************************

[364]
************************************************
Subsection Why Fermat’s hypotheses matter
************************************************

[365]
************************************************
Subsection The first derivative test
************************************************

[366]
************************************************
Subsection Absolute extrema and the closed interval method
************************************************

[367]
************************************************
Subsection The closed interval method
************************************************

[368]
************************************************
Subsection Where this points
************************************************
************************************************
Section 6.3 Rolle’s Theorem and the Mean Value Theorem
************************************************

[369]
************************************************
Subsection A road trip with average velocity
************************************************

[370]
************************************************
Subsection Rolle’s Theorem
************************************************

[371]
************************************************
Subsection Why Rolle’s hypotheses matter
************************************************

[372]
************************************************
Subsection The Mean Value Theorem
************************************************

[373]
[374]
************************************************
Subsection Why the Mean Value Theorem hypotheses matter
************************************************

[375]
************************************************
Subsection Consequences of the Mean Value Theorem
************************************************

[376]
************************************************
Subsection The first derivative sign rule, proved
************************************************

[377]
************************************************
Subsection A useful bound from derivatives
************************************************
************************************************
Subsection Where this points
************************************************

[378]
************************************************
Section 6.4 Concavity and second derivatives
************************************************
************************************************
Subsection Velocity changing: acceleration
************************************************

[379]
************************************************
Subsection Concave up and concave down
************************************************

[380]
************************************************
Subsection A sign chart for the second derivative
************************************************

[381]
************************************************
Subsection Inflection points
************************************************

[382]
************************************************
Subsection The second derivative test
************************************************

[383]
[384]
************************************************
Subsection When the second derivative test is inconclusive
************************************************

[385]
************************************************
Subsection Where this points
************************************************
************************************************
Section 6.5 Graph sketching with calculus
************************************************
************************************************
Subsection Sign charts for \(f'\) and \(f''\)
************************************************

[386]
[387]
************************************************
Subsection Asymptotes and end behavior
************************************************

[388]
[389]
************************************************
Subsection A complete curve-sketching workflow
************************************************

[390]
[391]
[392]
[393]
************************************************
Subsection When technology helps and when it misleads
************************************************

[394]
************************************************
Subsection Where this points
************************************************
************************************************
Section 6.6 Indeterminate forms and l’Hospital’s Rule
************************************************

[395]
************************************************
Subsection The forms \(0/0\) and \(\infty /\infty \)
************************************************

[396]
************************************************
Subsection Why derivatives can reveal a limiting ratio
************************************************

[397]
************************************************
Subsection l’Hospital’s Rule
************************************************

[398]
************************************************
Subsection Idea of the proof
************************************************

[399]
[400]
************************************************
Subsection Other indeterminate forms
************************************************

[401]
[402]
************************************************
Subsection Comparing growth rates
************************************************

[403]
************************************************
Subsection When l’Hospital’s Rule cannot be used
************************************************

[404]
************************************************
Subsection Where this points
************************************************

[405]
************************************************
Section 6.7 Warning examples
************************************************
************************************************
Subsection Fermat’s theorem fails at an endpoint
************************************************

[406]
************************************************
Subsection The Mean Value Theorem fails without continuity
************************************************

[407]
************************************************
Subsection The Mean Value Theorem fails without differentiability
************************************************

[408]
************************************************
Subsection The second derivative test can be inconclusive
************************************************

[409]
[410]
************************************************
Subsection l’Hospital’s Rule cannot be used on every quotient
************************************************

[411]
************************************************
Subsection A theorem-use checklist
************************************************

[412]
************************************************
Section 6.8 Chapter review and discovery problems
************************************************
************************************************
Subsection The chapter’s map
************************************************

[413]
************************************************
Subsection A complete review example
************************************************

[414]
************************************************
Subsection Concept checks
************************************************

[415]
************************************************
Subsection Skills: graph from derivatives
************************************************

[416]
************************************************
Subsection Extrema and closed interval practice
************************************************

[417]
************************************************
Subsection Mean Value Theorem practice
************************************************

[418]
************************************************
Subsection Proof practice with the Mean Value Theorem
************************************************

[419]
************************************************
Subsection l’Hospital’s Rule practice
************************************************

[420]
************************************************
Subsection Counterexample problems
************************************************

[421]
************************************************
Subsection Project: reconstruct a trip from acceleration data
************************************************

[422]
[423]
************************************************
Subsection Discovery problems
************************************************

[424]
************************************************
Subsection Where this points
************************************************
************************************************
Chapter 7 Optimization, Related Rates, and Models
************************************************

[425]
Chapter 7.
************************************************
Section 7.1 Related rates
************************************************
************************************************
Subsection Quantities changing together
************************************************

[426]
************************************************
Subsection Differentiating a relation with respect to time
************************************************

[427]
************************************************
Subsection Geometry problems: ladders, shadows, cones
************************************************

[428]
[429]
[430]
[431]
[432]
************************************************
Subsection Units as a guardrail
************************************************

[433]
Overfull \hbox (5.36pt too wide) detected at line 45341
[]
************************************************
Section 7.2 Optimization problems
************************************************
************************************************
Subsection Translating a word problem into a function
************************************************

[434]
[435]
************************************************
Subsection Constraints in one variable
************************************************

[436]
************************************************
Subsection Geometry: boxes, fences, cans, and light paths
************************************************

[437]
[438]
[439]
[440]
************************************************
Subsection Endpoint checks and physical feasibility
************************************************

[441]
[442]
************************************************
Section 7.3 Linear approximation in applications
************************************************
************************************************
Subsection Estimating hard numbers quickly
************************************************

[443]
[444]
************************************************
Subsection Error propagation
************************************************

[445]
[446]
************************************************
Subsection Relative and percentage error
************************************************

[447]
[448]
************************************************
Subsection Sensitivity in measurement
************************************************

[449]
[450]
************************************************
Section 7.4 Newton’s method
************************************************
************************************************
Subsection Tangent lines as root finders
************************************************

[451]
[452]
************************************************
Subsection The iteration formula
************************************************

[453]
[454]
************************************************
Subsection Convergence when the starting point is good
************************************************

[455]
************************************************
Subsection Failure modes: cycles and bad tangents
************************************************

[456]
[457]
************************************************
Subsection How to use Newton’s method safely
************************************************

[458]
************************************************
Section 7.5 Exponential growth and decay
************************************************
************************************************
Subsection Assume the initial amount \(y_0>0\) in growth, decay, doubling-time,
 and half-life models. The differential equation \(y'=ky\)
************************************************

Overfull \hbox (5.2995pt too wide) in paragraph at lines 47956--47956
|\TU/lmr/bx/n/12 Assume the initial amount $\OML/cmm/m/it/12 y[] > \OT1/cmr/m/n
/12 0$ \TU/lmr/bx/n/12 in growth, decay, doubling-

[459]
[460]
[461]
************************************************
Subsection Half-life and doubling time
************************************************

[462]
[463]
************************************************
Subsection Continuously compounded interest
************************************************

[464]
************************************************
Subsection Newton’s law of cooling
************************************************

[465]
[466]
************************************************
Subsection What exponential models assume
************************************************

[467]
************************************************
Section 7.6 Logistic growth and limited resources
************************************************
************************************************
Subsection Why pure exponential growth cannot last
************************************************

[468]
************************************************
Subsection The logistic differential equation
************************************************

[469]
************************************************
Subsection Equilibria and stability from a graph
************************************************

[470]
[471]
************************************************
Subsection The logistic formula
************************************************

[472]
[473]
[474]
************************************************
Subsection Population and spread models
************************************************

[475]
************************************************
Subsection What logistic models assume
************************************************

[476]
************************************************
Section 7.7 Light, time, and extremal principles
************************************************
************************************************
Subsection Reflection from shortest path
************************************************

[477]
[478]
************************************************
Subsection Refraction and Snell’s law
************************************************

[479]
[480]
************************************************
Subsection The seed of the calculus of variations
************************************************

[481]
[482]
************************************************
Section 7.8 Warning examples
************************************************
************************************************
Subsection A critical point outside the physical domain
************************************************

[483]
************************************************
Subsection A local maximum that is not the absolute maximum
************************************************

[484]
************************************************
Subsection Newton’s method can find the wrong root
************************************************

[485]
************************************************
Subsection Newton’s method may not converge
************************************************

[486]
************************************************
Subsection The common lesson
************************************************

[487]
************************************************
Section 7.9 Chapter review and applications
************************************************
************************************************
Subsection The chapter in one map
************************************************

[488]
************************************************
Subsection Formulas to remember
************************************************

[489]
************************************************
Subsection Skills: related rates and optimization
************************************************

[490]
************************************************
Subsection Review problems
************************************************

[491]
************************************************
Subsection Project: design a least-material container
************************************************

[492]
[493]
[494]
************************************************
Subsection Project: model cooling data
************************************************

[495]
[496]
[497]
************************************************
Subsection Concept checks
************************************************

[498]
************************************************
Subsection Where this points
************************************************
************************************************
Part IV Integrals and the Fundamental Theorem
************************************************

[499]
[500]
************************************************
Chapter 8 The Integral as Accumulation
************************************************
Chapter 8.
************************************************
Section 8.1 Distance from velocity
************************************************
************************************************
Subsection Constant velocity revisited
************************************************

[501]
[502]
************************************************
Subsection Piecewise constant velocity
************************************************

[503]
************************************************
Subsection Estimating distance from sampled speeds
************************************************

[504]
[505]
************************************************
Subsection Signed displacement versus total distance
************************************************

[506]
[507]
************************************************
Section 8.2 Area under a graph
************************************************
************************************************
Subsection Rectangular estimates
************************************************

[508]
************************************************
Subsection Left, right, and midpoint sums
************************************************

[509]
************************************************
Subsection Upper and lower sums
************************************************

[510]
[511]
************************************************
Subsection Area as a limiting process
************************************************

[512]
[513]
************************************************
Section 8.3 Sigma notation and finite sums
************************************************
************************************************
Subsection Summation notation
************************************************

[514]
[515]
************************************************
Subsection Sigma notation for rectangular sums
************************************************

[516]
************************************************
Subsection Arithmetic sums
************************************************

[517]
[518]
************************************************
Subsection Basic rules for finite sums
************************************************

[519]
************************************************
Subsection Geometric sums
************************************************

[520]
************************************************
Subsection Sums of powers
************************************************

[521]
[522]
************************************************
Subsection From finite sums to integrals
************************************************

[523]
[524]
************************************************
Section 8.4 The definite integral
************************************************
************************************************
Subsection Partitions and sample points
************************************************

[525]
************************************************
Subsection Riemann sums
************************************************

[526]
[527]
************************************************
Subsection Definition of the definite integral
************************************************

[528]
************************************************
Subsection Equal-width Riemann sums
************************************************
************************************************
Subsection Computing an integral from the definition
************************************************

[529]
[530]
************************************************
Subsection Why the sample point should not matter
************************************************

[531]
************************************************
Subsection Integrability, informally first
************************************************

[532]
************************************************
Section 8.5 Signed area and net change
************************************************

[533]
************************************************
Subsection Area above the axis
************************************************
************************************************
Subsection Area below the axis
************************************************

[534]
************************************************
Subsection A graph with both signs
************************************************
************************************************
Subsection Cancellation and meaning
************************************************

[535]
************************************************
Subsection Velocity: displacement versus distance traveled
************************************************

[536]
************************************************
Subsection Total accumulation from absolute value
************************************************

[537]
************************************************
Section 8.6 Properties of the integral
************************************************

[538]
************************************************
Subsection Linearity
************************************************

[539]
************************************************
Subsection Additivity over intervals
************************************************

[540]
************************************************
Subsection Orientation of the interval
************************************************

[541]
************************************************
Subsection Order properties
************************************************

[542]
************************************************
Subsection Net change is no larger than total change
************************************************

[543]
************************************************
Subsection Average value of a function
************************************************

[544]
************************************************
Subsection The average value is really attained when \(f\) is continuous
************************************************

[545]
************************************************
Subsection Symmetry
************************************************

[546]
************************************************
Subsection Where the properties come from
************************************************

[547]
************************************************
Section 8.7 Existence of integrals
************************************************
************************************************
Subsection The upper-lower test
************************************************

[548]
************************************************
Subsection Continuous functions are integrable
************************************************

[549]
[550]
[551]
************************************************
Subsection Monotone functions are integrable
************************************************

[552]
************************************************
Subsection Functions with finitely many jump discontinuities
************************************************

[553]
************************************************
Subsection A bounded function that is not Riemann integrable
************************************************

[554]
[555]
************************************************
Section 8.8 Chapter review and discovery problems
************************************************
************************************************
Subsection Skills: set up Riemann sums
************************************************

[556]
[557]
[558]
[559]
************************************************
Subsection Project: estimate energy use from power data
************************************************

[560]
************************************************
Subsection Computing: compare left, right, midpoint, and trapezoid estimates
************************************************

[561]
[562]
************************************************
Subsection Hook: an accumulation function has a slope
************************************************

[563]
************************************************
Chapter 9 The Fundamental Theorem of Calculus
************************************************

[564]
Chapter 9.
************************************************
Section 9.1 Accumulation functions
************************************************
************************************************
Subsection Area with a moving endpoint
************************************************

[565]
************************************************
Subsection \(A(x)=\DOTSI \intop \ilimits@ _a^x f(t)\,dt\)
************************************************

[566]
************************************************
Subsection Estimating the change in an accumulation function
************************************************

[567]
************************************************
Subsection The slope of accumulated area
************************************************

[568]
[569]
************************************************
Section 9.2 Fundamental Theorem, Part I
************************************************
************************************************
Subsection The derivative of an accumulation function
************************************************
************************************************
Subsection Continuity as the needed hypothesis
************************************************

[570]
[571]
************************************************
Subsection Geometric proof idea
************************************************
************************************************
Subsection Proof of Part I
************************************************

[572]
************************************************
Subsection Examples with variable upper limits
************************************************

[573]
[574]
************************************************
Subsection What Part I gives us
************************************************

[575]
************************************************
Section 9.3 Fundamental Theorem, Part II
************************************************
************************************************
Subsection Antiderivatives evaluate definite integrals
************************************************

[576]
[577]
************************************************
Subsection The statement of Part II
************************************************

[578]
************************************************
Subsection Proof of Part II
************************************************

[579]
************************************************
Subsection Why the interval hypothesis matters
************************************************

[580]
************************************************
Subsection The net change theorem
************************************************

[581]
************************************************
Subsection Position from velocity
************************************************

[582]
[583]
************************************************
Subsection Accumulated rate in science and economics
************************************************

[584]
************************************************
Section 9.4 Indefinite integrals
************************************************

[585]
************************************************
Subsection Antiderivative families
************************************************

[586]
************************************************
Subsection The constant of integration
************************************************

[587]
[588]
************************************************
Subsection Initial value problems
************************************************

[589]
************************************************
Subsection Basic antiderivative formulas
************************************************

[590]
[591]
************************************************
Subsection Linearity of indefinite integrals
************************************************

[592]
************************************************
Subsection When guessing is not enough
************************************************

[593]
************************************************
Section 9.5 Differential notation and oriented length
************************************************
************************************************
Subsection \(dx\) as an oriented step
************************************************

[594]
************************************************
Subsection \(f(x)\,dx\) as the thing being accumulated
************************************************

[595]
[596]
************************************************
Subsection Pulling an integrand through \(x=g(u)\)
************************************************

[597]
[598]
************************************************
Subsection The one-dimensional seed of differential forms
************************************************

[599]
[600]
************************************************
Subsection What the notation is allowed to do
************************************************
************************************************
Section 9.6 Warning examples
************************************************

[601]
************************************************
Subsection A discontinuity and the derivative of an accumulation function
************************************************

[602]
[603]
************************************************
Subsection Forgetting the new limits in substitution
************************************************

[604]
************************************************
Subsection Treating \(\DOTSI \intop \ilimits@ f(x)\,dx\) like multiplication
************************************************

[605]
[606]
************************************************
Subsection Confusing area with net signed area
************************************************

[607]
************************************************
Subsection What these warnings protect
************************************************

[608]
************************************************
Section 9.7 Chapter review and discovery problems
************************************************
************************************************
Subsection Chapter map
************************************************

[609]
************************************************
Subsection Skills: FTC and substitution
************************************************

[610]
[611]
[612]
[613]
************************************************
Subsection Concept checks
************************************************

[614]
[615]
************************************************
Subsection Warning checks
************************************************

[616]
************************************************
Subsection Proof practice: FTC Part I in a simple case
************************************************

[617]
************************************************
Subsection Project: reconstruct a function from its rate
************************************************

[618]
[619]
************************************************
Subsection Where this points
************************************************

[620]
************************************************
Part V Applications and Techniques of Integration
************************************************

[621]
[622]
************************************************
Chapter 10 What Integrals Measure
************************************************
Chapter 10.
************************************************
Section 10.1 Area between curves
************************************************
************************************************
Subsection Top minus bottom
************************************************

[623]
[624]
************************************************
Subsection Why we cannot skip the picture
************************************************

[625]
************************************************
Subsection Right minus left
************************************************

[626]
[627]
************************************************
Subsection Splitting at intersections
************************************************

[628]
************************************************
Subsection Area from data and graphs
************************************************

[629]
************************************************
Section 10.2 Volumes by slicing
************************************************
************************************************
Subsection Cross-sectional area as a function
************************************************

[630]
[631]
************************************************
Subsection Solids of revolution: disks and washers
************************************************

[632]
[633]
[634]
************************************************
Subsection Non-circular cross sections
************************************************

[635]
************************************************
Subsection Choosing the slicing direction
************************************************

[636]
************************************************
Subsection A slicing checklist
************************************************
************************************************
Subsection Where this points
************************************************

[637]
************************************************
Section 10.3 Cylindrical shells
************************************************
************************************************
Subsection A thin shell unwrapped
************************************************

[638]
************************************************
Subsection The shell method formula
************************************************

[639]
************************************************
Subsection When shells beat washers
************************************************

[640]
[641]
************************************************
Subsection Comparing two methods on the same solid
************************************************

[642]
************************************************
Subsection Shells around a horizontal axis
************************************************

[643]
[644]
************************************************
Section 10.4 Mass, density, and center of mass
************************************************
************************************************
Subsection Linear density and mass of a rod
************************************************

[645]
************************************************
Subsection Moments
************************************************

[646]
************************************************
Subsection Center of mass on a line
************************************************

[647]
[648]
************************************************
Subsection Uniform density as a check
************************************************

[649]
************************************************
Subsection A lamina preview by slices
************************************************

[650]
[651]
************************************************
Subsection What center of mass is measuring
************************************************

[652]
************************************************
Section 10.5 Work and energy
************************************************

[653]
************************************************
Subsection Constant force and variable force
************************************************

Overfull \hbox (1.02002pt too wide) detected at line 67927
[]

[654]
[655]
Overfull \hbox (2.95862pt too wide) in paragraph at lines 68083--68084
[] []\TU/lmr/bx/n/10 Signed work.[] \TU/lmr/m/n/10 Work can be negative. For mo
tion in the increasing $\OML/cmm/m/it/10 x$\TU/lmr/m/n/10 -direction,
************************************************
Subsection Springs and Hooke’s law
************************************************

[656]
[657]
************************************************
Subsection Lifting a chain
************************************************

[658]
[659]
************************************************
Subsection Pumping fluid from a tank
************************************************

[660]
[661]
[662]
************************************************
Subsection Energy stored by work
************************************************
************************************************
Section 10.6 Hydrostatic force
************************************************

[663]
************************************************
Subsection Pressure depends on depth
************************************************

[664]
************************************************
Subsection Force on a vertical plate
************************************************

[665]
************************************************
Subsection Choosing strips
************************************************

[666]
[667]
************************************************
Subsection Dams and windows
************************************************

[668]
[669]
[670]
************************************************
Subsection What hydrostatic force is measuring
************************************************

[671]
************************************************
Section 10.7 Average value and probability
************************************************
************************************************
Subsection Average value of a continuous function
************************************************

[672]
[673]
[674]
************************************************
Subsection The average value theorem for integrals
************************************************

[675]
************************************************
Subsection Probability density
************************************************

[676]
[677]
************************************************
Subsection Expected value
************************************************

[678]
[679]
************************************************
Subsection Normal distribution as a preview of non-elementary integrals
************************************************

[680]
************************************************
Section 10.8 Arc length and surface area of revolution
************************************************
************************************************
Subsection Arc length from small straight pieces
************************************************

[681]
[682]
************************************************
Subsection Arc length of a graph
************************************************

[683]
[684]
************************************************
Subsection Surface area by rotating a curve
************************************************

[685]
[686]
************************************************
Subsection Cone surface area from the integral
************************************************

[687]
************************************************
Subsection Sphere surface area from the integral
************************************************

[688]
************************************************
Subsection Why some natural lengths have no elementary antiderivative
************************************************

[689]
************************************************
Section 10.9 Chapter review and applications
************************************************
************************************************
Subsection The chapter in one table
************************************************

[690]
************************************************
Subsection Skills: choose the small piece
************************************************

[691]
************************************************
Subsection A decision guide
************************************************
************************************************
Subsection One region, several different questions
************************************************

[692]
[693]
[694]
************************************************
Subsection Concept checks
************************************************
************************************************
Subsection Practice: set up the integral
************************************************

[695]
[696]
************************************************
Subsection Project: compare volume methods
************************************************

[697]
************************************************
Subsection Project: work needed to pump out a real tank shape
************************************************

[698]
[699]
************************************************
Subsection Where this points
************************************************
************************************************
Chapter 11 Techniques of Integration
************************************************

[700]
Chapter 11.
************************************************
Section 11.1 Integration by parts
************************************************
************************************************
Subsection Reversing the product rule
************************************************

[701]
************************************************
Subsection Choosing \(u\) and \(dv\)
************************************************

[702]
[703]
[704]
************************************************
Subsection Repeated integration by parts
************************************************

[705]
************************************************
Subsection Definite integrals and boundary terms
************************************************

[706]
[707]
************************************************
Section 11.2 Trigonometric integrals
************************************************

[708]
************************************************
Subsection Powers of sine and cosine
************************************************

[709]
[710]
************************************************
Subsection Powers of tangent and secant
************************************************

[711]
[712]
[713]
[714]
************************************************
Subsection Product-to-sum identities
************************************************
************************************************
Subsection Strategy over memorization
************************************************

[715]
[716]
************************************************
Section 11.3 Trigonometric substitution
************************************************
************************************************
Subsection Square roots from circles and triangles
************************************************

[717]
[718]
************************************************
Subsection \(a^2-x^2\), \(a^2+x^2\), and \(x^2-a^2\)
************************************************

Overfull \hbox (0.54114pt too wide) in paragraph at lines 74675--74721
\TU/lmr/m/n/10 For $\OML/cmm/m/it/10 a > \OT1/cmr/m/n/10 0$\TU/lmr/m/n/10 , the
 three common square-root patterns match the three Pythagorean

[719]
[720]
[721]
[722]
************************************************
Subsection Returning to the original variable
************************************************

[723]
************************************************
Subsection Hyperbolic substitutions
************************************************

[724]
[725]
************************************************
Subsection Integrals and inverse hyperbolic functions
************************************************

[726]
************************************************
Section 11.4 Rational functions and partial fractions
************************************************

[727]
************************************************
Subsection Polynomial division
************************************************

[728]
************************************************
Subsection Distinct linear factors
************************************************

[729]
[730]
************************************************
Subsection Repeated linear factors
************************************************

[731]
************************************************
Subsection Irreducible quadratic factors
************************************************

[732]
[733]
************************************************
Subsection Completing the square
************************************************

[734]
************************************************
Subsection The partial fractions pattern
************************************************

[735]
[736]
[737]
************************************************
Section 11.5 Strategy for integration
************************************************
************************************************
Subsection Recognizing the structure of an integrand
************************************************

[738]
[739]
************************************************
Subsection Substitution first or parts first?
************************************************

[740]
[741]
************************************************
Subsection Algebraic simplification
************************************************

[742]
[743]
************************************************
Subsection A practical decision tree
************************************************

[744]
[745]
[746]
************************************************
Subsection When no elementary antiderivative exists
************************************************

[747]
************************************************
Subsection Strategy summary
************************************************

[748]
************************************************
Section 11.6 Computer algebra systems and integral tables
************************************************
************************************************
Subsection Checking without surrendering thought
************************************************

[749]
[750]
************************************************
Subsection Equivalent antiderivatives can look different
************************************************

[751]
[752]
************************************************
Subsection Branch and domain issues
************************************************

[753]
[754]
************************************************
Subsection Integral tables
************************************************

[755]
************************************************
Subsection Special functions born from integrals
************************************************

[756]
[757]
************************************************
Subsection Definite integrals and symbolic answers
************************************************
************************************************
Subsection A responsible workflow with tools
************************************************

[758]
************************************************
Section 11.7 Improper integrals
************************************************
************************************************
Subsection Infinite intervals
************************************************

[759]
[760]
[761]
************************************************
Subsection Infinite discontinuities
************************************************

[762]
[763]
************************************************
Subsection Convergence and divergence
************************************************

[764]
[765]
************************************************
Subsection Comparison tests for improper integrals
************************************************

[766]
[767]
[768]
[769]
************************************************
Subsection The \(p\)-integrals
************************************************

[770]
[771]
************************************************
Subsection Absolute and conditional convergence
************************************************

[772]
[773]
Underfull \hbox (badness 4378) in paragraph at lines 80568--80570
[][]\TU/lmr/bx/n/10 Checkpoint 11.7.28  Classify oscillatory integrals. []\TU/l
mr/m/n/10 Classify
************************************************
Section 11.8 Warning examples
************************************************
************************************************
Subsection An antiderivative exists formally but the improper integral diverges

************************************************

[774]
************************************************
Subsection Cancellation hides divergence
************************************************

[775]
************************************************
Subsection A CAS gives an antiderivative with the wrong domain
************************************************

[776]
[777]
************************************************
Subsection A trigonometric substitution triangle used outside its range
************************************************

Overfull \hbox (2.9705pt too wide) in paragraph at lines 81008--81008
|\TU/lmr/bx/n/12 A trigonometric substitution triangle used outside its range| 


[778]
************************************************
Section 11.9 Chapter review and discovery problems
************************************************

[779]
************************************************
Subsection The chapter in one map
************************************************

[780]
************************************************
Subsection Essential formulas and patterns
************************************************

[781]
[782]
************************************************
Subsection Concept check
************************************************

[783]
************************************************
Subsection Skills: choose the method
************************************************
************************************************
Subsection Mixed practice
************************************************

[784]
[785]
************************************************
Subsection Definite integrals
************************************************
************************************************
Subsection Improper integral practice
************************************************

[786]
************************************************
Subsection Warning review
************************************************

[787]
[788]
************************************************
Subsection Project: build an integration decision tree
************************************************
************************************************
Subsection Project: compare human and CAS antiderivatives
************************************************

[789]
************************************************
Subsection Challenge problems
************************************************

[790]
************************************************
Subsection Where this points
************************************************

[791]
************************************************
Chapter 12 Numerical Integration, Error, and Computation
************************************************

[792]
Chapter 12.
************************************************
Section 12.1 Why approximate integrals?
************************************************
************************************************
Subsection Data instead of formulas
************************************************

[793]
************************************************
Subsection Non-elementary antiderivatives
************************************************

[794]
************************************************
Subsection Speed versus accuracy
************************************************

[795]
************************************************
Subsection The role of error estimates
************************************************

[796]
************************************************
Section 12.2 Midpoint and trapezoidal rules
************************************************
************************************************
Subsection Geometry of the midpoint rule
************************************************

[797]
************************************************
Subsection Geometry of the trapezoidal rule
************************************************

[798]
************************************************
Subsection Composite rules
************************************************

[799]
************************************************
Subsection Example: approximating a non-elementary integral
************************************************

Overfull \hbox (0.72571pt too wide) in paragraph at lines 83122--83122
\OT1/cmr/m/n/10 1\OML/cmm/m/it/10 :\OT1/cmr/m/n/10 000000\OML/cmm/m/it/10 ;  f\
OT1/cmr/m/n/10 (0\OML/cmm/m/it/10 :\OT1/cmr/m/n/10 25) = 

Overfull \hbox (1.22571pt too wide) in paragraph at lines 83122--83122
\OT1/cmr/m/n/10 0\OML/cmm/m/it/10 :\OT1/cmr/m/n/10 939413\OML/cmm/m/it/10 ;  f\
OT1/cmr/m/n/10 (0\OML/cmm/m/it/10 :\OT1/cmr/m/n/10 50) = 

Overfull \hbox (1.22571pt too wide) in paragraph at lines 83122--83122
\OT1/cmr/m/n/10 0\OML/cmm/m/it/10 :\OT1/cmr/m/n/10 778801\OML/cmm/m/it/10 ;  f\
OT1/cmr/m/n/10 (0\OML/cmm/m/it/10 :\OT1/cmr/m/n/10 75) = 

[800]
************************************************
Subsection Error patterns from concavity
************************************************

[801]
[802]
************************************************
Subsection Error bounds
************************************************

[803]
[804]
[805]
************************************************
Section 12.3 Simpson’s Rule
************************************************
************************************************
Subsection Quadratic approximation on pairs of intervals
************************************************

[806]
[807]
[808]
************************************************
Subsection Composite Simpson’s Rule
************************************************

[809]
************************************************
Subsection Example: Simpson’s Rule for \(\DOTSI \intop \ilimits@ _0^1 e^{-x^2}\
,dx\)
************************************************

[810]
************************************************
Subsection Why Simpson’s Rule is often much better
************************************************

[811]
[812]
************************************************
Subsection Simpson error bound
************************************************

[813]
[814]
************************************************
Section 12.4 Numerical differentiation
************************************************

[815]
************************************************
Subsection Forward, backward, and centered differences
************************************************

[816]
************************************************
Subsection Truncation error
************************************************

Overfull \hbox (4.10307pt too wide) detected at line 84882
\OML/cmm/m/it/10 f\OT1/cmr/m/n/10 (\OML/cmm/m/it/10 a \OT1/cmr/m/n/10 + \OML/cm
m/m/it/10 s\OT1/cmr/m/n/10 ) = \OML/cmm/m/it/10 f\OT1/cmr/m/n/10 (\OML/cmm/m/it
/10 a\OT1/cmr/m/n/10 ) + \OML/cmm/m/it/10 f[]\OT1/cmr/m/n/10 (\OML/cmm/m/it/10 
a\OT1/cmr/m/n/10 )\OML/cmm/m/it/10 s \OT1/cmr/m/n/10 + []\OML/cmm/m/it/10 f[]\O
T1/cmr/m/n/10 (\OML/cmm/m/it/10 a\OT1/cmr/m/n/10 )\OML/cmm/m/it/10 s[] \OT1/cmr
/m/n/10 + \OML/cmm/m/it/10 R[]\OT1/cmr/m/n/10 (\OML/cmm/m/it/10 s\OT1/cmr/m/n/1
0 )\OML/cmm/m/it/10 ;  R[]\OT1/cmr/m/n/10 (\OML/cmm/m/it/10 s\OT1/cmr/m/n/10 ) 
= [] [][](\OML/cmm/m/it/10 s \OMS/cmsy/m/n/10 ^^@ \OML/cmm/m/it/10 t\OT1/cmr/m/
n/10 )[]\OML/cmm/m/it/10 f[]\OT1/cmr/m/n/10 (\OML/cmm/m/it/10 a \OT1/cmr/m/n/10
 + \OML/cmm/m/it/10 t\OT1/cmr/m/n/10 ) \OML/cmm/m/it/10 dt:

[817]
[818]
************************************************
Subsection Roundoff error
************************************************

[819]
************************************************
Subsection Why smaller \(h\) is not always better
************************************************

[820]
************************************************
Subsection Data, endpoints, and one-sided differences
************************************************
************************************************
Subsection Warning example: a difference quotient may hide a corner
************************************************

[821]
************************************************
Subsection Where this points
************************************************

[822]
************************************************
Section 12.5 Newton’s method revisited
************************************************
************************************************
Subsection Stopping criteria
************************************************

[823]
[824]
************************************************
Subsection Error estimates
************************************************

[825]
************************************************
Subsection The Newton step as an error estimate
************************************************

[826]
************************************************
Subsection Multiple roots
************************************************

[827]
[828]
************************************************
Subsection A first glimpse of chaotic iteration
************************************************

[829]
************************************************
Subsection A safe Newton workflow
************************************************

[830]
************************************************
Section 12.6 Computing experiments
************************************************
************************************************
Subsection Experiment 1: approximate \(\pi \) by integration
************************************************

[831]
[832]
************************************************
Subsection Experiment 2: estimate a probability from a density
************************************************

[833]
************************************************
Subsection Experiment 3: compare rules on smooth and rough functions
************************************************

[834]
[835]
************************************************
Subsection Experiment 4: build a small numerical-integration program
************************************************

[836]

LaTeX Font Warning: Font shape `TS1/Inconsolatazi4-Regular.otf(0)/m/n' undefine
d
(Font)              using `TS1/cmr/m/n' instead
(Font)              for symbol `textquotesingle' on input line 86741.


[837]
************************************************
Subsection A final computational habit
************************************************

[838]
************************************************
Section 12.7 Chapter review and discovery problems
************************************************
************************************************
Subsection Chapter map
************************************************

[839]

Package tcolorbox Warning: Using nobreak failed. Try to enlarge `lines before b
reak' or set page breaks manually on input line 86991.

************************************************
Subsection Essential formulas
************************************************

[840]
[841]
************************************************
Subsection Common mistakes
************************************************

[842]

Package tcolorbox Warning: Using nobreak failed. Try to enlarge `lines before b
reak' or set page breaks manually on input line 87301.

************************************************
Subsection Skills: numerical rules and error bounds
************************************************

[843]
[844]
[845]
[846]
************************************************
Subsection Concept check: exact value versus approximation
************************************************

[847]
************************************************
Subsection Discovery problems
************************************************

[848]
[849]
[850]
************************************************
Section 12.8 Additional topics: Richardson and Romberg methods
************************************************

Overfull \hbox (2.98628pt too wide) in paragraph at lines 87910--87910
|[]\TU/lmr/bx/n/14.4 Additional topics: Richardson and Romberg
************************************************
Subsection Cancel a leading error term
************************************************
************************************************
Subsection Repeated extrapolation of trapezoidal rules
************************************************

[851]
[852]
************************************************
Section 12.9 Additional topics: a complete adaptive quadrature algorithm
************************************************

Overfull \hbox (5.03108pt too wide) in paragraph at lines 88063--88063
|[]\TU/lmr/bx/n/14.4 Additional topics: a complete adaptive quad-
************************************************
Subsection Compare one panel with two
************************************************
************************************************
Subsection An implementation with explicit outcomes
************************************************

Overfull \hbox (5.03004pt too wide) in paragraph at lines 88101--88102
\TU/lmr/m/n/10 The following Python implementation assumes a finite-valued inte
grand through-

[853]
[854]
************************************************
Subsection Test cases and the limits of sampling
************************************************

[855]
************************************************
Part VI Differential Equations and Curves
************************************************

[856]
[857]
************************************************
Chapter 13 Differential Equations: Laws Written as Derivatives
************************************************
Chapter 13.
************************************************
Section 13.1 Modeling with differential equations
************************************************
************************************************
Subsection A law that gives a rate
************************************************

[858]
************************************************
Subsection Solution as an unknown function
************************************************

[859]
[860]
************************************************
Subsection Initial conditions
************************************************

[861]
[862]
************************************************
Subsection Checking a proposed solution
************************************************

[863]
************************************************
Section 13.2 Direction fields
************************************************

[864]
************************************************
Subsection Slope field as a picture of a differential equation
************************************************

[865]
************************************************
Subsection Equilibrium solutions
************************************************

[866]
************************************************
Subsection Qualitative behavior
************************************************

[867]
************************************************
Subsection Reading long-term behavior from the field
************************************************

[868]
[869]
************************************************
Section 13.3 Euler’s method
************************************************
************************************************
Subsection Following the slope field step by step
************************************************

[870]
[871]
[872]
************************************************
Subsection Step size and accumulated error
************************************************

[873]
************************************************
Subsection Improved Euler method
************************************************

[874]
[875]
************************************************
Subsection Numerical solutions as approximate functions
************************************************
************************************************
Section 13.4 Separable equations
************************************************
************************************************
Subsection Separating variables
************************************************

[876]
[877]
[878]
************************************************
Subsection Growth and decay revisited
************************************************

[879]
[880]
************************************************
Subsection Cooling and mixing
************************************************

[881]
[882]
[883]
************************************************
Subsection Implicit solutions
************************************************

[884]
[885]
[886]
************************************************
Section 13.5 Logistic and threshold models
************************************************
************************************************
Subsection Carrying capacity
************************************************

[887]
[888]
[889]
[890]
************************************************
Subsection Phase line
************************************************

[891]
[892]
[893]
************************************************
Subsection Stable and unstable equilibria
************************************************

[894]
[895]
************************************************
Subsection Harvesting and tipping points
************************************************

[896]
[897]
[898]
************************************************
Section 13.6 First-order linear equations
************************************************
************************************************
Subsection Standard form
************************************************

[899]
[900]
************************************************
Subsection Integrating factors
************************************************

[901]
[902]
************************************************
Subsection Mixing and finance examples
************************************************

[903]
[904]
[905]
[906]
************************************************
Subsection Why the integrating factor works
************************************************

[907]
[908]
[909]
************************************************
Section 13.7 Second-order equations and vibration
************************************************
************************************************
Subsection Simple harmonic motion
************************************************

[910]
[911]
************************************************
Subsection The equation \(y''+\omega ^2y=0\)
************************************************

[912]
[913]
[914]
************************************************
Subsection Damping
************************************************

[915]
[916]
************************************************
Subsection Driven oscillation and resonance
************************************************

[917]
[918]
************************************************
Section 13.8 Systems and interaction models
************************************************
************************************************
Subsection Two populations
************************************************

[919]
[920]
************************************************
Subsection Predator-prey equations as a picture
************************************************

[921]
[922]
[923]
************************************************
Subsection Why systems lead naturally to multivariable calculus
************************************************

[924]
[925]
************************************************
Section 13.9 Warning examples
************************************************
************************************************
Subsection A solution lost by dividing by zero
************************************************

[926]
[927]
[928]
************************************************
Subsection Euler’s method follows the wrong behavior with a large step
************************************************

[929]
[930]
************************************************
Subsection Same differential equation, different initial conditions
************************************************

[931]
[932]
************************************************
Subsection The three warnings together
************************************************
************************************************
Section 13.10 Chapter review and applications
************************************************

[933]
************************************************
Subsection Skills: solve and interpret first-order equations
************************************************

[934]
[935]
************************************************
Subsection Concept check
************************************************

[936]
************************************************
Subsection Skills practice
************************************************

[937]
[938]
************************************************
Subsection Interpretation and modeling practice
************************************************

[939]
************************************************
Subsection Project: model a cooling cup of coffee
************************************************

[940]
************************************************
Subsection Project: compare Euler approximations with exact solutions
************************************************

[941]
************************************************
Subsection A final map of the chapter
************************************************

[942]
************************************************
Section 13.11 Additional topics: Runge–Kutta methods
************************************************

[943]
************************************************
Subsection Two slopes and four slopes
************************************************
************************************************
Subsection Local error and accumulated error
************************************************

[944]
[945]
************************************************
Chapter 14 Parametric Curves, Polar Coordinates, and Conics
************************************************

[946]
Chapter 14.
************************************************
Section 14.1 Parametric curves
************************************************
************************************************
Subsection A curve as a moving point
************************************************

[947]
[948]
************************************************
Subsection Eliminating the parameter when possible
************************************************

[949]
************************************************
Subsection What elimination forgets
************************************************

[950]
[951]
************************************************
Subsection Different parametrizations of the same curve
************************************************
************************************************
Subsection Orientation and speed along a curve
************************************************

[952]
[953]
************************************************
Section 14.2 Calculus with parametric curves
************************************************
************************************************
Subsection Slope \(dy/dx\) from \(dx/dt\) and \(dy/dt\)
************************************************

[954]
[955]
************************************************
Subsection Horizontal and vertical tangents
************************************************

[956]
[957]
[958]
************************************************
Subsection Concavity
************************************************

[959]
[960]
************************************************
Subsection Motion in the plane as a bridge to vectors
************************************************

[961]
[962]
************************************************
Subsection What comes next
************************************************

[963]
************************************************
Section 14.3 Length and area for parametric curves
************************************************
************************************************
Subsection Arc length from speed
************************************************

[964]
[965]
[966]
************************************************
Subsection Surface area from a parametrized curve of revolution
************************************************

[967]
[968]
************************************************
Subsection Area enclosed by a parametric curve
************************************************

[969]
[970]
[971]
************************************************
Subsection Cycloids and rolling motion
************************************************

[972]
[973]
************************************************
Section 14.4 Polar coordinates
************************************************

[974]
************************************************
Subsection Distance and angle as coordinates
************************************************

[975]
************************************************
Subsection Converting between polar and Cartesian coordinates
************************************************

[976]
[977]
[978]
************************************************
Subsection Polar graphs
************************************************

[979]
[980]
************************************************
Subsection Circles, spirals, roses, and limacons
************************************************

[981]
[982]
[983]
************************************************
Section 14.5 Calculus in polar coordinates
************************************************
************************************************
Subsection Slope of a polar curve
************************************************

[984]
[985]
[986]
[987]
************************************************
Subsection Area in polar coordinates
************************************************

[988]
[989]
[990]
[991]
************************************************
Subsection Arc length in polar coordinates
************************************************

[992]
[993]
[994]
************************************************
Subsection Intersections and repeated tracing
************************************************

[995]
[996]
[997]
************************************************
Section 14.6 Conic sections
************************************************
************************************************
Subsection Parabolas, ellipses, and hyperbolas from focus and directrix
************************************************

[998]
[999]
************************************************
Subsection Standard equations
************************************************

[1000]
[1001]
[1002]
************************************************
Subsection Polar equations of conics
************************************************

[1003]
[1004]
[1005]
[1006]
************************************************
Subsection Eccentricity
************************************************

[1007]
************************************************
Section 14.7 Planetary motion as a capstone
************************************************

[1008]
************************************************
Subsection Ellipses in polar form
************************************************

[1009]
[1010]
************************************************
Subsection Kepler’s second law as swept area
************************************************

[1011]
[1012]
************************************************
Subsection Central force preview
************************************************

[1013]
************************************************
Subsection Why this belongs to multivariable calculus next
************************************************

[1014]
************************************************
Section 14.8 Complex numbers and polar form
************************************************
************************************************
Subsection Complex numbers as points in the plane
************************************************

[1015]
[1016]
************************************************
Subsection Multiplication as scaling and rotation
************************************************

[1017]
[1018]
************************************************
Subsection Euler’s formula preview
************************************************

[1019]
[1020]
************************************************
Subsection Oscillation written exponentially
************************************************

[1021]
[1022]
************************************************
Section 14.9 Warning examples
************************************************
************************************************
Subsection A parametrization stops even when the curve continues
************************************************

[1023]
************************************************
Subsection A polar curve traced twice
************************************************

[1024]
[1025]
************************************************
Subsection A tangent formula fails when both derivatives vanish
************************************************

[1026]
[1027]
************************************************
Subsection The chapter’s main cautions
************************************************

[1028]
************************************************
Section 14.10 Chapter review and projects
************************************************
************************************************
Subsection Chapter map
************************************************

[1029]

Package tcolorbox Warning: Using nobreak failed. Try to enlarge `lines before b
reak' or set page breaks manually on input line 106721.

************************************************
Subsection Essential formulas
************************************************

[1030]
[1031]
************************************************
Subsection Skills: parametric and polar calculus
************************************************

[1032]
************************************************
Subsection Review problems
************************************************

[1033]
[1034]
************************************************
Subsection Project: design a cycloid animation
************************************************

[1035]
************************************************
Subsection Project: compare polar and Cartesian descriptions of conics
************************************************

[1036]
[1037]
************************************************
Subsection The bridge to infinite series
************************************************

Overfull \hbox (11.68002pt too wide) detected at line 107537
[]

[1038]
************************************************
Part VII Infinite Processes and Approximation by Polynomials
************************************************

[1039]
[1040]
************************************************
Chapter 15 Sequences and Infinite Series
************************************************
Chapter 15.
************************************************
Section 15.1 Sequences
************************************************
************************************************
Subsection Lists with a rule
************************************************

[1041]
[1042]
************************************************
Subsection Convergence and divergence
************************************************

[1043]
[1044]
************************************************
Subsection Basic limit laws for sequences
************************************************

[1045]
[1046]
************************************************
Subsection Monotone bounded sequences
************************************************

[1047]
[1048]
************************************************
Subsection The Cauchy criterion: convergence without knowing the limit
************************************************

[1049]
************************************************
Subsection Recursive sequences and fixed points
************************************************

[1050]
[1051]
************************************************
Section 15.2 Infinite series
************************************************

[1052]
************************************************
Subsection Partial sums
************************************************

[1053]
************************************************
Subsection Series convergence as a sequence problem
************************************************

[1054]
************************************************
Subsection Geometric series
************************************************

[1055]
[1056]
[1057]
[1058]
************************************************
Subsection Telescoping series
************************************************

[1059]
[1060]
************************************************
Subsection What series add to calculus
************************************************

[1061]
************************************************
Subsection The Cauchy criterion for series
************************************************
************************************************
Section 15.3 The harmonic series and first warnings
************************************************
************************************************
Subsection Terms can go to zero while the series diverges
************************************************

[1062]
************************************************
Subsection A necessary condition for convergence
************************************************

[1063]
[1064]
************************************************
Subsection The harmonic series
************************************************
************************************************
Subsection Grouping terms to see divergence
************************************************

[1065]
[1066]
************************************************
Section 15.4 Positive series tests
************************************************

[1067]
************************************************
Subsection Integral test
************************************************

[1068]
[1069]
************************************************
Subsection Remainder estimates from the integral test
************************************************

[1070]
[1071]
************************************************
Subsection Direct comparison
************************************************

[1072]
[1073]
[1074]
************************************************
Subsection Limit comparison
************************************************

[1075]
[1076]
[1077]
************************************************
Subsection \(p\)-series
************************************************

[1078]
[1079]
************************************************
Section 15.5 Alternating series
************************************************
************************************************
Subsection A first alternating sum
************************************************

[1080]
************************************************
Subsection Alternating Series Test
************************************************

[1081]
[1082]
[1083]
************************************************
Subsection Why the hypotheses matter
************************************************

[1084]
************************************************
Subsection Alternating Series Estimation Theorem
************************************************

[1085]
[1086]
[1087]
************************************************
Subsection Conditional convergence
************************************************

[1088]
************************************************
Section 15.6 Absolute convergence and stronger tests
************************************************
************************************************
Subsection Absolute versus conditional convergence
************************************************

[1089]
[1090]
[1091]
************************************************
Subsection Ratio Test
************************************************

[1092]
[1093]
[1094]
************************************************
Subsection Root Test
************************************************

[1095]
[1096]
[1097]
************************************************
Subsection Dirichlet's and Abel's tests: controlled cancellation
************************************************

Overfull \hbox (0.30466pt too wide) in paragraph at lines 113466--113467
[] []\TU/lmr/bx/n/10 Summation by parts.[] \TU/lmr/m/n/10 For integers $\OML/cm
m/m/it/10 q \OMS/cmsy/m/n/10 ^^U \OML/cmm/m/it/10 p$\TU/lmr/m/n/10 , put $\OML/
cmm/m/it/10 A[] \OT1/cmr/m/n/10 = [][] \OML/cmm/m/it/10 a[]$ \TU/lmr/m/n/10 and
 $\OML/cmm/m/it/10 A[] \OT1/cmr/m/n/10 =

[1098]
Underfull \hbox (badness 1540) in paragraph at lines 113514--113516
[][]\TU/lmr/bx/n/10 Checkpoint 15.6.23  Select the cancellation test. []\TU/lmr
/m/n/10 Prove that
************************************************
Subsection Strategy for testing series
************************************************

[1099]
[1100]
[1101]
************************************************
Subsection Where this leads
************************************************
************************************************
Section 15.7 Rearrangement and the danger of infinity
************************************************
************************************************
Subsection Finite sums can be rearranged freely
************************************************

[1102]
************************************************
Subsection A rearranged alternating harmonic series
************************************************

[1103]
[1104]
************************************************
Subsection Why conditional convergence is fragile
************************************************
************************************************
Subsection The Riemann rearrangement idea
************************************************

[1105]
************************************************
Subsection Why absolute convergence is safer
************************************************

[1106]
************************************************
Section 15.8 Warning examples
************************************************

[1107]
************************************************
Subsection Terms tend to zero, but the series diverges
************************************************
************************************************
Subsection The Ratio Test can give no information
************************************************

[1108]
[1109]
************************************************
Subsection The Integral Test requires its hypotheses
************************************************

[1110]
************************************************
Subsection The Alternating Series Test requires decreasing term sizes
************************************************

[1111]
************************************************
Subsection The final checklist
************************************************

[1112]
************************************************
Section 15.9 Chapter review and discovery problems
************************************************
************************************************
Subsection The chapter in one picture
************************************************

[1113]
************************************************
Subsection Skills: choosing series tests
************************************************

[1114]
[1115]
[1116]
************************************************
Subsection Concept check
************************************************

[1117]
************************************************
Subsection Skills practice
************************************************

[1118]
[1119]
************************************************
Subsection Project: estimate sums with rigorous error bounds
************************************************

[1120]
************************************************
Subsection Computing: numerical partial sums can mislead
************************************************

[1121]
************************************************
Subsection Discovery problems
************************************************

[1122]
************************************************
Subsection Hook: some infinite sums are functions
************************************************

[1123]
************************************************
Section 15.10 Additional topics: contraction and fixed-point iteration
************************************************
************************************************
Subsection Distance, completeness, and contraction
************************************************
************************************************
Subsection The contraction theorem and its error estimates
************************************************

[1124]
Overfull \hbox (1.39113pt too wide) in paragraph at lines 116176--116177
[]\TU/lmr/m/n/10 If an implementation produces approximate steps $[]$ with $\OM
L/cmm/m/it/10 d\OT1/cmr/m/n/10 ([]\OML/cmm/m/it/10 ; T[]\OT1/cmr/m/n/10 ) \OMS/
cmsy/m/n/10 ^^T
************************************************
Subsection Choosing a useful iteration
************************************************

[1125]
************************************************
Chapter 16 Power Series, Taylor Polynomials, and Taylor Series
************************************************

[1126]
Chapter 16.
************************************************
Section 16.1 Power series
************************************************
************************************************
Subsection A polynomial with infinitely many terms
************************************************

[1127]
[1128]
************************************************
Subsection Center of a power series
************************************************

[1129]
************************************************
Subsection Radius and interval of convergence
************************************************

[1130]
[1131]
[1132]
************************************************
Subsection Endpoint testing
************************************************

[1133]
[1134]
************************************************
Section 16.2 Working with power series
************************************************
************************************************
Subsection Algebra of power series
************************************************

[1135]
[1136]
[1137]
************************************************
Subsection Differentiating power series
************************************************

[1138]
************************************************
Subsection Integrating power series
************************************************

[1139]
[1140]
************************************************
Subsection Why power series behave better than arbitrary series
************************************************

[1141]
[1142]
************************************************
Section 16.3 Representing functions by power series
************************************************
************************************************
Subsection Geometric series as the seed
************************************************

[1143]
************************************************
Subsection Series for \(\frac 1{1-x}\)
************************************************

[1144]
[1145]
[1146]
************************************************
Subsection Series for \(\ln (1+x)\)
************************************************

[1147]
[1148]
************************************************
Subsection Series for \(\arctan x\)
************************************************

[1149]
************************************************
Subsection Estimating \(\pi \) from a series
************************************************

[1150]
Overfull \hbox (7.35231pt too wide) detected at line 118789
[] \OT1/cmr/m/n/10 = [] + [] \OML/cmm/m/it/10 :
************************************************
Section 16.4 Taylor polynomials
************************************************

[1151]
************************************************
Subsection Matching value and derivatives
************************************************

[1152]
[1153]
************************************************
Subsection Linear, quadratic, and cubic approximations
************************************************

[1154]
************************************************
Subsection Taylor polynomial centered at \(a\)
************************************************

[1155]
[1156]
************************************************
Subsection Maclaurin polynomials
************************************************

[1157]
[1158]
************************************************
Section 16.5 Taylor’s theorem and remainders
************************************************
************************************************
Subsection The error term matters
************************************************

[1159]
************************************************
Subsection Lagrange form of the remainder
************************************************

[1160]
[1161]
[1162]
[1163]
************************************************
Subsection Proof idea for Taylor’s theorem
************************************************

[1164]
************************************************
Subsection Integral form of the remainder
************************************************

[1165]
************************************************
Subsection Alternating-series remainders as a special case
************************************************

[1166]
[1167]
************************************************
Section 16.6 Taylor series for elementary functions
************************************************
************************************************
Subsection \(e^x\)
************************************************

[1168]
[1169]
************************************************
Subsection \(\sin x\) and \(\cos x\)
************************************************

[1170]
Underfull \hbox (badness 1226) in paragraph at lines 121031--121032
\TU/lmr/bx/n/10 Hint\TU/lmr/m/n/10 .[] Factorials in the denominator overpower 
any fixed power of $\OML/cmm/m/it/10 x$\TU/lmr/m/n/10 .

[1171]
************************************************
Subsection \(\ln (1+x)\)
************************************************

[1172]
[1173]
************************************************
Subsection \(\arctan x\)
************************************************

[1174]
************************************************
Subsection Binomial series
************************************************

[1175]
[1176]
[1177]
************************************************
Subsection A table of common Taylor series
************************************************
************************************************
Section 16.7 Applications of Taylor series
************************************************

[1178]
************************************************
Subsection Estimating function values
************************************************

[1179]
[1180]
************************************************
Subsection Evaluating limits
************************************************

[1181]
[1182]
************************************************
Subsection Approximating integrals
************************************************

[1183]
[1184]
************************************************
Subsection Solving differential equations by series
************************************************

[1185]
[1186]
************************************************
Subsection Error bounds in applications
************************************************

[1187]
[1188]
************************************************
Section 16.8 Uniform convergence preview
************************************************
************************************************
Subsection Pointwise convergence of functions
************************************************

[1189]
[1190]
************************************************
Subsection Uniform convergence as one error bound for all points
************************************************

[1191]
[1192]
************************************************
Subsection Interchanging limits and integrals
************************************************

[1193]
[1194]
[1195]
************************************************
Subsection Why power series are trustworthy inside their radius
************************************************

[1196]
[1197]
************************************************
Section 16.9 Warning examples
************************************************

[1198]
************************************************
Subsection A Taylor series can converge but not to the function
************************************************

[1199]
************************************************
Subsection Endpoint behavior differs from interior behavior
************************************************

[1200]
[1201]
************************************************
Subsection Termwise operations can fail for arbitrary function series
************************************************

[1202]
[1203]
************************************************
Subsection A good local approximation can become bad far away
************************************************

[1204]
************************************************
Section 16.10 Chapter review and projects
************************************************
************************************************
Subsection Skills: power series and Taylor series
************************************************

[1205]
[1206]
[1207]
[1208]
************************************************
Subsection Project: build a sine calculator with error control
************************************************

[1209]
[1210]
************************************************
Subsection Project: compare Taylor approximations visually
************************************************

[1211]
[1212]
************************************************
Subsection Hook: the series for sine and cosine hide a rotating vector
************************************************

[1213]
************************************************
Section 16.11 Additional topics: the Weierstrass M-test
************************************************
************************************************
Subsection A numerical majorant controls a function series
************************************************

[1214]
************************************************
Subsection Examples, error bounds, and limitations
************************************************

Overfull \hbox (11.05498pt too wide) in paragraph at lines 125523--125528
\TU/lmr/m/n/10 terms $\OML/cmm/m/it/10 f[]\OT1/cmr/m/n/10 (\OML/cmm/m/it/10 x\O
T1/cmr/m/n/10 ) = (\OMS/cmsy/m/n/10 ^^@\OT1/cmr/m/n/10 1)[]/\OML/cmm/m/it/10 n$
 \TU/lmr/m/n/10 converges uniformly on any set, because the alternating-
************************************************
Part VIII Capstones and Bridges
************************************************

[1215]
[1216]
************************************************
Chapter 17 Complex Numbers, Fourier Ideas, and the Road Ahead
************************************************
Chapter 17.
************************************************
Section 17.1 Complex numbers and Euler’s formula
************************************************
************************************************
Subsection The complex plane
************************************************

[1217]
[1218]
************************************************
Subsection Polar form
************************************************

[1219]
[1220]
************************************************
Subsection Multiplication as rotation and scaling
************************************************

[1221]
[1222]
************************************************
Subsection Euler’s formula from Taylor series
************************************************

[1223]
[1224]
[1225]
************************************************
Subsection Why \(e^{it}\) is the natural language of oscillation
************************************************

[1226]
[1227]
************************************************
Section 17.2 Vibrations and second-order equations
************************************************
************************************************
Subsection The spring equation
************************************************

[1228]
[1229]
************************************************
Subsection Sine and cosine as natural motions
************************************************

[1230]
[1231]
[1232]
************************************************
Subsection Energy conservation
************************************************

[1233]
[1234]
[1235]
************************************************
Subsection Damping and forcing preview
************************************************

[1236]
[1237]
[1238]
************************************************
Section 17.3 Fourier series preview
************************************************
************************************************
Subsection Building a periodic function from waves
************************************************

[1239]
************************************************
Subsection Orthogonality of sine and cosine, geometrically
************************************************

[1240]
[1241]
[1242]
************************************************
Subsection Square waves and Gibbs phenomenon
************************************************

[1243]
[1244]
************************************************
Subsection Why Fourier series belong after Taylor series
************************************************

Overfull \hbox (9.46005pt too wide) detected at line 128655
[]

[1245]
************************************************
Section 17.4 The one-dimensional Stokes theorem
************************************************
************************************************
Subsection Boundary of an interval
************************************************

[1246]
************************************************
Subsection \(\DOTSI \intop \ilimits@ _a^b F'(x)\,dx=F(b)-F(a)\)
************************************************

[1247]
[1248]
************************************************
Subsection The FTC as a boundary theorem
************************************************

[1249]
[1250]
************************************************
Subsection Preview of line integrals and differential forms
************************************************

[1251]
************************************************
Section 17.5 Conservation laws in one dimension
************************************************

[1252]
************************************************
Subsection Density and flux on a line
************************************************

[1253]
************************************************
Subsection Accumulation inside an interval
************************************************

[1254]
************************************************
Subsection What crosses the boundary changes what is inside
************************************************

[1255]
[1256]
************************************************
Subsection Preview of divergence in multivariable calculus
************************************************

[1257]
[1258]
************************************************
Section 17.6 Least action and the shape of a path
************************************************
************************************************
Subsection From optimization of numbers to optimization of functions
************************************************

[1259]
************************************************
Subsection The brachistochrone problem
************************************************

[1260]
[1261]
[1262]
************************************************
Subsection A gentle first variation calculation
************************************************

[1263]
[1264]
************************************************
Subsection Why this is beyond ordinary single-variable calculus
************************************************

[1265]
[1266]
************************************************
Section 17.7 Final projects
************************************************
************************************************
Subsection Model, solve, and test a cooling law
************************************************

[1267]
[1268]
[1269]
************************************************
Subsection Approximate a difficult integral three ways
************************************************

[1270]
[1271]
************************************************
Subsection Build a Taylor-series calculator
************************************************

[1272]
[1273]
************************************************
Subsection Analyze a parametric curve from motion data
************************************************

Overfull \hbox (2.30891pt too wide) in paragraph at lines 131675--131684
[]\TU/lmr/m/n/10 A numerical implementation needs both efficient evaluation and
 documented

[1274]
[1275]
************************************************
Subsection Explain the FTC as the first boundary theorem
************************************************

[1276]
[1277]
Overfull \hbox (3.51201pt too wide) in paragraph at lines 132054--132055
[]\TU/lmr/m/n/10 In conservation laws, the amount inside changes because someth
ing crosses
************************************************
Subsection Closing note: what calculus has taught us
************************************************

[1278]
************************************************
Section 17.8 Additional topics: local existence and uniqueness
************************************************

Overfull \hbox (9.35107pt too wide) in paragraph at lines 132177--132177
|[]\TU/lmr/bx/n/14.4 Additional topics: local existence and unique-

[1279]
************************************************
Subsection A Lipschitz condition in the dependent variable
************************************************
************************************************
Subsection Proof by successive approximations
************************************************

[1280]
************************************************
Subsection What the hypotheses do and do not guarantee
************************************************

[1281]
[1282]
[1283]
************************************************
Appendix A Algebra and Inequalities Review
************************************************
Appendix A.
************************************************
Section A.1 Factoring and completing the square
************************************************
************************************************
Subsection Common factors
************************************************
************************************************
Subsection Special products
************************************************

[1284]
************************************************
Subsection Factoring quadratics
************************************************

[1285]
************************************************
Subsection Why factoring matters in limits
************************************************
************************************************
Subsection Completing the square
************************************************

[1286]
[1287]
************************************************
Subsection Quadratic formula
************************************************
************************************************
Section A.2 Rational expressions
************************************************

[1288]
************************************************
Subsection Canceling common factors
************************************************

[1289]
************************************************
Subsection Combining rational expressions
************************************************

[1290]
************************************************
Subsection Rationalizing
************************************************
************************************************
Section A.3 Exponents and radicals
************************************************
************************************************
Subsection Laws of exponents
************************************************

[1291]
************************************************
Subsection Negative and fractional exponents
************************************************

[1292]
************************************************
Subsection Radicals and conjugates
************************************************

[1293]
************************************************
Section A.4 Inequalities and absolute values
************************************************
************************************************
Subsection Rules for inequalities
************************************************

[1294]
************************************************
Subsection Sign charts
************************************************

[1295]
************************************************
Subsection Absolute value as distance
************************************************

[1296]
************************************************
Subsection Absolute value and limits
************************************************
************************************************
Section A.5 Sigma notation practice
************************************************
************************************************
Subsection Reading sigma notation
************************************************

[1297]
************************************************
Subsection Linearity of finite sums
************************************************

[1298]
************************************************
Subsection Basic sum formulas
************************************************

[1299]
************************************************
Subsection Changing the index
************************************************

[1300]
************************************************
Subsection Sigma notation and Riemann sums
************************************************

[1301]
************************************************
Section A.6 Practice problems
************************************************
************************************************
Subsection Factoring and completing the square
************************************************
************************************************
Subsection Rational expressions
************************************************

[1302]
************************************************
Subsection Exponents and radicals
************************************************
************************************************
Subsection Inequalities and absolute values
************************************************

[1303]
************************************************
Subsection Sigma notation
************************************************
************************************************
Subsection Answers to Appendix A practice problems
************************************************

[1304]
[1305]
[1306]
************************************************
Appendix B Coordinate Geometry
************************************************

[1307]
Appendix B.
************************************************
Section B.1 Lines
************************************************
************************************************
Subsection Slope
************************************************

[1308]
************************************************
Subsection Point-slope form
************************************************

[1309]
************************************************
Subsection Slope-intercept form
************************************************
************************************************
Subsection Line through two points
************************************************

[1310]
************************************************
Subsection General form
************************************************

[1311]
************************************************
Subsection Parallel and perpendicular lines
************************************************

[1312]
[1313]
************************************************
Section B.2 Circles
************************************************
************************************************
Subsection Equation of a circle
************************************************

[1314]
************************************************
Subsection Completing the square
************************************************

[1315]
************************************************
Subsection Disks and circle inequalities
************************************************
************************************************
Section B.3 Parabolas, ellipses, and hyperbolas
************************************************

[1316]
************************************************
Subsection Parabolas
************************************************

[1317]
************************************************
Subsection Focus and directrix form
************************************************

[1318]
************************************************
Subsection Ellipses
************************************************
************************************************
Subsection Hyperbolas
************************************************

[1319]
[1320]
[1321]
************************************************
Subsection Recognizing conics quickly
************************************************

[1322]
************************************************
Section B.4 Distance and midpoint formulas
************************************************
************************************************
Subsection Distance between two points
************************************************

[1323]
************************************************
Subsection Midpoint of a segment
************************************************
************************************************
Subsection A locus example: perpendicular bisectors
************************************************

[1324]
************************************************
Section B.5 Scaling and shifting graphs
************************************************
************************************************
Subsection Vertical and horizontal shifts
************************************************

[1325]
************************************************
Subsection Vertical scaling and reflection
************************************************
************************************************
Subsection Horizontal scaling and reflection
************************************************

[1326]
[1327]
************************************************
Subsection Transformations and domains
************************************************
************************************************
Subsection Transforming equations
************************************************

[1328]
************************************************
Section B.6 Practice problems
************************************************
************************************************
Subsection Lines
************************************************

[1329]
************************************************
Subsection Circles
************************************************
************************************************
Subsection Parabolas, ellipses, and hyperbolas
************************************************

[1330]
************************************************
Subsection Distance and midpoint
************************************************
************************************************
Subsection Scaling and shifting graphs
************************************************
************************************************
Subsection Answers to Appendix B practice problems
************************************************

[1331]
[1332]
[1333]
[1334]
[1335]
[1336]
[1337]
************************************************
Appendix C Trigonometry in Radians
************************************************

[1338]
Appendix C.
************************************************
Section C.1 Unit circle definitions
************************************************
************************************************
Subsection Radians and arc length
************************************************

[1339]
[1340]
************************************************
Subsection Sine and cosine from the unit circle
************************************************

[1341]
************************************************
Subsection Tangent, secant, cosecant, and cotangent
************************************************

[1342]
************************************************
Subsection Special angles
************************************************
************************************************
Subsection Periodicity and coterminal angles
************************************************

[1343]
************************************************
Subsection Graphs of sine and cosine
************************************************

[1344]
************************************************
Section C.2 Basic identities
************************************************
************************************************
Subsection Reciprocal and quotient identities
************************************************
************************************************
Subsection Pythagorean identities
************************************************

[1345]
[1346]
************************************************
Subsection Even and odd identities
************************************************
************************************************
Subsection Using identities carefully
************************************************

[1347]
************************************************
Section C.3 Addition formulas
************************************************
************************************************
Subsection Cosine of a difference
************************************************

[1348]
************************************************
Subsection Sine and cosine addition formulas
************************************************

[1349]
[1350]
************************************************
Subsection Tangent addition formulas
************************************************
************************************************
Subsection Double-angle and half-angle identities
************************************************

[1351]
Overfull \hbox (5.00607pt too wide) in paragraph at lines 140000--140001
[]\TU/lmr/m/n/10 Solving these last two formulas for $[][] \OML/cmm/m/it/10 x$ 
\TU/lmr/m/n/10 and $[][] \OML/cmm/m/it/10 x$ \TU/lmr/m/n/10 gives the power-red
uction
************************************************
Subsection Product-to-sum identities
************************************************

[1352]
************************************************
Section C.4 Inverse trigonometric functions
************************************************
************************************************
Subsection Why restrictions are needed
************************************************

[1353]
************************************************
Subsection Arcsine, arccosine, and arctangent
************************************************

[1354]
************************************************
Subsection Compositions with inverse trigonometric functions
************************************************

[1355]
[1356]
************************************************
Section C.5 Trigonometric equations
************************************************
************************************************
Subsection Solving by the unit circle
************************************************

[1357]
************************************************
Subsection Solving after using identities
************************************************

[1358]
************************************************
Subsection Avoiding lost or extra solutions
************************************************

[1359]
[1360]
************************************************
Section C.6 Practice problems
************************************************
************************************************
Subsection Unit circle definitions
************************************************
************************************************
Subsection Basic identities
************************************************

[1361]
************************************************
Subsection Addition formulas
************************************************
************************************************
Subsection Inverse trigonometric functions
************************************************

[1362]
************************************************
Subsection Trigonometric equations
************************************************

[1363]
************************************************
Subsection Answers to Appendix C practice problems
************************************************

[1364]
[1365]
[1366]
[1367]
************************************************
Appendix D Proofs and Completeness
************************************************

[1368]
Appendix D.
************************************************
Section D.1 The Least Upper Bound Property
************************************************
************************************************
Subsection Upper bounds and least upper bounds
************************************************

[1369]
************************************************
Subsection The completeness axiom
************************************************

[1370]
************************************************
Subsection The approximation property of the supremum
************************************************

[1371]
************************************************
Subsection Greatest lower bounds
************************************************

[1372]
************************************************
Section D.2 The Monotone Convergence Theorem
************************************************
************************************************
Subsection Monotone sequences
************************************************

[1373]
************************************************
Subsection The theorem
************************************************

[1374]
************************************************
Subsection Why the hypotheses matter
************************************************

[1375]
************************************************
Subsection Nested intervals
************************************************

[1376]
************************************************
Section D.3 Bolzano’s Theorem and Bisection
************************************************
************************************************
Subsection Bolzano’s theorem
************************************************

[1377]
************************************************
Subsection Proof by bisection
************************************************

[1378]
************************************************
Subsection Bisection error
************************************************

[1379]
************************************************
Subsection Why continuity matters
************************************************

[1380]
************************************************
Section D.4 The Extreme Value Theorem: Proof Outline
************************************************
************************************************
Subsection Statement of the theorem
************************************************
************************************************
Subsection Why the function is bounded
************************************************

[1381]
************************************************
Subsection Why the maximum is reached
************************************************

[1382]
************************************************
Subsection Why the hypotheses matter
************************************************

[1383]
************************************************
Section D.5 Uniform Continuity on Closed Intervals
************************************************
************************************************
Subsection Pointwise continuity versus uniform continuity
************************************************

[1384]
************************************************
Subsection A simple uniform continuity estimate
************************************************

[1385]
************************************************
Subsection A continuous function that is not uniformly continuous
************************************************
************************************************
Subsection The theorem on closed intervals
************************************************

[1386]
************************************************
Subsection Finite covering lemma
************************************************
************************************************
Subsection Proof of uniform continuity
************************************************

[1387]
************************************************
Section D.6 Practice problems
************************************************
************************************************
Subsection Least upper bounds
************************************************

[1388]
************************************************
Subsection Monotone convergence
************************************************
************************************************
Subsection Bolzano’s theorem and bisection
************************************************

[1389]
************************************************
Subsection Extreme Value Theorem
************************************************
************************************************
Subsection Uniform continuity
************************************************

[1390]
************************************************
Subsection Answers to Appendix D practice problems
************************************************

[1391]
[1392]
[1393]
[1394]
[1395]
[1396]
************************************************
Appendix E Technology Notes
************************************************

[1397]
Appendix E.
************************************************
Section E.1 Graphing windows
************************************************
************************************************
Subsection A window is a mathematical choice
************************************************

[1398]
************************************************
Subsection A graph can hide a hole
************************************************

[1399]
************************************************
Subsection A graph can hide a sharp feature
************************************************
************************************************
Subsection A graphing checklist
************************************************

[1400]
************************************************
Section E.2 Numerical precision and roundoff
************************************************
************************************************
Subsection Exact arithmetic and floating-point arithmetic
************************************************
************************************************
Subsection Subtraction can magnify relative error
************************************************

[1401]
************************************************
Subsection Roundoff versus truncation
************************************************

[1402]
************************************************
Subsection Residuals and step sizes
************************************************

[1403]
************************************************
Section E.3 Calculator and CAS syntax
************************************************
************************************************
Subsection Common syntax translations
************************************************
************************************************
Subsection Parentheses are part of the mathematics
************************************************

[1404]
************************************************
Subsection Radians versus degrees
************************************************
************************************************
Subsection Exact and approximate answers
************************************************

[1405]
************************************************
Subsection CAS answers need interpretation
************************************************

[1406]
************************************************
Section E.4 Simple Python experiments for calculus
************************************************
************************************************
Subsection Experiment 1: difference quotients
************************************************

[1407]
************************************************
Subsection Experiment 2: bisection for a root
************************************************
************************************************
Subsection Experiment 3: midpoint rule for an integral
************************************************

[1408]
************************************************
Subsection Experiment 4: Euler’s method
************************************************

[1409]
************************************************
Subsection Experiment 5: Newton’s method
************************************************

[1410]
************************************************
Section E.5 Plotting sequences, sums, and Taylor polynomials
************************************************
************************************************
Subsection Plotting a sequence
************************************************

[1411]
************************************************
Subsection Plotting partial sums
************************************************

[1412]
************************************************
Subsection Plotting Taylor polynomials
************************************************

[1413]
************************************************
Subsection A Taylor-series calculator
************************************************

[1414]
************************************************
Section E.6 Practice problems
************************************************
************************************************
Subsection Graphing windows
************************************************
************************************************
Subsection Numerical precision and roundoff
************************************************

[1415]
************************************************
Subsection Calculator and CAS syntax
************************************************

[1416]
************************************************
Subsection Simple Python experiments
************************************************
************************************************
Subsection Plotting sequences, sums, and Taylor polynomials
************************************************

[1417]
************************************************
Subsection Answers to Appendix E practice problems
************************************************

[1418]
[1419]
[1420]
[1421]
[1422]
************************************************
Appendix F Tables
************************************************

[1423]
Appendix F.
************************************************
Section F.1 Derivative formulas
************************************************
************************************************
Subsection General differentiation rules
************************************************

[1424]
************************************************
Subsection Elementary derivatives
************************************************
************************************************
Subsection Trigonometric derivatives
************************************************

[1425]

Package tcolorbox Warning: Using nobreak failed. Try to enlarge `lines before b
reak' or set page breaks manually on input line 147455.

************************************************
Subsection Inverse trigonometric derivatives
************************************************
************************************************
Subsection Second derivative reminders
************************************************
************************************************
Section F.2 Integral formulas
************************************************

[1426]
************************************************
Subsection General integral rules
************************************************
************************************************
Subsection Basic antiderivatives
************************************************

[1427]
************************************************
Subsection Trigonometric antiderivatives
************************************************
************************************************
Subsection Inverse trigonometric forms
************************************************

[1428]
************************************************
Subsection Trigonometric substitution patterns
************************************************
************************************************
Subsection Partial fraction patterns
************************************************
************************************************
Section F.3 Common Taylor series
************************************************

[1429]
************************************************
Subsection Taylor polynomial and remainder
************************************************
************************************************
Subsection Maclaurin series
************************************************

[1430]
************************************************
Subsection Series shifted from zero
************************************************

[1431]
************************************************
Section F.4 Series tests
************************************************
************************************************
Subsection Basic comparison and structure tests
************************************************
************************************************
Subsection Integral, alternating, ratio, and root tests
************************************************

[1432]
************************************************
Subsection Power series convergence
************************************************

[1433]
************************************************
Section F.5 Numerical integration rules
************************************************
************************************************
Subsection Rectangle, midpoint, trapezoidal, and Simpson rules
************************************************

[1434]
************************************************
Subsection Error bounds
************************************************
************************************************
Subsection Monotonicity and concavity checks
************************************************
************************************************
Subsection Choosing a numerical rule
************************************************

[1435]

Package tcolorbox Warning: Using nobreak failed. Try to enlarge `lines before b
reak' or set page breaks manually on input line 148639.


[1436]
[1437] (main.aux)

LaTeX Font Warning: Some font shapes were not available, defaults substituted.

 )
(see the transcript file for additional information)
Output written on main.pdf (1448 pages).
Transcript written on main.log.
Removing temporary directory C:\Users\cyril\AppData\Local\Temp\ptx-vronl438
[33mwarning: [0mFailed to remove temporary directories, starting with C:\Users\cyril\AppData\Local\Temp\ptx-vronl438 (and maybe some others): [WinError 5] Access is denied: 'C:\\Users\\cyril\\AppData\\Local\\Temp\\ptx-vronl438\\external\\images'

Finished build for target print. The output is in D:\work\sabbatical\2025\Books\SV-Calculus\output\print.


Success!  Built requested target(s) without errors.


