Version 2.55.0 of pretext is available.  You are currently using version 2.53.0.
To upgrade, run `pretext upgrade`.
PreTeXt project found in `D:\work\sabbatical\2025\Books\SV-Calculus`.
[33mwarning: [0mUsing CLI version 2.53.0 but project's `requirements.txt`
[33mwarning: [0mis configured to use 2.49.1. Consider either installing
[33mwarning: [0mCLI version 2.49.1 or running `pretext update-project`
[33mwarning: [0mto update `requirements.txt` and other managed files to match 2.53.0.
Since no target was supplied, we will use "web".

Generating any needed assets.
XSL conversion of D:\work\sabbatical\2025\Books\SV-Calculus\source\main.ptx by C:\Users\cyril\.ptx\2.53.0\core\xsl\utilities\pretext-enhanced-source.xsl
messages from the log for XSL processing (prefaced with a *):
[33mwarning: [0m* PTX:DEPRECATE: (2026-07-30) the external directory is a property of your source, and is now declared with a "directories/@external" attribute within "docinfo".  The publication file entry "source/directories/@external" is honored meanwhile, but please relocate it.
successful application of C:\Users\cyril\.ptx\2.53.0\core\xsl\utilities\pretext-enhanced-source.xsl
discovering source file's directory name: D:\work\sabbatical\2025\Books\SV-Calculus\source
[33mwarning: [0m(2026-07-30) the external directory is a property of your source, and is now declared with a "directories/@external" attribute within "docinfo". The publisher file entry "source/directories/@external" is honored meanwhile, but please relocate it.
verifying and expanding input directory: D:\work\sabbatical\2025\Books\SV-Calculus\source\../assets
input directory expanded to absolute path: D:\work\sabbatical\2025\Books\SV-Calculus\assets
[33mwarning: [0mNow generating latex images
converting latex-image pictures from D:\work\sabbatical\2025\Books\SV-Calculus\source\main.ptx to svg graphics for placement in D:\work\sabbatical\2025\Books\SV-Calculus\generated-assets\latex-image
extracting latex-image pictures from D:\work\sabbatical\2025\Books\SV-Calculus\source\main.ptx
string parameters passed to extraction stylesheet: {'publisher': 'D:/work/sabbatical/2025/Books/SV-Calculus/publication/publication.ptx'}
discovering source file's directory name: D:\work\sabbatical\2025\Books\SV-Calculus\source
[33mwarning: [0m(2026-07-30) the external directory is a property of your source, and is now declared with a "directories/@external" attribute within "docinfo". The publisher file entry "source/directories/@external" is honored meanwhile, but please relocate it.
verifying and expanding input directory: D:\work\sabbatical\2025\Books\SV-Calculus\source\../assets
input directory expanded to absolute path: D:\work\sabbatical\2025\Books\SV-Calculus\assets
discovering source file's directory name: D:\work\sabbatical\2025\Books\SV-Calculus\source
XSL conversion of D:\work\sabbatical\2025\Books\SV-Calculus\source\main.ptx by C:\Users\cyril\.ptx\2.53.0\core\xsl\extract-latex-image.xsl
messages from the log for XSL processing (prefaced with a *):
[33mwarning: [0m* PTX:DEPRECATE: (2026-07-30) the external directory is a property of your source, and is now declared with a "directories/@external" attribute within "docinfo".  The publication file entry "source/directories/@external" is honored meanwhile, but please relocate it.
successful application of C:\Users\cyril\.ptx\2.53.0\core\xsl\extract-latex-image.xsl
converting fig-absolute-value-continuous-not-differentiable-2.tex to fig-absolute-value-continuous-not-differentiable-2.pdf
cropping fig-absolute-value-continuous-not-differentiable-2.pdf to cropped-fig-absolute-value-continuous-not-differentiable-2.pdf
renaming cropped-fig-absolute-value-continuous-not-differentiable-2.pdf to fig-absolute-value-continuous-not-differentiable-2.pdf
converting fig-absolute-value-continuous-not-differentiable-2.pdf to fig-absolute-value-continuous-not-differentiable-2.svg
converting fig-absolute-value-critical-2.tex to fig-absolute-value-critical-2.pdf
cropping fig-absolute-value-critical-2.pdf to cropped-fig-absolute-value-critical-2.pdf
renaming cropped-fig-absolute-value-critical-2.pdf to fig-absolute-value-critical-2.pdf
converting fig-absolute-value-critical-2.pdf to fig-absolute-value-critical-2.svg
converting fig-absolute-value-distance-appendix-2.tex to fig-absolute-value-distance-appendix-2.pdf
cropping fig-absolute-value-distance-appendix-2.pdf to cropped-fig-absolute-value-distance-appendix-2.pdf
renaming cropped-fig-absolute-value-distance-appendix-2.pdf to fig-absolute-value-distance-appendix-2.pdf
converting fig-absolute-value-distance-appendix-2.pdf to fig-absolute-value-distance-appendix-2.svg
converting fig-absolute-value-motion-warning-2.tex to fig-absolute-value-motion-warning-2.pdf
cropping fig-absolute-value-motion-warning-2.pdf to cropped-fig-absolute-value-motion-warning-2.pdf
renaming cropped-fig-absolute-value-motion-warning-2.pdf to fig-absolute-value-motion-warning-2.pdf
converting fig-absolute-value-motion-warning-2.pdf to fig-absolute-value-motion-warning-2.svg
converting fig-absolute-value-neighborhood-2.tex to fig-absolute-value-neighborhood-2.pdf
cropping fig-absolute-value-neighborhood-2.pdf to cropped-fig-absolute-value-neighborhood-2.pdf
renaming cropped-fig-absolute-value-neighborhood-2.pdf to fig-absolute-value-neighborhood-2.pdf
converting fig-absolute-value-neighborhood-2.pdf to fig-absolute-value-neighborhood-2.svg
converting fig-absolute-value-no-derivative-2.tex to fig-absolute-value-no-derivative-2.pdf
cropping fig-absolute-value-no-derivative-2.pdf to cropped-fig-absolute-value-no-derivative-2.pdf
renaming cropped-fig-absolute-value-no-derivative-2.pdf to fig-absolute-value-no-derivative-2.pdf
converting fig-absolute-value-no-derivative-2.pdf to fig-absolute-value-no-derivative-2.svg
converting fig-accumulation-change-strip-2.tex to fig-accumulation-change-strip-2.pdf
cropping fig-accumulation-change-strip-2.pdf to cropped-fig-accumulation-change-strip-2.pdf
renaming cropped-fig-accumulation-change-strip-2.pdf to fig-accumulation-change-strip-2.pdf
converting fig-accumulation-change-strip-2.pdf to fig-accumulation-change-strip-2.svg
converting fig-accumulation-moving-endpoint-hook-2.tex to fig-accumulation-moving-endpoint-hook-2.pdf
cropping fig-accumulation-moving-endpoint-hook-2.pdf to cropped-fig-accumulation-moving-endpoint-hook-2.pdf
renaming cropped-fig-accumulation-moving-endpoint-hook-2.pdf to fig-accumulation-moving-endpoint-hook-2.pdf
converting fig-accumulation-moving-endpoint-hook-2.pdf to fig-accumulation-moving-endpoint-hook-2.svg
converting fig-additivity-over-intervals-2.tex to fig-additivity-over-intervals-2.pdf
cropping fig-additivity-over-intervals-2.pdf to cropped-fig-additivity-over-intervals-2.pdf
renaming cropped-fig-additivity-over-intervals-2.pdf to fig-additivity-over-intervals-2.pdf
converting fig-additivity-over-intervals-2.pdf to fig-additivity-over-intervals-2.svg
converting fig-alternating-harmonic-partial-sums-2.tex to fig-alternating-harmonic-partial-sums-2.pdf
cropping fig-alternating-harmonic-partial-sums-2.pdf to cropped-fig-alternating-harmonic-partial-sums-2.pdf
renaming cropped-fig-alternating-harmonic-partial-sums-2.pdf to fig-alternating-harmonic-partial-sums-2.pdf
converting fig-alternating-harmonic-partial-sums-2.pdf to fig-alternating-harmonic-partial-sums-2.svg
converting fig-angle-height-sensitivity-2.tex to fig-angle-height-sensitivity-2.pdf
cropping fig-angle-height-sensitivity-2.pdf to cropped-fig-angle-height-sensitivity-2.pdf
renaming cropped-fig-angle-height-sensitivity-2.pdf to fig-angle-height-sensitivity-2.pdf
converting fig-angle-height-sensitivity-2.pdf to fig-angle-height-sensitivity-2.svg
converting fig-antiderivative-family-shifts-2.tex to fig-antiderivative-family-shifts-2.pdf
cropping fig-antiderivative-family-shifts-2.pdf to cropped-fig-antiderivative-family-shifts-2.pdf
renaming cropped-fig-antiderivative-family-shifts-2.pdf to fig-antiderivative-family-shifts-2.pdf
converting fig-antiderivative-family-shifts-2.pdf to fig-antiderivative-family-shifts-2.svg
converting fig-appendix-arcsin-graph-2.tex to fig-appendix-arcsin-graph-2.pdf
cropping fig-appendix-arcsin-graph-2.pdf to cropped-fig-appendix-arcsin-graph-2.pdf
renaming cropped-fig-appendix-arcsin-graph-2.pdf to fig-appendix-arcsin-graph-2.pdf
converting fig-appendix-arcsin-graph-2.pdf to fig-appendix-arcsin-graph-2.svg
converting fig-appendix-circle-center-radius-2.tex to fig-appendix-circle-center-radius-2.pdf
cropping fig-appendix-circle-center-radius-2.pdf to cropped-fig-appendix-circle-center-radius-2.pdf
renaming cropped-fig-appendix-circle-center-radius-2.pdf to fig-appendix-circle-center-radius-2.pdf
converting fig-appendix-circle-center-radius-2.pdf to fig-appendix-circle-center-radius-2.svg
converting fig-appendix-distance-formula-2.tex to fig-appendix-distance-formula-2.pdf
cropping fig-appendix-distance-formula-2.pdf to cropped-fig-appendix-distance-formula-2.pdf
renaming cropped-fig-appendix-distance-formula-2.pdf to fig-appendix-distance-formula-2.pdf
converting fig-appendix-distance-formula-2.pdf to fig-appendix-distance-formula-2.svg
converting fig-appendix-ellipse-standard-2.tex to fig-appendix-ellipse-standard-2.pdf
cropping fig-appendix-ellipse-standard-2.pdf to cropped-fig-appendix-ellipse-standard-2.pdf
renaming cropped-fig-appendix-ellipse-standard-2.pdf to fig-appendix-ellipse-standard-2.pdf
converting fig-appendix-ellipse-standard-2.pdf to fig-appendix-ellipse-standard-2.svg
converting fig-appendix-hyperbola-asymptotes-2.tex to fig-appendix-hyperbola-asymptotes-2.pdf
cropping fig-appendix-hyperbola-asymptotes-2.pdf to cropped-fig-appendix-hyperbola-asymptotes-2.pdf
renaming cropped-fig-appendix-hyperbola-asymptotes-2.pdf to fig-appendix-hyperbola-asymptotes-2.pdf
converting fig-appendix-hyperbola-asymptotes-2.pdf to fig-appendix-hyperbola-asymptotes-2.svg
converting fig-appendix-line-intercepts-2.tex to fig-appendix-line-intercepts-2.pdf
cropping fig-appendix-line-intercepts-2.pdf to cropped-fig-appendix-line-intercepts-2.pdf
renaming cropped-fig-appendix-line-intercepts-2.pdf to fig-appendix-line-intercepts-2.pdf
converting fig-appendix-line-intercepts-2.pdf to fig-appendix-line-intercepts-2.svg
converting fig-appendix-parabola-shift-2.tex to fig-appendix-parabola-shift-2.pdf
cropping fig-appendix-parabola-shift-2.pdf to cropped-fig-appendix-parabola-shift-2.pdf
renaming cropped-fig-appendix-parabola-shift-2.pdf to fig-appendix-parabola-shift-2.pdf
converting fig-appendix-parabola-shift-2.pdf to fig-appendix-parabola-shift-2.svg
converting fig-appendix-parabola-vertex-form-2.tex to fig-appendix-parabola-vertex-form-2.pdf
cropping fig-appendix-parabola-vertex-form-2.pdf to cropped-fig-appendix-parabola-vertex-form-2.pdf
renaming cropped-fig-appendix-parabola-vertex-form-2.pdf to fig-appendix-parabola-vertex-form-2.pdf
converting fig-appendix-parabola-vertex-form-2.pdf to fig-appendix-parabola-vertex-form-2.svg
converting fig-appendix-sine-cosine-coordinates-2.tex to fig-appendix-sine-cosine-coordinates-2.pdf
cropping fig-appendix-sine-cosine-coordinates-2.pdf to cropped-fig-appendix-sine-cosine-coordinates-2.pdf
renaming cropped-fig-appendix-sine-cosine-coordinates-2.pdf to fig-appendix-sine-cosine-coordinates-2.pdf
converting fig-appendix-sine-cosine-coordinates-2.pdf to fig-appendix-sine-cosine-coordinates-2.svg
converting fig-appendix-sine-cosine-graphs-2.tex to fig-appendix-sine-cosine-graphs-2.pdf
cropping fig-appendix-sine-cosine-graphs-2.pdf to cropped-fig-appendix-sine-cosine-graphs-2.pdf
renaming cropped-fig-appendix-sine-cosine-graphs-2.pdf to fig-appendix-sine-cosine-graphs-2.pdf
converting fig-appendix-sine-cosine-graphs-2.pdf to fig-appendix-sine-cosine-graphs-2.svg
converting fig-appendix-slope-rise-run-2.tex to fig-appendix-slope-rise-run-2.pdf
cropping fig-appendix-slope-rise-run-2.pdf to cropped-fig-appendix-slope-rise-run-2.pdf
renaming cropped-fig-appendix-slope-rise-run-2.pdf to fig-appendix-slope-rise-run-2.pdf
converting fig-appendix-slope-rise-run-2.pdf to fig-appendix-slope-rise-run-2.svg
converting fig-appendix-sqrt-shift-2.tex to fig-appendix-sqrt-shift-2.pdf
cropping fig-appendix-sqrt-shift-2.pdf to cropped-fig-appendix-sqrt-shift-2.pdf
renaming cropped-fig-appendix-sqrt-shift-2.pdf to fig-appendix-sqrt-shift-2.pdf
converting fig-appendix-sqrt-shift-2.pdf to fig-appendix-sqrt-shift-2.svg
converting fig-appendix-unit-circle-arc-2.tex to fig-appendix-unit-circle-arc-2.pdf
cropping fig-appendix-unit-circle-arc-2.pdf to cropped-fig-appendix-unit-circle-arc-2.pdf
renaming cropped-fig-appendix-unit-circle-arc-2.pdf to fig-appendix-unit-circle-arc-2.pdf
converting fig-appendix-unit-circle-arc-2.pdf to fig-appendix-unit-circle-arc-2.svg
converting fig-arc-length-polygonal-2.tex to fig-arc-length-polygonal-2.pdf
cropping fig-arc-length-polygonal-2.pdf to cropped-fig-arc-length-polygonal-2.pdf
renaming cropped-fig-arc-length-polygonal-2.pdf to fig-arc-length-polygonal-2.pdf
converting fig-arc-length-polygonal-2.pdf to fig-arc-length-polygonal-2.svg
converting fig-arcsin-reflection-2.tex to fig-arcsin-reflection-2.pdf
cropping fig-arcsin-reflection-2.pdf to cropped-fig-arcsin-reflection-2.pdf
renaming cropped-fig-arcsin-reflection-2.pdf to fig-arcsin-reflection-2.pdf
converting fig-arcsin-reflection-2.pdf to fig-arcsin-reflection-2.svg
converting fig-area-line-parabola-2.tex to fig-area-line-parabola-2.pdf
cropping fig-area-line-parabola-2.pdf to cropped-fig-area-line-parabola-2.pdf
renaming cropped-fig-area-line-parabola-2.pdf to fig-area-line-parabola-2.pdf
converting fig-area-line-parabola-2.pdf to fig-area-line-parabola-2.svg
converting fig-area-moving-endpoint-line-2.tex to fig-area-moving-endpoint-line-2.pdf
cropping fig-area-moving-endpoint-line-2.pdf to cropped-fig-area-moving-endpoint-line-2.pdf
renaming cropped-fig-area-moving-endpoint-line-2.pdf to fig-area-moving-endpoint-line-2.pdf
converting fig-area-moving-endpoint-line-2.pdf to fig-area-moving-endpoint-line-2.svg
converting fig-average-cost-asymptote-2.tex to fig-average-cost-asymptote-2.pdf
cropping fig-average-cost-asymptote-2.pdf to cropped-fig-average-cost-asymptote-2.pdf
renaming cropped-fig-average-cost-asymptote-2.pdf to fig-average-cost-asymptote-2.pdf
converting fig-average-cost-asymptote-2.pdf to fig-average-cost-asymptote-2.svg
converting fig-average-value-equal-area-panel-1.tex to fig-average-value-equal-area-panel-1.pdf
cropping fig-average-value-equal-area-panel-1.pdf to cropped-fig-average-value-equal-area-panel-1.pdf
renaming cropped-fig-average-value-equal-area-panel-1.pdf to fig-average-value-equal-area-panel-1.pdf
converting fig-average-value-equal-area-panel-1.pdf to fig-average-value-equal-area-panel-1.svg
converting fig-average-value-equal-area-panel-2.tex to fig-average-value-equal-area-panel-2.pdf
cropping fig-average-value-equal-area-panel-2.pdf to cropped-fig-average-value-equal-area-panel-2.pdf
renaming cropped-fig-average-value-equal-area-panel-2.pdf to fig-average-value-equal-area-panel-2.pdf
converting fig-average-value-equal-area-panel-2.pdf to fig-average-value-equal-area-panel-2.svg
converting fig-average-value-x-squared-2.tex to fig-average-value-x-squared-2.pdf
cropping fig-average-value-x-squared-2.pdf to cropped-fig-average-value-x-squared-2.pdf
renaming cropped-fig-average-value-x-squared-2.pdf to fig-average-value-x-squared-2.pdf
converting fig-average-value-x-squared-2.pdf to fig-average-value-x-squared-2.svg
converting fig-bolzano-crossing-2.tex to fig-bolzano-crossing-2.pdf
cropping fig-bolzano-crossing-2.pdf to cropped-fig-bolzano-crossing-2.pdf
renaming cropped-fig-bolzano-crossing-2.pdf to fig-bolzano-crossing-2.pdf
converting fig-bolzano-crossing-2.pdf to fig-bolzano-crossing-2.svg
converting fig-bolzano-fails-jump-2.tex to fig-bolzano-fails-jump-2.pdf
cropping fig-bolzano-fails-jump-2.pdf to cropped-fig-bolzano-fails-jump-2.pdf
renaming cropped-fig-bolzano-fails-jump-2.pdf to fig-bolzano-fails-jump-2.pdf
converting fig-bolzano-fails-jump-2.pdf to fig-bolzano-fails-jump-2.svg
converting fig-boundary-cancellation-2.tex to fig-boundary-cancellation-2.pdf
cropping fig-boundary-cancellation-2.pdf to cropped-fig-boundary-cancellation-2.pdf
renaming cropped-fig-boundary-cancellation-2.pdf to fig-boundary-cancellation-2.pdf
converting fig-boundary-cancellation-2.pdf to fig-boundary-cancellation-2.svg
converting fig-brachistochrone-cycloid-2.tex to fig-brachistochrone-cycloid-2.pdf
cropping fig-brachistochrone-cycloid-2.pdf to cropped-fig-brachistochrone-cycloid-2.pdf
renaming cropped-fig-brachistochrone-cycloid-2.pdf to fig-brachistochrone-cycloid-2.pdf
converting fig-brachistochrone-cycloid-2.pdf to fig-brachistochrone-cycloid-2.svg
converting fig-c14-multiply-by-i-rotation-2.tex to fig-c14-multiply-by-i-rotation-2.pdf
cropping fig-c14-multiply-by-i-rotation-2.pdf to cropped-fig-c14-multiply-by-i-rotation-2.pdf
renaming cropped-fig-c14-multiply-by-i-rotation-2.pdf to fig-c14-multiply-by-i-rotation-2.pdf
converting fig-c14-multiply-by-i-rotation-2.pdf to fig-c14-multiply-by-i-rotation-2.svg
converting fig-c17-multiply-by-i-rotation-2.tex to fig-c17-multiply-by-i-rotation-2.pdf
cropping fig-c17-multiply-by-i-rotation-2.pdf to cropped-fig-c17-multiply-by-i-rotation-2.pdf
renaming cropped-fig-c17-multiply-by-i-rotation-2.pdf to fig-c17-multiply-by-i-rotation-2.pdf
converting fig-c17-multiply-by-i-rotation-2.pdf to fig-c17-multiply-by-i-rotation-2.svg
converting fig-calculator-misses-corner-panel-1.tex to fig-calculator-misses-corner-panel-1.pdf
cropping fig-calculator-misses-corner-panel-1.pdf to cropped-fig-calculator-misses-corner-panel-1.pdf
renaming cropped-fig-calculator-misses-corner-panel-1.pdf to fig-calculator-misses-corner-panel-1.pdf
converting fig-calculator-misses-corner-panel-1.pdf to fig-calculator-misses-corner-panel-1.svg
converting fig-calculator-misses-corner-panel-2.tex to fig-calculator-misses-corner-panel-2.pdf
cropping fig-calculator-misses-corner-panel-2.pdf to cropped-fig-calculator-misses-corner-panel-2.pdf
renaming cropped-fig-calculator-misses-corner-panel-2.pdf to fig-calculator-misses-corner-panel-2.pdf
converting fig-calculator-misses-corner-panel-2.pdf to fig-calculator-misses-corner-panel-2.svg
converting fig-cardioid-area-polar-2.tex to fig-cardioid-area-polar-2.pdf
cropping fig-cardioid-area-polar-2.pdf to cropped-fig-cardioid-area-polar-2.pdf
renaming cropped-fig-cardioid-area-polar-2.pdf to fig-cardioid-area-polar-2.pdf
converting fig-cardioid-area-polar-2.pdf to fig-cardioid-area-polar-2.svg
converting fig-catenary-cosh-2.tex to fig-catenary-cosh-2.pdf
cropping fig-catenary-cosh-2.pdf to cropped-fig-catenary-cosh-2.pdf
renaming cropped-fig-catenary-cosh-2.pdf to fig-catenary-cosh-2.pdf
converting fig-catenary-cosh-2.pdf to fig-catenary-cosh-2.svg
converting fig-centered-difference-absolute-value-2.tex to fig-centered-difference-absolute-value-2.pdf
cropping fig-centered-difference-absolute-value-2.pdf to cropped-fig-centered-difference-absolute-value-2.pdf
renaming cropped-fig-centered-difference-absolute-value-2.pdf to fig-centered-difference-absolute-value-2.pdf
converting fig-centered-difference-absolute-value-2.pdf to fig-centered-difference-absolute-value-2.svg
converting fig-ch07-logistic-phase-line-2.tex to fig-ch07-logistic-phase-line-2.pdf
cropping fig-ch07-logistic-phase-line-2.pdf to cropped-fig-ch07-logistic-phase-line-2.pdf
renaming cropped-fig-ch07-logistic-phase-line-2.pdf to fig-ch07-logistic-phase-line-2.pdf
converting fig-ch07-logistic-phase-line-2.pdf to fig-ch07-logistic-phase-line-2.svg
converting fig-ch13-logistic-phase-line-2.tex to fig-ch13-logistic-phase-line-2.pdf
cropping fig-ch13-logistic-phase-line-2.pdf to cropped-fig-ch13-logistic-phase-line-2.pdf
renaming cropped-fig-ch13-logistic-phase-line-2.pdf to fig-ch13-logistic-phase-line-2.pdf
converting fig-ch13-logistic-phase-line-2.pdf to fig-ch13-logistic-phase-line-2.svg
converting fig-chain-diagram-2.tex to fig-chain-diagram-2.pdf
cropping fig-chain-diagram-2.pdf to cropped-fig-chain-diagram-2.pdf
renaming cropped-fig-chain-diagram-2.pdf to fig-chain-diagram-2.pdf
converting fig-chain-diagram-2.pdf to fig-chain-diagram-2.svg
converting fig-chain-rule-order-warning-2.tex to fig-chain-rule-order-warning-2.pdf
cropping fig-chain-rule-order-warning-2.pdf to cropped-fig-chain-rule-order-warning-2.pdf
renaming cropped-fig-chain-rule-order-warning-2.pdf to fig-chain-rule-order-warning-2.pdf
converting fig-chain-rule-order-warning-2.pdf to fig-chain-rule-order-warning-2.svg
converting fig-chapter-11-integration-map-2.tex to fig-chapter-11-integration-map-2.pdf
cropping fig-chapter-11-integration-map-2.pdf to cropped-fig-chapter-11-integration-map-2.pdf
renaming cropped-fig-chapter-11-integration-map-2.pdf to fig-chapter-11-integration-map-2.pdf
converting fig-chapter-11-integration-map-2.pdf to fig-chapter-11-integration-map-2.svg
converting fig-chapter-2-review-cubic-2.tex to fig-chapter-2-review-cubic-2.pdf
cropping fig-chapter-2-review-cubic-2.pdf to cropped-fig-chapter-2-review-cubic-2.pdf
renaming cropped-fig-chapter-2-review-cubic-2.pdf to fig-chapter-2-review-cubic-2.pdf
converting fig-chapter-2-review-cubic-2.pdf to fig-chapter-2-review-cubic-2.svg
converting fig-chapter-5-derivative-workflow-2.tex to fig-chapter-5-derivative-workflow-2.pdf
cropping fig-chapter-5-derivative-workflow-2.pdf to cropped-fig-chapter-5-derivative-workflow-2.pdf
renaming cropped-fig-chapter-5-derivative-workflow-2.pdf to fig-chapter-5-derivative-workflow-2.pdf
converting fig-chapter-5-derivative-workflow-2.pdf to fig-chapter-5-derivative-workflow-2.svg
converting fig-chapter-5-hook-derivative-shape-2.tex to fig-chapter-5-hook-derivative-shape-2.pdf
cropping fig-chapter-5-hook-derivative-shape-2.pdf to cropped-fig-chapter-5-hook-derivative-shape-2.pdf
renaming cropped-fig-chapter-5-hook-derivative-shape-2.pdf to fig-chapter-5-hook-derivative-shape-2.pdf
converting fig-chapter-5-hook-derivative-shape-2.pdf to fig-chapter-5-hook-derivative-shape-2.svg
converting fig-chapter-6-review-example-2.tex to fig-chapter-6-review-example-2.pdf
cropping fig-chapter-6-review-example-2.pdf to cropped-fig-chapter-6-review-example-2.pdf
renaming cropped-fig-chapter-6-review-example-2.pdf to fig-chapter-6-review-example-2.pdf
converting fig-chapter-6-review-example-2.pdf to fig-chapter-6-review-example-2.svg
converting fig-chapter17-damped-oscillation-2.tex to fig-chapter17-damped-oscillation-2.pdf
cropping fig-chapter17-damped-oscillation-2.pdf to cropped-fig-chapter17-damped-oscillation-2.pdf
renaming cropped-fig-chapter17-damped-oscillation-2.pdf to fig-chapter17-damped-oscillation-2.pdf
converting fig-chapter17-damped-oscillation-2.pdf to fig-chapter17-damped-oscillation-2.svg
converting fig-chapter3-concept-map-2.tex to fig-chapter3-concept-map-2.pdf
cropping fig-chapter3-concept-map-2.pdf to cropped-fig-chapter3-concept-map-2.pdf
renaming cropped-fig-chapter3-concept-map-2.pdf to fig-chapter3-concept-map-2.pdf
converting fig-chapter3-concept-map-2.pdf to fig-chapter3-concept-map-2.svg
converting fig-chapter3-graph-reading-review-2.tex to fig-chapter3-graph-reading-review-2.pdf
cropping fig-chapter3-graph-reading-review-2.pdf to cropped-fig-chapter3-graph-reading-review-2.pdf
renaming cropped-fig-chapter3-graph-reading-review-2.pdf to fig-chapter3-graph-reading-review-2.pdf
converting fig-chapter3-graph-reading-review-2.pdf to fig-chapter3-graph-reading-review-2.svg
converting fig-chapter4-derivative-map-2.tex to fig-chapter4-derivative-map-2.pdf
cropping fig-chapter4-derivative-map-2.pdf to cropped-fig-chapter4-derivative-map-2.pdf
renaming cropped-fig-chapter4-derivative-map-2.pdf to fig-chapter4-derivative-map-2.pdf
converting fig-chapter4-derivative-map-2.pdf to fig-chapter4-derivative-map-2.svg
converting fig-chapter7-model-map-2.tex to fig-chapter7-model-map-2.pdf
cropping fig-chapter7-model-map-2.pdf to cropped-fig-chapter7-model-map-2.pdf
renaming cropped-fig-chapter7-model-map-2.pdf to fig-chapter7-model-map-2.pdf
converting fig-chapter7-model-map-2.pdf to fig-chapter7-model-map-2.svg
converting fig-chapter9-ftc-map-2.tex to fig-chapter9-ftc-map-2.pdf
cropping fig-chapter9-ftc-map-2.pdf to cropped-fig-chapter9-ftc-map-2.pdf
renaming cropped-fig-chapter9-ftc-map-2.pdf to fig-chapter9-ftc-map-2.pdf
converting fig-chapter9-ftc-map-2.pdf to fig-chapter9-ftc-map-2.svg
converting fig-circle-and-spiral-polar-panel-1.tex to fig-circle-and-spiral-polar-panel-1.pdf
cropping fig-circle-and-spiral-polar-panel-1.pdf to cropped-fig-circle-and-spiral-polar-panel-1.pdf
renaming cropped-fig-circle-and-spiral-polar-panel-1.pdf to fig-circle-and-spiral-polar-panel-1.pdf
converting fig-circle-and-spiral-polar-panel-1.pdf to fig-circle-and-spiral-polar-panel-1.svg
converting fig-circle-and-spiral-polar-panel-2.tex to fig-circle-and-spiral-polar-panel-2.pdf
cropping fig-circle-and-spiral-polar-panel-2.pdf to cropped-fig-circle-and-spiral-polar-panel-2.pdf
renaming cropped-fig-circle-and-spiral-polar-panel-2.pdf to fig-circle-and-spiral-polar-panel-2.pdf
converting fig-circle-and-spiral-polar-panel-2.pdf to fig-circle-and-spiral-polar-panel-2.svg
converting fig-circle-horizontal-vertical-tangents-2.tex to fig-circle-horizontal-vertical-tangents-2.pdf
cropping fig-circle-horizontal-vertical-tangents-2.pdf to cropped-fig-circle-horizontal-vertical-tangents-2.pdf
renaming cropped-fig-circle-horizontal-vertical-tangents-2.pdf to fig-circle-horizontal-vertical-tangents-2.pdf
converting fig-circle-horizontal-vertical-tangents-2.pdf to fig-circle-horizontal-vertical-tangents-2.svg
converting fig-circle-implicit-tangent-2.tex to fig-circle-implicit-tangent-2.pdf
cropping fig-circle-implicit-tangent-2.pdf to cropped-fig-circle-implicit-tangent-2.pdf
renaming cropped-fig-circle-implicit-tangent-2.pdf to fig-circle-implicit-tangent-2.pdf
converting fig-circle-implicit-tangent-2.pdf to fig-circle-implicit-tangent-2.svg
converting fig-closed-can-min-area-2.tex to fig-closed-can-min-area-2.pdf
cropping fig-closed-can-min-area-2.pdf to cropped-fig-closed-can-min-area-2.pdf
renaming cropped-fig-closed-can-min-area-2.pdf to fig-closed-can-min-area-2.pdf
converting fig-closed-can-min-area-2.pdf to fig-closed-can-min-area-2.svg
converting fig-coffee-average-rates-2.tex to fig-coffee-average-rates-2.pdf
cropping fig-coffee-average-rates-2.pdf to cropped-fig-coffee-average-rates-2.pdf
renaming cropped-fig-coffee-average-rates-2.pdf to fig-coffee-average-rates-2.pdf
converting fig-coffee-average-rates-2.pdf to fig-coffee-average-rates-2.svg
converting fig-coffee-cooling-data-2.tex to fig-coffee-cooling-data-2.pdf
cropping fig-coffee-cooling-data-2.pdf to cropped-fig-coffee-cooling-data-2.pdf
renaming cropped-fig-coffee-cooling-data-2.pdf to fig-coffee-cooling-data-2.pdf
converting fig-coffee-cooling-data-2.pdf to fig-coffee-cooling-data-2.svg
converting fig-completing-square-vertex-2.tex to fig-completing-square-vertex-2.pdf
cropping fig-completing-square-vertex-2.pdf to cropped-fig-completing-square-vertex-2.pdf
renaming cropped-fig-completing-square-vertex-2.pdf to fig-completing-square-vertex-2.pdf
converting fig-completing-square-vertex-2.pdf to fig-completing-square-vertex-2.svg
converting fig-complex-number-as-point-2.tex to fig-complex-number-as-point-2.pdf
cropping fig-complex-number-as-point-2.pdf to cropped-fig-complex-number-as-point-2.pdf
renaming cropped-fig-complex-number-as-point-2.pdf to fig-complex-number-as-point-2.pdf
converting fig-complex-number-as-point-2.pdf to fig-complex-number-as-point-2.svg
converting fig-complex-plane-3-plus-4i-2.tex to fig-complex-plane-3-plus-4i-2.pdf
cropping fig-complex-plane-3-plus-4i-2.pdf to cropped-fig-complex-plane-3-plus-4i-2.pdf
renaming cropped-fig-complex-plane-3-plus-4i-2.pdf to fig-complex-plane-3-plus-4i-2.pdf
converting fig-complex-plane-3-plus-4i-2.pdf to fig-complex-plane-3-plus-4i-2.svg
converting fig-complex-polar-form-2.tex to fig-complex-polar-form-2.pdf
cropping fig-complex-polar-form-2.pdf to cropped-fig-complex-polar-form-2.pdf
renaming cropped-fig-complex-polar-form-2.pdf to fig-complex-polar-form-2.pdf
converting fig-complex-polar-form-2.pdf to fig-complex-polar-form-2.svg
converting fig-composite-midpoint-exp-2.tex to fig-composite-midpoint-exp-2.pdf
cropping fig-composite-midpoint-exp-2.pdf to cropped-fig-composite-midpoint-exp-2.pdf
renaming cropped-fig-composite-midpoint-exp-2.pdf to fig-composite-midpoint-exp-2.pdf
converting fig-composite-midpoint-exp-2.pdf to fig-composite-midpoint-exp-2.svg
converting fig-composition-inner-sign.tex to fig-composition-inner-sign.pdf
cropping fig-composition-inner-sign.pdf to cropped-fig-composition-inner-sign.pdf
renaming cropped-fig-composition-inner-sign.pdf to fig-composition-inner-sign.pdf
converting fig-composition-inner-sign.pdf to fig-composition-inner-sign.svg
converting fig-composition-machine-2.tex to fig-composition-machine-2.pdf
cropping fig-composition-machine-2.pdf to cropped-fig-composition-machine-2.pdf
renaming cropped-fig-composition-machine-2.pdf to fig-composition-machine-2.pdf
converting fig-composition-machine-2.pdf to fig-composition-machine-2.svg
converting fig-composition-outer-spike.tex to fig-composition-outer-spike.pdf
cropping fig-composition-outer-spike.pdf to cropped-fig-composition-outer-spike.pdf
renaming cropped-fig-composition-outer-spike.pdf to fig-composition-outer-spike.pdf
converting fig-composition-outer-spike.pdf to fig-composition-outer-spike.svg
converting fig-composition-relocated-square-2.tex to fig-composition-relocated-square-2.pdf
cropping fig-composition-relocated-square-2.pdf to cropped-fig-composition-relocated-square-2.pdf
renaming cropped-fig-composition-relocated-square-2.pdf to fig-composition-relocated-square-2.pdf
converting fig-composition-relocated-square-2.pdf to fig-composition-relocated-square-2.svg
converting fig-concave-up-down-basic-2.tex to fig-concave-up-down-basic-2.pdf
cropping fig-concave-up-down-basic-2.pdf to cropped-fig-concave-up-down-basic-2.pdf
renaming cropped-fig-concave-up-down-basic-2.pdf to fig-concave-up-down-basic-2.pdf
converting fig-concave-up-down-basic-2.pdf to fig-concave-up-down-basic-2.svg
converting fig-constant-velocity-area-2.tex to fig-constant-velocity-area-2.pdf
cropping fig-constant-velocity-area-2.pdf to cropped-fig-constant-velocity-area-2.pdf
renaming cropped-fig-constant-velocity-area-2.pdf to fig-constant-velocity-area-2.pdf
converting fig-constant-velocity-area-2.pdf to fig-constant-velocity-area-2.svg
converting fig-constant-velocity-graphs-panel-1.tex to fig-constant-velocity-graphs-panel-1.pdf
cropping fig-constant-velocity-graphs-panel-1.pdf to cropped-fig-constant-velocity-graphs-panel-1.pdf
renaming cropped-fig-constant-velocity-graphs-panel-1.pdf to fig-constant-velocity-graphs-panel-1.pdf
converting fig-constant-velocity-graphs-panel-1.pdf to fig-constant-velocity-graphs-panel-1.svg
converting fig-constant-velocity-graphs-panel-2.tex to fig-constant-velocity-graphs-panel-2.pdf
cropping fig-constant-velocity-graphs-panel-2.pdf to cropped-fig-constant-velocity-graphs-panel-2.pdf
renaming cropped-fig-constant-velocity-graphs-panel-2.pdf to fig-constant-velocity-graphs-panel-2.pdf
converting fig-constant-velocity-graphs-panel-2.pdf to fig-constant-velocity-graphs-panel-2.svg
converting fig-cooling-data-project-2.tex to fig-cooling-data-project-2.pdf
cropping fig-cooling-data-project-2.pdf to cropped-fig-cooling-data-project-2.pdf
renaming cropped-fig-cooling-data-project-2.pdf to fig-cooling-data-project-2.pdf
converting fig-cooling-data-project-2.pdf to fig-cooling-data-project-2.svg
converting fig-cooling-separable-2.tex to fig-cooling-separable-2.pdf
cropping fig-cooling-separable-2.pdf to cropped-fig-cooling-separable-2.pdf
renaming cropped-fig-cooling-separable-2.pdf to fig-cooling-separable-2.pdf
converting fig-cooling-separable-2.pdf to fig-cooling-separable-2.svg
converting fig-critical-point-outside-domain-2.tex to fig-critical-point-outside-domain-2.pdf
cropping fig-critical-point-outside-domain-2.pdf to cropped-fig-critical-point-outside-domain-2.pdf
renaming cropped-fig-critical-point-outside-domain-2.pdf to fig-critical-point-outside-domain-2.pdf
converting fig-critical-point-outside-domain-2.pdf to fig-critical-point-outside-domain-2.svg
converting fig-cubic-and-derivative-panel-1.tex to fig-cubic-and-derivative-panel-1.pdf
cropping fig-cubic-and-derivative-panel-1.pdf to cropped-fig-cubic-and-derivative-panel-1.pdf
renaming cropped-fig-cubic-and-derivative-panel-1.pdf to fig-cubic-and-derivative-panel-1.pdf
converting fig-cubic-and-derivative-panel-1.pdf to fig-cubic-and-derivative-panel-1.svg
converting fig-cubic-and-derivative-panel-2.tex to fig-cubic-and-derivative-panel-2.pdf
cropping fig-cubic-and-derivative-panel-2.pdf to cropped-fig-cubic-and-derivative-panel-2.pdf
renaming cropped-fig-cubic-and-derivative-panel-2.pdf to fig-cubic-and-derivative-panel-2.pdf
converting fig-cubic-and-derivative-panel-2.pdf to fig-cubic-and-derivative-panel-2.svg
converting fig-cubic-concavity-chart-panel-1.tex to fig-cubic-concavity-chart-panel-1.pdf
cropping fig-cubic-concavity-chart-panel-1.pdf to cropped-fig-cubic-concavity-chart-panel-1.pdf
renaming cropped-fig-cubic-concavity-chart-panel-1.pdf to fig-cubic-concavity-chart-panel-1.pdf
converting fig-cubic-concavity-chart-panel-1.pdf to fig-cubic-concavity-chart-panel-1.svg
converting fig-cubic-concavity-chart-panel-2.tex to fig-cubic-concavity-chart-panel-2.pdf
cropping fig-cubic-concavity-chart-panel-2.pdf to cropped-fig-cubic-concavity-chart-panel-2.pdf
renaming cropped-fig-cubic-concavity-chart-panel-2.pdf to fig-cubic-concavity-chart-panel-2.pdf
converting fig-cubic-concavity-chart-panel-2.pdf to fig-cubic-concavity-chart-panel-2.svg
converting fig-cubic-sign-intervals-2.tex to fig-cubic-sign-intervals-2.pdf
cropping fig-cubic-sign-intervals-2.pdf to cropped-fig-cubic-sign-intervals-2.pdf
renaming cropped-fig-cubic-sign-intervals-2.pdf to fig-cubic-sign-intervals-2.pdf
converting fig-cubic-sign-intervals-2.pdf to fig-cubic-sign-intervals-2.svg
converting fig-cubic-tangent-crosses-2.tex to fig-cubic-tangent-crosses-2.pdf
cropping fig-cubic-tangent-crosses-2.pdf to cropped-fig-cubic-tangent-crosses-2.pdf
renaming cropped-fig-cubic-tangent-crosses-2.pdf to fig-cubic-tangent-crosses-2.pdf
converting fig-cubic-tangent-crosses-2.pdf to fig-cubic-tangent-crosses-2.svg
converting fig-cycloid-animation-project-2.tex to fig-cycloid-animation-project-2.pdf
cropping fig-cycloid-animation-project-2.pdf to cropped-fig-cycloid-animation-project-2.pdf
renaming cropped-fig-cycloid-animation-project-2.pdf to fig-cycloid-animation-project-2.pdf
converting fig-cycloid-animation-project-2.pdf to fig-cycloid-animation-project-2.svg
converting fig-cycloid-one-arch-2.tex to fig-cycloid-one-arch-2.pdf
cropping fig-cycloid-one-arch-2.pdf to cropped-fig-cycloid-one-arch-2.pdf
renaming cropped-fig-cycloid-one-arch-2.pdf to fig-cycloid-one-arch-2.pdf
converting fig-cycloid-one-arch-2.pdf to fig-cycloid-one-arch-2.svg
converting fig-damped-forced-response-2.tex to fig-damped-forced-response-2.pdf
cropping fig-damped-forced-response-2.pdf to cropped-fig-damped-forced-response-2.pdf
renaming cropped-fig-damped-forced-response-2.pdf to fig-damped-forced-response-2.pdf
converting fig-damped-forced-response-2.pdf to fig-damped-forced-response-2.svg
converting fig-damped-oscillation-2.tex to fig-damped-oscillation-2.pdf
cropping fig-damped-oscillation-2.pdf to cropped-fig-damped-oscillation-2.pdf
renaming cropped-fig-damped-oscillation-2.pdf to fig-damped-oscillation-2.pdf
converting fig-damped-oscillation-2.pdf to fig-damped-oscillation-2.svg
converting fig-dashboard-2.tex to fig-dashboard-2.pdf
cropping fig-dashboard-2.pdf to cropped-fig-dashboard-2.pdf
renaming cropped-fig-dashboard-2.pdf to fig-dashboard-2.pdf
converting fig-dashboard-2.pdf to fig-dashboard-2.svg
converting fig-density-flux-on-line-2.tex to fig-density-flux-on-line-2.pdf
cropping fig-density-flux-on-line-2.pdf to cropped-fig-density-flux-on-line-2.pdf
renaming cropped-fig-density-flux-on-line-2.pdf to fig-density-flux-on-line-2.pdf
converting fig-density-flux-on-line-2.pdf to fig-density-flux-on-line-2.svg
converting fig-difference-quotient-secant-2.tex to fig-difference-quotient-secant-2.pdf
cropping fig-difference-quotient-secant-2.pdf to cropped-fig-difference-quotient-secant-2.pdf
renaming cropped-fig-difference-quotient-secant-2.pdf to fig-difference-quotient-secant-2.pdf
converting fig-difference-quotient-secant-2.pdf to fig-difference-quotient-secant-2.svg
converting fig-direction-field-one-minus-y-2.tex to fig-direction-field-one-minus-y-2.pdf
cropping fig-direction-field-one-minus-y-2.pdf to cropped-fig-direction-field-one-minus-y-2.pdf
renaming cropped-fig-direction-field-one-minus-y-2.pdf to fig-direction-field-one-minus-y-2.pdf
converting fig-direction-field-one-minus-y-2.pdf to fig-direction-field-one-minus-y-2.svg
converting fig-dirichlet-function-not-integrable-2.tex to fig-dirichlet-function-not-integrable-2.pdf
cropping fig-dirichlet-function-not-integrable-2.pdf to cropped-fig-dirichlet-function-not-integrable-2.pdf
renaming cropped-fig-dirichlet-function-not-integrable-2.pdf to fig-dirichlet-function-not-integrable-2.pdf
converting fig-dirichlet-function-not-integrable-2.pdf to fig-dirichlet-function-not-integrable-2.svg
converting fig-disk-method-sqrtx-2.tex to fig-disk-method-sqrtx-2.pdf
cropping fig-disk-method-sqrtx-2.pdf to cropped-fig-disk-method-sqrtx-2.pdf
renaming cropped-fig-disk-method-sqrtx-2.pdf to fig-disk-method-sqrtx-2.pdf
converting fig-disk-method-sqrtx-2.pdf to fig-disk-method-sqrtx-2.svg
converting fig-disk-method-y-axis-2.tex to fig-disk-method-y-axis-2.pdf
cropping fig-disk-method-y-axis-2.pdf to cropped-fig-disk-method-y-axis-2.pdf
renaming cropped-fig-disk-method-y-axis-2.pdf to fig-disk-method-y-axis-2.pdf
converting fig-disk-method-y-axis-2.pdf to fig-disk-method-y-axis-2.svg
converting fig-dy-vs-delta-y-2.tex to fig-dy-vs-delta-y-2.pdf
cropping fig-dy-vs-delta-y-2.pdf to cropped-fig-dy-vs-delta-y-2.pdf
renaming cropped-fig-dy-vs-delta-y-2.pdf to fig-dy-vs-delta-y-2.pdf
converting fig-dy-vs-delta-y-2.pdf to fig-dy-vs-delta-y-2.svg
converting fig-eccentricity-polar-conics-panel-1.tex to fig-eccentricity-polar-conics-panel-1.pdf
cropping fig-eccentricity-polar-conics-panel-1.pdf to cropped-fig-eccentricity-polar-conics-panel-1.pdf
renaming cropped-fig-eccentricity-polar-conics-panel-1.pdf to fig-eccentricity-polar-conics-panel-1.pdf
converting fig-eccentricity-polar-conics-panel-1.pdf to fig-eccentricity-polar-conics-panel-1.svg
converting fig-eccentricity-polar-conics-panel-2.tex to fig-eccentricity-polar-conics-panel-2.pdf
cropping fig-eccentricity-polar-conics-panel-2.pdf to cropped-fig-eccentricity-polar-conics-panel-2.pdf
renaming cropped-fig-eccentricity-polar-conics-panel-2.pdf to fig-eccentricity-polar-conics-panel-2.pdf
converting fig-eccentricity-polar-conics-panel-2.pdf to fig-eccentricity-polar-conics-panel-2.svg
converting fig-eccentricity-polar-conics-panel-3.tex to fig-eccentricity-polar-conics-panel-3.pdf
cropping fig-eccentricity-polar-conics-panel-3.pdf to cropped-fig-eccentricity-polar-conics-panel-3.pdf
renaming cropped-fig-eccentricity-polar-conics-panel-3.pdf to fig-eccentricity-polar-conics-panel-3.pdf
converting fig-eccentricity-polar-conics-panel-3.pdf to fig-eccentricity-polar-conics-panel-3.svg
converting fig-eit-position-velocity-2.tex to fig-eit-position-velocity-2.pdf
cropping fig-eit-position-velocity-2.pdf to cropped-fig-eit-position-velocity-2.pdf
renaming cropped-fig-eit-position-velocity-2.pdf to fig-eit-position-velocity-2.pdf
converting fig-eit-position-velocity-2.pdf to fig-eit-position-velocity-2.svg
converting fig-ellipse-focus-at-pole-2.tex to fig-ellipse-focus-at-pole-2.pdf
cropping fig-ellipse-focus-at-pole-2.pdf to cropped-fig-ellipse-focus-at-pole-2.pdf
renaming cropped-fig-ellipse-focus-at-pole-2.pdf to fig-ellipse-focus-at-pole-2.pdf
converting fig-ellipse-focus-at-pole-2.pdf to fig-ellipse-focus-at-pole-2.svg
converting fig-ellipse-hyperbola-standard-panel-1.tex to fig-ellipse-hyperbola-standard-panel-1.pdf
cropping fig-ellipse-hyperbola-standard-panel-1.pdf to cropped-fig-ellipse-hyperbola-standard-panel-1.pdf
renaming cropped-fig-ellipse-hyperbola-standard-panel-1.pdf to fig-ellipse-hyperbola-standard-panel-1.pdf
converting fig-ellipse-hyperbola-standard-panel-1.pdf to fig-ellipse-hyperbola-standard-panel-1.svg
converting fig-ellipse-hyperbola-standard-panel-2.tex to fig-ellipse-hyperbola-standard-panel-2.pdf
cropping fig-ellipse-hyperbola-standard-panel-2.pdf to cropped-fig-ellipse-hyperbola-standard-panel-2.pdf
renaming cropped-fig-ellipse-hyperbola-standard-panel-2.pdf to fig-ellipse-hyperbola-standard-panel-2.pdf
converting fig-ellipse-hyperbola-standard-panel-2.pdf to fig-ellipse-hyperbola-standard-panel-2.svg
converting fig-epsilon-delta-band-strip-2.tex to fig-epsilon-delta-band-strip-2.pdf
cropping fig-epsilon-delta-band-strip-2.pdf to cropped-fig-epsilon-delta-band-strip-2.pdf
renaming cropped-fig-epsilon-delta-band-strip-2.pdf to fig-epsilon-delta-band-strip-2.pdf
converting fig-epsilon-delta-band-strip-2.pdf to fig-epsilon-delta-band-strip-2.svg
converting fig-euler-formula-hook-2.tex to fig-euler-formula-hook-2.pdf
cropping fig-euler-formula-hook-2.pdf to cropped-fig-euler-formula-hook-2.pdf
renaming cropped-fig-euler-formula-hook-2.pdf to fig-euler-formula-hook-2.pdf
converting fig-euler-formula-hook-2.pdf to fig-euler-formula-hook-2.svg
converting fig-euler-large-step-false-behavior-2.tex to fig-euler-large-step-false-behavior-2.pdf
cropping fig-euler-large-step-false-behavior-2.pdf to cropped-fig-euler-large-step-false-behavior-2.pdf
renaming cropped-fig-euler-large-step-false-behavior-2.pdf to fig-euler-large-step-false-behavior-2.pdf
converting fig-euler-large-step-false-behavior-2.pdf to fig-euler-large-step-false-behavior-2.svg
converting fig-euler-y-prime-one-minus-y-2.tex to fig-euler-y-prime-one-minus-y-2.pdf
cropping fig-euler-y-prime-one-minus-y-2.pdf to cropped-fig-euler-y-prime-one-minus-y-2.pdf
renaming cropped-fig-euler-y-prime-one-minus-y-2.pdf to fig-euler-y-prime-one-minus-y-2.pdf
converting fig-euler-y-prime-one-minus-y-2.pdf to fig-euler-y-prime-one-minus-y-2.svg
converting fig-even-odd-basic-panel-1.tex to fig-even-odd-basic-panel-1.pdf
cropping fig-even-odd-basic-panel-1.pdf to cropped-fig-even-odd-basic-panel-1.pdf
renaming cropped-fig-even-odd-basic-panel-1.pdf to fig-even-odd-basic-panel-1.pdf
converting fig-even-odd-basic-panel-1.pdf to fig-even-odd-basic-panel-1.svg
converting fig-even-odd-basic-panel-2.tex to fig-even-odd-basic-panel-2.pdf
cropping fig-even-odd-basic-panel-2.pdf to cropped-fig-even-odd-basic-panel-2.pdf
renaming cropped-fig-even-odd-basic-panel-2.pdf to fig-even-odd-basic-panel-2.pdf
converting fig-even-odd-basic-panel-2.pdf to fig-even-odd-basic-panel-2.svg
converting fig-evt-maximum-reached-2.tex to fig-evt-maximum-reached-2.pdf
cropping fig-evt-maximum-reached-2.pdf to cropped-fig-evt-maximum-reached-2.pdf
renaming cropped-fig-evt-maximum-reached-2.pdf to fig-evt-maximum-reached-2.pdf
converting fig-evt-maximum-reached-2.pdf to fig-evt-maximum-reached-2.svg
converting fig-evt-parabola-2.tex to fig-evt-parabola-2.pdf
cropping fig-evt-parabola-2.pdf to cropped-fig-evt-parabola-2.pdf
renaming cropped-fig-evt-parabola-2.pdf to fig-evt-parabola-2.pdf
converting fig-evt-parabola-2.pdf to fig-evt-parabola-2.svg
converting fig-evt-warning-open-interval-2.tex to fig-evt-warning-open-interval-2.pdf
cropping fig-evt-warning-open-interval-2.pdf to cropped-fig-evt-warning-open-interval-2.pdf
renaming cropped-fig-evt-warning-open-interval-2.pdf to fig-evt-warning-open-interval-2.pdf
converting fig-evt-warning-open-interval-2.pdf to fig-evt-warning-open-interval-2.svg
converting fig-exp-log-inverses-2.tex to fig-exp-log-inverses-2.pdf
cropping fig-exp-log-inverses-2.pdf to cropped-fig-exp-log-inverses-2.pdf
renaming cropped-fig-exp-log-inverses-2.pdf to fig-exp-log-inverses-2.pdf
converting fig-exp-log-inverses-2.pdf to fig-exp-log-inverses-2.svg
converting fig-exponential-growth-decay-2.tex to fig-exponential-growth-decay-2.pdf
cropping fig-exponential-growth-decay-2.pdf to cropped-fig-exponential-growth-decay-2.pdf
renaming cropped-fig-exponential-growth-decay-2.pdf to fig-exponential-growth-decay-2.pdf
converting fig-exponential-growth-decay-2.pdf to fig-exponential-growth-decay-2.svg
converting fig-exponential-tangent-at-zero-2.tex to fig-exponential-tangent-at-zero-2.pdf
cropping fig-exponential-tangent-at-zero-2.pdf to cropped-fig-exponential-tangent-at-zero-2.pdf
renaming cropped-fig-exponential-tangent-at-zero-2.pdf to fig-exponential-tangent-at-zero-2.pdf
converting fig-exponential-tangent-at-zero-2.pdf to fig-exponential-tangent-at-zero-2.svg
converting fig-fence-river-optimization-2.tex to fig-fence-river-optimization-2.pdf
cropping fig-fence-river-optimization-2.pdf to cropped-fig-fence-river-optimization-2.pdf
renaming cropped-fig-fence-river-optimization-2.pdf to fig-fence-river-optimization-2.pdf
converting fig-fence-river-optimization-2.pdf to fig-fence-river-optimization-2.svg
converting fig-fermat-endpoint-warning-2.tex to fig-fermat-endpoint-warning-2.pdf
cropping fig-fermat-endpoint-warning-2.pdf to cropped-fig-fermat-endpoint-warning-2.pdf
renaming cropped-fig-fermat-endpoint-warning-2.pdf to fig-fermat-endpoint-warning-2.pdf
converting fig-fermat-endpoint-warning-2.pdf to fig-fermat-endpoint-warning-2.svg
converting fig-ferris-wheel-model-2.tex to fig-ferris-wheel-model-2.pdf
cropping fig-ferris-wheel-model-2.pdf to cropped-fig-ferris-wheel-model-2.pdf
renaming cropped-fig-ferris-wheel-model-2.pdf to fig-ferris-wheel-model-2.pdf
converting fig-ferris-wheel-model-2.pdf to fig-ferris-wheel-model-2.svg
converting fig-final-project-map-2.tex to fig-final-project-map-2.pdf
cropping fig-final-project-map-2.pdf to cropped-fig-final-project-map-2.pdf
renaming cropped-fig-final-project-map-2.pdf to fig-final-project-map-2.pdf
converting fig-final-project-map-2.pdf to fig-final-project-map-2.svg
converting fig-finite-difference-secants-2.tex to fig-finite-difference-secants-2.pdf
cropping fig-finite-difference-secants-2.pdf to cropped-fig-finite-difference-secants-2.pdf
renaming cropped-fig-finite-difference-secants-2.pdf to fig-finite-difference-secants-2.pdf
converting fig-finite-difference-secants-2.pdf to fig-finite-difference-secants-2.svg
converting fig-finite-ftc-step-velocity-panel-1.tex to fig-finite-ftc-step-velocity-panel-1.pdf
cropping fig-finite-ftc-step-velocity-panel-1.pdf to cropped-fig-finite-ftc-step-velocity-panel-1.pdf
renaming cropped-fig-finite-ftc-step-velocity-panel-1.pdf to fig-finite-ftc-step-velocity-panel-1.pdf
converting fig-finite-ftc-step-velocity-panel-1.pdf to fig-finite-ftc-step-velocity-panel-1.svg
converting fig-finite-ftc-step-velocity-panel-2.tex to fig-finite-ftc-step-velocity-panel-2.pdf
cropping fig-finite-ftc-step-velocity-panel-2.pdf to cropped-fig-finite-ftc-step-velocity-panel-2.pdf
renaming cropped-fig-finite-ftc-step-velocity-panel-2.pdf to fig-finite-ftc-step-velocity-panel-2.pdf
converting fig-finite-ftc-step-velocity-panel-2.pdf to fig-finite-ftc-step-velocity-panel-2.svg
converting fig-finite-jump-integrable-2.tex to fig-finite-jump-integrable-2.pdf
cropping fig-finite-jump-integrable-2.pdf to cropped-fig-finite-jump-integrable-2.pdf
renaming cropped-fig-finite-jump-integrable-2.pdf to fig-finite-jump-integrable-2.pdf
converting fig-finite-jump-integrable-2.pdf to fig-finite-jump-integrable-2.svg
converting fig-first-derivative-sign-chart-panel-1.tex to fig-first-derivative-sign-chart-panel-1.pdf
cropping fig-first-derivative-sign-chart-panel-1.pdf to cropped-fig-first-derivative-sign-chart-panel-1.pdf
renaming cropped-fig-first-derivative-sign-chart-panel-1.pdf to fig-first-derivative-sign-chart-panel-1.pdf
converting fig-first-derivative-sign-chart-panel-1.pdf to fig-first-derivative-sign-chart-panel-1.svg
converting fig-first-derivative-sign-chart-panel-2.tex to fig-first-derivative-sign-chart-panel-2.pdf
cropping fig-first-derivative-sign-chart-panel-2.pdf to cropped-fig-first-derivative-sign-chart-panel-2.pdf
renaming cropped-fig-first-derivative-sign-chart-panel-2.pdf to fig-first-derivative-sign-chart-panel-2.pdf
converting fig-first-derivative-sign-chart-panel-2.pdf to fig-first-derivative-sign-chart-panel-2.svg
converting fig-first-map-of-calculus-2.tex to fig-first-map-of-calculus-2.pdf
cropping fig-first-map-of-calculus-2.pdf to cropped-fig-first-map-of-calculus-2.pdf
renaming cropped-fig-first-map-of-calculus-2.pdf to fig-first-map-of-calculus-2.pdf
converting fig-first-map-of-calculus-2.pdf to fig-first-map-of-calculus-2.svg
converting fig-flat-function-2.tex to fig-flat-function-2.pdf
cropping fig-flat-function-2.pdf to cropped-fig-flat-function-2.pdf
renaming cropped-fig-flat-function-2.pdf to fig-flat-function-2.pdf
converting fig-flat-function-2.pdf to fig-flat-function-2.svg
converting fig-flux-derivative-divergence-1d-2.tex to fig-flux-derivative-divergence-1d-2.pdf
cropping fig-flux-derivative-divergence-1d-2.pdf to cropped-fig-flux-derivative-divergence-1d-2.pdf
renaming cropped-fig-flux-derivative-divergence-1d-2.pdf to fig-flux-derivative-divergence-1d-2.pdf
converting fig-flux-derivative-divergence-1d-2.pdf to fig-flux-derivative-divergence-1d-2.svg
converting fig-fourier-wave-mixture-2.tex to fig-fourier-wave-mixture-2.pdf
cropping fig-fourier-wave-mixture-2.pdf to cropped-fig-fourier-wave-mixture-2.pdf
renaming cropped-fig-fourier-wave-mixture-2.pdf to fig-fourier-wave-mixture-2.pdf
converting fig-fourier-wave-mixture-2.pdf to fig-fourier-wave-mixture-2.svg
converting fig-fourth-roots-unity-2.tex to fig-fourth-roots-unity-2.pdf
cropping fig-fourth-roots-unity-2.pdf to cropped-fig-fourth-roots-unity-2.pdf
renaming cropped-fig-fourth-roots-unity-2.pdf to fig-fourth-roots-unity-2.pdf
converting fig-fourth-roots-unity-2.pdf to fig-fourth-roots-unity-2.svg
converting fig-ftc1-squeeze-strip-2.tex to fig-ftc1-squeeze-strip-2.pdf
cropping fig-ftc1-squeeze-strip-2.pdf to cropped-fig-ftc1-squeeze-strip-2.pdf
renaming cropped-fig-ftc1-squeeze-strip-2.pdf to fig-ftc1-squeeze-strip-2.pdf
converting fig-ftc1-squeeze-strip-2.pdf to fig-ftc1-squeeze-strip-2.svg
converting fig-ftc1-step-counterexample-panel-1.tex to fig-ftc1-step-counterexample-panel-1.pdf
cropping fig-ftc1-step-counterexample-panel-1.pdf to cropped-fig-ftc1-step-counterexample-panel-1.pdf
renaming cropped-fig-ftc1-step-counterexample-panel-1.pdf to fig-ftc1-step-counterexample-panel-1.pdf
converting fig-ftc1-step-counterexample-panel-1.pdf to fig-ftc1-step-counterexample-panel-1.svg
converting fig-ftc1-step-counterexample-panel-2.tex to fig-ftc1-step-counterexample-panel-2.pdf
cropping fig-ftc1-step-counterexample-panel-2.pdf to cropped-fig-ftc1-step-counterexample-panel-2.pdf
renaming cropped-fig-ftc1-step-counterexample-panel-2.pdf to fig-ftc1-step-counterexample-panel-2.pdf
converting fig-ftc1-step-counterexample-panel-2.pdf to fig-ftc1-step-counterexample-panel-2.svg
converting fig-ftc2-line-area-2.tex to fig-ftc2-line-area-2.pdf
cropping fig-ftc2-line-area-2.pdf to cropped-fig-ftc2-line-area-2.pdf
renaming cropped-fig-ftc2-line-area-2.pdf to fig-ftc2-line-area-2.pdf
converting fig-ftc2-line-area-2.pdf to fig-ftc2-line-area-2.svg
converting fig-function-assignment-2.tex to fig-function-assignment-2.pdf
cropping fig-function-assignment-2.pdf to cropped-fig-function-assignment-2.pdf
renaming cropped-fig-function-assignment-2.pdf to fig-function-assignment-2.pdf
converting fig-function-assignment-2.pdf to fig-function-assignment-2.svg
converting fig-gaussian-integral-piece-2.tex to fig-gaussian-integral-piece-2.pdf
cropping fig-gaussian-integral-piece-2.pdf to cropped-fig-gaussian-integral-piece-2.pdf
renaming cropped-fig-gaussian-integral-piece-2.pdf to fig-gaussian-integral-piece-2.pdf
converting fig-gaussian-integral-piece-2.pdf to fig-gaussian-integral-piece-2.svg
converting fig-gaussian-taylor-approx-2.tex to fig-gaussian-taylor-approx-2.pdf
cropping fig-gaussian-taylor-approx-2.pdf to cropped-fig-gaussian-taylor-approx-2.pdf
renaming cropped-fig-gaussian-taylor-approx-2.pdf to fig-gaussian-taylor-approx-2.pdf
converting fig-gaussian-taylor-approx-2.pdf to fig-gaussian-taylor-approx-2.svg
converting fig-geometric-partial-sums-function-2.tex to fig-geometric-partial-sums-function-2.pdf
cropping fig-geometric-partial-sums-function-2.pdf to cropped-fig-geometric-partial-sums-function-2.pdf
renaming cropped-fig-geometric-partial-sums-function-2.pdf to fig-geometric-partial-sums-function-2.pdf
converting fig-geometric-partial-sums-function-2.pdf to fig-geometric-partial-sums-function-2.svg
converting fig-harmonic-grouping-blocks-2.tex to fig-harmonic-grouping-blocks-2.pdf
cropping fig-harmonic-grouping-blocks-2.pdf to cropped-fig-harmonic-grouping-blocks-2.pdf
renaming cropped-fig-harmonic-grouping-blocks-2.pdf to fig-harmonic-grouping-blocks-2.pdf
converting fig-harmonic-grouping-blocks-2.pdf to fig-harmonic-grouping-blocks-2.svg
converting fig-harvesting-growth-curve-2.tex to fig-harvesting-growth-curve-2.pdf
cropping fig-harvesting-growth-curve-2.pdf to cropped-fig-harvesting-growth-curve-2.pdf
renaming cropped-fig-harvesting-growth-curve-2.pdf to fig-harvesting-growth-curve-2.pdf
converting fig-harvesting-growth-curve-2.pdf to fig-harvesting-growth-curve-2.svg
converting fig-hydrostatic-circular-window-2.tex to fig-hydrostatic-circular-window-2.pdf
cropping fig-hydrostatic-circular-window-2.pdf to cropped-fig-hydrostatic-circular-window-2.pdf
renaming cropped-fig-hydrostatic-circular-window-2.pdf to fig-hydrostatic-circular-window-2.pdf
converting fig-hydrostatic-circular-window-2.pdf to fig-hydrostatic-circular-window-2.svg
converting fig-hydrostatic-rectangular-plate-2.tex to fig-hydrostatic-rectangular-plate-2.pdf
cropping fig-hydrostatic-rectangular-plate-2.pdf to cropped-fig-hydrostatic-rectangular-plate-2.pdf
renaming cropped-fig-hydrostatic-rectangular-plate-2.pdf to fig-hydrostatic-rectangular-plate-2.pdf
converting fig-hydrostatic-rectangular-plate-2.pdf to fig-hydrostatic-rectangular-plate-2.svg
converting fig-hydrostatic-triangle-2.tex to fig-hydrostatic-triangle-2.pdf
cropping fig-hydrostatic-triangle-2.pdf to cropped-fig-hydrostatic-triangle-2.pdf
renaming cropped-fig-hydrostatic-triangle-2.pdf to fig-hydrostatic-triangle-2.pdf
converting fig-hydrostatic-triangle-2.pdf to fig-hydrostatic-triangle-2.svg
converting fig-hyperbola-cosh-sinh-2.tex to fig-hyperbola-cosh-sinh-2.pdf
cropping fig-hyperbola-cosh-sinh-2.pdf to cropped-fig-hyperbola-cosh-sinh-2.pdf
renaming cropped-fig-hyperbola-cosh-sinh-2.pdf to fig-hyperbola-cosh-sinh-2.pdf
converting fig-hyperbola-cosh-sinh-2.pdf to fig-hyperbola-cosh-sinh-2.svg
converting fig-increasing-different-concavity-2.tex to fig-increasing-different-concavity-2.pdf
cropping fig-increasing-different-concavity-2.pdf to cropped-fig-increasing-different-concavity-2.pdf
renaming cropped-fig-increasing-different-concavity-2.pdf to fig-increasing-different-concavity-2.pdf
converting fig-increasing-different-concavity-2.pdf to fig-increasing-different-concavity-2.svg
converting fig-infinite-discontinuity-comparison-2.tex to fig-infinite-discontinuity-comparison-2.pdf
cropping fig-infinite-discontinuity-comparison-2.pdf to cropped-fig-infinite-discontinuity-comparison-2.pdf
renaming cropped-fig-infinite-discontinuity-comparison-2.pdf to fig-infinite-discontinuity-comparison-2.pdf
converting fig-infinite-discontinuity-comparison-2.pdf to fig-infinite-discontinuity-comparison-2.svg
converting fig-infinite-limit-warning-2.tex to fig-infinite-limit-warning-2.pdf
cropping fig-infinite-limit-warning-2.pdf to cropped-fig-infinite-limit-warning-2.pdf
renaming cropped-fig-infinite-limit-warning-2.pdf to fig-infinite-limit-warning-2.pdf
converting fig-infinite-limit-warning-2.pdf to fig-infinite-limit-warning-2.svg
converting fig-initial-values-select-solutions-2.tex to fig-initial-values-select-solutions-2.pdf
cropping fig-initial-values-select-solutions-2.pdf to cropped-fig-initial-values-select-solutions-2.pdf
renaming cropped-fig-initial-values-select-solutions-2.pdf to fig-initial-values-select-solutions-2.pdf
converting fig-initial-values-select-solutions-2.pdf to fig-initial-values-select-solutions-2.svg
converting fig-integral-test-rectangles-2.tex to fig-integral-test-rectangles-2.pdf
cropping fig-integral-test-rectangles-2.pdf to cropped-fig-integral-test-rectangles-2.pdf
renaming cropped-fig-integral-test-rectangles-2.pdf to fig-integral-test-rectangles-2.pdf
converting fig-integral-test-rectangles-2.pdf to fig-integral-test-rectangles-2.svg
converting fig-integration-decision-tree-2.tex to fig-integration-decision-tree-2.pdf
cropping fig-integration-decision-tree-2.pdf to cropped-fig-integration-decision-tree-2.pdf
renaming cropped-fig-integration-decision-tree-2.pdf to fig-integration-decision-tree-2.pdf
converting fig-integration-decision-tree-2.pdf to fig-integration-decision-tree-2.svg
converting fig-interval-types-2.tex to fig-interval-types-2.pdf
cropping fig-interval-types-2.pdf to cropped-fig-interval-types-2.pdf
renaming cropped-fig-interval-types-2.pdf to fig-interval-types-2.pdf
converting fig-interval-types-2.pdf to fig-interval-types-2.svg
converting fig-inverse-slopes-reciprocal-2.tex to fig-inverse-slopes-reciprocal-2.pdf
cropping fig-inverse-slopes-reciprocal-2.pdf to cropped-fig-inverse-slopes-reciprocal-2.pdf
renaming cropped-fig-inverse-slopes-reciprocal-2.pdf to fig-inverse-slopes-reciprocal-2.pdf
converting fig-inverse-slopes-reciprocal-2.pdf to fig-inverse-slopes-reciprocal-2.svg
converting fig-ivt-fails-jump-2.tex to fig-ivt-fails-jump-2.pdf
cropping fig-ivt-fails-jump-2.pdf to cropped-fig-ivt-fails-jump-2.pdf
renaming cropped-fig-ivt-fails-jump-2.pdf to fig-ivt-fails-jump-2.pdf
converting fig-ivt-fails-jump-2.pdf to fig-ivt-fails-jump-2.svg
converting fig-ivt-root-cubic-2.tex to fig-ivt-root-cubic-2.pdf
cropping fig-ivt-root-cubic-2.pdf to cropped-fig-ivt-root-cubic-2.pdf
renaming cropped-fig-ivt-root-cubic-2.pdf to fig-ivt-root-cubic-2.pdf
converting fig-ivt-root-cubic-2.pdf to fig-ivt-root-cubic-2.svg
converting fig-ivt-warning-fails-2.tex to fig-ivt-warning-fails-2.pdf
cropping fig-ivt-warning-fails-2.pdf to cropped-fig-ivt-warning-fails-2.pdf
renaming cropped-fig-ivt-warning-fails-2.pdf to fig-ivt-warning-fails-2.pdf
converting fig-ivt-warning-fails-2.pdf to fig-ivt-warning-fails-2.svg
converting fig-jump-no-limit-2.tex to fig-jump-no-limit-2.pdf
cropping fig-jump-no-limit-2.pdf to cropped-fig-jump-no-limit-2.pdf
renaming cropped-fig-jump-no-limit-2.pdf to fig-jump-no-limit-2.pdf
converting fig-jump-no-limit-2.pdf to fig-jump-no-limit-2.svg
converting fig-jump-warning-no-limit-2.tex to fig-jump-warning-no-limit-2.pdf
cropping fig-jump-warning-no-limit-2.pdf to cropped-fig-jump-warning-no-limit-2.pdf
renaming cropped-fig-jump-warning-no-limit-2.pdf to fig-jump-warning-no-limit-2.pdf
converting fig-jump-warning-no-limit-2.pdf to fig-jump-warning-no-limit-2.svg
converting fig-least-material-container-project-2.tex to fig-least-material-container-project-2.pdf
cropping fig-least-material-container-project-2.pdf to cropped-fig-least-material-container-project-2.pdf
renaming cropped-fig-least-material-container-project-2.pdf to fig-least-material-container-project-2.pdf
converting fig-least-material-container-project-2.pdf to fig-least-material-container-project-2.svg
converting fig-left-rectangles-x-squared-2.tex to fig-left-rectangles-x-squared-2.pdf
cropping fig-left-rectangles-x-squared-2.pdf to cropped-fig-left-rectangles-x-squared-2.pdf
renaming cropped-fig-left-rectangles-x-squared-2.pdf to fig-left-rectangles-x-squared-2.pdf
converting fig-left-rectangles-x-squared-2.pdf to fig-left-rectangles-x-squared-2.svg
converting fig-left-right-area-estimates-panel-1.tex to fig-left-right-area-estimates-panel-1.pdf
cropping fig-left-right-area-estimates-panel-1.pdf to cropped-fig-left-right-area-estimates-panel-1.pdf
renaming cropped-fig-left-right-area-estimates-panel-1.pdf to fig-left-right-area-estimates-panel-1.pdf
converting fig-left-right-area-estimates-panel-1.pdf to fig-left-right-area-estimates-panel-1.svg
converting fig-left-right-area-estimates-panel-2.tex to fig-left-right-area-estimates-panel-2.pdf
cropping fig-left-right-area-estimates-panel-2.pdf to cropped-fig-left-right-area-estimates-panel-2.pdf
renaming cropped-fig-left-right-area-estimates-panel-2.pdf to fig-left-right-area-estimates-panel-2.pdf
converting fig-left-right-area-estimates-panel-2.pdf to fig-left-right-area-estimates-panel-2.svg
converting fig-lifting-chain-2.tex to fig-lifting-chain-2.pdf
cropping fig-lifting-chain-2.pdf to cropped-fig-lifting-chain-2.pdf
renaming cropped-fig-lifting-chain-2.pdf to fig-lifting-chain-2.pdf
converting fig-lifting-chain-2.pdf to fig-lifting-chain-2.svg
converting fig-limacon-inner-loop-2.tex to fig-limacon-inner-loop-2.pdf
cropping fig-limacon-inner-loop-2.pdf to cropped-fig-limacon-inner-loop-2.pdf
renaming cropped-fig-limacon-inner-loop-2.pdf to fig-limacon-inner-loop-2.pdf
converting fig-limacon-inner-loop-2.pdf to fig-limacon-inner-loop-2.svg
converting fig-limit-hole-different-value-2.tex to fig-limit-hole-different-value-2.pdf
cropping fig-limit-hole-different-value-2.pdf to cropped-fig-limit-hole-different-value-2.pdf
renaming cropped-fig-limit-hole-different-value-2.pdf to fig-limit-hole-different-value-2.pdf
converting fig-limit-hole-different-value-2.pdf to fig-limit-hole-different-value-2.svg
converting fig-linear-approx-sqrt26-2.tex to fig-linear-approx-sqrt26-2.pdf
cropping fig-linear-approx-sqrt26-2.pdf to cropped-fig-linear-approx-sqrt26-2.pdf
renaming cropped-fig-linear-approx-sqrt26-2.pdf to fig-linear-approx-sqrt26-2.pdf
converting fig-linear-approx-sqrt26-2.pdf to fig-linear-approx-sqrt26-2.svg
converting fig-linear-mixing-salt-2.tex to fig-linear-mixing-salt-2.pdf
cropping fig-linear-mixing-salt-2.pdf to cropped-fig-linear-mixing-salt-2.pdf
renaming cropped-fig-linear-mixing-salt-2.pdf to fig-linear-mixing-salt-2.pdf
converting fig-linear-mixing-salt-2.pdf to fig-linear-mixing-salt-2.svg
converting fig-linear-versus-exponential-models-2.tex to fig-linear-versus-exponential-models-2.pdf
cropping fig-linear-versus-exponential-models-2.pdf to cropped-fig-linear-versus-exponential-models-2.pdf
renaming cropped-fig-linear-versus-exponential-models-2.pdf to fig-linear-versus-exponential-models-2.pdf
converting fig-linear-versus-exponential-models-2.pdf to fig-linear-versus-exponential-models-2.svg
converting fig-local-max-not-absolute-2.tex to fig-local-max-not-absolute-2.pdf
cropping fig-local-max-not-absolute-2.pdf to cropped-fig-local-max-not-absolute-2.pdf
renaming cropped-fig-local-max-not-absolute-2.pdf to fig-local-max-not-absolute-2.pdf
converting fig-local-max-not-absolute-2.pdf to fig-local-max-not-absolute-2.svg
converting fig-local-series-radius-block-2.tex to fig-local-series-radius-block-2.pdf
cropping fig-local-series-radius-block-2.pdf to cropped-fig-local-series-radius-block-2.pdf
renaming cropped-fig-local-series-radius-block-2.pdf to fig-local-series-radius-block-2.pdf
converting fig-local-series-radius-block-2.pdf to fig-local-series-radius-block-2.svg
converting fig-local-vs-absolute-extrema-2.tex to fig-local-vs-absolute-extrema-2.pdf
cropping fig-local-vs-absolute-extrema-2.pdf to cropped-fig-local-vs-absolute-extrema-2.pdf
renaming cropped-fig-local-vs-absolute-extrema-2.pdf to fig-local-vs-absolute-extrema-2.pdf
converting fig-local-vs-absolute-extrema-2.pdf to fig-local-vs-absolute-extrema-2.svg
converting fig-logistic-phase-line-ch13-2.tex to fig-logistic-phase-line-ch13-2.pdf
cropping fig-logistic-phase-line-ch13-2.pdf to cropped-fig-logistic-phase-line-ch13-2.pdf
renaming cropped-fig-logistic-phase-line-ch13-2.pdf to fig-logistic-phase-line-ch13-2.pdf
converting fig-logistic-phase-line-ch13-2.pdf to fig-logistic-phase-line-ch13-2.svg
converting fig-logistic-solutions-2.tex to fig-logistic-solutions-2.pdf
cropping fig-logistic-solutions-2.pdf to cropped-fig-logistic-solutions-2.pdf
renaming cropped-fig-logistic-solutions-2.pdf to fig-logistic-solutions-2.pdf
converting fig-logistic-solutions-2.pdf to fig-logistic-solutions-2.svg
converting fig-logistic-solutions-ch13-2.tex to fig-logistic-solutions-ch13-2.pdf
cropping fig-logistic-solutions-ch13-2.pdf to cropped-fig-logistic-solutions-ch13-2.pdf
renaming cropped-fig-logistic-solutions-ch13-2.pdf to fig-logistic-solutions-ch13-2.pdf
converting fig-logistic-solutions-ch13-2.pdf to fig-logistic-solutions-ch13-2.svg
converting fig-lower-upper-x-squared-panel-1.tex to fig-lower-upper-x-squared-panel-1.pdf
cropping fig-lower-upper-x-squared-panel-1.pdf to cropped-fig-lower-upper-x-squared-panel-1.pdf
renaming cropped-fig-lower-upper-x-squared-panel-1.pdf to fig-lower-upper-x-squared-panel-1.pdf
converting fig-lower-upper-x-squared-panel-1.pdf to fig-lower-upper-x-squared-panel-1.svg
converting fig-lower-upper-x-squared-panel-2.tex to fig-lower-upper-x-squared-panel-2.pdf
cropping fig-lower-upper-x-squared-panel-2.pdf to cropped-fig-lower-upper-x-squared-panel-2.pdf
renaming cropped-fig-lower-upper-x-squared-panel-2.pdf to fig-lower-upper-x-squared-panel-2.pdf
converting fig-lower-upper-x-squared-panel-2.pdf to fig-lower-upper-x-squared-panel-2.svg
converting fig-midpoint-single-interval-2.tex to fig-midpoint-single-interval-2.pdf
cropping fig-midpoint-single-interval-2.pdf to cropped-fig-midpoint-single-interval-2.pdf
renaming cropped-fig-midpoint-single-interval-2.pdf to fig-midpoint-single-interval-2.pdf
converting fig-midpoint-single-interval-2.pdf to fig-midpoint-single-interval-2.svg
converting fig-monotone-bounded-sequence-2.tex to fig-monotone-bounded-sequence-2.pdf
cropping fig-monotone-bounded-sequence-2.pdf to cropped-fig-monotone-bounded-sequence-2.pdf
renaming cropped-fig-monotone-bounded-sequence-2.pdf to fig-monotone-bounded-sequence-2.pdf
converting fig-monotone-bounded-sequence-2.pdf to fig-monotone-bounded-sequence-2.svg
converting fig-monotone-sequence-approaches-sup-2.tex to fig-monotone-sequence-approaches-sup-2.pdf
cropping fig-monotone-sequence-approaches-sup-2.pdf to cropped-fig-monotone-sequence-approaches-sup-2.pdf
renaming cropped-fig-monotone-sequence-approaches-sup-2.pdf to fig-monotone-sequence-approaches-sup-2.pdf
converting fig-monotone-sequence-approaches-sup-2.pdf to fig-monotone-sequence-approaches-sup-2.svg
converting fig-monotone-upper-lower-sums-panel-1.tex to fig-monotone-upper-lower-sums-panel-1.pdf
cropping fig-monotone-upper-lower-sums-panel-1.pdf to cropped-fig-monotone-upper-lower-sums-panel-1.pdf
renaming cropped-fig-monotone-upper-lower-sums-panel-1.pdf to fig-monotone-upper-lower-sums-panel-1.pdf
converting fig-monotone-upper-lower-sums-panel-1.pdf to fig-monotone-upper-lower-sums-panel-1.svg
converting fig-monotone-upper-lower-sums-panel-2.tex to fig-monotone-upper-lower-sums-panel-2.pdf
cropping fig-monotone-upper-lower-sums-panel-2.pdf to cropped-fig-monotone-upper-lower-sums-panel-2.pdf
renaming cropped-fig-monotone-upper-lower-sums-panel-2.pdf to fig-monotone-upper-lower-sums-panel-2.pdf
converting fig-monotone-upper-lower-sums-panel-2.pdf to fig-monotone-upper-lower-sums-panel-2.svg
converting fig-mvt-continuity-warning-2.tex to fig-mvt-continuity-warning-2.pdf
cropping fig-mvt-continuity-warning-2.pdf to cropped-fig-mvt-continuity-warning-2.pdf
renaming cropped-fig-mvt-continuity-warning-2.pdf to fig-mvt-continuity-warning-2.pdf
converting fig-mvt-continuity-warning-2.pdf to fig-mvt-continuity-warning-2.svg
converting fig-mvt-differentiability-warning-2.tex to fig-mvt-differentiability-warning-2.pdf
cropping fig-mvt-differentiability-warning-2.pdf to cropped-fig-mvt-differentiability-warning-2.pdf
renaming cropped-fig-mvt-differentiability-warning-2.pdf to fig-mvt-differentiability-warning-2.pdf
converting fig-mvt-differentiability-warning-2.pdf to fig-mvt-differentiability-warning-2.svg
converting fig-mvt-parabola-2.tex to fig-mvt-parabola-2.pdf
cropping fig-mvt-parabola-2.pdf to cropped-fig-mvt-parabola-2.pdf
renaming cropped-fig-mvt-parabola-2.pdf to fig-mvt-parabola-2.pdf
converting fig-mvt-parabola-2.pdf to fig-mvt-parabola-2.svg
converting fig-nested-intervals-shrink-2.tex to fig-nested-intervals-shrink-2.pdf
cropping fig-nested-intervals-shrink-2.pdf to cropped-fig-nested-intervals-shrink-2.pdf
renaming cropped-fig-nested-intervals-shrink-2.pdf to fig-nested-intervals-shrink-2.pdf
converting fig-nested-intervals-shrink-2.pdf to fig-nested-intervals-shrink-2.svg
converting fig-nested-intervals-sqrt2-2.tex to fig-nested-intervals-sqrt2-2.pdf
cropping fig-nested-intervals-sqrt2-2.pdf to cropped-fig-nested-intervals-sqrt2-2.pdf
renaming cropped-fig-nested-intervals-sqrt2-2.pdf to fig-nested-intervals-sqrt2-2.pdf
converting fig-nested-intervals-sqrt2-2.pdf to fig-nested-intervals-sqrt2-2.svg
converting fig-newton-cooling-coffee-2.tex to fig-newton-cooling-coffee-2.pdf
cropping fig-newton-cooling-coffee-2.pdf to cropped-fig-newton-cooling-coffee-2.pdf
renaming cropped-fig-newton-cooling-coffee-2.pdf to fig-newton-cooling-coffee-2.pdf
converting fig-newton-cooling-coffee-2.pdf to fig-newton-cooling-coffee-2.svg
converting fig-newton-cycle-2.tex to fig-newton-cycle-2.pdf
cropping fig-newton-cycle-2.pdf to cropped-fig-newton-cycle-2.pdf
renaming cropped-fig-newton-cycle-2.pdf to fig-newton-cycle-2.pdf
converting fig-newton-cycle-2.pdf to fig-newton-cycle-2.svg
converting fig-newton-double-root-2.tex to fig-newton-double-root-2.pdf
cropping fig-newton-double-root-2.pdf to cropped-fig-newton-double-root-2.pdf
renaming cropped-fig-newton-double-root-2.pdf to fig-newton-double-root-2.pdf
converting fig-newton-double-root-2.pdf to fig-newton-double-root-2.svg
converting fig-newton-map-x2-plus-1-2.tex to fig-newton-map-x2-plus-1-2.pdf
cropping fig-newton-map-x2-plus-1-2.pdf to cropped-fig-newton-map-x2-plus-1-2.pdf
renaming cropped-fig-newton-map-x2-plus-1-2.pdf to fig-newton-map-x2-plus-1-2.pdf
converting fig-newton-map-x2-plus-1-2.pdf to fig-newton-map-x2-plus-1-2.svg
converting fig-newton-sqrt2-first-step-2.tex to fig-newton-sqrt2-first-step-2.pdf
cropping fig-newton-sqrt2-first-step-2.pdf to cropped-fig-newton-sqrt2-first-step-2.pdf
renaming cropped-fig-newton-sqrt2-first-step-2.pdf to fig-newton-sqrt2-first-step-2.pdf
converting fig-newton-sqrt2-first-step-2.pdf to fig-newton-sqrt2-first-step-2.svg
converting fig-newton-wrong-root-2.tex to fig-newton-wrong-root-2.pdf
cropping fig-newton-wrong-root-2.pdf to cropped-fig-newton-wrong-root-2.pdf
renaming cropped-fig-newton-wrong-root-2.pdf to fig-newton-wrong-root-2.pdf
converting fig-newton-wrong-root-2.pdf to fig-newton-wrong-root-2.svg
converting fig-noisy-position-data-2.tex to fig-noisy-position-data-2.pdf
cropping fig-noisy-position-data-2.pdf to cropped-fig-noisy-position-data-2.pdf
renaming cropped-fig-noisy-position-data-2.pdf to fig-noisy-position-data-2.pdf
converting fig-noisy-position-data-2.pdf to fig-noisy-position-data-2.svg
converting fig-normal-density-probability-2.tex to fig-normal-density-probability-2.pdf
cropping fig-normal-density-probability-2.pdf to cropped-fig-normal-density-probability-2.pdf
renaming cropped-fig-normal-density-probability-2.pdf to fig-normal-density-probability-2.pdf
converting fig-normal-density-probability-2.pdf to fig-normal-density-probability-2.svg
converting fig-odd-function-cancellation-2.tex to fig-odd-function-cancellation-2.pdf
cropping fig-odd-function-cancellation-2.pdf to cropped-fig-odd-function-cancellation-2.pdf
renaming cropped-fig-odd-function-cancellation-2.pdf to fig-odd-function-cancellation-2.pdf
converting fig-odd-function-cancellation-2.pdf to fig-odd-function-cancellation-2.svg
converting fig-one-over-x-minus-two-2.tex to fig-one-over-x-minus-two-2.pdf
cropping fig-one-over-x-minus-two-2.pdf to cropped-fig-one-over-x-minus-two-2.pdf
renaming cropped-fig-one-over-x-minus-two-2.pdf to fig-one-over-x-minus-two-2.pdf
converting fig-one-over-x-minus-two-2.pdf to fig-one-over-x-minus-two-2.svg
converting fig-one-over-x-not-uniform-2.tex to fig-one-over-x-not-uniform-2.pdf
cropping fig-one-over-x-not-uniform-2.pdf to cropped-fig-one-over-x-not-uniform-2.pdf
renaming cropped-fig-one-over-x-not-uniform-2.pdf to fig-one-over-x-not-uniform-2.pdf
converting fig-one-over-x-not-uniform-2.pdf to fig-one-over-x-not-uniform-2.svg
converting fig-one-over-x-vs-one-over-x-squared-panel-1.tex to fig-one-over-x-vs-one-over-x-squared-panel-1.pdf
cropping fig-one-over-x-vs-one-over-x-squared-panel-1.pdf to cropped-fig-one-over-x-vs-one-over-x-squared-panel-1.pdf
renaming cropped-fig-one-over-x-vs-one-over-x-squared-panel-1.pdf to fig-one-over-x-vs-one-over-x-squared-panel-1.pdf
converting fig-one-over-x-vs-one-over-x-squared-panel-1.pdf to fig-one-over-x-vs-one-over-x-squared-panel-1.svg
converting fig-one-over-x-vs-one-over-x-squared-panel-2.tex to fig-one-over-x-vs-one-over-x-squared-panel-2.pdf
cropping fig-one-over-x-vs-one-over-x-squared-panel-2.pdf to cropped-fig-one-over-x-vs-one-over-x-squared-panel-2.pdf
renaming cropped-fig-one-over-x-vs-one-over-x-squared-panel-2.pdf to fig-one-over-x-vs-one-over-x-squared-panel-2.pdf
converting fig-one-over-x-vs-one-over-x-squared-panel-2.pdf to fig-one-over-x-vs-one-over-x-squared-panel-2.svg
converting fig-one-region-several-questions-2.tex to fig-one-region-several-questions-2.pdf
cropping fig-one-region-several-questions-2.pdf to cropped-fig-one-region-several-questions-2.pdf
renaming cropped-fig-one-region-several-questions-2.pdf to fig-one-region-several-questions-2.pdf
converting fig-one-region-several-questions-2.pdf to fig-one-region-several-questions-2.svg
converting fig-one-sided-different-limits-2.tex to fig-one-sided-different-limits-2.pdf
cropping fig-one-sided-different-limits-2.pdf to cropped-fig-one-sided-different-limits-2.pdf
renaming cropped-fig-one-sided-different-limits-2.pdf to fig-one-sided-different-limits-2.pdf
converting fig-one-sided-different-limits-2.pdf to fig-one-sided-different-limits-2.svg
converting fig-open-box-cardboard-2.tex to fig-open-box-cardboard-2.pdf
cropping fig-open-box-cardboard-2.pdf to cropped-fig-open-box-cardboard-2.pdf
renaming cropped-fig-open-box-cardboard-2.pdf to fig-open-box-cardboard-2.pdf
converting fig-open-box-cardboard-2.pdf to fig-open-box-cardboard-2.svg
converting fig-oriented-interval-2.tex to fig-oriented-interval-2.pdf
cropping fig-oriented-interval-2.pdf to cropped-fig-oriented-interval-2.pdf
renaming cropped-fig-oriented-interval-2.pdf to fig-oriented-interval-2.pdf
converting fig-oriented-interval-2.pdf to fig-oriented-interval-2.svg
converting fig-oriented-interval-boundary-2.tex to fig-oriented-interval-boundary-2.pdf
cropping fig-oriented-interval-boundary-2.pdf to cropped-fig-oriented-interval-boundary-2.pdf
renaming cropped-fig-oriented-interval-boundary-2.pdf to fig-oriented-interval-boundary-2.pdf
converting fig-oriented-interval-boundary-2.pdf to fig-oriented-interval-boundary-2.svg
converting fig-orthogonality-product-signed-area-2.tex to fig-orthogonality-product-signed-area-2.pdf
cropping fig-orthogonality-product-signed-area-2.pdf to cropped-fig-orthogonality-product-signed-area-2.pdf
renaming cropped-fig-orthogonality-product-signed-area-2.pdf to fig-orthogonality-product-signed-area-2.pdf
converting fig-orthogonality-product-signed-area-2.pdf to fig-orthogonality-product-signed-area-2.svg
converting fig-oscillation-complex-exponential-2.tex to fig-oscillation-complex-exponential-2.pdf
cropping fig-oscillation-complex-exponential-2.pdf to cropped-fig-oscillation-complex-exponential-2.pdf
renaming cropped-fig-oscillation-complex-exponential-2.pdf to fig-oscillation-complex-exponential-2.pdf
converting fig-oscillation-complex-exponential-2.pdf to fig-oscillation-complex-exponential-2.svg
converting fig-oscillator-phase-plane-2.tex to fig-oscillator-phase-plane-2.pdf
cropping fig-oscillator-phase-plane-2.pdf to cropped-fig-oscillator-phase-plane-2.pdf
renaming cropped-fig-oscillator-phase-plane-2.pdf to fig-oscillator-phase-plane-2.pdf
converting fig-oscillator-phase-plane-2.pdf to fig-oscillator-phase-plane-2.svg
converting fig-parabola-and-derivative-panel-1.tex to fig-parabola-and-derivative-panel-1.pdf
cropping fig-parabola-and-derivative-panel-1.pdf to cropped-fig-parabola-and-derivative-panel-1.pdf
renaming cropped-fig-parabola-and-derivative-panel-1.pdf to fig-parabola-and-derivative-panel-1.pdf
converting fig-parabola-and-derivative-panel-1.pdf to fig-parabola-and-derivative-panel-1.svg
converting fig-parabola-and-derivative-panel-2.tex to fig-parabola-and-derivative-panel-2.pdf
cropping fig-parabola-and-derivative-panel-2.pdf to cropped-fig-parabola-and-derivative-panel-2.pdf
renaming cropped-fig-parabola-and-derivative-panel-2.pdf to fig-parabola-and-derivative-panel-2.pdf
converting fig-parabola-and-derivative-panel-2.pdf to fig-parabola-and-derivative-panel-2.svg
converting fig-parabola-focus-directrix-2.tex to fig-parabola-focus-directrix-2.pdf
cropping fig-parabola-focus-directrix-2.pdf to cropped-fig-parabola-focus-directrix-2.pdf
renaming cropped-fig-parabola-focus-directrix-2.pdf to fig-parabola-focus-directrix-2.pdf
converting fig-parabola-focus-directrix-2.pdf to fig-parabola-focus-directrix-2.svg
converting fig-parametric-circle-length-2.tex to fig-parametric-circle-length-2.pdf
cropping fig-parametric-circle-length-2.pdf to cropped-fig-parametric-circle-length-2.pdf
renaming cropped-fig-parametric-circle-length-2.pdf to fig-parametric-circle-length-2.pdf
converting fig-parametric-circle-length-2.pdf to fig-parametric-circle-length-2.svg
converting fig-parametric-ellipse-area-2.tex to fig-parametric-ellipse-area-2.pdf
cropping fig-parametric-ellipse-area-2.pdf to cropped-fig-parametric-ellipse-area-2.pdf
renaming cropped-fig-parametric-ellipse-area-2.pdf to fig-parametric-ellipse-area-2.pdf
converting fig-parametric-ellipse-area-2.pdf to fig-parametric-ellipse-area-2.svg
converting fig-parametric-line-segment-2.tex to fig-parametric-line-segment-2.pdf
cropping fig-parametric-line-segment-2.pdf to cropped-fig-parametric-line-segment-2.pdf
renaming cropped-fig-parametric-line-segment-2.pdf to fig-parametric-line-segment-2.pdf
converting fig-parametric-line-segment-2.pdf to fig-parametric-line-segment-2.svg
converting fig-parametric-pause-smooth-parabola-2.tex to fig-parametric-pause-smooth-parabola-2.pdf
cropping fig-parametric-pause-smooth-parabola-2.pdf to cropped-fig-parametric-pause-smooth-parabola-2.pdf
renaming cropped-fig-parametric-pause-smooth-parabola-2.pdf to fig-parametric-pause-smooth-parabola-2.pdf
converting fig-parametric-pause-smooth-parabola-2.pdf to fig-parametric-pause-smooth-parabola-2.svg
converting fig-parametric-projectile-2.tex to fig-parametric-projectile-2.pdf
cropping fig-parametric-projectile-2.pdf to cropped-fig-parametric-projectile-2.pdf
renaming cropped-fig-parametric-projectile-2.pdf to fig-parametric-projectile-2.pdf
converting fig-parametric-projectile-2.pdf to fig-parametric-projectile-2.svg
converting fig-parametric-slope-sideways-parabola-2.tex to fig-parametric-slope-sideways-parabola-2.pdf
cropping fig-parametric-slope-sideways-parabola-2.pdf to cropped-fig-parametric-slope-sideways-parabola-2.pdf
renaming cropped-fig-parametric-slope-sideways-parabola-2.pdf to fig-parametric-slope-sideways-parabola-2.pdf
converting fig-parametric-slope-sideways-parabola-2.pdf to fig-parametric-slope-sideways-parabola-2.svg
converting fig-parametric-unit-circle-2.tex to fig-parametric-unit-circle-2.pdf
cropping fig-parametric-unit-circle-2.pdf to cropped-fig-parametric-unit-circle-2.pdf
renaming cropped-fig-parametric-unit-circle-2.pdf to fig-parametric-unit-circle-2.pdf
converting fig-parametric-unit-circle-2.pdf to fig-parametric-unit-circle-2.svg
converting fig-partial-sums-halves-2.tex to fig-partial-sums-halves-2.pdf
cropping fig-partial-sums-halves-2.pdf to cropped-fig-partial-sums-halves-2.pdf
renaming cropped-fig-partial-sums-halves-2.pdf to fig-partial-sums-halves-2.pdf
converting fig-partial-sums-halves-2.pdf to fig-partial-sums-halves-2.svg
converting fig-partition-sample-points-2.tex to fig-partition-sample-points-2.pdf
cropping fig-partition-sample-points-2.pdf to cropped-fig-partition-sample-points-2.pdf
renaming cropped-fig-partition-sample-points-2.pdf to fig-partition-sample-points-2.pdf
converting fig-partition-sample-points-2.pdf to fig-partition-sample-points-2.svg
converting fig-path-variation-2.tex to fig-path-variation-2.pdf
cropping fig-path-variation-2.pdf to cropped-fig-path-variation-2.pdf
renaming cropped-fig-path-variation-2.pdf to fig-path-variation-2.pdf
converting fig-path-variation-2.pdf to fig-path-variation-2.svg
converting fig-phase-plane-energy-ellipse-2.tex to fig-phase-plane-energy-ellipse-2.pdf
cropping fig-phase-plane-energy-ellipse-2.pdf to cropped-fig-phase-plane-energy-ellipse-2.pdf
renaming cropped-fig-phase-plane-energy-ellipse-2.pdf to fig-phase-plane-energy-ellipse-2.pdf
converting fig-phase-plane-energy-ellipse-2.pdf to fig-phase-plane-energy-ellipse-2.svg
converting fig-piecewise-constant-preview-panel-1.tex to fig-piecewise-constant-preview-panel-1.pdf
cropping fig-piecewise-constant-preview-panel-1.pdf to cropped-fig-piecewise-constant-preview-panel-1.pdf
renaming cropped-fig-piecewise-constant-preview-panel-1.pdf to fig-piecewise-constant-preview-panel-1.pdf
converting fig-piecewise-constant-preview-panel-1.pdf to fig-piecewise-constant-preview-panel-1.svg
converting fig-piecewise-constant-preview-panel-2.tex to fig-piecewise-constant-preview-panel-2.pdf
cropping fig-piecewise-constant-preview-panel-2.pdf to cropped-fig-piecewise-constant-preview-panel-2.pdf
renaming cropped-fig-piecewise-constant-preview-panel-2.pdf to fig-piecewise-constant-preview-panel-2.pdf
converting fig-piecewise-constant-preview-panel-2.pdf to fig-piecewise-constant-preview-panel-2.svg
converting fig-piecewise-constant-velocity-2.tex to fig-piecewise-constant-velocity-2.pdf
cropping fig-piecewise-constant-velocity-2.pdf to cropped-fig-piecewise-constant-velocity-2.pdf
renaming cropped-fig-piecewise-constant-velocity-2.pdf to fig-piecewise-constant-velocity-2.pdf
converting fig-piecewise-constant-velocity-2.pdf to fig-piecewise-constant-velocity-2.svg
converting fig-piecewise-position-function-2.tex to fig-piecewise-position-function-2.pdf
cropping fig-piecewise-position-function-2.pdf to cropped-fig-piecewise-position-function-2.pdf
renaming cropped-fig-piecewise-position-function-2.pdf to fig-piecewise-position-function-2.pdf
converting fig-piecewise-position-function-2.pdf to fig-piecewise-position-function-2.svg
converting fig-piecewise-velocity-signed-area-2.tex to fig-piecewise-velocity-signed-area-2.pdf
cropping fig-piecewise-velocity-signed-area-2.pdf to cropped-fig-piecewise-velocity-signed-area-2.pdf
renaming cropped-fig-piecewise-velocity-signed-area-2.pdf to fig-piecewise-velocity-signed-area-2.pdf
converting fig-piecewise-velocity-signed-area-2.pdf to fig-piecewise-velocity-signed-area-2.svg
converting fig-pointwise-xn-2.tex to fig-pointwise-xn-2.pdf
cropping fig-pointwise-xn-2.pdf to cropped-fig-pointwise-xn-2.pdf
renaming cropped-fig-pointwise-xn-2.pdf to fig-pointwise-xn-2.pdf
converting fig-pointwise-xn-2.pdf to fig-pointwise-xn-2.svg
converting fig-polar-circle-offset-2.tex to fig-polar-circle-offset-2.pdf
cropping fig-polar-circle-offset-2.pdf to cropped-fig-polar-circle-offset-2.pdf
renaming cropped-fig-polar-circle-offset-2.pdf to fig-polar-circle-offset-2.pdf
converting fig-polar-circle-offset-2.pdf to fig-polar-circle-offset-2.svg
converting fig-polar-circle-slope-2.tex to fig-polar-circle-slope-2.pdf
cropping fig-polar-circle-slope-2.pdf to cropped-fig-polar-circle-slope-2.pdf
renaming cropped-fig-polar-circle-slope-2.pdf to fig-polar-circle-slope-2.pdf
converting fig-polar-circle-slope-2.pdf to fig-polar-circle-slope-2.svg
converting fig-polar-circle-traced-twice-2.tex to fig-polar-circle-traced-twice-2.pdf
cropping fig-polar-circle-traced-twice-2.pdf to cropped-fig-polar-circle-traced-twice-2.pdf
renaming cropped-fig-polar-circle-traced-twice-2.pdf to fig-polar-circle-traced-twice-2.pdf
converting fig-polar-circle-traced-twice-2.pdf to fig-polar-circle-traced-twice-2.svg
converting fig-polar-coordinate-point-2.tex to fig-polar-coordinate-point-2.pdf
cropping fig-polar-coordinate-point-2.pdf to cropped-fig-polar-coordinate-point-2.pdf
renaming cropped-fig-polar-coordinate-point-2.pdf to fig-polar-coordinate-point-2.pdf
converting fig-polar-coordinate-point-2.pdf to fig-polar-coordinate-point-2.svg
converting fig-polar-intersections-origin-2.tex to fig-polar-intersections-origin-2.pdf
cropping fig-polar-intersections-origin-2.pdf to cropped-fig-polar-intersections-origin-2.pdf
renaming cropped-fig-polar-intersections-origin-2.pdf to fig-polar-intersections-origin-2.pdf
converting fig-polar-intersections-origin-2.pdf to fig-polar-intersections-origin-2.svg
converting fig-polar-parabola-conic-2.tex to fig-polar-parabola-conic-2.pdf
cropping fig-polar-parabola-conic-2.pdf to cropped-fig-polar-parabola-conic-2.pdf
renaming cropped-fig-polar-parabola-conic-2.pdf to fig-polar-parabola-conic-2.pdf
converting fig-polar-parabola-conic-2.pdf to fig-polar-parabola-conic-2.svg
converting fig-polar-sector-area-2.tex to fig-polar-sector-area-2.pdf
cropping fig-polar-sector-area-2.pdf to cropped-fig-polar-sector-area-2.pdf
renaming cropped-fig-polar-sector-area-2.pdf to fig-polar-sector-area-2.pdf
converting fig-polar-sector-area-2.pdf to fig-polar-sector-area-2.svg
converting fig-polar-spiral-slope-2.tex to fig-polar-spiral-slope-2.pdf
cropping fig-polar-spiral-slope-2.pdf to cropped-fig-polar-spiral-slope-2.pdf
renaming cropped-fig-polar-spiral-slope-2.pdf to fig-polar-spiral-slope-2.pdf
converting fig-polar-spiral-slope-2.pdf to fig-polar-spiral-slope-2.svg
converting fig-polynomial-tangent-first-formulas-2.tex to fig-polynomial-tangent-first-formulas-2.pdf
cropping fig-polynomial-tangent-first-formulas-2.pdf to cropped-fig-polynomial-tangent-first-formulas-2.pdf
renaming cropped-fig-polynomial-tangent-first-formulas-2.pdf to fig-polynomial-tangent-first-formulas-2.pdf
converting fig-polynomial-tangent-first-formulas-2.pdf to fig-polynomial-tangent-first-formulas-2.svg
converting fig-position-sign-chart-panel-1.tex to fig-position-sign-chart-panel-1.pdf
cropping fig-position-sign-chart-panel-1.pdf to cropped-fig-position-sign-chart-panel-1.pdf
renaming cropped-fig-position-sign-chart-panel-1.pdf to fig-position-sign-chart-panel-1.pdf
converting fig-position-sign-chart-panel-1.pdf to fig-position-sign-chart-panel-1.svg
converting fig-position-sign-chart-panel-2.tex to fig-position-sign-chart-panel-2.pdf
cropping fig-position-sign-chart-panel-2.pdf to cropped-fig-position-sign-chart-panel-2.pdf
renaming cropped-fig-position-sign-chart-panel-2.pdf to fig-position-sign-chart-panel-2.pdf
converting fig-position-sign-chart-panel-2.pdf to fig-position-sign-chart-panel-2.svg
converting fig-position-velocity-acceleration-panel-1.tex to fig-position-velocity-acceleration-panel-1.pdf
cropping fig-position-velocity-acceleration-panel-1.pdf to cropped-fig-position-velocity-acceleration-panel-1.pdf
renaming cropped-fig-position-velocity-acceleration-panel-1.pdf to fig-position-velocity-acceleration-panel-1.pdf
converting fig-position-velocity-acceleration-panel-1.pdf to fig-position-velocity-acceleration-panel-1.svg
converting fig-position-velocity-acceleration-panel-2.tex to fig-position-velocity-acceleration-panel-2.pdf
cropping fig-position-velocity-acceleration-panel-2.pdf to cropped-fig-position-velocity-acceleration-panel-2.pdf
renaming cropped-fig-position-velocity-acceleration-panel-2.pdf to fig-position-velocity-acceleration-panel-2.pdf
converting fig-position-velocity-acceleration-panel-2.pdf to fig-position-velocity-acceleration-panel-2.svg
converting fig-position-velocity-acceleration-panel-3.tex to fig-position-velocity-acceleration-panel-3.pdf
cropping fig-position-velocity-acceleration-panel-3.pdf to cropped-fig-position-velocity-acceleration-panel-3.pdf
renaming cropped-fig-position-velocity-acceleration-panel-3.pdf to fig-position-velocity-acceleration-panel-3.pdf
converting fig-position-velocity-acceleration-panel-3.pdf to fig-position-velocity-acceleration-panel-3.svg
converting fig-power-data-energy-project-2.tex to fig-power-data-energy-project-2.pdf
cropping fig-power-data-energy-project-2.pdf to cropped-fig-power-data-energy-project-2.pdf
renaming cropped-fig-power-data-energy-project-2.pdf to fig-power-data-energy-project-2.pdf
converting fig-power-data-energy-project-2.pdf to fig-power-data-energy-project-2.svg
converting fig-predator-prey-phase-plane-2.tex to fig-predator-prey-phase-plane-2.pdf
cropping fig-predator-prey-phase-plane-2.pdf to cropped-fig-predator-prey-phase-plane-2.pdf
renaming cropped-fig-predator-prey-phase-plane-2.pdf to fig-predator-prey-phase-plane-2.pdf
converting fig-predator-prey-phase-plane-2.pdf to fig-predator-prey-phase-plane-2.svg
converting fig-principal-value-one-over-x-2.tex to fig-principal-value-one-over-x-2.pdf
cropping fig-principal-value-one-over-x-2.pdf to cropped-fig-principal-value-one-over-x-2.pdf
renaming cropped-fig-principal-value-one-over-x-2.pdf to fig-principal-value-one-over-x-2.pdf
converting fig-principal-value-one-over-x-2.pdf to fig-principal-value-one-over-x-2.svg
converting fig-product-rule-area-2.tex to fig-product-rule-area-2.pdf
cropping fig-product-rule-area-2.pdf to cropped-fig-product-rule-area-2.pdf
renaming cropped-fig-product-rule-area-2.pdf to fig-product-rule-area-2.pdf
converting fig-product-rule-area-2.pdf to fig-product-rule-area-2.svg
converting fig-product-rule-warning-strips-2.tex to fig-product-rule-warning-strips-2.pdf
cropping fig-product-rule-warning-strips-2.pdf to cropped-fig-product-rule-warning-strips-2.pdf
renaming cropped-fig-product-rule-warning-strips-2.pdf to fig-product-rule-warning-strips-2.pdf
converting fig-product-rule-warning-strips-2.pdf to fig-product-rule-warning-strips-2.svg
converting fig-pumping-rectangular-tank-2.tex to fig-pumping-rectangular-tank-2.pdf
cropping fig-pumping-rectangular-tank-2.pdf to cropped-fig-pumping-rectangular-tank-2.pdf
renaming cropped-fig-pumping-rectangular-tank-2.pdf to fig-pumping-rectangular-tank-2.pdf
converting fig-pumping-rectangular-tank-2.pdf to fig-pumping-rectangular-tank-2.svg
converting fig-quartic-sign-chart-sketch-2.tex to fig-quartic-sign-chart-sketch-2.pdf
cropping fig-quartic-sign-chart-sketch-2.pdf to cropped-fig-quartic-sign-chart-sketch-2.pdf
renaming cropped-fig-quartic-sign-chart-sketch-2.pdf to fig-quartic-sign-chart-sketch-2.pdf
converting fig-quartic-sign-chart-sketch-2.pdf to fig-quartic-sign-chart-sketch-2.svg
converting fig-radius-of-convergence-2.tex to fig-radius-of-convergence-2.pdf
cropping fig-radius-of-convergence-2.pdf to cropped-fig-radius-of-convergence-2.pdf
renaming cropped-fig-radius-of-convergence-2.pdf to fig-radius-of-convergence-2.pdf
converting fig-radius-of-convergence-2.pdf to fig-radius-of-convergence-2.svg
converting fig-rational-complete-sketch-2.tex to fig-rational-complete-sketch-2.pdf
cropping fig-rational-complete-sketch-2.pdf to cropped-fig-rational-complete-sketch-2.pdf
renaming cropped-fig-rational-complete-sketch-2.pdf to fig-rational-complete-sketch-2.pdf
converting fig-rational-complete-sketch-2.pdf to fig-rational-complete-sketch-2.svg
converting fig-rational-hole-sqrt2-2.tex to fig-rational-hole-sqrt2-2.pdf
cropping fig-rational-hole-sqrt2-2.pdf to cropped-fig-rational-hole-sqrt2-2.pdf
renaming cropped-fig-rational-hole-sqrt2-2.pdf to fig-rational-hole-sqrt2-2.pdf
converting fig-rational-hole-sqrt2-2.pdf to fig-rational-hole-sqrt2-2.svg
converting fig-read-trip-speed-graph-2.tex to fig-read-trip-speed-graph-2.pdf
cropping fig-read-trip-speed-graph-2.pdf to cropped-fig-read-trip-speed-graph-2.pdf
renaming cropped-fig-read-trip-speed-graph-2.pdf to fig-read-trip-speed-graph-2.pdf
converting fig-read-trip-speed-graph-2.pdf to fig-read-trip-speed-graph-2.svg
converting fig-real-line-basic-2.tex to fig-real-line-basic-2.pdf
cropping fig-real-line-basic-2.pdf to cropped-fig-real-line-basic-2.pdf
renaming cropped-fig-real-line-basic-2.pdf to fig-real-line-basic-2.pdf
converting fig-real-line-basic-2.pdf to fig-real-line-basic-2.svg
converting fig-reconstruct-from-rate-data-2.tex to fig-reconstruct-from-rate-data-2.pdf
cropping fig-reconstruct-from-rate-data-2.pdf to cropped-fig-reconstruct-from-rate-data-2.pdf
renaming cropped-fig-reconstruct-from-rate-data-2.pdf to fig-reconstruct-from-rate-data-2.pdf
converting fig-reconstruct-from-rate-data-2.pdf to fig-reconstruct-from-rate-data-2.svg
converting fig-rectangles-triangle-area-2.tex to fig-rectangles-triangle-area-2.pdf
cropping fig-rectangles-triangle-area-2.pdf to cropped-fig-rectangles-triangle-area-2.pdf
renaming cropped-fig-rectangles-triangle-area-2.pdf to fig-rectangles-triangle-area-2.pdf
converting fig-rectangles-triangle-area-2.pdf to fig-rectangles-triangle-area-2.svg
converting fig-recursive-halfway-to-three-2.tex to fig-recursive-halfway-to-three-2.pdf
cropping fig-recursive-halfway-to-three-2.pdf to cropped-fig-recursive-halfway-to-three-2.pdf
renaming cropped-fig-recursive-halfway-to-three-2.pdf to fig-recursive-halfway-to-three-2.pdf
converting fig-recursive-halfway-to-three-2.pdf to fig-recursive-halfway-to-three-2.svg
converting fig-reflection-reflected-point-2.tex to fig-reflection-reflected-point-2.pdf
cropping fig-reflection-reflected-point-2.pdf to cropped-fig-reflection-reflected-point-2.pdf
renaming cropped-fig-reflection-reflected-point-2.pdf to fig-reflection-reflected-point-2.pdf
converting fig-reflection-reflected-point-2.pdf to fig-reflection-reflected-point-2.svg
converting fig-reflection-shortest-path-2.tex to fig-reflection-shortest-path-2.pdf
cropping fig-reflection-shortest-path-2.pdf to cropped-fig-reflection-shortest-path-2.pdf
renaming cropped-fig-reflection-shortest-path-2.pdf to fig-reflection-shortest-path-2.pdf
converting fig-reflection-shortest-path-2.pdf to fig-reflection-shortest-path-2.svg
converting fig-refraction-least-time-2.tex to fig-refraction-least-time-2.pdf
cropping fig-refraction-least-time-2.pdf to cropped-fig-refraction-least-time-2.pdf
renaming cropped-fig-refraction-least-time-2.pdf to fig-refraction-least-time-2.pdf
converting fig-refraction-least-time-2.pdf to fig-refraction-least-time-2.svg
converting fig-related-rates-cone-2.tex to fig-related-rates-cone-2.pdf
cropping fig-related-rates-cone-2.pdf to cropped-fig-related-rates-cone-2.pdf
renaming cropped-fig-related-rates-cone-2.pdf to fig-related-rates-cone-2.pdf
converting fig-related-rates-cone-2.pdf to fig-related-rates-cone-2.svg
converting fig-related-rates-ladder-2.tex to fig-related-rates-ladder-2.pdf
cropping fig-related-rates-ladder-2.pdf to cropped-fig-related-rates-ladder-2.pdf
renaming cropped-fig-related-rates-ladder-2.pdf to fig-related-rates-ladder-2.pdf
converting fig-related-rates-ladder-2.pdf to fig-related-rates-ladder-2.svg
converting fig-related-rates-shadow-2.tex to fig-related-rates-shadow-2.pdf
cropping fig-related-rates-shadow-2.pdf to cropped-fig-related-rates-shadow-2.pdf
renaming cropped-fig-related-rates-shadow-2.pdf to fig-related-rates-shadow-2.pdf
converting fig-related-rates-shadow-2.pdf to fig-related-rates-shadow-2.svg
converting fig-removable-continuity-2.tex to fig-removable-continuity-2.pdf
cropping fig-removable-continuity-2.pdf to cropped-fig-removable-continuity-2.pdf
renaming cropped-fig-removable-continuity-2.pdf to fig-removable-continuity-2.pdf
converting fig-removable-continuity-2.pdf to fig-removable-continuity-2.svg
converting fig-removable-hole-2.tex to fig-removable-hole-2.pdf
cropping fig-removable-hole-2.pdf to cropped-fig-removable-hole-2.pdf
renaming cropped-fig-removable-hole-2.pdf to fig-removable-hole-2.pdf
converting fig-removable-hole-2.pdf to fig-removable-hole-2.svg
converting fig-resonance-response-2.tex to fig-resonance-response-2.pdf
cropping fig-resonance-response-2.pdf to cropped-fig-resonance-response-2.pdf
renaming cropped-fig-resonance-response-2.pdf to fig-resonance-response-2.pdf
converting fig-resonance-response-2.pdf to fig-resonance-response-2.svg
converting fig-riemann-rearrangement-idea-2.tex to fig-riemann-rearrangement-idea-2.pdf
cropping fig-riemann-rearrangement-idea-2.pdf to cropped-fig-riemann-rearrangement-idea-2.pdf
renaming cropped-fig-riemann-rearrangement-idea-2.pdf to fig-riemann-rearrangement-idea-2.pdf
converting fig-riemann-rearrangement-idea-2.pdf to fig-riemann-rearrangement-idea-2.svg
converting fig-riemann-x-squared-right-2.tex to fig-riemann-x-squared-right-2.pdf
cropping fig-riemann-x-squared-right-2.pdf to cropped-fig-riemann-x-squared-right-2.pdf
renaming cropped-fig-riemann-x-squared-right-2.pdf to fig-riemann-x-squared-right-2.pdf
converting fig-riemann-x-squared-right-2.pdf to fig-riemann-x-squared-right-2.svg
converting fig-right-minus-left-sideways-parabolas-2.tex to fig-right-minus-left-sideways-parabolas-2.pdf
cropping fig-right-minus-left-sideways-parabolas-2.pdf to cropped-fig-right-minus-left-sideways-parabolas-2.pdf
renaming cropped-fig-right-minus-left-sideways-parabolas-2.pdf to fig-right-minus-left-sideways-parabolas-2.pdf
converting fig-right-minus-left-sideways-parabolas-2.pdf to fig-right-minus-left-sideways-parabolas-2.svg
converting fig-rod-density-center-mass-2.tex to fig-rod-density-center-mass-2.pdf
cropping fig-rod-density-center-mass-2.pdf to cropped-fig-rod-density-center-mass-2.pdf
renaming cropped-fig-rod-density-center-mass-2.pdf to fig-rod-density-center-mass-2.pdf
converting fig-rod-density-center-mass-2.pdf to fig-rod-density-center-mass-2.svg
converting fig-rolles-theorem-example-2.tex to fig-rolles-theorem-example-2.pdf
cropping fig-rolles-theorem-example-2.pdf to cropped-fig-rolles-theorem-example-2.pdf
renaming cropped-fig-rolles-theorem-example-2.pdf to fig-rolles-theorem-example-2.pdf
converting fig-rolles-theorem-example-2.pdf to fig-rolles-theorem-example-2.svg
converting fig-rose-cardioid-polar-panel-1.tex to fig-rose-cardioid-polar-panel-1.pdf
cropping fig-rose-cardioid-polar-panel-1.pdf to cropped-fig-rose-cardioid-polar-panel-1.pdf
renaming cropped-fig-rose-cardioid-polar-panel-1.pdf to fig-rose-cardioid-polar-panel-1.pdf
converting fig-rose-cardioid-polar-panel-1.pdf to fig-rose-cardioid-polar-panel-1.svg
converting fig-rose-cardioid-polar-panel-2.tex to fig-rose-cardioid-polar-panel-2.pdf
cropping fig-rose-cardioid-polar-panel-2.pdf to cropped-fig-rose-cardioid-polar-panel-2.pdf
renaming cropped-fig-rose-cardioid-polar-panel-2.pdf to fig-rose-cardioid-polar-panel-2.pdf
converting fig-rose-cardioid-polar-panel-2.pdf to fig-rose-cardioid-polar-panel-2.svg
converting fig-safe-interval-inside-radius-2.tex to fig-safe-interval-inside-radius-2.pdf
cropping fig-safe-interval-inside-radius-2.pdf to cropped-fig-safe-interval-inside-radius-2.pdf
renaming cropped-fig-safe-interval-inside-radius-2.pdf to fig-safe-interval-inside-radius-2.pdf
converting fig-safe-interval-inside-radius-2.pdf to fig-safe-interval-inside-radius-2.svg
converting fig-same-de-different-initial-conditions-2.tex to fig-same-de-different-initial-conditions-2.pdf
cropping fig-same-de-different-initial-conditions-2.pdf to cropped-fig-same-de-different-initial-conditions-2.pdf
renaming cropped-fig-same-de-different-initial-conditions-2.pdf to fig-same-de-different-initial-conditions-2.pdf
converting fig-same-de-different-initial-conditions-2.pdf to fig-same-de-different-initial-conditions-2.svg
converting fig-same-displacement-two-trips-panel-1.tex to fig-same-displacement-two-trips-panel-1.pdf
cropping fig-same-displacement-two-trips-panel-1.pdf to cropped-fig-same-displacement-two-trips-panel-1.pdf
renaming cropped-fig-same-displacement-two-trips-panel-1.pdf to fig-same-displacement-two-trips-panel-1.pdf
converting fig-same-displacement-two-trips-panel-1.pdf to fig-same-displacement-two-trips-panel-1.svg
converting fig-same-displacement-two-trips-panel-2.tex to fig-same-displacement-two-trips-panel-2.pdf
cropping fig-same-displacement-two-trips-panel-2.pdf to cropped-fig-same-displacement-two-trips-panel-2.pdf
renaming cropped-fig-same-displacement-two-trips-panel-2.pdf to fig-same-displacement-two-trips-panel-2.pdf
converting fig-same-displacement-two-trips-panel-2.pdf to fig-same-displacement-two-trips-panel-2.svg
converting fig-sampled-velocity-rectangles-2.tex to fig-sampled-velocity-rectangles-2.pdf
cropping fig-sampled-velocity-rectangles-2.pdf to cropped-fig-sampled-velocity-rectangles-2.pdf
renaming cropped-fig-sampled-velocity-rectangles-2.pdf to fig-sampled-velocity-rectangles-2.pdf
converting fig-sampled-velocity-rectangles-2.pdf to fig-sampled-velocity-rectangles-2.svg
converting fig-sampling-misses-oscillation-panel-1.tex to fig-sampling-misses-oscillation-panel-1.pdf
cropping fig-sampling-misses-oscillation-panel-1.pdf to cropped-fig-sampling-misses-oscillation-panel-1.pdf
renaming cropped-fig-sampling-misses-oscillation-panel-1.pdf to fig-sampling-misses-oscillation-panel-1.pdf
converting fig-sampling-misses-oscillation-panel-1.pdf to fig-sampling-misses-oscillation-panel-1.svg
converting fig-sampling-misses-oscillation-panel-2.tex to fig-sampling-misses-oscillation-panel-2.pdf
cropping fig-sampling-misses-oscillation-panel-2.pdf to cropped-fig-sampling-misses-oscillation-panel-2.pdf
renaming cropped-fig-sampling-misses-oscillation-panel-2.pdf to fig-sampling-misses-oscillation-panel-2.pdf
converting fig-sampling-misses-oscillation-panel-2.pdf to fig-sampling-misses-oscillation-panel-2.svg
converting fig-secant-slope-parabola-2.tex to fig-secant-slope-parabola-2.pdf
cropping fig-secant-slope-parabola-2.pdf to cropped-fig-secant-slope-parabola-2.pdf
renaming cropped-fig-secant-slope-parabola-2.pdf to fig-secant-slope-parabola-2.pdf
converting fig-secant-slope-parabola-2.pdf to fig-secant-slope-parabola-2.svg
converting fig-secants-approach-tangent-2.tex to fig-secants-approach-tangent-2.pdf
cropping fig-secants-approach-tangent-2.pdf to cropped-fig-secants-approach-tangent-2.pdf
renaming cropped-fig-secants-approach-tangent-2.pdf to fig-secants-approach-tangent-2.pdf
converting fig-secants-approach-tangent-2.pdf to fig-secants-approach-tangent-2.svg
converting fig-secants-to-tangent-2.tex to fig-secants-to-tangent-2.pdf
cropping fig-secants-to-tangent-2.pdf to cropped-fig-secants-to-tangent-2.pdf
renaming cropped-fig-secants-to-tangent-2.pdf to fig-secants-to-tangent-2.pdf
converting fig-secants-to-tangent-2.pdf to fig-secants-to-tangent-2.svg
converting fig-secants-to-tangent-derivative-2.tex to fig-secants-to-tangent-derivative-2.pdf
cropping fig-secants-to-tangent-derivative-2.pdf to cropped-fig-secants-to-tangent-derivative-2.pdf
renaming cropped-fig-secants-to-tangent-derivative-2.pdf to fig-secants-to-tangent-derivative-2.pdf
converting fig-secants-to-tangent-derivative-2.pdf to fig-secants-to-tangent-derivative-2.svg
converting fig-second-derivative-test-silent-2.tex to fig-second-derivative-test-silent-2.pdf
cropping fig-second-derivative-test-silent-2.pdf to cropped-fig-second-derivative-test-silent-2.pdf
renaming cropped-fig-second-derivative-test-silent-2.pdf to fig-second-derivative-test-silent-2.pdf
converting fig-second-derivative-test-silent-2.pdf to fig-second-derivative-test-silent-2.svg
converting fig-sequence-convergent-divergent-panel-1.tex to fig-sequence-convergent-divergent-panel-1.pdf
cropping fig-sequence-convergent-divergent-panel-1.pdf to cropped-fig-sequence-convergent-divergent-panel-1.pdf
renaming cropped-fig-sequence-convergent-divergent-panel-1.pdf to fig-sequence-convergent-divergent-panel-1.pdf
converting fig-sequence-convergent-divergent-panel-1.pdf to fig-sequence-convergent-divergent-panel-1.svg
converting fig-sequence-convergent-divergent-panel-2.tex to fig-sequence-convergent-divergent-panel-2.pdf
cropping fig-sequence-convergent-divergent-panel-2.pdf to cropped-fig-sequence-convergent-divergent-panel-2.pdf
renaming cropped-fig-sequence-convergent-divergent-panel-2.pdf to fig-sequence-convergent-divergent-panel-2.pdf
converting fig-sequence-convergent-divergent-panel-2.pdf to fig-sequence-convergent-divergent-panel-2.svg
converting fig-sequence-points-approach-one-2.tex to fig-sequence-points-approach-one-2.pdf
cropping fig-sequence-points-approach-one-2.pdf to cropped-fig-sequence-points-approach-one-2.pdf
renaming cropped-fig-sequence-points-approach-one-2.pdf to fig-sequence-points-approach-one-2.pdf
converting fig-sequence-points-approach-one-2.pdf to fig-sequence-points-approach-one-2.svg
converting fig-shell-1-over-x-2.tex to fig-shell-1-over-x-2.pdf
cropping fig-shell-1-over-x-2.pdf to cropped-fig-shell-1-over-x-2.pdf
renaming cropped-fig-shell-1-over-x-2.pdf to fig-shell-1-over-x-2.pdf
converting fig-shell-1-over-x-2.pdf to fig-shell-1-over-x-2.svg
converting fig-shell-parabola-2.tex to fig-shell-parabola-2.pdf
cropping fig-shell-parabola-2.pdf to cropped-fig-shell-parabola-2.pdf
renaming cropped-fig-shell-parabola-2.pdf to fig-shell-parabola-2.pdf
converting fig-shell-parabola-2.pdf to fig-shell-parabola-2.svg
converting fig-sideways-parabola-parametric-2.tex to fig-sideways-parabola-parametric-2.pdf
cropping fig-sideways-parabola-parametric-2.pdf to cropped-fig-sideways-parabola-parametric-2.pdf
renaming cropped-fig-sideways-parabola-parametric-2.pdf to fig-sideways-parabola-parametric-2.pdf
converting fig-sideways-parabola-parametric-2.pdf to fig-sideways-parabola-parametric-2.svg
converting fig-signed-area-cancellation-line-2.tex to fig-signed-area-cancellation-line-2.pdf
cropping fig-signed-area-cancellation-line-2.pdf to cropped-fig-signed-area-cancellation-line-2.pdf
renaming cropped-fig-signed-area-cancellation-line-2.pdf to fig-signed-area-cancellation-line-2.pdf
converting fig-signed-area-cancellation-line-2.pdf to fig-signed-area-cancellation-line-2.svg
converting fig-signed-area-linear-2.tex to fig-signed-area-linear-2.pdf
cropping fig-signed-area-linear-2.pdf to cropped-fig-signed-area-linear-2.pdf
renaming cropped-fig-signed-area-linear-2.pdf to fig-signed-area-linear-2.pdf
converting fig-signed-area-linear-2.pdf to fig-signed-area-linear-2.svg
converting fig-signed-area-motion-panel-1.tex to fig-signed-area-motion-panel-1.pdf
cropping fig-signed-area-motion-panel-1.pdf to cropped-fig-signed-area-motion-panel-1.pdf
renaming cropped-fig-signed-area-motion-panel-1.pdf to fig-signed-area-motion-panel-1.pdf
converting fig-signed-area-motion-panel-1.pdf to fig-signed-area-motion-panel-1.svg
converting fig-signed-area-motion-panel-2.tex to fig-signed-area-motion-panel-2.pdf
cropping fig-signed-area-motion-panel-2.pdf to cropped-fig-signed-area-motion-panel-2.pdf
renaming cropped-fig-signed-area-motion-panel-2.pdf to fig-signed-area-motion-panel-2.pdf
converting fig-signed-area-motion-panel-2.pdf to fig-signed-area-motion-panel-2.svg
converting fig-signed-velocity-area-2.tex to fig-signed-velocity-area-2.pdf
cropping fig-signed-velocity-area-2.pdf to cropped-fig-signed-velocity-area-2.pdf
renaming cropped-fig-signed-velocity-area-2.pdf to fig-signed-velocity-area-2.pdf
converting fig-signed-velocity-area-2.pdf to fig-signed-velocity-area-2.svg
converting fig-simple-harmonic-motion-cos-2.tex to fig-simple-harmonic-motion-cos-2.pdf
cropping fig-simple-harmonic-motion-cos-2.pdf to cropped-fig-simple-harmonic-motion-cos-2.pdf
renaming cropped-fig-simple-harmonic-motion-cos-2.pdf to fig-simple-harmonic-motion-cos-2.pdf
converting fig-simple-harmonic-motion-cos-2.pdf to fig-simple-harmonic-motion-cos-2.svg
converting fig-simple-harmonic-motion-preview-2.tex to fig-simple-harmonic-motion-preview-2.pdf
cropping fig-simple-harmonic-motion-preview-2.pdf to cropped-fig-simple-harmonic-motion-preview-2.pdf
renaming cropped-fig-simple-harmonic-motion-preview-2.pdf to fig-simple-harmonic-motion-preview-2.pdf
converting fig-simple-harmonic-motion-preview-2.pdf to fig-simple-harmonic-motion-preview-2.svg
converting fig-simpson-quadratic-through-three-points-2.tex to fig-simpson-quadratic-through-three-points-2.pdf
cropping fig-simpson-quadratic-through-three-points-2.pdf to cropped-fig-simpson-quadratic-through-three-points-2.pdf
renaming cropped-fig-simpson-quadratic-through-three-points-2.pdf to fig-simpson-quadratic-through-three-points-2.pdf
converting fig-simpson-quadratic-through-three-points-2.pdf to fig-simpson-quadratic-through-three-points-2.svg
converting fig-sin-h-over-h-geometry-2.tex to fig-sin-h-over-h-geometry-2.pdf
cropping fig-sin-h-over-h-geometry-2.pdf to cropped-fig-sin-h-over-h-geometry-2.pdf
renaming cropped-fig-sin-h-over-h-geometry-2.pdf to fig-sin-h-over-h-geometry-2.pdf
converting fig-sin-h-over-h-geometry-2.pdf to fig-sin-h-over-h-geometry-2.svg
converting fig-sin-taylor-polynomials-2.tex to fig-sin-taylor-polynomials-2.pdf
cropping fig-sin-taylor-polynomials-2.pdf to cropped-fig-sin-taylor-polynomials-2.pdf
renaming cropped-fig-sin-taylor-polynomials-2.pdf to fig-sin-taylor-polynomials-2.pdf
converting fig-sin-taylor-polynomials-2.pdf to fig-sin-taylor-polynomials-2.svg
converting fig-sine-arc-length-2.tex to fig-sine-arc-length-2.pdf
cropping fig-sine-arc-length-2.pdf to cropped-fig-sine-arc-length-2.pdf
renaming cropped-fig-sine-arc-length-2.pdf to fig-sine-arc-length-2.pdf
converting fig-sine-arc-length-2.pdf to fig-sine-arc-length-2.svg
converting fig-sine-derivative-cosine-2.tex to fig-sine-derivative-cosine-2.pdf
cropping fig-sine-derivative-cosine-2.pdf to cropped-fig-sine-derivative-cosine-2.pdf
renaming cropped-fig-sine-derivative-cosine-2.pdf to fig-sine-derivative-cosine-2.pdf
converting fig-sine-derivative-cosine-2.pdf to fig-sine-derivative-cosine-2.svg
converting fig-sinh-cosh-graphs-2.tex to fig-sinh-cosh-graphs-2.pdf
cropping fig-sinh-cosh-graphs-2.pdf to cropped-fig-sinh-cosh-graphs-2.pdf
renaming cropped-fig-sinh-cosh-graphs-2.pdf to fig-sinh-cosh-graphs-2.pdf
converting fig-sinh-cosh-graphs-2.pdf to fig-sinh-cosh-graphs-2.svg
converting fig-slant-asymptote-2.tex to fig-slant-asymptote-2.pdf
cropping fig-slant-asymptote-2.pdf to cropped-fig-slant-asymptote-2.pdf
renaming cropped-fig-slant-asymptote-2.pdf to fig-slant-asymptote-2.pdf
converting fig-slant-asymptote-2.pdf to fig-slant-asymptote-2.svg
converting fig-smooth-vs-rough-integration-panel-1.tex to fig-smooth-vs-rough-integration-panel-1.pdf
cropping fig-smooth-vs-rough-integration-panel-1.pdf to cropped-fig-smooth-vs-rough-integration-panel-1.pdf
renaming cropped-fig-smooth-vs-rough-integration-panel-1.pdf to fig-smooth-vs-rough-integration-panel-1.pdf
converting fig-smooth-vs-rough-integration-panel-1.pdf to fig-smooth-vs-rough-integration-panel-1.svg
converting fig-smooth-vs-rough-integration-panel-2.tex to fig-smooth-vs-rough-integration-panel-2.pdf
cropping fig-smooth-vs-rough-integration-panel-2.pdf to cropped-fig-smooth-vs-rough-integration-panel-2.pdf
renaming cropped-fig-smooth-vs-rough-integration-panel-2.pdf to fig-smooth-vs-rough-integration-panel-2.pdf
converting fig-smooth-vs-rough-integration-panel-2.pdf to fig-smooth-vs-rough-integration-panel-2.svg
converting fig-speed-vs-velocity-return-2.tex to fig-speed-vs-velocity-return-2.pdf
cropping fig-speed-vs-velocity-return-2.pdf to cropped-fig-speed-vs-velocity-return-2.pdf
renaming cropped-fig-speed-vs-velocity-return-2.pdf to fig-speed-vs-velocity-return-2.pdf
converting fig-speed-vs-velocity-return-2.pdf to fig-speed-vs-velocity-return-2.svg
converting fig-sphere-from-semicircle-2.tex to fig-sphere-from-semicircle-2.pdf
cropping fig-sphere-from-semicircle-2.pdf to cropped-fig-sphere-from-semicircle-2.pdf
renaming cropped-fig-sphere-from-semicircle-2.pdf to fig-sphere-from-semicircle-2.pdf
converting fig-sphere-from-semicircle-2.pdf to fig-sphere-from-semicircle-2.svg
converting fig-sphere-shell-differential-2.tex to fig-sphere-shell-differential-2.pdf
cropping fig-sphere-shell-differential-2.pdf to cropped-fig-sphere-shell-differential-2.pdf
renaming cropped-fig-sphere-shell-differential-2.pdf to fig-sphere-shell-differential-2.pdf
converting fig-sphere-shell-differential-2.pdf to fig-sphere-shell-differential-2.svg
converting fig-spring-hookes-law-2.tex to fig-spring-hookes-law-2.pdf
cropping fig-spring-hookes-law-2.pdf to cropped-fig-spring-hookes-law-2.pdf
renaming cropped-fig-spring-hookes-law-2.pdf to fig-spring-hookes-law-2.pdf
converting fig-spring-hookes-law-2.pdf to fig-spring-hookes-law-2.svg
converting fig-spring-mass-equation-2.tex to fig-spring-mass-equation-2.pdf
cropping fig-spring-mass-equation-2.pdf to cropped-fig-spring-mass-equation-2.pdf
renaming cropped-fig-spring-mass-equation-2.pdf to fig-spring-mass-equation-2.pdf
converting fig-spring-mass-equation-2.pdf to fig-spring-mass-equation-2.svg
converting fig-spring-solution-amplitude-phase-2.tex to fig-spring-solution-amplitude-phase-2.pdf
cropping fig-spring-solution-amplitude-phase-2.pdf to cropped-fig-spring-solution-amplitude-phase-2.pdf
renaming cropped-fig-spring-solution-amplitude-phase-2.pdf to fig-spring-solution-amplitude-phase-2.pdf
converting fig-spring-solution-amplitude-phase-2.pdf to fig-spring-solution-amplitude-phase-2.svg
converting fig-sqrt-local-linear-2.tex to fig-sqrt-local-linear-2.pdf
cropping fig-sqrt-local-linear-2.pdf to cropped-fig-sqrt-local-linear-2.pdf
renaming cropped-fig-sqrt-local-linear-2.pdf to fig-sqrt-local-linear-2.pdf
converting fig-sqrt-local-linear-2.pdf to fig-sqrt-local-linear-2.svg
converting fig-square-inverse-panel-1.tex to fig-square-inverse-panel-1.pdf
cropping fig-square-inverse-panel-1.pdf to cropped-fig-square-inverse-panel-1.pdf
renaming cropped-fig-square-inverse-panel-1.pdf to fig-square-inverse-panel-1.pdf
converting fig-square-inverse-panel-1.pdf to fig-square-inverse-panel-1.svg
converting fig-square-inverse-panel-2.tex to fig-square-inverse-panel-2.pdf
cropping fig-square-inverse-panel-2.pdf to cropped-fig-square-inverse-panel-2.pdf
renaming cropped-fig-square-inverse-panel-2.pdf to fig-square-inverse-panel-2.pdf
converting fig-square-inverse-panel-2.pdf to fig-square-inverse-panel-2.svg
converting fig-square-wave-fourier-partial-sums-2.tex to fig-square-wave-fourier-partial-sums-2.pdf
cropping fig-square-wave-fourier-partial-sums-2.pdf to cropped-fig-square-wave-fourier-partial-sums-2.pdf
renaming cropped-fig-square-wave-fourier-partial-sums-2.pdf to fig-square-wave-fourier-partial-sums-2.pdf
converting fig-square-wave-fourier-partial-sums-2.pdf to fig-square-wave-fourier-partial-sums-2.svg
converting fig-squeeze-x2-sin-2.tex to fig-squeeze-x2-sin-2.pdf
cropping fig-squeeze-x2-sin-2.pdf to cropped-fig-squeeze-x2-sin-2.pdf
renaming cropped-fig-squeeze-x2-sin-2.pdf to fig-squeeze-x2-sin-2.pdf
converting fig-squeeze-x2-sin-2.pdf to fig-squeeze-x2-sin-2.svg
converting fig-standard-normal-density-2.tex to fig-standard-normal-density-2.pdf
cropping fig-standard-normal-density-2.pdf to cropped-fig-standard-normal-density-2.pdf
renaming cropped-fig-standard-normal-density-2.pdf to fig-standard-normal-density-2.pdf
converting fig-standard-normal-density-2.pdf to fig-standard-normal-density-2.svg
converting fig-substitution-stretching-scale-2.tex to fig-substitution-stretching-scale-2.pdf
cropping fig-substitution-stretching-scale-2.pdf to cropped-fig-substitution-stretching-scale-2.pdf
renaming cropped-fig-substitution-stretching-scale-2.pdf to fig-substitution-stretching-scale-2.pdf
converting fig-substitution-stretching-scale-2.pdf to fig-substitution-stretching-scale-2.svg
converting fig-surface-area-band-2.tex to fig-surface-area-band-2.pdf
cropping fig-surface-area-band-2.pdf to cropped-fig-surface-area-band-2.pdf
renaming cropped-fig-surface-area-band-2.pdf to fig-surface-area-band-2.pdf
converting fig-surface-area-band-2.pdf to fig-surface-area-band-2.svg
converting fig-taylor-polynomials-exp-2.tex to fig-taylor-polynomials-exp-2.pdf
cropping fig-taylor-polynomials-exp-2.pdf to cropped-fig-taylor-polynomials-exp-2.pdf
renaming cropped-fig-taylor-polynomials-exp-2.pdf to fig-taylor-polynomials-exp-2.pdf
converting fig-taylor-polynomials-exp-2.pdf to fig-taylor-polynomials-exp-2.svg
converting fig-taylor-remainder-gap-2.tex to fig-taylor-remainder-gap-2.pdf
cropping fig-taylor-remainder-gap-2.pdf to cropped-fig-taylor-remainder-gap-2.pdf
renaming cropped-fig-taylor-remainder-gap-2.pdf to fig-taylor-remainder-gap-2.pdf
converting fig-taylor-remainder-gap-2.pdf to fig-taylor-remainder-gap-2.svg
converting fig-technology-hidden-hole-2.tex to fig-technology-hidden-hole-2.pdf
cropping fig-technology-hidden-hole-2.pdf to cropped-fig-technology-hidden-hole-2.pdf
renaming cropped-fig-technology-hidden-hole-2.pdf to fig-technology-hidden-hole-2.pdf
converting fig-technology-hidden-hole-2.pdf to fig-technology-hidden-hole-2.svg
converting fig-technology-sampling-oscillation-2.tex to fig-technology-sampling-oscillation-2.pdf
cropping fig-technology-sampling-oscillation-2.pdf to cropped-fig-technology-sampling-oscillation-2.pdf
renaming cropped-fig-technology-sampling-oscillation-2.pdf to fig-technology-sampling-oscillation-2.pdf
converting fig-technology-sampling-oscillation-2.pdf to fig-technology-sampling-oscillation-2.svg
converting fig-technology-taylor-polynomials-sine-2.tex to fig-technology-taylor-polynomials-sine-2.pdf
cropping fig-technology-taylor-polynomials-sine-2.pdf to cropped-fig-technology-taylor-polynomials-sine-2.pdf
renaming cropped-fig-technology-taylor-polynomials-sine-2.pdf to fig-technology-taylor-polynomials-sine-2.pdf
converting fig-technology-taylor-polynomials-sine-2.pdf to fig-technology-taylor-polynomials-sine-2.svg
converting fig-technology-window-cubic-panel-1.tex to fig-technology-window-cubic-panel-1.pdf
cropping fig-technology-window-cubic-panel-1.pdf to cropped-fig-technology-window-cubic-panel-1.pdf
renaming cropped-fig-technology-window-cubic-panel-1.pdf to fig-technology-window-cubic-panel-1.pdf
converting fig-technology-window-cubic-panel-1.pdf to fig-technology-window-cubic-panel-1.svg
converting fig-technology-window-cubic-panel-2.tex to fig-technology-window-cubic-panel-2.pdf
cropping fig-technology-window-cubic-panel-2.pdf to cropped-fig-technology-window-cubic-panel-2.pdf
renaming cropped-fig-technology-window-cubic-panel-2.pdf to fig-technology-window-cubic-panel-2.pdf
converting fig-technology-window-cubic-panel-2.pdf to fig-technology-window-cubic-panel-2.svg
converting fig-three-discontinuities-panel-1.tex to fig-three-discontinuities-panel-1.pdf
cropping fig-three-discontinuities-panel-1.pdf to cropped-fig-three-discontinuities-panel-1.pdf
renaming cropped-fig-three-discontinuities-panel-1.pdf to fig-three-discontinuities-panel-1.pdf
converting fig-three-discontinuities-panel-1.pdf to fig-three-discontinuities-panel-1.svg
converting fig-three-discontinuities-panel-2.tex to fig-three-discontinuities-panel-2.pdf
cropping fig-three-discontinuities-panel-2.pdf to cropped-fig-three-discontinuities-panel-2.pdf
renaming cropped-fig-three-discontinuities-panel-2.pdf to fig-three-discontinuities-panel-2.pdf
converting fig-three-discontinuities-panel-2.pdf to fig-three-discontinuities-panel-2.svg
converting fig-three-discontinuities-panel-3.tex to fig-three-discontinuities-panel-3.pdf
cropping fig-three-discontinuities-panel-3.pdf to cropped-fig-three-discontinuities-panel-3.pdf
renaming cropped-fig-three-discontinuities-panel-3.pdf to fig-three-discontinuities-panel-3.pdf
converting fig-three-discontinuities-panel-3.pdf to fig-three-discontinuities-panel-3.svg
converting fig-three-zero-velocity-tangent-outcomes-panel-1.tex to fig-three-zero-velocity-tangent-outcomes-panel-1.pdf
cropping fig-three-zero-velocity-tangent-outcomes-panel-1.pdf to cropped-fig-three-zero-velocity-tangent-outcomes-panel-1.pdf
renaming cropped-fig-three-zero-velocity-tangent-outcomes-panel-1.pdf to fig-three-zero-velocity-tangent-outcomes-panel-1.pdf
converting fig-three-zero-velocity-tangent-outcomes-panel-1.pdf to fig-three-zero-velocity-tangent-outcomes-panel-1.svg
converting fig-three-zero-velocity-tangent-outcomes-panel-2.tex to fig-three-zero-velocity-tangent-outcomes-panel-2.pdf
cropping fig-three-zero-velocity-tangent-outcomes-panel-2.pdf to cropped-fig-three-zero-velocity-tangent-outcomes-panel-2.pdf
renaming cropped-fig-three-zero-velocity-tangent-outcomes-panel-2.pdf to fig-three-zero-velocity-tangent-outcomes-panel-2.pdf
converting fig-three-zero-velocity-tangent-outcomes-panel-2.pdf to fig-three-zero-velocity-tangent-outcomes-panel-2.svg
converting fig-three-zero-velocity-tangent-outcomes-panel-3.tex to fig-three-zero-velocity-tangent-outcomes-panel-3.pdf
cropping fig-three-zero-velocity-tangent-outcomes-panel-3.pdf to cropped-fig-three-zero-velocity-tangent-outcomes-panel-3.pdf
renaming cropped-fig-three-zero-velocity-tangent-outcomes-panel-3.pdf to fig-three-zero-velocity-tangent-outcomes-panel-3.pdf
converting fig-three-zero-velocity-tangent-outcomes-panel-3.pdf to fig-three-zero-velocity-tangent-outcomes-panel-3.svg
converting fig-threshold-phase-line-2.tex to fig-threshold-phase-line-2.pdf
cropping fig-threshold-phase-line-2.pdf to cropped-fig-threshold-phase-line-2.pdf
renaming cropped-fig-threshold-phase-line-2.pdf to fig-threshold-phase-line-2.pdf
converting fig-threshold-phase-line-2.pdf to fig-threshold-phase-line-2.svg
converting fig-thrown-upward-2.tex to fig-thrown-upward-2.pdf
cropping fig-thrown-upward-2.pdf to cropped-fig-thrown-upward-2.pdf
renaming cropped-fig-thrown-upward-2.pdf to fig-thrown-upward-2.pdf
converting fig-thrown-upward-2.pdf to fig-thrown-upward-2.svg
converting fig-trapezoid-concavity-error-panel-1.tex to fig-trapezoid-concavity-error-panel-1.pdf
cropping fig-trapezoid-concavity-error-panel-1.pdf to cropped-fig-trapezoid-concavity-error-panel-1.pdf
renaming cropped-fig-trapezoid-concavity-error-panel-1.pdf to fig-trapezoid-concavity-error-panel-1.pdf
converting fig-trapezoid-concavity-error-panel-1.pdf to fig-trapezoid-concavity-error-panel-1.svg
converting fig-trapezoid-concavity-error-panel-2.tex to fig-trapezoid-concavity-error-panel-2.pdf
cropping fig-trapezoid-concavity-error-panel-2.pdf to cropped-fig-trapezoid-concavity-error-panel-2.pdf
renaming cropped-fig-trapezoid-concavity-error-panel-2.pdf to fig-trapezoid-concavity-error-panel-2.pdf
converting fig-trapezoid-concavity-error-panel-2.pdf to fig-trapezoid-concavity-error-panel-2.svg
converting fig-trapezoid-single-interval-2.tex to fig-trapezoid-single-interval-2.pdf
cropping fig-trapezoid-single-interval-2.pdf to cropped-fig-trapezoid-single-interval-2.pdf
renaming cropped-fig-trapezoid-single-interval-2.pdf to fig-trapezoid-single-interval-2.pdf
converting fig-trapezoid-single-interval-2.pdf to fig-trapezoid-single-interval-2.svg
converting fig-triangular-density-2.tex to fig-triangular-density-2.pdf
cropping fig-triangular-density-2.pdf to cropped-fig-triangular-density-2.pdf
renaming cropped-fig-triangular-density-2.pdf to fig-triangular-density-2.pdf
converting fig-triangular-density-2.pdf to fig-triangular-density-2.svg
converting fig-triangular-lamina-center-mass-2.tex to fig-triangular-lamina-center-mass-2.pdf
cropping fig-triangular-lamina-center-mass-2.pdf to cropped-fig-triangular-lamina-center-mass-2.pdf
renaming cropped-fig-triangular-lamina-center-mass-2.pdf to fig-triangular-lamina-center-mass-2.pdf
converting fig-triangular-lamina-center-mass-2.pdf to fig-triangular-lamina-center-mass-2.svg
converting fig-trig-substitution-domain-branches-2.tex to fig-trig-substitution-domain-branches-2.pdf
cropping fig-trig-substitution-domain-branches-2.pdf to cropped-fig-trig-substitution-domain-branches-2.pdf
renaming cropped-fig-trig-substitution-domain-branches-2.pdf to fig-trig-substitution-domain-branches-2.pdf
converting fig-trig-substitution-domain-branches-2.pdf to fig-trig-substitution-domain-branches-2.svg
converting fig-trig-substitution-triangles-panel-1.tex to fig-trig-substitution-triangles-panel-1.pdf
cropping fig-trig-substitution-triangles-panel-1.pdf to cropped-fig-trig-substitution-triangles-panel-1.pdf
renaming cropped-fig-trig-substitution-triangles-panel-1.pdf to fig-trig-substitution-triangles-panel-1.pdf
converting fig-trig-substitution-triangles-panel-1.pdf to fig-trig-substitution-triangles-panel-1.svg
converting fig-trig-substitution-triangles-panel-2.tex to fig-trig-substitution-triangles-panel-2.pdf
cropping fig-trig-substitution-triangles-panel-2.pdf to cropped-fig-trig-substitution-triangles-panel-2.pdf
renaming cropped-fig-trig-substitution-triangles-panel-2.pdf to fig-trig-substitution-triangles-panel-2.pdf
converting fig-trig-substitution-triangles-panel-2.pdf to fig-trig-substitution-triangles-panel-2.svg
converting fig-trig-substitution-triangles-panel-3.tex to fig-trig-substitution-triangles-panel-3.pdf
cropping fig-trig-substitution-triangles-panel-3.pdf to cropped-fig-trig-substitution-triangles-panel-3.pdf
renaming cropped-fig-trig-substitution-triangles-panel-3.pdf to fig-trig-substitution-triangles-panel-3.pdf
converting fig-trig-substitution-triangles-panel-3.pdf to fig-trig-substitution-triangles-panel-3.svg
converting fig-unit-circle-sin-cos-2.tex to fig-unit-circle-sin-cos-2.pdf
cropping fig-unit-circle-sin-cos-2.pdf to cropped-fig-unit-circle-sin-cos-2.pdf
renaming cropped-fig-unit-circle-sin-cos-2.pdf to fig-unit-circle-sin-cos-2.pdf
converting fig-unit-circle-sin-cos-2.pdf to fig-unit-circle-sin-cos-2.svg
converting fig-unit-square-sqrt2-2.tex to fig-unit-square-sqrt2-2.pdf
cropping fig-unit-square-sqrt2-2.pdf to cropped-fig-unit-square-sqrt2-2.pdf
renaming cropped-fig-unit-square-sqrt2-2.pdf to fig-unit-square-sqrt2-2.pdf
converting fig-unit-square-sqrt2-2.pdf to fig-unit-square-sqrt2-2.svg
converting fig-velocity-net-change-sign-2.tex to fig-velocity-net-change-sign-2.pdf
cropping fig-velocity-net-change-sign-2.pdf to cropped-fig-velocity-net-change-sign-2.pdf
renaming cropped-fig-velocity-net-change-sign-2.pdf to fig-velocity-net-change-sign-2.pdf
converting fig-velocity-net-change-sign-2.pdf to fig-velocity-net-change-sign-2.svg
converting fig-vertical-horizontal-shifts-2.tex to fig-vertical-horizontal-shifts-2.pdf
cropping fig-vertical-horizontal-shifts-2.pdf to cropped-fig-vertical-horizontal-shifts-2.pdf
renaming cropped-fig-vertical-horizontal-shifts-2.pdf to fig-vertical-horizontal-shifts-2.pdf
converting fig-vertical-horizontal-shifts-2.pdf to fig-vertical-horizontal-shifts-2.svg
converting fig-vertical-line-test-2.tex to fig-vertical-line-test-2.pdf
cropping fig-vertical-line-test-2.pdf to cropped-fig-vertical-line-test-2.pdf
renaming cropped-fig-vertical-line-test-2.pdf to fig-vertical-line-test-2.pdf
converting fig-vertical-line-test-2.pdf to fig-vertical-line-test-2.svg
converting fig-volume-by-slicing-loaf-2.tex to fig-volume-by-slicing-loaf-2.pdf
cropping fig-volume-by-slicing-loaf-2.pdf to cropped-fig-volume-by-slicing-loaf-2.pdf
renaming cropped-fig-volume-by-slicing-loaf-2.pdf to fig-volume-by-slicing-loaf-2.pdf
converting fig-volume-by-slicing-loaf-2.pdf to fig-volume-by-slicing-loaf-2.svg
converting fig-warning-jump-accumulation-panel-1.tex to fig-warning-jump-accumulation-panel-1.pdf
cropping fig-warning-jump-accumulation-panel-1.pdf to cropped-fig-warning-jump-accumulation-panel-1.pdf
renaming cropped-fig-warning-jump-accumulation-panel-1.pdf to fig-warning-jump-accumulation-panel-1.pdf
converting fig-warning-jump-accumulation-panel-1.pdf to fig-warning-jump-accumulation-panel-1.svg
converting fig-warning-jump-accumulation-panel-2.tex to fig-warning-jump-accumulation-panel-2.pdf
cropping fig-warning-jump-accumulation-panel-2.pdf to cropped-fig-warning-jump-accumulation-panel-2.pdf
renaming cropped-fig-warning-jump-accumulation-panel-2.pdf to fig-warning-jump-accumulation-panel-2.pdf
converting fig-warning-jump-accumulation-panel-2.pdf to fig-warning-jump-accumulation-panel-2.svg
converting fig-ways-derivative-fails-panel-1.tex to fig-ways-derivative-fails-panel-1.pdf
cropping fig-ways-derivative-fails-panel-1.pdf to cropped-fig-ways-derivative-fails-panel-1.pdf
renaming cropped-fig-ways-derivative-fails-panel-1.pdf to fig-ways-derivative-fails-panel-1.pdf
converting fig-ways-derivative-fails-panel-1.pdf to fig-ways-derivative-fails-panel-1.svg
converting fig-ways-derivative-fails-panel-2.tex to fig-ways-derivative-fails-panel-2.pdf
cropping fig-ways-derivative-fails-panel-2.pdf to cropped-fig-ways-derivative-fails-panel-2.pdf
renaming cropped-fig-ways-derivative-fails-panel-2.pdf to fig-ways-derivative-fails-panel-2.pdf
converting fig-ways-derivative-fails-panel-2.pdf to fig-ways-derivative-fails-panel-2.svg
converting fig-ways-derivative-fails-panel-3.tex to fig-ways-derivative-fails-panel-3.pdf
cropping fig-ways-derivative-fails-panel-3.pdf to cropped-fig-ways-derivative-fails-panel-3.pdf
renaming cropped-fig-ways-derivative-fails-panel-3.pdf to fig-ways-derivative-fails-panel-3.pdf
converting fig-ways-derivative-fails-panel-3.pdf to fig-ways-derivative-fails-panel-3.svg
converting fig-ways-derivative-fails-panel-4.tex to fig-ways-derivative-fails-panel-4.pdf
cropping fig-ways-derivative-fails-panel-4.pdf to cropped-fig-ways-derivative-fails-panel-4.pdf
renaming cropped-fig-ways-derivative-fails-panel-4.pdf to fig-ways-derivative-fails-panel-4.pdf
converting fig-ways-derivative-fails-panel-4.pdf to fig-ways-derivative-fails-panel-4.svg
converting fig-window-can-lie-cubic-panel-1.tex to fig-window-can-lie-cubic-panel-1.pdf
cropping fig-window-can-lie-cubic-panel-1.pdf to cropped-fig-window-can-lie-cubic-panel-1.pdf
renaming cropped-fig-window-can-lie-cubic-panel-1.pdf to fig-window-can-lie-cubic-panel-1.pdf
converting fig-window-can-lie-cubic-panel-1.pdf to fig-window-can-lie-cubic-panel-1.svg
converting fig-window-can-lie-cubic-panel-2.tex to fig-window-can-lie-cubic-panel-2.pdf
cropping fig-window-can-lie-cubic-panel-2.pdf to cropped-fig-window-can-lie-cubic-panel-2.pdf
renaming cropped-fig-window-can-lie-cubic-panel-2.pdf to fig-window-can-lie-cubic-panel-2.pdf
converting fig-window-can-lie-cubic-panel-2.pdf to fig-window-can-lie-cubic-panel-2.svg
converting fig-work-force-area-2.tex to fig-work-force-area-2.pdf
cropping fig-work-force-area-2.pdf to cropped-fig-work-force-area-2.pdf
renaming cropped-fig-work-force-area-2.pdf to fig-work-force-area-2.pdf
converting fig-work-force-area-2.pdf to fig-work-force-area-2.svg
converting fig-x-cubed-inverse-vertical-2.tex to fig-x-cubed-inverse-vertical-2.pdf
cropping fig-x-cubed-inverse-vertical-2.pdf to cropped-fig-x-cubed-inverse-vertical-2.pdf
renaming cropped-fig-x-cubed-inverse-vertical-2.pdf to fig-x-cubed-inverse-vertical-2.pdf
converting fig-x-cubed-inverse-vertical-2.pdf to fig-x-cubed-inverse-vertical-2.svg
converting fig-yprime-y-squared-lost-solution-2.tex to fig-yprime-y-squared-lost-solution-2.pdf
cropping fig-yprime-y-squared-lost-solution-2.pdf to cropped-fig-yprime-y-squared-lost-solution-2.pdf
renaming cropped-fig-yprime-y-squared-lost-solution-2.pdf to fig-yprime-y-squared-lost-solution-2.pdf
converting fig-yprime-y-squared-lost-solution-2.pdf to fig-yprime-y-squared-lost-solution-2.svg
Removing temporary directory C:\Users\cyril\AppData\Local\Temp\ptx-d38ff3wz
[33mwarning: [0mFailed to remove temporary directories, starting with C:\Users\cyril\AppData\Local\Temp\ptx-d38ff3wz (and maybe some others): [WinError 5] Access is denied: 'C:\\Users\\cyril\\AppData\\Local\\Temp\\ptx-d38ff3wz\\external\\images'
Finished generating assets.

Finished generating assets successfully.


