Version 2.55.0 of pretext is available.  You are currently using version 2.53.0.
To upgrade, run `pretext upgrade`.
PreTeXt project found in `D:\work\sabbatical\2025\Books\SV-Calculus`.
[33mwarning: [0mUsing CLI version 2.53.0 but project's `requirements.txt`
[33mwarning: [0mis configured to use 2.49.1. Consider either installing
[33mwarning: [0mCLI version 2.49.1 or running `pretext update-project`
[33mwarning: [0mto update `requirements.txt` and other managed files to match 2.53.0.
Building target print
XSL conversion of D:\work\sabbatical\2025\Books\SV-Calculus\source\main.ptx by C:\Users\cyril\.ptx\2.53.0\core\xsl\utilities\pretext-enhanced-source.xsl
messages from the log for XSL processing (prefaced with a *):
[33mwarning: [0m* PTX:DEPRECATE: (2026-07-30) the external directory is a property of your source, and is now declared with a "directories/@external" attribute within "docinfo".  The publication file entry "source/directories/@external" is honored meanwhile, but please relocate it.
successful application of C:\Users\cyril\.ptx\2.53.0\core\xsl\utilities\pretext-enhanced-source.xsl
discovering source file's directory name: D:\work\sabbatical\2025\Books\SV-Calculus\source
[33mwarning: [0m(2026-07-30) the external directory is a property of your source, and is now declared with a "directories/@external" attribute within "docinfo". The publisher file entry "source/directories/@external" is honored meanwhile, but please relocate it.
verifying and expanding input directory: D:\work\sabbatical\2025\Books\SV-Calculus\source\../assets
input directory expanded to absolute path: D:\work\sabbatical\2025\Books\SV-Calculus\assets
Preparing to build into D:\work\sabbatical\2025\Books\SV-Calculus\output\print.
discovering source file's directory name: D:\work\sabbatical\2025\Books\SV-Calculus\source
[33mwarning: [0m(2026-07-30) the external directory is a property of your source, and is now declared with a "directories/@external" attribute within "docinfo". The publisher file entry "source/directories/@external" is honored meanwhile, but please relocate it.
verifying and expanding input directory: D:\work\sabbatical\2025\Books\SV-Calculus\source\../assets
input directory expanded to absolute path: D:\work\sabbatical\2025\Books\SV-Calculus\assets
discovering source file's directory name: D:\work\sabbatical\2025\Books\SV-Calculus\source
XSL conversion of D:\work\sabbatical\2025\Books\SV-Calculus\source\main.ptx by C:\Users\cyril\.ptx\2.53.0\core\xsl\utilities\report-publisher-variables.xsl
messages from the log for XSL processing (prefaced with a *):
[33mwarning: [0m* PTX:DEPRECATE: (2026-07-30) the external directory is a property of your source, and is now declared with a "directories/@external" attribute within "docinfo".  The publication file entry "source/directories/@external" is honored meanwhile, but please relocate it.
successful application of C:\Users\cyril\.ptx\2.53.0\core\xsl\utilities\report-publisher-variables.xsl
converting D:\work\sabbatical\2025\Books\SV-Calculus\source\main.ptx to LaTeX as C:\Users\cyril\AppData\Local\Temp\ptx-2an_r20r\main.tex
XSL conversion of D:\work\sabbatical\2025\Books\SV-Calculus\source\main.ptx by C:\Users\cyril\.ptx\2.53.0\core\xsl\pretext-latex.xsl
messages from the log for XSL processing (prefaced with a *):
[33mwarning: [0m* PTX:DEPRECATE: (2026-07-30) the external directory is a property of your source, and is now declared with a "directories/@external" attribute within "docinfo".  The publication file entry "source/directories/@external" is honored meanwhile, but please relocate it.
* PTX:INFO:   checking all deprecated elements.
[33mwarning: [0m* PTX:DEPRECATE: (2026-05-11) the "me" and "men" elements have been deprecated.  The replacement is an "md" with no "mrow" children, and numbering is controlled by the "@number" attribute, or a global setting in "docinfo". (12272 times)
*              located at: pretext/book/part/chapter/introduction/p/me
*              located within: "ch01-velocity-distance-and-the-first-shape-of-calculus" (xml:id), "Velocity, Distance, and the First Shape of Calculus" (title)
*              located at: pretext/book/part/chapter/introduction/p/me
*              located within: "ch01-velocity-distance-and-the-first-shape-of-calculus" (xml:id), "Velocity, Distance, and the First Shape of Calculus" (title)
*              located at: pretext/book/part/chapter/section/introduction/p/me
*              located within: "sec-1-1-the-dashboard-speedometer-and-odometer" (xml:id), "The dashboard: speedometer and odometer" (title)
*              located at: pretext/book/part/chapter/section/introduction/p/me
*              located within: "sec-1-1-the-dashboard-speedometer-and-odometer" (xml:id), "The dashboard: speedometer and odometer" (title)
*              located at: pretext/book/part/chapter/section/subsection/p/me
*              located within: "subsec-sec-1-1-the-dashboard-speedometer-and-odometer-distance-as-accumulated-motion" (xml:id), "Distance as accumulated motion" (title)
*              located at: pretext/book/part/chapter/section/subsection/p/me
*              located within: "subsec-sec-1-1-the-dashboard-speedometer-and-odometer-distance-as-accumulated-motion" (xml:id), "Distance as accumulated motion" (title)
*              located at: pretext/book/part/chapter/section/subsection/p/me
*              located within: "subsec-sec-1-1-the-dashboard-speedometer-and-odometer-velocity-as-changing-distance" (xml:id), "Velocity as changing distance" (title)
*              located at: pretext/book/part/chapter/section/subsection/p/me
*              located within: "subsec-sec-1-1-the-dashboard-speedometer-and-odometer-velocity-as-changing-distance" (xml:id), "Velocity as changing distance" (title)
* --------------
successful application of C:\Users\cyril\.ptx\2.53.0\core\xsl\pretext-latex.xsl
XSL conversion of D:\work\sabbatical\2025\Books\SV-Calculus\source\main.ptx by C:\Users\cyril\.ptx\2.53.0\core\xsl\utilities\report-publisher-variables.xsl
messages from the log for XSL processing (prefaced with a *):
[33mwarning: [0m* PTX:DEPRECATE: (2026-07-30) the external directory is a property of your source, and is now declared with a "directories/@external" attribute within "docinfo".  The publication file entry "source/directories/@external" is honored meanwhile, but please relocate it.
successful application of C:\Users\cyril\.ptx\2.53.0\core\xsl\utilities\report-publisher-variables.xsl
This is XeTeX, Version 3.141592653-2.6-0.999996 (MiKTeX 24.4) (preloaded format=xelatex.fmt)
 restricted \write18 enabled.
entering extended mode
(main.tex
LaTeX2e <2024-11-01> patch level 2
L3 programming layer <2025-01-18>
(C:\Users\cyril\AppData\Local\Programs\MiKTeX\tex/latex/base\book.cls
Document Class: book 2024/06/29 v1.4n Standard LaTeX document class
(C:\Users\cyril\AppData\Local\Programs\MiKTeX\tex/latex/base\bk10.clo))
(C:\Users\cyril\AppData\Local\Programs\MiKTeX\tex/latex/geometry\geometry.sty
(C:\Users\cyril\AppData\Local\Programs\MiKTeX\tex/latex/graphics\keyval.sty)
(C:\Users\cyril\AppData\Local\Programs\MiKTeX\tex/generic/iftex\ifvtex.sty
(C:\Users\cyril\AppData\Local\Programs\MiKTeX\tex/generic/iftex\iftex.sty))
(C:\Users\cyril\AppData\Local\Programs\MiKTeX\tex/latex/geometry\geometry.cfg))
(C:\Users\cyril\AppData\Local\Programs\MiKTeX\tex/latex/base\ifthen.sty)
(C:\Users\cyril\AppData\Local\Programs\MiKTeX\tex/latex/etoolbox\etoolbox.sty)
(C:\Users\cyril\AppData\Local\Programs\MiKTeX\tex/generic/iftex\ifxetex.sty)
(C:\Users\cyril\AppData\Local\Programs\MiKTeX\tex/generic/iftex\ifluatex.sty)
(C:\Users\cyril\AppData\Local\Programs\MiKTeX\tex/latex/graphics\graphicx.sty
(C:\Users\cyril\AppData\Local\Programs\MiKTeX\tex/latex/graphics\graphics.sty
(C:\Users\cyril\AppData\Local\Programs\MiKTeX\tex/latex/graphics\trig.sty)
(C:\Users\cyril\AppData\Local\Programs\MiKTeX\tex/latex/graphics-cfg\graphics.c
fg)
(C:\Users\cyril\AppData\Local\Programs\MiKTeX\tex/latex/graphics-def\xetex.def)
)) (C:\Users\cyril\AppData\Local\Programs\MiKTeX\tex/latex/xcolor\xcolor.sty
(C:\Users\cyril\AppData\Local\Programs\MiKTeX\tex/latex/graphics-cfg\color.cfg)
(C:\Users\cyril\AppData\Local\Programs\MiKTeX\tex/latex/graphics\mathcolor.ltx)
) (C:\Users\cyril\AppData\Local\Programs\MiKTeX\tex/latex/graphics\dvipsnam.def
) (C:\Users\cyril\AppData\Local\Programs\MiKTeX\tex/latex/xcolor\svgnam.def)
(C:\Users\cyril\AppData\Local\Programs\MiKTeX\tex/latex/colortbl\colortbl.sty
(C:\Users\cyril\AppData\Local\Programs\MiKTeX\tex/latex/tools\array.sty))
(C:\Users\cyril\AppData\Local\Programs\MiKTeX\tex/latex/tcolorbox\tcolorbox.sty

(C:\Users\cyril\AppData\Local\Programs\MiKTeX\tex/latex/pgf/frontendlayer\tikz.
sty
(C:\Users\cyril\AppData\Local\Programs\MiKTeX\tex/latex/pgf/basiclayer\pgf.sty
(C:\Users\cyril\AppData\Local\Programs\MiKTeX\tex/latex/pgf/utilities\pgfrcs.st
y
(C:\Users\cyril\AppData\Local\Programs\MiKTeX\tex/generic/pgf/utilities\pgfutil
-common.tex)
(C:\Users\cyril\AppData\Local\Programs\MiKTeX\tex/generic/pgf/utilities\pgfutil
-latex.def)
(C:\Users\cyril\AppData\Local\Programs\MiKTeX\tex/generic/pgf/utilities\pgfrcs.
code.tex
(C:\Users\cyril\AppData\Local\Programs\MiKTeX\tex/generic/pgf\pgf.revision.tex)
))
(C:\Users\cyril\AppData\Local\Programs\MiKTeX\tex/latex/pgf/basiclayer\pgfcore.
sty
(C:\Users\cyril\AppData\Local\Programs\MiKTeX\tex/latex/pgf/systemlayer\pgfsys.
sty
(C:\Users\cyril\AppData\Local\Programs\MiKTeX\tex/generic/pgf/systemlayer\pgfsy
s.code.tex
(C:\Users\cyril\AppData\Local\Programs\MiKTeX\tex/generic/pgf/utilities\pgfkeys
.code.tex
(C:\Users\cyril\AppData\Local\Programs\MiKTeX\tex/generic/pgf/utilities\pgfkeys
libraryfiltered.code.tex))
(C:\Users\cyril\AppData\Local\Programs\MiKTeX\tex/generic/pgf/systemlayer\pgf.c
fg)
(C:\Users\cyril\AppData\Local\Programs\MiKTeX\tex/generic/pgf/systemlayer\pgfsy
s-xetex.def
(C:\Users\cyril\AppData\Local\Programs\MiKTeX\tex/generic/pgf/systemlayer\pgfsy
s-dvipdfmx.def
(C:\Users\cyril\AppData\Local\Programs\MiKTeX\tex/generic/pgf/systemlayer\pgfsy
s-common-pdf.def))))
(C:\Users\cyril\AppData\Local\Programs\MiKTeX\tex/generic/pgf/systemlayer\pgfsy
ssoftpath.code.tex)
(C:\Users\cyril\AppData\Local\Programs\MiKTeX\tex/generic/pgf/systemlayer\pgfsy
sprotocol.code.tex))
(C:\Users\cyril\AppData\Local\Programs\MiKTeX\tex/generic/pgf/basiclayer\pgfcor
e.code.tex
(C:\Users\cyril\AppData\Local\Programs\MiKTeX\tex/generic/pgf/math\pgfmath.code
.tex
(C:\Users\cyril\AppData\Local\Programs\MiKTeX\tex/generic/pgf/math\pgfmathutil.
code.tex)
(C:\Users\cyril\AppData\Local\Programs\MiKTeX\tex/generic/pgf/math\pgfmathparse
r.code.tex)
(C:\Users\cyril\AppData\Local\Programs\MiKTeX\tex/generic/pgf/math\pgfmathfunct
ions.code.tex)
(C:\Users\cyril\AppData\Local\Programs\MiKTeX\tex/generic/pgf/math\pgfmathfunct
ions.basic.code.tex)
(C:\Users\cyril\AppData\Local\Programs\MiKTeX\tex/generic/pgf/math\pgfmathfunct
ions.trigonometric.code.tex)
(C:\Users\cyril\AppData\Local\Programs\MiKTeX\tex/generic/pgf/math\pgfmathfunct
ions.random.code.tex)
(C:\Users\cyril\AppData\Local\Programs\MiKTeX\tex/generic/pgf/math\pgfmathfunct
ions.comparison.code.tex)
(C:\Users\cyril\AppData\Local\Programs\MiKTeX\tex/generic/pgf/math\pgfmathfunct
ions.base.code.tex)
(C:\Users\cyril\AppData\Local\Programs\MiKTeX\tex/generic/pgf/math\pgfmathfunct
ions.round.code.tex)
(C:\Users\cyril\AppData\Local\Programs\MiKTeX\tex/generic/pgf/math\pgfmathfunct
ions.misc.code.tex)
(C:\Users\cyril\AppData\Local\Programs\MiKTeX\tex/generic/pgf/math\pgfmathfunct
ions.integerarithmetics.code.tex)
(C:\Users\cyril\AppData\Local\Programs\MiKTeX\tex/generic/pgf/math\pgfmathcalc.
code.tex)
(C:\Users\cyril\AppData\Local\Programs\MiKTeX\tex/generic/pgf/math\pgfmathfloat
.code.tex))
(C:\Users\cyril\AppData\Local\Programs\MiKTeX\tex/generic/pgf/math\pgfint.code.
tex)
(C:\Users\cyril\AppData\Local\Programs\MiKTeX\tex/generic/pgf/basiclayer\pgfcor
epoints.code.tex)
(C:\Users\cyril\AppData\Local\Programs\MiKTeX\tex/generic/pgf/basiclayer\pgfcor
epathconstruct.code.tex)
(C:\Users\cyril\AppData\Local\Programs\MiKTeX\tex/generic/pgf/basiclayer\pgfcor
epathusage.code.tex)
(C:\Users\cyril\AppData\Local\Programs\MiKTeX\tex/generic/pgf/basiclayer\pgfcor
escopes.code.tex)
(C:\Users\cyril\AppData\Local\Programs\MiKTeX\tex/generic/pgf/basiclayer\pgfcor
egraphicstate.code.tex)
(C:\Users\cyril\AppData\Local\Programs\MiKTeX\tex/generic/pgf/basiclayer\pgfcor
etransformations.code.tex)
(C:\Users\cyril\AppData\Local\Programs\MiKTeX\tex/generic/pgf/basiclayer\pgfcor
equick.code.tex)
(C:\Users\cyril\AppData\Local\Programs\MiKTeX\tex/generic/pgf/basiclayer\pgfcor
eobjects.code.tex)
(C:\Users\cyril\AppData\Local\Programs\MiKTeX\tex/generic/pgf/basiclayer\pgfcor
epathprocessing.code.tex)
(C:\Users\cyril\AppData\Local\Programs\MiKTeX\tex/generic/pgf/basiclayer\pgfcor
earrows.code.tex)
(C:\Users\cyril\AppData\Local\Programs\MiKTeX\tex/generic/pgf/basiclayer\pgfcor
eshade.code.tex)
(C:\Users\cyril\AppData\Local\Programs\MiKTeX\tex/generic/pgf/basiclayer\pgfcor
eimage.code.tex)
(C:\Users\cyril\AppData\Local\Programs\MiKTeX\tex/generic/pgf/basiclayer\pgfcor
eexternal.code.tex)
(C:\Users\cyril\AppData\Local\Programs\MiKTeX\tex/generic/pgf/basiclayer\pgfcor
elayers.code.tex)
(C:\Users\cyril\AppData\Local\Programs\MiKTeX\tex/generic/pgf/basiclayer\pgfcor
etransparency.code.tex)
(C:\Users\cyril\AppData\Local\Programs\MiKTeX\tex/generic/pgf/basiclayer\pgfcor
epatterns.code.tex)
(C:\Users\cyril\AppData\Local\Programs\MiKTeX\tex/generic/pgf/basiclayer\pgfcor
erdf.code.tex)))
(C:\Users\cyril\AppData\Local\Programs\MiKTeX\tex/generic/pgf/modules\pgfmodule
shapes.code.tex)
(C:\Users\cyril\AppData\Local\Programs\MiKTeX\tex/generic/pgf/modules\pgfmodule
plot.code.tex)
(C:\Users\cyril\AppData\Local\Programs\MiKTeX\tex/latex/pgf/compatibility\pgfco
mp-version-0-65.sty)
(C:\Users\cyril\AppData\Local\Programs\MiKTeX\tex/latex/pgf/compatibility\pgfco
mp-version-1-18.sty))
(C:\Users\cyril\AppData\Local\Programs\MiKTeX\tex/latex/pgf/utilities\pgffor.st
y
(C:\Users\cyril\AppData\Local\Programs\MiKTeX\tex/latex/pgf/utilities\pgfkeys.s
ty
(C:\Users\cyril\AppData\Local\Programs\MiKTeX\tex/generic/pgf/utilities\pgfkeys
.code.tex))
(C:\Users\cyril\AppData\Local\Programs\MiKTeX\tex/latex/pgf/math\pgfmath.sty
(C:\Users\cyril\AppData\Local\Programs\MiKTeX\tex/generic/pgf/math\pgfmath.code
.tex))
(C:\Users\cyril\AppData\Local\Programs\MiKTeX\tex/generic/pgf/utilities\pgffor.
code.tex))
(C:\Users\cyril\AppData\Local\Programs\MiKTeX\tex/generic/pgf/frontendlayer/tik
z\tikz.code.tex
(C:\Users\cyril\AppData\Local\Programs\MiKTeX\tex/generic/pgf/libraries\pgflibr
aryplothandlers.code.tex)
(C:\Users\cyril\AppData\Local\Programs\MiKTeX\tex/generic/pgf/modules\pgfmodule
matrix.code.tex)
(C:\Users\cyril\AppData\Local\Programs\MiKTeX\tex/generic/pgf/frontendlayer/tik
z/libraries\tikzlibrarytopaths.code.tex)))
(C:\Users\cyril\AppData\Local\Programs\MiKTeX\tex/latex/tools\verbatim.sty)
(C:\Users\cyril\AppData\Local\Programs\MiKTeX\tex/latex/environ\environ.sty
(C:\Users\cyril\AppData\Local\Programs\MiKTeX\tex/latex/trimspaces\trimspaces.s
ty)))
(C:\Users\cyril\AppData\Local\Programs\MiKTeX\tex/latex/tcolorbox\tcbskins.code
.tex
Library (tcolorbox): 'tcbskins.code.tex' version '6.4.1'

(C:\Users\cyril\AppData\Local\Programs\MiKTeX\tex/latex/tikzfill\tikzfill.image
.sty
(C:\Users\cyril\AppData\Local\Programs\MiKTeX\tex/latex/tikzfill\tikzlibraryfil
l.image.code.tex))
(C:\Users\cyril\AppData\Local\Programs\MiKTeX\tex/latex/tcolorbox\tcbskinsjigsa
w.code.tex
Library (tcolorbox): 'tcbskinsjigsaw.code.tex' version '6.4.1'
))
(C:\Users\cyril\AppData\Local\Programs\MiKTeX\tex/latex/tcolorbox\tcbbreakable.
code.tex
Library (tcolorbox): 'tcbbreakable.code.tex' version '6.4.1'
(C:\Users\cyril\AppData\Local\Programs\MiKTeX\tex/latex/pdfcol\pdfcol.sty
(C:\Users\cyril\AppData\Local\Programs\MiKTeX\tex/generic/ltxcmds\ltxcmds.sty)
(C:\Users\cyril\AppData\Local\Programs\MiKTeX\tex/generic/infwarerr\infwarerr.s
ty)))
(C:\Users\cyril\AppData\Local\Programs\MiKTeX\tex/latex/tcolorbox\tcbraster.cod
e.tex
Library (tcolorbox): 'tcbraster.code.tex' version '6.4.1'
)
(C:\Users\cyril\AppData\Local\Programs\MiKTeX\tex/latex/tcolorbox\tcbxparse.cod
e.tex
Library (tcolorbox): 'tcbxparse.code.tex' version '6.4.1'

(C:\Users\cyril\AppData\Local\Programs\MiKTeX\tex/latex/l3packages/xparse\xpars
e.sty
(C:\Users\cyril\AppData\Local\Programs\MiKTeX\tex/latex/l3kernel\expl3.sty
(C:\Users\cyril\AppData\Local\Programs\MiKTeX\tex/latex/l3backend\l3backend-xet
ex.def))))
(C:\Users\cyril\AppData\Local\Programs\MiKTeX\tex/generic/pgf/frontendlayer/tik
z/libraries\tikzlibrarycalc.code.tex)
(C:\Users\cyril\AppData\Local\Programs\MiKTeX\tex/latex/tcolorbox\tcbhooks.code
.tex
Library (tcolorbox): 'tcbhooks.code.tex' version '6.4.1'
) (C:\Users\cyril\AppData\Local\Programs\MiKTeX\tex/latex/xstring\xstring.sty
(C:\Users\cyril\AppData\Local\Programs\MiKTeX\tex/generic/xstring\xstring.tex))
 (C:\Users\cyril\AppData\Local\Programs\MiKTeX\tex/latex/xltxtra\xltxtra.sty
(C:\Users\cyril\AppData\Local\Programs\MiKTeX\tex/latex/fontspec\fontspec.sty
(C:\Users\cyril\AppData\Local\Programs\MiKTeX\tex/latex/fontspec\fontspec-xetex
.sty (C:\Users\cyril\AppData\Local\Programs\MiKTeX\tex/latex/base\fontenc.sty)
(C:\Users\cyril\AppData\Local\Programs\MiKTeX\tex/latex/fontspec\fontspec.cfg))
)
(C:\Users\cyril\AppData\Local\Programs\MiKTeX\tex/latex/realscripts\realscripts
.sty)
(C:\Users\cyril\AppData\Local\Programs\MiKTeX\tex/latex/metalogo\metalogo.sty))
 (C:\Users\cyril\AppData\Local\Programs\MiKTeX\tex/latex/inconsolata\zi4.sty
`inconsolata-zi4' v1.12, 2019/05/17 Text macros for Inconsolata (msharpe)
(C:\Users\cyril\AppData\Local\Programs\MiKTeX\tex/latex/base\textcomp.sty)
(C:\Users\cyril\AppData\Local\Programs\MiKTeX\tex/latex/xkeyval\xkeyval.sty
(C:\Users\cyril\AppData\Local\Programs\MiKTeX\tex/generic/xkeyval\xkeyval.tex
(C:\Users\cyril\AppData\Local\Programs\MiKTeX\tex/generic/xkeyval\xkvutils.tex)
)))
(C:\Users\cyril\AppData\Local\Programs\MiKTeX\tex/latex/polyglossia\polyglossia
.sty
(C:\Users\cyril\AppData\Local\Programs\MiKTeX\tex/latex/polyglossia\gloss-latex
.ldf))
(C:\Users\cyril\AppData\Local\Programs\MiKTeX\tex/latex/polyglossia\gloss-engli
sh.ldf)
(C:\Users\cyril\AppData\Local\Programs\MiKTeX\tex/latex/microtype\microtype.sty

(C:\Users\cyril\AppData\Local\Programs\MiKTeX\tex/latex/microtype\microtype-xet
ex.def)
(C:\Users\cyril\AppData\Local\Programs\MiKTeX\tex/latex/microtype\microtype.cfg
)) (C:\Users\cyril\AppData\Local\Programs\MiKTeX\tex/latex/amsmath\amsmath.sty
For additional information on amsmath, use the `?' option.
(C:\Users\cyril\AppData\Local\Programs\MiKTeX\tex/latex/amsmath\amstext.sty
(C:\Users\cyril\AppData\Local\Programs\MiKTeX\tex/latex/amsmath\amsgen.sty))
(C:\Users\cyril\AppData\Local\Programs\MiKTeX\tex/latex/amsmath\amsbsy.sty)
(C:\Users\cyril\AppData\Local\Programs\MiKTeX\tex/latex/amsmath\amsopn.sty))
(C:\Users\cyril\AppData\Local\Programs\MiKTeX\tex/latex/amsmath\amscd.sty)
(C:\Users\cyril\AppData\Local\Programs\MiKTeX\tex/latex/amsfonts\amssymb.sty
(C:\Users\cyril\AppData\Local\Programs\MiKTeX\tex/latex/amsfonts\amsfonts.sty))
 (C:\Users\cyril\AppData\Local\Programs\MiKTeX\tex/latex/psnfss\pifont.sty
(C:\Users\cyril\AppData\Local\Programs\MiKTeX\tex/latex/psnfss\upzd.fd)
(C:\Users\cyril\AppData\Local\Programs\MiKTeX\tex/latex/psnfss\upsy.fd))
(C:\Users\cyril\AppData\Local\Programs\MiKTeX\tex/latex/titlesec\titlesec.sty
(C:\Users\cyril\AppData\Local\Programs\MiKTeX\tex/latex/titlesec\titleps.sty))
(C:\Users\cyril\AppData\Local\Programs\MiKTeX\tex/latex/titlesec\titletoc.sty)
(C:\Users\cyril\AppData\Local\Programs\MiKTeX\tex/latex/fancyvrb\fancyvrb.sty)
(C:\Users\cyril\AppData\Local\Programs\MiKTeX\tex/latex/enumitem\enumitem.sty)
(C:\Users\cyril\AppData\Local\Programs\MiKTeX\tex/latex/hyperref\hyperref.sty
(C:\Users\cyril\AppData\Local\Programs\MiKTeX\tex/latex/kvsetkeys\kvsetkeys.sty
)
(C:\Users\cyril\AppData\Local\Programs\MiKTeX\tex/generic/kvdefinekeys\kvdefine
keys.sty)
(C:\Users\cyril\AppData\Local\Programs\MiKTeX\tex/generic/pdfescape\pdfescape.s
ty
(C:\Users\cyril\AppData\Local\Programs\MiKTeX\tex/generic/pdftexcmds\pdftexcmds
.sty))
(C:\Users\cyril\AppData\Local\Programs\MiKTeX\tex/latex/hycolor\hycolor.sty)
(C:\Users\cyril\AppData\Local\Programs\MiKTeX\tex/latex/hyperref\nameref.sty
(C:\Users\cyril\AppData\Local\Programs\MiKTeX\tex/latex/refcount\refcount.sty)
(C:\Users\cyril\AppData\Local\Programs\MiKTeX\tex/generic/gettitlestring\gettit
lestring.sty
(C:\Users\cyril\AppData\Local\Programs\MiKTeX\tex/latex/kvoptions\kvoptions.sty
)))
(C:\Users\cyril\AppData\Local\Programs\MiKTeX\tex/generic/stringenc\stringenc.s
ty) (C:\Users\cyril\AppData\Local\Programs\MiKTeX\tex/latex/hyperref\pd1enc.def
) (C:\Users\cyril\AppData\Local\Programs\MiKTeX\tex/generic/intcalc\intcalc.sty
) (C:\Users\cyril\AppData\Local\Programs\MiKTeX\tex/latex/hyperref\puenc.def)
(C:\Users\cyril\AppData\Local\Programs\MiKTeX\tex/latex/url\url.sty)
(C:\Users\cyril\AppData\Local\Programs\MiKTeX\tex/generic/bitset\bitset.sty
(C:\Users\cyril\AppData\Local\Programs\MiKTeX\tex/generic/bigintcalc\bigintcalc
.sty))
(C:\Users\cyril\AppData\Local\Programs\MiKTeX\tex/latex/base\atbegshi-ltx.sty))
(C:\Users\cyril\AppData\Local\Programs\MiKTeX\tex/latex/hyperref\hxetex.def
(C:\Users\cyril\AppData\Local\Programs\MiKTeX\tex/latex/rerunfilecheck\rerunfil
echeck.sty
(C:\Users\cyril\AppData\Local\Programs\MiKTeX\tex/generic/uniquecounter\uniquec
ounter.sty)))
(C:\Users\cyril\AppData\Local\Programs\MiKTeX\tex/latex/pgfplots\pgfplots.sty
(C:\Users\cyril\AppData\Local\Programs\MiKTeX\tex/generic/pgfplots\pgfplots.rev
ision.tex)
(C:\Users\cyril\AppData\Local\Programs\MiKTeX\tex/generic/pgfplots\pgfplots.cod
e.tex
(C:\Users\cyril\AppData\Local\Programs\MiKTeX\tex/generic/pgfplots\pgfplotscore
.code.tex
(C:\Users\cyril\AppData\Local\Programs\MiKTeX\tex/generic/pgfplots/sys\pgfplots
sysgeneric.code.tex))
(C:\Users\cyril\AppData\Local\Programs\MiKTeX\tex/generic/pgfplots/libs\pgfplot
slibrary.code.tex)
(C:\Users\cyril\AppData\Local\Programs\MiKTeX\tex/generic/pgfplots/oldpgfcompat
ib\pgfplotsoldpgfsupp_loader.code.tex
(C:\Users\cyril\AppData\Local\Programs\MiKTeX\tex/generic/pgf/libraries\pgflibr
aryfpu.code.tex)
Package pgfplots: loading complementary utilities for your pgf version...

(C:\Users\cyril\AppData\Local\Programs\MiKTeX\tex/generic/pgfplots/oldpgfcompat
ib\pgfplotsoldpgfsupp_pgfutil-common-lists.tex))
(C:\Users\cyril\AppData\Local\Programs\MiKTeX\tex/generic/pgfplots/util\pgfplot
sutil.code.tex
(C:\Users\cyril\AppData\Local\Programs\MiKTeX\tex/generic/pgfplots/liststructur
e\pgfplotsliststructure.code.tex)
(C:\Users\cyril\AppData\Local\Programs\MiKTeX\tex/generic/pgfplots/liststructur
e\pgfplotsliststructureext.code.tex)
(C:\Users\cyril\AppData\Local\Programs\MiKTeX\tex/generic/pgfplots/liststructur
e\pgfplotsarray.code.tex)
(C:\Users\cyril\AppData\Local\Programs\MiKTeX\tex/generic/pgfplots/liststructur
e\pgfplotsmatrix.code.tex)
(C:\Users\cyril\AppData\Local\Programs\MiKTeX\tex/generic/pgfplots/numtable\pgf
plotstableshared.code.tex)
(C:\Users\cyril\AppData\Local\Programs\MiKTeX\tex/generic/pgfplots/liststructur
e\pgfplotsdeque.code.tex)
(C:\Users\cyril\AppData\Local\Programs\MiKTeX\tex/generic/pgfplots/util\pgfplot
sbinary.code.tex
(C:\Users\cyril\AppData\Local\Programs\MiKTeX\tex/generic/pgfplots/util\pgfplot
sbinary.data.code.tex))
(C:\Users\cyril\AppData\Local\Programs\MiKTeX\tex/generic/pgfplots/util\pgfplot
sutil.verb.code.tex)
(C:\Users\cyril\AppData\Local\Programs\MiKTeX\tex/generic/pgfplots/libs\pgflibr
arypgfplots.surfshading.code.tex
(C:\Users\cyril\AppData\Local\Programs\MiKTeX\tex/generic/pgfplots/sys\pgflibra
rypgfplots.surfshading.pgfsys-xetex.def
(C:\Users\cyril\AppData\Local\Programs\MiKTeX\tex/generic/pgfplots/sys\pgflibra
rypgfplots.surfshading.pgfsys-dvipdfmx.def))))
(C:\Users\cyril\AppData\Local\Programs\MiKTeX\tex/generic/pgfplots/util\pgfplot
scolormap.code.tex
(C:\Users\cyril\AppData\Local\Programs\MiKTeX\tex/generic/pgfplots/util\pgfplot
scolor.code.tex))
(C:\Users\cyril\AppData\Local\Programs\MiKTeX\tex/generic/pgfplots\pgfplotsstac
kedplots.code.tex)
(C:\Users\cyril\AppData\Local\Programs\MiKTeX\tex/generic/pgfplots\pgfplotsplot
handlers.code.tex
(C:\Users\cyril\AppData\Local\Programs\MiKTeX\tex/generic/pgfplots\pgfplotsmesh
plothandler.code.tex
(C:\Users\cyril\AppData\Local\Programs\MiKTeX\tex/generic/pgfplots\pgfplotsmesh
plotimage.code.tex)))
(C:\Users\cyril\AppData\Local\Programs\MiKTeX\tex/generic/pgfplots\pgfplots.sca
ling.code.tex)
(C:\Users\cyril\AppData\Local\Programs\MiKTeX\tex/generic/pgfplots\pgfplotscoor
dprocessing.code.tex)
(C:\Users\cyril\AppData\Local\Programs\MiKTeX\tex/generic/pgfplots\pgfplots.err
orbars.code.tex)
(C:\Users\cyril\AppData\Local\Programs\MiKTeX\tex/generic/pgfplots\pgfplots.mar
kers.code.tex)
(C:\Users\cyril\AppData\Local\Programs\MiKTeX\tex/generic/pgfplots\pgfplotstick
s.code.tex)
(C:\Users\cyril\AppData\Local\Programs\MiKTeX\tex/generic/pgfplots\pgfplots.pat
hs.code.tex)
(C:\Users\cyril\AppData\Local\Programs\MiKTeX\tex/generic/pgf/frontendlayer/tik
z/libraries\tikzlibrarydecorations.code.tex
(C:\Users\cyril\AppData\Local\Programs\MiKTeX\tex/generic/pgf/modules\pgfmodule
decorations.code.tex))
(C:\Users\cyril\AppData\Local\Programs\MiKTeX\tex/generic/pgf/frontendlayer/tik
z/libraries\tikzlibrarydecorations.pathmorphing.code.tex
(C:\Users\cyril\AppData\Local\Programs\MiKTeX\tex/generic/pgf/libraries/decorat
ions\pgflibrarydecorations.pathmorphing.code.tex))
(C:\Users\cyril\AppData\Local\Programs\MiKTeX\tex/generic/pgf/frontendlayer/tik
z/libraries\tikzlibrarydecorations.pathreplacing.code.tex
(C:\Users\cyril\AppData\Local\Programs\MiKTeX\tex/generic/pgf/libraries/decorat
ions\pgflibrarydecorations.pathreplacing.code.tex))
(C:\Users\cyril\AppData\Local\Programs\MiKTeX\tex/generic/pgfplots/libs\tikzlib
rarypgfplots.contourlua.code.tex))
(C:\Users\cyril\AppData\Local\Programs\MiKTeX\tex/generic/pgf/frontendlayer/tik
z/libraries\tikzlibraryplotmarks.code.tex
(C:\Users\cyril\AppData\Local\Programs\MiKTeX\tex/generic/pgf/libraries\pgflibr
aryplotmarks.code.tex)))
(C:\Users\cyril\AppData\Local\Programs\MiKTeX\tex/generic/pgfplots/libs\tikzlib
rarypgfplots.fillbetween.code.tex
(C:\Users\cyril\AppData\Local\Programs\MiKTeX\tex/generic/pgfplots/pgfcontrib\t
ikzlibraryfillbetween.code.tex
(C:\Users\cyril\AppData\Local\Programs\MiKTeX\tex/generic/pgf/frontendlayer/tik
z/libraries\tikzlibraryintersections.code.tex
(C:\Users\cyril\AppData\Local\Programs\MiKTeX\tex/generic/pgf/libraries\pgflibr
aryintersections.code.tex))
(C:\Users\cyril\AppData\Local\Programs\MiKTeX\tex/generic/pgfplots/pgfcontrib\t
ikzlibrarydecorations.softclip.code.tex
(C:\Users\cyril\AppData\Local\Programs\MiKTeX\tex/generic/pgfplots/pgfcontrib\p
gflibraryfillbetween.code.tex)))
(C:\Users\cyril\AppData\Local\Programs\MiKTeX\tex/generic/pgfplots/libs\tikzlib
rarypgfplots.decorations.softclip.code.tex))
(C:\Users\cyril\AppData\Local\Programs\MiKTeX\tex/generic/pgfplots/libs\tikzlib
rarypgfplots.colormaps.code.tex)
(C:\Users\cyril\AppData\Local\Programs\MiKTeX\tex/generic/pgf/frontendlayer/tik
z/libraries\tikzlibraryarrows.code.tex
(C:\Users\cyril\AppData\Local\Programs\MiKTeX\tex/generic/pgf/libraries\pgflibr
aryarrows.code.tex))
(C:\Users\cyril\AppData\Local\Programs\MiKTeX\tex/generic/pgf/libraries\pgflibr
aryarrows.meta.code.tex)
(C:\Users\cyril\AppData\Local\Programs\MiKTeX\tex/generic/pgf/frontendlayer/tik
z/libraries\tikzlibrarydecorations.markings.code.tex
(C:\Users\cyril\AppData\Local\Programs\MiKTeX\tex/generic/pgf/libraries/decorat
ions\pgflibrarydecorations.markings.code.tex))
(C:\Users\cyril\AppData\Local\Programs\MiKTeX\tex/generic/pgf/frontendlayer/tik
z/libraries\tikzlibrarymatrix.code.tex)
(C:\Users\cyril\AppData\Local\Programs\MiKTeX\tex/generic/pgf/frontendlayer/tik
z/libraries\tikzlibrarypatterns.code.tex
(C:\Users\cyril\AppData\Local\Programs\MiKTeX\tex/generic/pgf/libraries\pgflibr
arypatterns.code.tex))
(C:\Users\cyril\AppData\Local\Programs\MiKTeX\tex/generic/pgf/frontendlayer/tik
z/libraries\tikzlibrarypositioning.code.tex)
(C:\Users\cyril\AppData\Local\Programs\MiKTeX\tex/generic/pgf/frontendlayer/tik
z/libraries\tikzlibraryshadows.code.tex
(C:\Users\cyril\AppData\Local\Programs\MiKTeX\tex/generic/pgf/frontendlayer/tik
z/libraries\tikzlibraryfadings.code.tex
(C:\Users\cyril\AppData\Local\Programs\MiKTeX\tex/generic/pgf/libraries\pgflibr
aryfadings.code.tex)))
(C:\Users\cyril\AppData\Local\Programs\MiKTeX\tex/generic/pgf/frontendlayer/tik
z/libraries\tikzlibraryshapes.code.tex
(C:\Users\cyril\AppData\Local\Programs\MiKTeX\tex/generic/pgf/frontendlayer/tik
z/libraries\tikzlibraryshapes.geometric.code.tex
(C:\Users\cyril\AppData\Local\Programs\MiKTeX\tex/generic/pgf/libraries/shapes\
pgflibraryshapes.geometric.code.tex))
(C:\Users\cyril\AppData\Local\Programs\MiKTeX\tex/generic/pgf/frontendlayer/tik
z/libraries\tikzlibraryshapes.misc.code.tex
(C:\Users\cyril\AppData\Local\Programs\MiKTeX\tex/generic/pgf/libraries/shapes\
pgflibraryshapes.misc.code.tex))
(C:\Users\cyril\AppData\Local\Programs\MiKTeX\tex/generic/pgf/frontendlayer/tik
z/libraries\tikzlibraryshapes.symbols.code.tex
(C:\Users\cyril\AppData\Local\Programs\MiKTeX\tex/generic/pgf/libraries/shapes\
pgflibraryshapes.symbols.code.tex))
(C:\Users\cyril\AppData\Local\Programs\MiKTeX\tex/generic/pgf/frontendlayer/tik
z/libraries\tikzlibraryshapes.arrows.code.tex
(C:\Users\cyril\AppData\Local\Programs\MiKTeX\tex/generic/pgf/libraries/shapes\
pgflibraryshapes.arrows.code.tex))
(C:\Users\cyril\AppData\Local\Programs\MiKTeX\tex/generic/pgf/frontendlayer/tik
z/libraries\tikzlibraryshapes.callouts.code.tex
(C:\Users\cyril\AppData\Local\Programs\MiKTeX\tex/generic/pgf/libraries/shapes\
pgflibraryshapes.callouts.code.tex))
(C:\Users\cyril\AppData\Local\Programs\MiKTeX\tex/generic/pgf/frontendlayer/tik
z/libraries\tikzlibraryshapes.multipart.code.tex
(C:\Users\cyril\AppData\Local\Programs\MiKTeX\tex/generic/pgf/libraries/shapes\
pgflibraryshapes.multipart.code.tex)))
No file main.aux.
*geometry* driver: auto-detecting
*geometry* detected driver: xetex
(C:\Users\cyril\AppData\Local\Programs\MiKTeX\tex/latex/upquote\upquote.sty)
(C:\Users\cyril\AppData\Local\Programs\MiKTeX\tex/latex/microtype\mt-LatinModer
nRoman.cfg)

Package hyperref Warning: Rerun to get /PageLabels entry.

Package pgfplots notification 'compat/show suggested version=true': document ha
s been generated with the most recent feature set (\pgfplotsset{compat=1.18}).


[1]
[2]
[3]
************************************************
Preface Preface
************************************************
************************************************
Preface How to Read This Book
************************************************

[4]
[5]
No file main.toc.

[6]
************************************************
Part I The Two Questions of Calculus
************************************************

[1]
************************************************
Chapter 1 Velocity, Distance, and the First Shape of Calculus
************************************************
Chapter 1.
(C:\Users\cyril\AppData\Local\Programs\MiKTeX\tex/latex/amsfonts\umsa.fd)
(C:\Users\cyril\AppData\Local\Programs\MiKTeX\tex/latex/microtype\mt-msa.cfg)
(C:\Users\cyril\AppData\Local\Programs\MiKTeX\tex/latex/amsfonts\umsb.fd)
(C:\Users\cyril\AppData\Local\Programs\MiKTeX\tex/latex/microtype\mt-msb.cfg)
(C:\Users\cyril\AppData\Local\Programs\MiKTeX\tex/latex/microtype\mt-cmr.cfg)
************************************************
Section 1.1 The dashboard: speedometer and odometer
************************************************

[2]
************************************************
Subsection Distance as accumulated motion
************************************************
************************************************
Subsection Velocity as changing distance
************************************************

[3]
************************************************
Subsection Units already tell the story
************************************************
************************************************
Subsection The first question: distance to velocity
************************************************

[4]
************************************************
Subsection The second question: velocity to distance
************************************************

[5]
************************************************
Subsection The two questions together
************************************************
************************************************
Section 1.2 Constant velocity: where slope and area first meet
************************************************

[6]
************************************************
Subsection The graph of distance when velocity is constant
************************************************
************************************************
Subsection Slope of the distance graph
************************************************

[7]
************************************************
Subsection Area under the velocity graph
************************************************

[8]
************************************************
Subsection The constant-velocity rule
************************************************
************************************************
Subsection Why slope and area are inverse clues
************************************************

[9]
************************************************
Subsection Why the word “constant” matters
************************************************

[10]
************************************************
Section 1.3 Forward, backward, and signed motion
************************************************
************************************************
Subsection Positive and negative velocity
************************************************

[11]
************************************************
Subsection Displacement versus distance traveled
************************************************

[12]
************************************************
Subsection Area below the time axis
************************************************

[13]
************************************************
Subsection A first piecewise-defined motion
************************************************

[14]
************************************************
Subsection What the sign prepares us for
************************************************
************************************************
Section 1.4 Calculus without limits: finite differences and finite sums
************************************************

Overfull \hbox (3.59106pt too wide) in paragraph at lines 2116--2116
|[]\TU/lmr/bx/n/14.4 Calculus without limits: finite differences and

[15]
************************************************
Subsection Difference tables
************************************************
************************************************
Subsection Accumulated differences telescope
************************************************

[16]
************************************************
Subsection Step velocities and piecewise linear position
************************************************

[17]
************************************************
Subsection Unequal time steps
************************************************

[18]
************************************************
Subsection A warning about absolute values
************************************************
************************************************
Subsection Squares and odd numbers
************************************************

[19]
************************************************
Subsection What finite calculus can and cannot do
************************************************
************************************************
Section 1.5 Changing velocity and the need for limits
************************************************
************************************************
Subsection Average velocity over a time interval
************************************************

[20]
[21]
************************************************
Subsection The word “if” matters
************************************************

LaTeX Warning: Hyper reference `sec-1-3-forward-backward-and-signed-motion' on 
page 22 undefined on input line 2829.


LaTeX Warning: Reference `sec-1-3-forward-backward-and-signed-motion' on page 2
2 undefined on input line 2829.

************************************************
Subsection The tangent line problem
************************************************

[22]
************************************************
Subsection The area problem
************************************************

[23]
************************************************
Subsection Why finite arithmetic is no longer enough
************************************************

[24]
************************************************
Section 1.6 A first map of the book
************************************************
************************************************
Subsection Derivative: from position to velocity
************************************************
************************************************
Subsection Integral: from velocity to position
************************************************

[25]
************************************************
Subsection Approximation: how to work when exact formulas fail
************************************************
************************************************
Subsection Differential equations: when the law gives the derivative
************************************************

[26]
************************************************
Subsection The road in one picture
************************************************

[27]
************************************************
Section 1.7 Discovery problems and projects
************************************************
************************************************
Subsection Read a trip from a speed graph
************************************************

[28]
************************************************
Subsection Design two different trips with the same displacement
************************************************

[29]
************************************************
Subsection Finite differences of squares and cubes
************************************************

[30]
[31]
************************************************
Subsection A changing slope needs nearness
************************************************

[32]
************************************************
Chapter 2 Numbers, Functions, and Models
************************************************

[33]
Chapter 2.
************************************************
Section 2.1 The real line and intervals
************************************************
************************************************
Subsection Points as numbers
************************************************

[34]
************************************************
Subsection Open, closed, and half-open intervals
************************************************

[35]
************************************************
Subsection Absolute value as distance
************************************************

[36]
[37]
************************************************
Subsection Inequalities as a way to control error
************************************************

[38]
************************************************
Section 2.2 Completeness and the idea of no gaps
************************************************

[39]
************************************************
Subsection Rational numbers and the missing square root
************************************************

[40]
[41]
************************************************
Subsection Least upper bound property
************************************************

[42]
************************************************
Subsection Nested intervals
************************************************

[43]
************************************************
Subsection Completeness creates \(\sqrt 2\)
************************************************

[44]
[45]
************************************************
Subsection Why calculus needs the real numbers
************************************************

[46]
************************************************
Section 2.3 Functions as assignments
************************************************
************************************************
Subsection Input, output, domain, and range
************************************************

[47]
************************************************
Subsection Functions from formulas, graphs, tables, and words
************************************************

[48]
[49]
************************************************
Subsection The natural domain of a formula
************************************************

[50]
[51]
************************************************
Subsection Piecewise-defined functions
************************************************

[52]
************************************************
Subsection The difference quotient as a function of two inputs
************************************************

[53]
[54]
************************************************
Section 2.4 Graphs and transformations
************************************************

[55]
************************************************
Subsection Shifts and scalings
************************************************

[56]
************************************************
Subsection Reflections and stretching
************************************************

[57]
[58]
[59]
************************************************
Subsection Even and odd symmetry
************************************************

[60]
************************************************
Subsection Reading intercepts, sign, and intervals from a graph
************************************************

[61]
[62]
************************************************
Subsection A graph can suggest, but not prove
************************************************

[63]
************************************************
Section 2.5 Combining functions
************************************************
************************************************
Subsection Sums, products, and quotients
************************************************

[64]
[65]
************************************************
Subsection Composition
************************************************

[66]
[67]
[68]
************************************************
Subsection Inverse functions
************************************************

[69]
************************************************
Subsection When an inverse exists
************************************************

[70]
[71]
[72]
[73]
************************************************
Section 2.6 A catalog of essential functions
************************************************
************************************************
Subsection Linear functions and units
************************************************

[74]
************************************************
Subsection Powers and polynomials
************************************************

Overfull \hbox (3.91pt too wide) in paragraph at lines 8347--8348
[]\TU/lmr/m/n/10 They already appeared in the first chapter through finite diff
erences. Squares

[75]
[76]
************************************************
Subsection Rational functions and asymptotic behavior
************************************************

[77]
[78]
************************************************
Subsection Algebraic functions
************************************************

[79]
************************************************
Subsection Trigonometric functions in radians
************************************************

[80]
[81]
************************************************
Subsection Exponential functions
************************************************

[82]
************************************************
Subsection Logarithms as inverse functions
************************************************

[83]
[84]
************************************************
Subsection The catalog at a glance
************************************************

[85]
************************************************
Section 2.7 Models before calculus
************************************************
************************************************
Subsection Linear growth
************************************************

[86]
[87]
************************************************
Subsection Power-law scaling
************************************************

[88]
[89]
************************************************
Subsection Exponential growth and decay
************************************************

[90]
************************************************
Subsection Periodic motion
************************************************

[91]
[92]
************************************************
Subsection Choosing a model from units and data
************************************************

[93]
[94]
************************************************
Section 2.8 Technology and graphs
************************************************
************************************************
Subsection Windows can lie
************************************************

[95]
************************************************
Subsection Sampling can miss behavior
************************************************

[96]
************************************************
Subsection Numerical evidence versus proof
************************************************

[97]
[98]
************************************************
Subsection A first warning about roundoff
************************************************

[99]
************************************************
Section 2.9 Chapter review and discovery problems
************************************************

[100]
************************************************
Subsection Chapter map
************************************************
************************************************
Subsection Concept check: function versus formula
************************************************

[101]
[102]
************************************************
Subsection Skills: intervals, domains, transformations, and inverses
************************************************

[103]
[104]
[105]
************************************************
Subsection Skills: reading a graph
************************************************

[106]
************************************************
Subsection Catalog practice: recognizing function families
************************************************

Overfull \hbox (5.88002pt too wide) in paragraph at lines 11702--11703
\TU/lmr/m/n/10 Classify each model as linear, power-law, polynomial, rational, 
algebraic, trigono-
************************************************
Subsection Counterexamples and proof practice
************************************************

[107]
************************************************
Subsection Technology questions
************************************************

[108]
[109]
************************************************
Subsection Project: fit a simple model to data
************************************************

[110]
************************************************
Subsection Discovery problems
************************************************

[111]
************************************************
Subsection Hook: limits make near into mathematics
************************************************

[112]
************************************************
Part II Limits, Continuity, and the Derivative
************************************************

[113]
[114]
************************************************
Chapter 3 Limits and Continuity
************************************************
Chapter 3.
************************************************
Section 3.1 Limits from motion and approximation
************************************************
************************************************
Subsection Average velocity as the interval shrinks
************************************************

[115]
************************************************
Subsection Decimal approximations to a number
************************************************

[116]
************************************************
Subsection The informal meaning of a limit
************************************************

[117]

LaTeX Warning: Hyper reference `sec-3-4-the-precise-definition-of-a-limit' on p
age 118 undefined on input line 12572.


LaTeX Warning: Reference `sec-3-4-the-precise-definition-of-a-limit' on page 11
8 undefined on input line 12572.


[118]
************************************************
Subsection Limits from graphs and tables
************************************************

[119]
************************************************
Subsection What a limit can ignore
************************************************
************************************************
Section 3.2 Calculating limits
************************************************
************************************************
Subsection A first limit law from an example
************************************************

[120]
************************************************
Subsection Limit laws
************************************************

[121]
[122]
************************************************
Subsection Polynomials and direct substitution
************************************************
************************************************
Subsection Rational functions
************************************************

[123]
************************************************
Subsection Removing a removable discontinuity
************************************************

[124]
[125]
************************************************
Subsection When cancellation does not save the limit
************************************************
************************************************
Subsection The squeeze idea
************************************************

[126]
[127]
************************************************
Subsection A short guide to the first limit tools
************************************************
************************************************
Section 3.3 One-sided limits and infinite behavior
************************************************

LaTeX Warning: Hyper reference `sec-3-2-calculating-limits' on page 128 undefin
ed on input line 13677.


LaTeX Warning: Reference `sec-3-2-calculating-limits' on page 128 undefined on 
input line 13677.

************************************************
Subsection Left-hand and right-hand limits
************************************************

[128]
[129]
[130]
************************************************
Subsection Infinite limits and vertical asymptotes
************************************************

[131]
[132]
************************************************
Subsection Limits at infinity
************************************************

[133]
[134]
************************************************
Subsection Horizontal and slant asymptotes
************************************************

[135]
[136]
************************************************
Subsection A map of the new behaviors
************************************************

[137]
Overfull \hbox (7.55862pt too wide) detected at line 14695
[]
************************************************
Section 3.4 The precise definition of a limit
************************************************
************************************************
Subsection The epsilon challenge
************************************************

[138]
************************************************
Subsection Delta as a response
************************************************

[139]
************************************************
Subsection Why the point \(x=a\) is excluded
************************************************

[140]
************************************************
Subsection Proving simple limits
************************************************

[141]
[142]
[143]
************************************************
Subsection Why the definition matches the picture
************************************************

[144]
[145]
************************************************
Subsection One-sided versions of the precise definition
************************************************
************************************************
Subsection What the definition gives us
************************************************
************************************************
Section 3.5 Continuity
************************************************

[146]
************************************************
Subsection Continuity at a point
************************************************

[147]
************************************************
Subsection Holes and continuous extensions
************************************************

[148]
[149]
************************************************
Subsection Continuity on an interval
************************************************

[150]
************************************************
Subsection Algebra of continuous functions
************************************************

[151]
************************************************
Subsection Continuity of compositions
************************************************

[152]
[153]
[154]
[155]
[156]
************************************************
Subsection Three common discontinuities
************************************************

[157]
************************************************
Subsection A continuity checklist
************************************************
************************************************
Section 3.6 Two theorems about continuous functions
************************************************

[158]
************************************************
Subsection Intermediate values
************************************************

[159]
************************************************
Subsection Bisection as a constructive proof idea
************************************************

[160]
[161]
************************************************
Subsection Why continuity is required
************************************************

[162]
************************************************
Subsection Highest and lowest values
************************************************

[163]
************************************************
Subsection Why closed and bounded intervals matter
************************************************

[164]
Overfull \hbox (5.16501pt too wide) detected at line 17507
[]
************************************************
Subsection Why these two theorems matter
************************************************

[165]
************************************************
Section 3.7 Warning examples
************************************************
************************************************
Subsection A function with no limit at a jump
************************************************

[166]
************************************************
Subsection A limit that is infinite, not finite
************************************************

[167]
************************************************
Subsection The Intermediate Value Theorem fails without continuity
************************************************

[168]
************************************************
Subsection The Extreme Value Theorem fails on an open interval
************************************************

[169]
************************************************
Subsection The Extreme Value Theorem fails on an unbounded interval
************************************************

[170]
************************************************
Subsection A map of the warnings
************************************************
************************************************
Section 3.8 Sequences as limits indexed by whole numbers
************************************************

[171]
************************************************
Subsection Sequence notation
************************************************

[172]
************************************************
Subsection Convergence and divergence
************************************************

[173]
[174]
************************************************
Subsection Monotone bounded sequences
************************************************

[175]
[176]
[177]
************************************************
Subsection Bisection as a sequence
************************************************

Overfull \hbox (2.17001pt too wide) in paragraph at lines 18883--18884
\TU/lmr/m/n/10 The bisection method from the Intermediate Value Theorem produce
s sequences

[178]
************************************************
Subsection Sequences as preparation for infinite series
************************************************

[179]
************************************************
Section 3.9 Chapter review and discovery problems
************************************************

[180]
************************************************
Subsection The chapter in one picture
************************************************
************************************************
Subsection A decision guide for limits and continuity
************************************************

[181]

LaTeX Warning: Hyper reference `sec-3-7-warning-examples' on page 182 undefined
 on input line 19255.


LaTeX Warning: Reference `sec-3-7-warning-examples' on page 182 undefined on in
put line 19255.

************************************************
Subsection Review problems
************************************************

[182]
[183]

LaTeX Warning: Hyper reference `fig-chapter3-graph-reading-review' on page 184 
undefined on input line 19498.


LaTeX Warning: Reference `fig-chapter3-graph-reading-review' on page 184 undefi
ned on input line 19498.


[184]
[185]
[186]
[187]
************************************************
Subsection Project: bisection method for a root
************************************************

[188]
[189]
************************************************
Subsection Discovery problems: secant slopes becoming tangent slopes
************************************************

Overfull \hbox (2.64201pt too wide) in paragraph at lines 19977--19977
|\TU/lmr/bx/n/12 Discovery problems: secant slopes becoming tangent slopes| 

[190]
[191]
************************************************
Subsection End-of-chapter hook
************************************************
************************************************
Chapter 4 The Derivative
************************************************

[192]
Chapter 4.
************************************************
Section 4.1 Average rate of change
************************************************
************************************************
Subsection Secant slope
************************************************

[193]
[194]
************************************************
Subsection Average velocity
************************************************

LaTeX Warning: Hyper reference `sec-4-2-instantaneous-rate-of-change' on page 1
95 undefined on input line 20462.


LaTeX Warning: Reference `sec-4-2-instantaneous-rate-of-change' on page 195 und
efined on input line 20462.


[195]
Overfull \hbox (1.2554pt too wide) in paragraph at lines 20465--20466
[] []\TU/lmr/bx/n/10 Displacement, not distance traveled.[] \TU/lmr/m/n/10 Aver
age velocity uses signed change
************************************************
Subsection Average rate from data
************************************************

[196]
************************************************
Subsection Units of a rate
************************************************

[197]
************************************************
Section 4.2 Instantaneous rate of change
************************************************
************************************************
Subsection Shrinking the time interval
************************************************

[198]
************************************************
Subsection The derivative at a point
************************************************

[199]
[200]
************************************************
Subsection Tangent slope
************************************************

[201]
[202]
************************************************
Subsection The derivative as a limit
************************************************

[203]
************************************************
Section 4.3 The derivative as a function
************************************************

LaTeX Warning: Hyper reference `sec-4-2-instantaneous-rate-of-change' on page 2
04 undefined on input line 21359.


LaTeX Warning: Reference `sec-4-2-instantaneous-rate-of-change' on page 204 und
efined on input line 21359.


[204]
************************************************
Subsection From one tangent slope to many
************************************************

[205]
[206]
************************************************
Subsection Notations for the derivative
************************************************

[207]
[208]
************************************************
Subsection Reading \(f'\) from the graph of \(f\)
************************************************

[209]
************************************************
Subsection Reading \(f\) from the graph of \(f'\)
************************************************

[210]
************************************************
Section 4.4 Local linear approximation
************************************************
************************************************
Subsection The tangent line as a local model
************************************************

[211]
[212]
************************************************
Subsection The formula \(f(a+h)\approx f(a)+f'(a)h\)
************************************************

[213]
************************************************
Subsection Why differentiability means local linearity
************************************************

[214]
[215]
************************************************
Subsection Differentials
************************************************

[216]
************************************************
Subsection Sensitivity and propagated error
************************************************

[217]
[218]
************************************************
Section 4.5 Differentiability and continuity
************************************************
************************************************
Subsection Differentiability implies continuity
************************************************

[219]
[220]
************************************************
Subsection Why the converse is false
************************************************

[221]
************************************************
Subsection Corners, cusps, vertical tangents, and jumps
************************************************

[222]
[223]
************************************************
Subsection The absolute value as the first warning example
************************************************

[224]
************************************************
Subsection A note about endpoints
************************************************
************************************************
Section 4.6 First derivative formulas
************************************************

[225]
************************************************
Subsection Constant and identity functions
************************************************

[226]
************************************************
Subsection Power functions with positive integer powers
************************************************

[227]
[228]
************************************************
Subsection A polynomial example
************************************************
************************************************
Subsection Constant multiples and sums
************************************************

Underfull \hbox (badness 10000) in paragraph at lines 24245--24253


[229]
************************************************
Subsection The polynomial rule
************************************************

[230]
[231]
************************************************
Subsection Derivative notation in formulas
************************************************

[232]
************************************************
Subsection What we have proved so far
************************************************
************************************************
Subsection What these formulas do not yet cover
************************************************
************************************************
Section 4.7 Motion revisited
************************************************

[233]
************************************************
Subsection Position, velocity, and acceleration
************************************************

[234]
[235]
************************************************
Subsection Speed versus velocity
************************************************

[236]
[237]
************************************************
Subsection Falling under constant acceleration
************************************************

[238]
[239]
[240]
************************************************
Subsection Units and signs in motion problems
************************************************

[241]
[242]
[243]
************************************************
Section 4.8 Warning examples
************************************************
************************************************
Subsection A continuous function with no derivative at one point
************************************************

[244]
************************************************
Subsection Optional: a derivative that exists but is not continuous
************************************************

[245]
[246]
[247]
************************************************
Subsection A graphing calculator can miss a sharp corner
************************************************

[248]
************************************************
Section 4.9 Chapter review and discovery problems
************************************************

[249]
************************************************
Subsection Skills: derivative from definition
************************************************

[250]
[251]
[252]
[253]
************************************************
Subsection Concept check: tangent line versus secant line
************************************************

[254]
************************************************
Subsection Project: estimating velocity from noisy position data
************************************************

[255]
[256]
************************************************
Subsection Hook: why the definition is not enough
************************************************

[257]
************************************************
Chapter 5 Differentiation Rules and Elementary Functions
************************************************

[258]
Chapter 5.
************************************************
Section 5.1 The algebra of derivatives
************************************************
************************************************
Subsection Scaling a changing quantity
************************************************

[259]
************************************************
Subsection Constants disappear
************************************************

[260]
************************************************
Subsection Adding changing quantities
************************************************

[261]
************************************************
Subsection Linearity of the derivative
************************************************

[262]
************************************************
Subsection Derivatives of polynomials
************************************************

[263]
************************************************
Subsection Why these rules are not enough
************************************************

[264]
************************************************
Section 5.2 Product and quotient rules
************************************************
************************************************
Subsection Why the product rule has two terms
************************************************

[265]
************************************************
Subsection Product rule from changing area
************************************************

[266]
[267]
************************************************
Subsection Using the product rule
************************************************

[268]
[269]
************************************************
Subsection The reciprocal rule
************************************************

[270]
[271]
************************************************
Subsection The quotient rule
************************************************

[272]
************************************************
Subsection When a denominator erases a point
************************************************

[273]
************************************************
Subsection The rules so far
************************************************

[274]
************************************************
Section 5.3 The chain rule
************************************************
************************************************
Subsection A temperature that changes because position changes
************************************************

[275]
************************************************
Subsection Composition as change inside change
************************************************

[276]
************************************************
Subsection The chain rule formula
************************************************

[277]
[278]
[279]
************************************************
Subsection Why the chain rule is true
************************************************

[280]
************************************************
Subsection Why the hypotheses are there
************************************************

[281]
************************************************
Subsection Tree diagrams for nested functions
************************************************

[282]
************************************************
Subsection The order of composition matters
************************************************

[283]
************************************************
Subsection Chain rule in differential notation
************************************************

[284]
************************************************
Section 5.4 Implicit differentiation
************************************************
************************************************
Subsection Curves not solved for \(y\)
************************************************

[285]
[286]
************************************************
Subsection Differentiating both sides
************************************************

[287]
[288]
************************************************
Subsection The chain rule is doing the hidden work
************************************************

[289]
************************************************
Subsection When the method warns us
************************************************

[290]
************************************************
Subsection Higher derivatives implicitly
************************************************

[291]
[292]
************************************************
Subsection What implicit differentiation gives us
************************************************

[293]
************************************************
Section 5.5 Derivatives of trigonometric functions
************************************************
************************************************
Subsection Radians and the limit \(\sin h/h\to 1\)
************************************************

[294]

LaTeX Warning: Hyper reference `fig-sin-h-over-h-geometry' on page 295 undefine
d on input line 31257.


LaTeX Warning: Reference `fig-sin-h-over-h-geometry' on page 295 undefined on i
nput line 31257.


[295]
************************************************
Subsection The derivative of sine
************************************************

[296]
[297]
************************************************
Subsection The derivative of cosine
************************************************

[298]
[299]
************************************************
Subsection Tangent, secant, cosecant, and cotangent
************************************************

[300]
[301]
************************************************
Subsection Why radians are required
************************************************
************************************************
Subsection A preview of simple harmonic motion
************************************************

[302]
[303]
************************************************
Section 5.6 Derivatives of exponential and logarithmic functions
************************************************
************************************************
Subsection Exponential growth as a rate law
************************************************

[304]
************************************************
Subsection The special base \(e\)
************************************************

[305]
************************************************
Subsection The derivative of \(e^{u(x)}\)
************************************************

[306]
************************************************
Subsection The derivative of \(a^x\)
************************************************

[307]
[308]
************************************************
Subsection The derivative of \(\ln x\)
************************************************

[309]
[310]
[311]
************************************************
Subsection Logarithms with other bases
************************************************
************************************************
Subsection Logarithmic differentiation
************************************************

[312]
[313]
[314]
************************************************
Subsection The derivative table so far
************************************************
************************************************
Section 5.7 Inverse functions and inverse trigonometric functions
************************************************
************************************************
Subsection The derivative of an inverse function
************************************************

[315]
[316]
[317]
[318]
************************************************
Subsection Why the nonzero derivative matters
************************************************

[319]
************************************************
Subsection Inverse trigonometric functions
************************************************

[320]
[321]
************************************************
Subsection The derivative of \(\arcsin x\)
************************************************

[322]
************************************************
Subsection The derivatives of \(\arccos x\) and \(\arctan x\)
************************************************

[323]
[324]
************************************************
Subsection A table of inverse trigonometric derivatives
************************************************

Overfull \hbox (6.15001pt too wide) in paragraph at lines 34524--34525
[]\TU/lmr/m/n/10 The remaining inverse trigonometric derivatives follow from th
e same method.

[325]
************************************************
Subsection Inverse trigonometric derivatives as an integration preview
************************************************

Overfull \hbox (0.95001pt too wide) in paragraph at lines 34538--34546
\TU/lmr/m/n/10 the branch choices and the sign of the trigonometric functions o
n those branches.

Underfull \hbox (badness 10000) in paragraph at lines 34538--34546


[326]
************************************************
Section 5.8 General power rule and hyperbolic functions
************************************************
************************************************
Subsection The derivative of \(x^r\)
************************************************

[327]
[328]
************************************************
Subsection Hyperbolic sine and cosine
************************************************

[329]
[330]
[331]
************************************************
Subsection Hyperbolic identities
************************************************

[332]
************************************************
Subsection Hyperbolic tangent and its derivative
************************************************

[333]
[334]
************************************************
Subsection Why hyperbolic functions appear in hanging cables
************************************************

[335]
************************************************
Subsection The derivative table at the end of Chapter 5
************************************************

[336]
************************************************
Section 5.9 Warning examples
************************************************
************************************************
Subsection The product rule is not \((fg)'=f'g'\)
************************************************

[337]
[338]
[339]
************************************************
Subsection The chain rule needs the order of composition
************************************************

[340]
************************************************
Subsection An inverse can fail to be differentiable
************************************************

[341]
[342]
************************************************
Subsection A rule checklist
************************************************
************************************************
Section 5.10 Chapter review and discovery problems
************************************************

[343]
************************************************
Subsection Chapter map
************************************************
************************************************
Subsection Derivative table
************************************************

[344]
************************************************
Subsection Worked mixed examples
************************************************

[345]
[346]
************************************************
Subsection Skills: mixed derivative calculations
************************************************

[347]
[348]
************************************************
Subsection Implicit differentiation practice
************************************************

[349]
************************************************
Subsection Concept check
************************************************
************************************************
Subsection True or false
************************************************

[350]
************************************************
Subsection Proof practice
************************************************

[351]
[352]
************************************************
Subsection Project: derivative formulas from numerical experiments
************************************************

[353]
[354]
************************************************
Subsection Discovery problems
************************************************

[355]
[356]
************************************************
Subsection Where the chapter points next
************************************************

[357]
************************************************
Part III What Derivatives Reveal
************************************************

[358]
[359]
************************************************
Chapter 6 Shape, Extremes, and the Mean Value Theorem
************************************************
Chapter 6.
************************************************
Section 6.1 Increasing and decreasing functions
************************************************
************************************************
Subsection Reading motion from the sign of velocity
************************************************

[360]
************************************************
Subsection Increasing and decreasing functions
************************************************

[361]
************************************************
Subsection The first derivative sign rule
************************************************

LaTeX Warning: Hyper reference `sec-6-3-rolle-s-theorem-and-the-mean-value-theo
rem' on page 362 undefined on input line 38148.


LaTeX Warning: Reference `sec-6-3-rolle-s-theorem-and-the-mean-value-theorem' o
n page 362 undefined on input line 38148.


[362]
************************************************
Subsection First derivative sign charts
************************************************

[363]
************************************************
Subsection Critical numbers
************************************************

[364]
************************************************
Section 6.2 Local and absolute extrema
************************************************
************************************************
Subsection Local maximum and local minimum
************************************************

[365]
************************************************
Subsection Fermat’s theorem
************************************************

[366]
************************************************
Subsection Why Fermat’s hypotheses matter
************************************************

[367]
************************************************
Subsection The first derivative test
************************************************

[368]
************************************************
Subsection Absolute extrema and the closed interval method
************************************************

[369]
************************************************
Subsection The closed interval method
************************************************

[370]
************************************************
Subsection Where this points
************************************************

[371]
************************************************
Section 6.3 Rolle’s Theorem and the Mean Value Theorem
************************************************

LaTeX Warning: Hyper reference `sec-6-2-local-and-absolute-extrema' on page 372
 undefined on input line 39097.


LaTeX Warning: Reference `sec-6-2-local-and-absolute-extrema' on page 372 undef
ined on input line 39097.

************************************************
Subsection A road trip with average velocity
************************************************

[372]

LaTeX Warning: Hyper reference `fig-mvt-parabola' on page 373 undefined on inpu
t line 39202.


LaTeX Warning: Reference `fig-mvt-parabola' on page 373 undefined on input line
 39202.


[373]
************************************************
Subsection Rolle’s Theorem
************************************************

[374]
************************************************
Subsection Why Rolle’s hypotheses matter
************************************************
************************************************
Subsection The Mean Value Theorem
************************************************

[375]
[376]
************************************************
Subsection Why the Mean Value Theorem hypotheses matter
************************************************

[377]
************************************************
Subsection Consequences of the Mean Value Theorem
************************************************

[378]
************************************************
Subsection The first derivative sign rule, proved
************************************************

LaTeX Warning: Hyper reference `subsec-first-derivative-sign-rule' on page 379 
undefined on input line 39870.


[379]
************************************************
Subsection A useful bound from derivatives
************************************************
************************************************
Subsection Where this points
************************************************

[380]
************************************************
Section 6.4 Concavity and second derivatives
************************************************
************************************************
Subsection Velocity changing: acceleration
************************************************

[381]
************************************************
Subsection Concave up and concave down
************************************************

[382]
************************************************
Subsection A sign chart for the second derivative
************************************************

[383]
************************************************
Subsection Inflection points
************************************************

[384]
************************************************
Subsection The second derivative test
************************************************

[385]
[386]
************************************************
Subsection When the second derivative test is inconclusive
************************************************

[387]
************************************************
Subsection Where this points
************************************************
************************************************
Section 6.5 Graph sketching with calculus
************************************************
************************************************
Subsection Sign charts for \(f'\) and \(f''\)
************************************************

[388]
[389]
************************************************
Subsection Asymptotes and end behavior
************************************************

[390]
[391]
************************************************
Subsection A complete curve-sketching workflow
************************************************

[392]
[393]
[394]
[395]
************************************************
Subsection When technology helps and when it misleads
************************************************

[396]
[397]
************************************************
Subsection Where this points
************************************************
************************************************
Section 6.6 Indeterminate forms and l’Hospital’s Rule
************************************************
************************************************
Subsection The forms \(0/0\) and \(\infty /\infty \)
************************************************

[398]
************************************************
Subsection Why derivatives can reveal a limiting ratio
************************************************

[399]
************************************************
Subsection l’Hospital’s Rule
************************************************

[400]
[401]
************************************************
Subsection Idea of the proof
************************************************

[402]
************************************************
Subsection Other indeterminate forms
************************************************

[403]
[404]
[405]
************************************************
Subsection Comparing growth rates
************************************************
************************************************
Subsection When l’Hospital’s Rule cannot be used
************************************************

[406]
[407]
************************************************
Subsection Where this points
************************************************
************************************************
Section 6.7 Warning examples
************************************************
************************************************
Subsection Fermat’s theorem fails at an endpoint
************************************************

[408]
************************************************
Subsection The Mean Value Theorem fails without continuity
************************************************

[409]
************************************************
Subsection The Mean Value Theorem fails without differentiability
************************************************

[410]
************************************************
Subsection The second derivative test can be inconclusive
************************************************

[411]
[412]
************************************************
Subsection l’Hospital’s Rule cannot be used on every quotient
************************************************

[413]
************************************************
Subsection A theorem-use checklist
************************************************

[414]
************************************************
Section 6.8 Chapter review and discovery problems
************************************************
************************************************
Subsection The chapter’s map
************************************************

[415]
************************************************
Subsection A complete review example
************************************************

[416]
************************************************
Subsection Concept checks
************************************************

[417]
************************************************
Subsection Skills: graph from derivatives
************************************************

[418]
************************************************
Subsection Extrema and closed interval practice
************************************************

[419]
************************************************
Subsection Mean Value Theorem practice
************************************************

[420]
************************************************
Subsection Proof practice with the Mean Value Theorem
************************************************

[421]
************************************************
Subsection l’Hospital’s Rule practice
************************************************

[422]
************************************************
Subsection Counterexample problems
************************************************

[423]
************************************************
Subsection Project: reconstruct a trip from acceleration data
************************************************

[424]
[425]
************************************************
Subsection Discovery problems
************************************************

[426]
************************************************
Subsection Where this points
************************************************
************************************************
Chapter 7 Optimization, Related Rates, and Models
************************************************

[427]
Chapter 7.
************************************************
Section 7.1 Related rates
************************************************
************************************************
Subsection Quantities changing together
************************************************

[428]
[429]
************************************************
Subsection Differentiating a relation with respect to time
************************************************

[430]
************************************************
Subsection Geometry problems: ladders, shadows, cones
************************************************

[431]
[432]
[433]
[434]
************************************************
Subsection Units as a guardrail
************************************************

[435]
Overfull \hbox (5.36pt too wide) detected at line 45583
[]

[436]
************************************************
Section 7.2 Optimization problems
************************************************
************************************************
Subsection Translating a word problem into a function
************************************************

[437]
[438]
************************************************
Subsection Constraints in one variable
************************************************

[439]
************************************************
Subsection Geometry: boxes, fences, cans, and light paths
************************************************

[440]
[441]
[442]
[443]
************************************************
Subsection Endpoint checks and physical feasibility
************************************************

[444]
************************************************
Section 7.3 Linear approximation in applications
************************************************

[445]
************************************************
Subsection Estimating hard numbers quickly
************************************************

[446]
[447]
************************************************
Subsection Error propagation
************************************************

[448]
[449]
************************************************
Subsection Relative and percentage error
************************************************

[450]
[451]
************************************************
Subsection Sensitivity in measurement
************************************************

[452]
[453]
************************************************
Section 7.4 Newton’s method
************************************************
************************************************
Subsection Tangent lines as root finders
************************************************

[454]
[455]
************************************************
Subsection The iteration formula
************************************************

[456]
[457]
************************************************
Subsection Convergence when the starting point is good
************************************************

[458]
************************************************
Subsection Failure modes: cycles and bad tangents
************************************************

[459]
[460]
************************************************
Subsection How to use Newton’s method safely
************************************************

[461]
************************************************
Section 7.5 Exponential growth and decay
************************************************
************************************************
Subsection Assume the initial amount \(y_0>0\) in growth, decay, doubling-time,
 and half-life models. The differential equation \(y'=ky\)
************************************************

Overfull \hbox (5.2995pt too wide) in paragraph at lines 48270--48270
|\TU/lmr/bx/n/12 Assume the initial amount $\OML/cmm/m/it/12 y[] > \OT1/cmr/m/n
/12 0$ \TU/lmr/bx/n/12 in growth, decay, doubling-

[462]
[463]
[464]
************************************************
Subsection Half-life and doubling time
************************************************

[465]
[466]
************************************************
Subsection Continuously compounded interest
************************************************

[467]
************************************************
Subsection Newton’s law of cooling
************************************************

[468]
[469]
************************************************
Subsection What exponential models assume
************************************************

[470]
************************************************
Section 7.6 Logistic growth and limited resources
************************************************

[471]
************************************************
Subsection Why pure exponential growth cannot last
************************************************

[472]
************************************************
Subsection The logistic differential equation
************************************************
************************************************
Subsection Equilibria and stability from a graph
************************************************

[473]
[474]
************************************************
Subsection The logistic formula
************************************************

[475]
[476]
[477]
************************************************
Subsection Population and spread models
************************************************

[478]
************************************************
Subsection What logistic models assume
************************************************

[479]
************************************************
Section 7.7 Light, time, and extremal principles
************************************************
************************************************
Subsection Reflection from shortest path
************************************************

[480]
[481]
************************************************
Subsection Refraction and Snell’s law
************************************************

[482]
[483]
[484]
************************************************
Subsection The seed of the calculus of variations
************************************************

[485]
************************************************
Section 7.8 Warning examples
************************************************
************************************************
Subsection A critical point outside the physical domain
************************************************

[486]
[487]
************************************************
Subsection A local maximum that is not the absolute maximum
************************************************

[488]
************************************************
Subsection Newton’s method can find the wrong root
************************************************

[489]
************************************************
Subsection Newton’s method may not converge
************************************************

[490]
************************************************
Subsection The common lesson
************************************************
************************************************
Section 7.9 Chapter review and applications
************************************************

[491]
************************************************
Subsection The chapter in one map
************************************************

[492]
************************************************
Subsection Formulas to remember
************************************************
************************************************
Subsection Skills: related rates and optimization
************************************************

[493]
************************************************
Subsection Review problems
************************************************

[494]
[495]
************************************************
Subsection Project: design a least-material container
************************************************

[496]
[497]

LaTeX Warning: Hyper reference `subsec-geometry-optimization' on page 498 undef
ined on input line 51876.


[498]
************************************************
Subsection Project: model cooling data
************************************************

[499]
[500]
[501]
************************************************
Subsection Concept checks
************************************************

[502]
************************************************
Subsection Where this points
************************************************
************************************************
Part IV Integrals and the Fundamental Theorem
************************************************

[503]
[504]
************************************************
Chapter 8 The Integral as Accumulation
************************************************
Chapter 8.
************************************************
Section 8.1 Distance from velocity
************************************************

[505]
************************************************
Subsection Constant velocity revisited
************************************************

[506]
************************************************
Subsection Piecewise constant velocity
************************************************

[507]
[508]
************************************************
Subsection Estimating distance from sampled speeds
************************************************

[509]
************************************************
Subsection Signed displacement versus total distance
************************************************

[510]
[511]
************************************************
Section 8.2 Area under a graph
************************************************
************************************************
Subsection Rectangular estimates
************************************************

[512]
************************************************
Subsection Left, right, and midpoint sums
************************************************

[513]
************************************************
Subsection Upper and lower sums
************************************************

[514]
[515]
************************************************
Subsection Area as a limiting process
************************************************

[516]
[517]
************************************************
Section 8.3 Sigma notation and finite sums
************************************************

[518]
************************************************
Subsection Summation notation
************************************************

[519]
************************************************
Subsection Sigma notation for rectangular sums
************************************************

[520]
[521]
************************************************
Subsection Arithmetic sums
************************************************

[522]
************************************************
Subsection Basic rules for finite sums
************************************************

[523]
************************************************
Subsection Geometric sums
************************************************

[524]
************************************************
Subsection Sums of powers
************************************************

[525]
[526]
************************************************
Subsection From finite sums to integrals
************************************************

[527]
[528]
************************************************
Section 8.4 The definite integral
************************************************
************************************************
Subsection Partitions and sample points
************************************************

[529]
[530]
************************************************
Subsection Riemann sums
************************************************

[531]
************************************************
Subsection Definition of the definite integral
************************************************

[532]
************************************************
Subsection Equal-width Riemann sums
************************************************

[533]
************************************************
Subsection Computing an integral from the definition
************************************************

[534]
************************************************
Subsection Why the sample point should not matter
************************************************

[535]
************************************************
Subsection Integrability, informally first
************************************************

[536]
************************************************
Section 8.5 Signed area and net change
************************************************

[537]
************************************************
Subsection Area above the axis
************************************************
************************************************
Subsection Area below the axis
************************************************

[538]
************************************************
Subsection A graph with both signs
************************************************

[539]
************************************************
Subsection Cancellation and meaning
************************************************
************************************************
Subsection Velocity: displacement versus distance traveled
************************************************

[540]
************************************************
Subsection Total accumulation from absolute value
************************************************

[541]
[542]
************************************************
Section 8.6 Properties of the integral
************************************************
************************************************
Subsection Linearity
************************************************

[543]
************************************************
Subsection Additivity over intervals
************************************************

[544]
************************************************
Subsection Orientation of the interval
************************************************

[545]
************************************************
Subsection Order properties
************************************************

[546]
************************************************
Subsection Net change is no larger than total change
************************************************

[547]
************************************************
Subsection Average value of a function
************************************************

[548]
************************************************
Subsection The average value is really attained when \(f\) is continuous
************************************************

[549]
************************************************
Subsection Symmetry
************************************************

[550]
************************************************
Subsection Where the properties come from
************************************************

[551]
************************************************
Section 8.7 Existence of integrals
************************************************
************************************************
Subsection The upper-lower test
************************************************

[552]
[553]
************************************************
Subsection Continuous functions are integrable
************************************************

[554]
[555]
************************************************
Subsection Monotone functions are integrable
************************************************

[556]
************************************************
Subsection Functions with finitely many jump discontinuities
************************************************

[557]
[558]
************************************************
Subsection A bounded function that is not Riemann integrable
************************************************

[559]
************************************************
Section 8.8 Chapter review and discovery problems
************************************************

[560]
************************************************
Subsection Skills: set up Riemann sums
************************************************

[561]
[562]
[563]
************************************************
Subsection Project: estimate energy use from power data
************************************************

[564]
************************************************
Subsection Computing: compare left, right, midpoint, and trapezoid estimates
************************************************

[565]
[566]
[567]
************************************************
Subsection Hook: an accumulation function has a slope
************************************************

[568]
************************************************
Chapter 9 The Fundamental Theorem of Calculus
************************************************

[569]
Chapter 9.

LaTeX Warning: Hyper reference `ch08-the-integral-as-accumulation' on page 570 
undefined on input line 58974.


LaTeX Warning: Reference `ch08-the-integral-as-accumulation' on page 570 undefi
ned on input line 58974.

************************************************
Section 9.1 Accumulation functions
************************************************
************************************************
Subsection Area with a moving endpoint
************************************************

[570]
************************************************
Subsection \(A(x)=\DOTSI \intop \ilimits@ _a^x f(t)\,dt\)
************************************************

[571]
[572]
************************************************
Subsection Estimating the change in an accumulation function
************************************************

[573]
************************************************
Subsection The slope of accumulated area
************************************************

[574]
************************************************
Section 9.2 Fundamental Theorem, Part I
************************************************
************************************************
Subsection The derivative of an accumulation function
************************************************
************************************************
Subsection Continuity as the needed hypothesis
************************************************

[575]
[576]
************************************************
Subsection Geometric proof idea
************************************************
************************************************
Subsection Proof of Part I
************************************************

[577]
************************************************
Subsection Examples with variable upper limits
************************************************

[578]
[579]
************************************************
Subsection What Part I gives us
************************************************

[580]
************************************************
Section 9.3 Fundamental Theorem, Part II
************************************************

[581]
************************************************
Subsection Antiderivatives evaluate definite integrals
************************************************

[582]
************************************************
Subsection The statement of Part II
************************************************

[583]
************************************************
Subsection Proof of Part II
************************************************

[584]
************************************************
Subsection Why the interval hypothesis matters
************************************************

[585]
************************************************
Subsection The net change theorem
************************************************

[586]
************************************************
Subsection Position from velocity
************************************************

[587]
[588]
************************************************
Subsection Accumulated rate in science and economics
************************************************

[589]
[590]
************************************************
Section 9.4 Indefinite integrals
************************************************
************************************************
Subsection Antiderivative families
************************************************

[591]
[592]
************************************************
Subsection The constant of integration
************************************************

[593]
************************************************
Subsection Initial value problems
************************************************

[594]
[595]
************************************************
Subsection Basic antiderivative formulas
************************************************

[596]
[597]
************************************************
Subsection Linearity of indefinite integrals
************************************************

[598]
************************************************
Subsection When guessing is not enough
************************************************
************************************************
Section 9.5 Differential notation and oriented length
************************************************

[599]
************************************************
Subsection \(dx\) as an oriented step
************************************************

[600]
************************************************
Subsection \(f(x)\,dx\) as the thing being accumulated
************************************************

[601]
[602]
************************************************
Subsection Pulling an integrand through \(x=g(u)\)
************************************************

[603]
[604]
************************************************
Subsection The one-dimensional seed of differential forms
************************************************

[605]
[606]
************************************************
Subsection What the notation is allowed to do
************************************************
************************************************
Section 9.6 Warning examples
************************************************
************************************************
Subsection A discontinuity and the derivative of an accumulation function
************************************************

[607]
[608]
************************************************
Subsection Forgetting the new limits in substitution
************************************************

[609]
[610]
************************************************
Subsection Treating \(\DOTSI \intop \ilimits@ f(x)\,dx\) like multiplication
************************************************

[611]
[612]
************************************************
Subsection Confusing area with net signed area
************************************************

[613]
************************************************
Subsection What these warnings protect
************************************************

[614]
************************************************
Section 9.7 Chapter review and discovery problems
************************************************
************************************************
Subsection Chapter map
************************************************

[615]
************************************************
Subsection Skills: FTC and substitution
************************************************

[616]
[617]
[618]
[619]
[620]
************************************************
Subsection Concept checks
************************************************

[621]
************************************************
Subsection Warning checks
************************************************

[622]
************************************************
Subsection Proof practice: FTC Part I in a simple case
************************************************

[623]
[624]
************************************************
Subsection Project: reconstruct a function from its rate
************************************************

[625]
[626]
************************************************
Subsection Where this points
************************************************

[627]
************************************************
Part V Applications and Techniques of Integration
************************************************

[628]
[629]
************************************************
Chapter 10 What Integrals Measure
************************************************
Chapter 10.

LaTeX Warning: Hyper reference `ch08-the-integral-as-accumulation' on page 630 
undefined on input line 64879.


LaTeX Warning: Reference `ch08-the-integral-as-accumulation' on page 630 undefi
ned on input line 64879.

************************************************
Section 10.1 Area between curves
************************************************
************************************************
Subsection Top minus bottom
************************************************

[630]
[631]
************************************************
Subsection Why we cannot skip the picture
************************************************

[632]
************************************************
Subsection Right minus left
************************************************

[633]
[634]
************************************************
Subsection Splitting at intersections
************************************************

[635]
************************************************
Subsection Area from data and graphs
************************************************

[636]
************************************************
Section 10.2 Volumes by slicing
************************************************

[637]
************************************************
Subsection Cross-sectional area as a function
************************************************

[638]
************************************************
Subsection Solids of revolution: disks and washers
************************************************

[639]
[640]
[641]
************************************************
Subsection Non-circular cross sections
************************************************

[642]
************************************************
Subsection Choosing the slicing direction
************************************************

[643]
************************************************
Subsection A slicing checklist
************************************************
************************************************
Subsection Where this points
************************************************

[644]
************************************************
Section 10.3 Cylindrical shells
************************************************
************************************************
Subsection A thin shell unwrapped
************************************************

[645]
************************************************
Subsection The shell method formula
************************************************

[646]
[647]
************************************************
Subsection When shells beat washers
************************************************

[648]
************************************************
Subsection Comparing two methods on the same solid
************************************************

[649]
[650]
************************************************
Subsection Shells around a horizontal axis
************************************************

[651]
************************************************
Section 10.4 Mass, density, and center of mass
************************************************
************************************************
Subsection Linear density and mass of a rod
************************************************

[652]
************************************************
Subsection Moments
************************************************

[653]
************************************************
Subsection Center of mass on a line
************************************************

[654]
[655]
[656]
************************************************
Subsection Uniform density as a check
************************************************
************************************************
Subsection A lamina preview by slices
************************************************

[657]
[658]
[659]
************************************************
Subsection What center of mass is measuring
************************************************

[660]
************************************************
Section 10.5 Work and energy
************************************************
************************************************
Subsection Constant force and variable force
************************************************

[661]
Overfull \hbox (1.02002pt too wide) detected at line 68583
[]

[662]
Overfull \hbox (2.95862pt too wide) in paragraph at lines 68739--68740
[] []\TU/lmr/bx/n/10 Signed work.[] \TU/lmr/m/n/10 Work can be negative. For mo
tion in the increasing $\OML/cmm/m/it/10 x$\TU/lmr/m/n/10 -direction,

[663]
************************************************
Subsection Springs and Hooke’s law
************************************************

[664]
************************************************
Subsection Lifting a chain
************************************************

[665]
[666]
************************************************
Subsection Pumping fluid from a tank
************************************************

[667]
[668]
[669]
************************************************
Subsection Energy stored by work
************************************************

[670]
************************************************
Section 10.6 Hydrostatic force
************************************************
************************************************
Subsection Pressure depends on depth
************************************************

[671]
************************************************
Subsection Force on a vertical plate
************************************************

[672]
[673]
************************************************
Subsection Choosing strips
************************************************

[674]
[675]
************************************************
Subsection Dams and windows
************************************************

[676]
[677]
************************************************
Subsection What hydrostatic force is measuring
************************************************

[678]
************************************************
Section 10.7 Average value and probability
************************************************
************************************************
Subsection Average value of a continuous function
************************************************

[679]
[680]
[681]
************************************************
Subsection The average value theorem for integrals
************************************************

[682]
[683]
************************************************
Subsection Probability density
************************************************

[684]
[685]
************************************************
Subsection Expected value
************************************************

[686]
************************************************
Subsection Normal distribution as a preview of non-elementary integrals
************************************************

[687]
************************************************
Section 10.8 Arc length and surface area of revolution
************************************************

[688]
************************************************
Subsection Arc length from small straight pieces
************************************************

[689]
************************************************
Subsection Arc length of a graph
************************************************

[690]
[691]
************************************************
Subsection Surface area by rotating a curve
************************************************

[692]
[693]
************************************************
Subsection Cone surface area from the integral
************************************************

[694]
************************************************
Subsection Sphere surface area from the integral
************************************************

[695]
************************************************
Subsection Why some natural lengths have no elementary antiderivative
************************************************

[696]
************************************************
Section 10.9 Chapter review and applications
************************************************

[697]
************************************************
Subsection The chapter in one table
************************************************

[698]
************************************************
Subsection Skills: choose the small piece
************************************************
************************************************
Subsection A decision guide
************************************************

[699]
************************************************
Subsection One region, several different questions
************************************************

[700]
[701]
************************************************
Subsection Concept checks
************************************************

[702]
************************************************
Subsection Practice: set up the integral
************************************************

[703]
************************************************
Subsection Project: compare volume methods
************************************************

[704]
[705]
************************************************
Subsection Project: work needed to pump out a real tank shape
************************************************

[706]
************************************************
Subsection Where this points
************************************************
************************************************
Chapter 11 Techniques of Integration
************************************************

[707]
[708]
Chapter 11.

LaTeX Warning: Hyper reference `ch10-what-integrals-measure' on page 709 undefi
ned on input line 73291.


LaTeX Warning: Reference `ch10-what-integrals-measure' on page 709 undefined on
 input line 73291.

************************************************
Section 11.1 Integration by parts
************************************************
************************************************
Subsection Reversing the product rule
************************************************

[709]
[710]
************************************************
Subsection Choosing \(u\) and \(dv\)
************************************************

[711]
[712]
************************************************
Subsection Repeated integration by parts
************************************************

[713]
[714]
************************************************
Subsection Definite integrals and boundary terms
************************************************

[715]
************************************************
Section 11.2 Trigonometric integrals
************************************************

[716]
************************************************
Subsection Powers of sine and cosine
************************************************

[717]
[718]
************************************************
Subsection Powers of tangent and secant
************************************************

[719]
[720]
[721]
[722]
************************************************
Subsection Product-to-sum identities
************************************************

[723]
************************************************
Subsection Strategy over memorization
************************************************

[724]
************************************************
Section 11.3 Trigonometric substitution
************************************************

[725]
************************************************
Subsection Square roots from circles and triangles
************************************************

[726]
[727]
************************************************
Subsection \(a^2-x^2\), \(a^2+x^2\), and \(x^2-a^2\)
************************************************

Overfull \hbox (0.54114pt too wide) in paragraph at lines 75447--75493
\TU/lmr/m/n/10 For $\OML/cmm/m/it/10 a > \OT1/cmr/m/n/10 0$\TU/lmr/m/n/10 , the
 three common square-root patterns match the three Pythagorean

[728]

LaTeX Warning: Hyper reference `sec-11-2-trigonometric-integrals' on page 729 u
ndefined on input line 75652.


LaTeX Warning: Reference `sec-11-2-trigonometric-integrals' on page 729 undefin
ed on input line 75652.


[729]
[730]
************************************************
Subsection Returning to the original variable
************************************************

[731]
************************************************
Subsection Hyperbolic substitutions
************************************************

[732]
[733]
************************************************
Section 11.4 Rational functions and partial fractions
************************************************

[734]
************************************************
Subsection Polynomial division
************************************************

[735]
************************************************
Subsection Distinct linear factors
************************************************

[736]
[737]
************************************************
Subsection Repeated linear factors
************************************************

[738]
[739]
************************************************
Subsection Irreducible quadratic factors
************************************************

[740]
************************************************
Subsection Completing the square
************************************************

[741]
[742]
************************************************
Subsection The partial fractions pattern
************************************************

[743]
[744]
************************************************
Section 11.5 Strategy for integration
************************************************
************************************************
Subsection Recognizing the structure of an integrand
************************************************

[745]
[746]
[747]
************************************************
Subsection Substitution first or parts first?
************************************************

[748]
[749]
************************************************
Subsection Algebraic simplification
************************************************

[750]
[751]
************************************************
Subsection A practical decision tree
************************************************

[752]
[753]
[754]
************************************************
Subsection When no elementary antiderivative exists
************************************************

[755]
************************************************
Subsection Strategy summary
************************************************

[756]
************************************************
Section 11.6 Computer algebra systems and integral tables
************************************************
************************************************
Subsection Checking without surrendering thought
************************************************

[757]
[758]
************************************************
Subsection Equivalent antiderivatives can look different
************************************************

[759]
[760]
************************************************
Subsection Branch and domain issues
************************************************

[761]
[762]
************************************************
Subsection Integral tables
************************************************

[763]
************************************************
Subsection Special functions born from integrals
************************************************

[764]
[765]
************************************************
Subsection Definite integrals and symbolic answers
************************************************
************************************************
Subsection A responsible workflow with tools
************************************************

[766]
************************************************
Section 11.7 Improper integrals
************************************************
************************************************
Subsection Infinite intervals
************************************************

[767]
[768]
[769]
************************************************
Subsection Infinite discontinuities
************************************************

[770]
[771]
************************************************
Subsection Convergence and divergence
************************************************

[772]
[773]
************************************************
Subsection Comparison tests for improper integrals
************************************************

[774]
[775]
[776]
[777]
************************************************
Subsection The \(p\)-integrals
************************************************

[778]
[779]
************************************************
Section 11.8 Warning examples
************************************************
************************************************
Subsection An antiderivative exists formally but the improper integral diverges

************************************************

[780]
[781]
************************************************
Subsection Cancellation hides divergence
************************************************

[782]
************************************************
Subsection A CAS gives an antiderivative with the wrong domain
************************************************

[783]
************************************************
Subsection A trigonometric substitution triangle used outside its range
************************************************

Overfull \hbox (2.9705pt too wide) in paragraph at lines 81691--81691
|\TU/lmr/bx/n/12 A trigonometric substitution triangle used outside its range| 


[784]
[785]
************************************************
Section 11.9 Chapter review and discovery problems
************************************************

Overfull \hbox (0.68701pt too wide) in paragraph at lines 81915--81916
\TU/lmr/m/n/10 more demand: before evaluating, we must ask whether the accumula
ted amount

[786]
************************************************
Subsection The chapter in one map
************************************************

[787]
************************************************
Subsection Essential formulas and patterns
************************************************

[788]
[789]
************************************************
Subsection Concept check
************************************************

[790]
************************************************
Subsection Skills: choose the method
************************************************
************************************************
Subsection Mixed practice
************************************************

[791]
[792]
************************************************
Subsection Definite integrals
************************************************
************************************************
Subsection Improper integral practice
************************************************

[793]
************************************************
Subsection Warning review
************************************************

[794]
[795]
************************************************
Subsection Project: build an integration decision tree
************************************************
************************************************
Subsection Project: compare human and CAS antiderivatives
************************************************

[796]
************************************************
Subsection Challenge problems
************************************************

[797]
************************************************
Subsection Where this points
************************************************

[798]
************************************************
Chapter 12 Numerical Integration, Error, and Computation
************************************************

[799]
Chapter 12.
************************************************
Section 12.1 Why approximate integrals?
************************************************
************************************************
Subsection Data instead of formulas
************************************************

[800]
************************************************
Subsection Non-elementary antiderivatives
************************************************

[801]
************************************************
Subsection Speed versus accuracy
************************************************

[802]
************************************************
Subsection The role of error estimates
************************************************

[803]
************************************************
Section 12.2 Midpoint and trapezoidal rules
************************************************
************************************************
Subsection Geometry of the midpoint rule
************************************************

[804]
[805]
************************************************
Subsection Geometry of the trapezoidal rule
************************************************
************************************************
Subsection Composite rules
************************************************

[806]
************************************************
Subsection Example: approximating a non-elementary integral
************************************************

[807]
Overfull \hbox (0.72571pt too wide) in paragraph at lines 83873--83873
\OT1/cmr/m/n/10 1\OML/cmm/m/it/10 :\OT1/cmr/m/n/10 000000\OML/cmm/m/it/10 ;  f\
OT1/cmr/m/n/10 (0\OML/cmm/m/it/10 :\OT1/cmr/m/n/10 25) = 

Overfull \hbox (1.22571pt too wide) in paragraph at lines 83873--83873
\OT1/cmr/m/n/10 0\OML/cmm/m/it/10 :\OT1/cmr/m/n/10 939413\OML/cmm/m/it/10 ;  f\
OT1/cmr/m/n/10 (0\OML/cmm/m/it/10 :\OT1/cmr/m/n/10 50) = 

Overfull \hbox (1.22571pt too wide) in paragraph at lines 83873--83873
\OT1/cmr/m/n/10 0\OML/cmm/m/it/10 :\OT1/cmr/m/n/10 778801\OML/cmm/m/it/10 ;  f\
OT1/cmr/m/n/10 (0\OML/cmm/m/it/10 :\OT1/cmr/m/n/10 75) = 
************************************************
Subsection Error patterns from concavity
************************************************

[808]
[809]
[810]
************************************************
Subsection Error bounds
************************************************

LaTeX Warning: Hyper reference `subsec-newton-convergence-good-start' on page 8
11 undefined on input line 84239.


[811]
[812]
************************************************
Section 12.3 Simpson’s Rule
************************************************

[813]
************************************************
Subsection Quadratic approximation on pairs of intervals
************************************************

[814]
[815]
[816]
************************************************
Subsection Composite Simpson’s Rule
************************************************

[817]
************************************************
Subsection Example: Simpson’s Rule for \(\DOTSI \intop \ilimits@ _0^1 e^{-x^2}\
,dx\)
************************************************

[818]
************************************************
Subsection Why Simpson’s Rule is often much better
************************************************

[819]
************************************************
Subsection Simpson error bound
************************************************

[820]
[821]
[822]
************************************************
Section 12.4 Numerical differentiation
************************************************
************************************************
Subsection Forward, backward, and centered differences
************************************************

[823]
[824]
************************************************
Subsection Truncation error
************************************************

Overfull \hbox (4.10307pt too wide) detected at line 85659
\OML/cmm/m/it/10 f\OT1/cmr/m/n/10 (\OML/cmm/m/it/10 a \OT1/cmr/m/n/10 + \OML/cm
m/m/it/10 s\OT1/cmr/m/n/10 ) = \OML/cmm/m/it/10 f\OT1/cmr/m/n/10 (\OML/cmm/m/it
/10 a\OT1/cmr/m/n/10 ) + \OML/cmm/m/it/10 f[]\OT1/cmr/m/n/10 (\OML/cmm/m/it/10 
a\OT1/cmr/m/n/10 )\OML/cmm/m/it/10 s \OT1/cmr/m/n/10 + []\OML/cmm/m/it/10 f[]\O
T1/cmr/m/n/10 (\OML/cmm/m/it/10 a\OT1/cmr/m/n/10 )\OML/cmm/m/it/10 s[] \OT1/cmr
/m/n/10 + \OML/cmm/m/it/10 R[]\OT1/cmr/m/n/10 (\OML/cmm/m/it/10 s\OT1/cmr/m/n/1
0 )\OML/cmm/m/it/10 ;  R[]\OT1/cmr/m/n/10 (\OML/cmm/m/it/10 s\OT1/cmr/m/n/10 ) 
= [] [][](\OML/cmm/m/it/10 s \OMS/cmsy/m/n/10 ^^@ \OML/cmm/m/it/10 t\OT1/cmr/m/
n/10 )[]\OML/cmm/m/it/10 f[]\OT1/cmr/m/n/10 (\OML/cmm/m/it/10 a \OT1/cmr/m/n/10
 + \OML/cmm/m/it/10 t\OT1/cmr/m/n/10 ) \OML/cmm/m/it/10 dt:

[825]
************************************************
Subsection Roundoff error
************************************************

[826]
************************************************
Subsection Why smaller \(h\) is not always better
************************************************

[827]
************************************************
Subsection Data, endpoints, and one-sided differences
************************************************
************************************************
Subsection Warning example: a difference quotient may hide a corner
************************************************

[828]
[829]
************************************************
Subsection Where this points
************************************************
************************************************
Section 12.5 Newton’s method revisited
************************************************
************************************************
Subsection Stopping criteria
************************************************

[830]
[831]
************************************************
Subsection Error estimates
************************************************

[832]
************************************************
Subsection The Newton step as an error estimate
************************************************

[833]
************************************************
Subsection Multiple roots
************************************************

[834]
[835]
************************************************
Subsection A first glimpse of chaotic iteration
************************************************

[836]
[837]
************************************************
Subsection A safe Newton workflow
************************************************

[838]
************************************************
Section 12.6 Computing experiments
************************************************
************************************************
Subsection Experiment 1: approximate \(\pi \) by integration
************************************************

[839]
************************************************
Subsection Experiment 2: estimate a probability from a density
************************************************

[840]
[841]
************************************************
Subsection Experiment 3: compare rules on smooth and rough functions
************************************************

[842]
[843]
************************************************
Subsection Experiment 4: build a small numerical-integration program
************************************************

[844]

LaTeX Font Warning: Font shape `TS1/Inconsolatazi4-Regular.otf(0)/m/n' undefine
d
(Font)              using `TS1/cmr/m/n' instead
(Font)              for symbol `textquotesingle' on input line 87566.


[845]
************************************************
Subsection A final computational habit
************************************************

[846]
************************************************
Section 12.7 Chapter review and discovery problems
************************************************
************************************************
Subsection Chapter map
************************************************

[847]

Package tcolorbox Warning: Using nobreak failed. Try to enlarge `lines before b
reak' or set page breaks manually on input line 87859.

************************************************
Subsection Essential formulas
************************************************

[848]
[849]
************************************************
Subsection Common mistakes
************************************************

[850]

Package tcolorbox Warning: Using nobreak failed. Try to enlarge `lines before b
reak' or set page breaks manually on input line 88169.

************************************************
Subsection Skills: numerical rules and error bounds
************************************************

[851]
[852]
[853]

LaTeX Warning: Hyper reference `subsec-truncation-error' on page 854 undefined 
on input line 88407.


[854]
************************************************
Subsection Concept check: exact value versus approximation
************************************************

[855]
************************************************
Subsection Discovery problems
************************************************

[856]
[857]
[858]
************************************************
Part VI Differential Equations and Curves
************************************************

[859]
[860]
************************************************
Chapter 13 Differential Equations: Laws Written as Derivatives
************************************************
Chapter 13.
************************************************
Section 13.1 Modeling with differential equations
************************************************
************************************************
Subsection A law that gives a rate
************************************************

[861]
[862]
************************************************
Subsection Solution as an unknown function
************************************************

[863]
[864]
************************************************
Subsection Initial conditions
************************************************

[865]
************************************************
Subsection Checking a proposed solution
************************************************

[866]
[867]
************************************************
Section 13.2 Direction fields
************************************************
************************************************
Subsection Slope field as a picture of a differential equation
************************************************

[868]
************************************************
Subsection Equilibrium solutions
************************************************

[869]

LaTeX Warning: Hyper reference `fig-direction-field-one-minus-y' on page 870 un
defined on input line 89707.


LaTeX Warning: Reference `fig-direction-field-one-minus-y' on page 870 undefine
d on input line 89707.

************************************************
Subsection Qualitative behavior
************************************************

[870]
[871]
************************************************
Subsection Reading long-term behavior from the field
************************************************

[872]
************************************************
Section 13.3 Euler’s method
************************************************

[873]
************************************************
Subsection Following the slope field step by step
************************************************

[874]
[875]
************************************************
Subsection Step size and accumulated error
************************************************

[876]
************************************************
Subsection Improved Euler method
************************************************

[877]
[878]
************************************************
Subsection Numerical solutions as approximate functions
************************************************

[879]
************************************************
Section 13.4 Separable equations
************************************************
************************************************
Subsection Separating variables
************************************************

[880]
[881]
************************************************
Subsection Growth and decay revisited
************************************************

[882]
[883]
[884]
************************************************
Subsection Cooling and mixing
************************************************

[885]
[886]
************************************************
Subsection Implicit solutions
************************************************

[887]
[888]
[889]
************************************************
Section 13.5 Logistic and threshold models
************************************************
************************************************
Subsection Carrying capacity
************************************************

[890]
[891]
[892]
[893]
************************************************
Subsection Phase line
************************************************

[894]
[895]
[896]
************************************************
Subsection Stable and unstable equilibria
************************************************

[897]
[898]
************************************************
Subsection Harvesting and tipping points
************************************************

[899]
[900]
[901]
************************************************
Section 13.6 First-order linear equations
************************************************
************************************************
Subsection Standard form
************************************************

[902]
[903]
************************************************
Subsection Integrating factors
************************************************

[904]
[905]
************************************************
Subsection Mixing and finance examples
************************************************

[906]
[907]
[908]
[909]
************************************************
Subsection Why the integrating factor works
************************************************

[910]
[911]
[912]
************************************************
Section 13.7 Second-order equations and vibration
************************************************
************************************************
Subsection Simple harmonic motion
************************************************

[913]
[914]
************************************************
Subsection The equation \(y''+\omega ^2y=0\)
************************************************

[915]
[916]
[917]
************************************************
Subsection Damping
************************************************

[918]
[919]
************************************************
Subsection Driven oscillation and resonance
************************************************

[920]
[921]
************************************************
Section 13.8 Systems and interaction models
************************************************
************************************************
Subsection Two populations
************************************************

[922]
[923]
************************************************
Subsection Predator-prey equations as a picture
************************************************

[924]
[925]
[926]
************************************************
Subsection Why systems lead naturally to multivariable calculus
************************************************

[927]
[928]
************************************************
Section 13.9 Warning examples
************************************************

[929]
************************************************
Subsection A solution lost by dividing by zero
************************************************

[930]
[931]
************************************************
Subsection Euler’s method follows the wrong behavior with a large step
************************************************

[932]
[933]
************************************************
Subsection Same differential equation, different initial conditions
************************************************

[934]
[935]
************************************************
Subsection The three warnings together
************************************************

[936]
************************************************
Section 13.10 Chapter review and applications
************************************************
************************************************
Subsection Skills: solve and interpret first-order equations
************************************************

[937]
[938]
[939]
************************************************
Subsection Concept check
************************************************
************************************************
Subsection Skills practice
************************************************

[940]
[941]
************************************************
Subsection Interpretation and modeling practice
************************************************

[942]
************************************************
Subsection Project: model a cooling cup of coffee
************************************************

[943]
************************************************
Subsection Project: compare Euler approximations with exact solutions
************************************************

[944]
[945]
************************************************
Subsection A final map of the chapter
************************************************

[946]
************************************************
Chapter 14 Parametric Curves, Polar Coordinates, and Conics
************************************************

[947]
Chapter 14.
************************************************
Section 14.1 Parametric curves
************************************************
************************************************
Subsection A curve as a moving point
************************************************

[948]
[949]
************************************************
Subsection Eliminating the parameter when possible
************************************************

[950]
[951]
************************************************
Subsection What elimination forgets
************************************************

[952]
************************************************
Subsection Different parametrizations of the same curve
************************************************

[953]
************************************************
Subsection Orientation and speed along a curve
************************************************

[954]
************************************************
Section 14.2 Calculus with parametric curves
************************************************

[955]
************************************************
Subsection Slope \(dy/dx\) from \(dx/dt\) and \(dy/dt\)
************************************************

[956]
[957]
************************************************
Subsection Horizontal and vertical tangents
************************************************

[958]
[959]
[960]
************************************************
Subsection Concavity
************************************************

[961]
[962]
************************************************
Subsection Motion in the plane as a bridge to vectors
************************************************

[963]
[964]
************************************************
Subsection What comes next
************************************************

[965]
************************************************
Section 14.3 Length and area for parametric curves
************************************************
************************************************
Subsection Arc length from speed
************************************************

[966]
[967]
[968]
************************************************
Subsection Surface area from a parametrized curve of revolution
************************************************

[969]
[970]
************************************************
Subsection Area enclosed by a parametric curve
************************************************

[971]
[972]
[973]
************************************************
Subsection Cycloids and rolling motion
************************************************

[974]
[975]
************************************************
Section 14.4 Polar coordinates
************************************************

[976]
************************************************
Subsection Distance and angle as coordinates
************************************************

[977]
************************************************
Subsection Converting between polar and Cartesian coordinates
************************************************

LaTeX Warning: Hyper reference `fig-polar-coordinate-point' on page 978 undefin
ed on input line 101385.


LaTeX Warning: Reference `fig-polar-coordinate-point' on page 978 undefined on 
input line 101385.


[978]
[979]
[980]
************************************************
Subsection Polar graphs
************************************************

[981]
[982]
************************************************
Subsection Circles, spirals, roses, and limacons
************************************************

[983]
[984]
[985]
************************************************
Section 14.5 Calculus in polar coordinates
************************************************
************************************************
Subsection Slope of a polar curve
************************************************

[986]
[987]
[988]
[989]
************************************************
Subsection Area in polar coordinates
************************************************

[990]
[991]
[992]
[993]
************************************************
Subsection Arc length in polar coordinates
************************************************

[994]
[995]
[996]
************************************************
Subsection Intersections and repeated tracing
************************************************

[997]
[998]
[999]
************************************************
Section 14.6 Conic sections
************************************************
************************************************
Subsection Parabolas, ellipses, and hyperbolas from focus and directrix
************************************************

[1000]
[1001]
************************************************
Subsection Standard equations
************************************************

[1002]
[1003]
[1004]
************************************************
Subsection Polar equations of conics
************************************************

[1005]
[1006]
[1007]
[1008]
[1009]
************************************************
Subsection Eccentricity
************************************************

[1010]
************************************************
Section 14.7 Planetary motion as a capstone
************************************************
************************************************
Subsection Ellipses in polar form
************************************************

[1011]
[1012]
[1013]
************************************************
Subsection Kepler’s second law as swept area
************************************************

[1014]
[1015]
************************************************
Subsection Central force preview
************************************************

[1016]
************************************************
Subsection Why this belongs to multivariable calculus next
************************************************

[1017]
************************************************
Section 14.8 Complex numbers and polar form
************************************************
************************************************
Subsection Complex numbers as points in the plane
************************************************

[1018]
[1019]
************************************************
Subsection Multiplication as scaling and rotation
************************************************

[1020]
[1021]
************************************************
Subsection Euler’s formula preview
************************************************

[1022]
[1023]
************************************************
Subsection Oscillation written exponentially
************************************************

[1024]
[1025]
************************************************
Section 14.9 Warning examples
************************************************
************************************************
Subsection A parametrization stops even when the curve continues
************************************************

[1026]
[1027]
************************************************
Subsection A polar curve traced twice
************************************************

[1028]
************************************************
Subsection A tangent formula fails when both derivatives vanish
************************************************

[1029]
[1030]
************************************************
Subsection The chapter’s main cautions
************************************************

[1031]
************************************************
Section 14.10 Chapter review and projects
************************************************
************************************************
Subsection Chapter map
************************************************

[1032]
************************************************
Subsection Essential formulas
************************************************

[1033]
[1034]
************************************************
Subsection Skills: parametric and polar calculus
************************************************

[1035]
************************************************
Subsection Review problems
************************************************

[1036]
[1037]
************************************************
Subsection Project: design a cycloid animation
************************************************

[1038]
************************************************
Subsection Project: compare polar and Cartesian descriptions of conics
************************************************

[1039]
[1040]
************************************************
Subsection The bridge to infinite series
************************************************

Overfull \hbox (11.68002pt too wide) detected at line 108258
[]

[1041]
************************************************
Part VII Infinite Processes and Approximation by Polynomials
************************************************

[1042]
[1043]
************************************************
Chapter 15 Sequences and Infinite Series
************************************************
Chapter 15.
************************************************
Section 15.1 Sequences
************************************************

[1044]
************************************************
Subsection Lists with a rule
************************************************

[1045]
************************************************
Subsection Convergence and divergence
************************************************

[1046]
[1047]
[1048]
************************************************
Subsection Basic limit laws for sequences
************************************************

[1049]
************************************************
Subsection Monotone bounded sequences
************************************************

[1050]
[1051]

LaTeX Warning: Hyper reference `ch02-numbers-functions-and-models' on page 1052
 undefined on input line 109090.


LaTeX Warning: Reference `ch02-numbers-functions-and-models' on page 1052 undef
ined on input line 109090.


[1052]
************************************************
Subsection Recursive sequences and fixed points
************************************************

[1053]
[1054]
************************************************
Section 15.2 Infinite series
************************************************

[1055]
************************************************
Subsection Partial sums
************************************************

[1056]
************************************************
Subsection Series convergence as a sequence problem
************************************************

[1057]
************************************************
Subsection Geometric series
************************************************

[1058]
[1059]
[1060]
[1061]
************************************************
Subsection Telescoping series
************************************************

[1062]
[1063]
************************************************
Subsection What series add to calculus
************************************************

[1064]
************************************************
Section 15.3 The harmonic series and first warnings
************************************************
************************************************
Subsection Terms can go to zero while the series diverges
************************************************

[1065]
************************************************
Subsection A necessary condition for convergence
************************************************

[1066]
[1067]
************************************************
Subsection The harmonic series
************************************************
************************************************
Subsection Grouping terms to see divergence
************************************************

[1068]
************************************************
Section 15.4 Positive series tests
************************************************

[1069]
************************************************
Subsection Integral test
************************************************

[1070]
[1071]
[1072]
************************************************
Subsection Remainder estimates from the integral test
************************************************

[1073]
[1074]
************************************************
Subsection Direct comparison
************************************************

[1075]
[1076]
************************************************
Subsection Limit comparison
************************************************

[1077]
[1078]
[1079]
************************************************
Subsection \(p\)-series
************************************************

[1080]
[1081]
************************************************
Section 15.5 Alternating series
************************************************

[1082]
************************************************
Subsection A first alternating sum
************************************************
************************************************
Subsection Alternating Series Test
************************************************

[1083]
[1084]
[1085]
************************************************
Subsection Why the hypotheses matter
************************************************

[1086]
[1087]
************************************************
Subsection Alternating Series Estimation Theorem
************************************************

[1088]
[1089]
[1090]
************************************************
Subsection Conditional convergence
************************************************

[1091]
************************************************
Section 15.6 Absolute convergence and stronger tests
************************************************
************************************************
Subsection Absolute versus conditional convergence
************************************************

[1092]
[1093]
[1094]
************************************************
Subsection Ratio Test
************************************************

[1095]
[1096]
[1097]
************************************************
Subsection Root Test
************************************************

[1098]
[1099]
************************************************
Subsection Strategy for testing series
************************************************

[1100]
[1101]
[1102]
************************************************
Subsection Where this leads
************************************************

[1103]
************************************************
Section 15.7 Rearrangement and the danger of infinity
************************************************
************************************************
Subsection Finite sums can be rearranged freely
************************************************

[1104]
************************************************
Subsection A rearranged alternating harmonic series
************************************************

[1105]
************************************************
Subsection Why conditional convergence is fragile
************************************************

[1106]
************************************************
Subsection The Riemann rearrangement idea
************************************************

[1107]
************************************************
Subsection Why absolute convergence is safer
************************************************

[1108]
************************************************
Section 15.8 Warning examples
************************************************
************************************************
Subsection Terms tend to zero, but the series diverges
************************************************

[1109]
************************************************
Subsection The Ratio Test can give no information
************************************************

[1110]
************************************************
Subsection The Integral Test requires its hypotheses
************************************************

[1111]
[1112]
************************************************
Subsection The Alternating Series Test requires decreasing term sizes
************************************************

[1113]
************************************************
Subsection The final checklist
************************************************

[1114]
************************************************
Section 15.9 Chapter review and discovery problems
************************************************
************************************************
Subsection The chapter in one picture
************************************************

[1115]
************************************************
Subsection Skills: choosing series tests
************************************************

[1116]
[1117]
[1118]
************************************************
Subsection Concept check
************************************************

[1119]
************************************************
Subsection Skills practice
************************************************

[1120]
[1121]
************************************************
Subsection Project: estimate sums with rigorous error bounds
************************************************

[1122]
************************************************
Subsection Computing: numerical partial sums can mislead
************************************************

[1123]
************************************************
Subsection Discovery problems
************************************************

[1124]
************************************************
Subsection Hook: some infinite sums are functions
************************************************

[1125]
************************************************
Chapter 16 Power Series, Taylor Polynomials, and Taylor Series
************************************************

[1126]
Chapter 16.
************************************************
Section 16.1 Power series
************************************************
************************************************
Subsection A polynomial with infinitely many terms
************************************************

[1127]
[1128]
************************************************
Subsection Center of a power series
************************************************

[1129]
[1130]
************************************************
Subsection Radius and interval of convergence
************************************************

[1131]
[1132]
[1133]
************************************************
Subsection Endpoint testing
************************************************

[1134]

LaTeX Warning: Hyper reference `ch15-sequences-and-infinite-series' on page 113
5 undefined on input line 117750.


LaTeX Warning: Reference `ch15-sequences-and-infinite-series' on page 1135 unde
fined on input line 117750.


[1135]
************************************************
Section 16.2 Working with power series
************************************************
************************************************
Subsection Algebra of power series
************************************************

[1136]
[1137]
************************************************
Subsection Differentiating power series
************************************************

[1138]
[1139]
************************************************
Subsection Integrating power series
************************************************

[1140]
************************************************
Subsection Why power series behave better than arbitrary series
************************************************

[1141]
[1142]
************************************************
Section 16.3 Representing functions by power series
************************************************
************************************************
Subsection Geometric series as the seed
************************************************

[1143]
[1144]
************************************************
Subsection Series for \(\frac 1{1-x}\)
************************************************

[1145]
[1146]
[1147]
************************************************
Subsection Series for \(\ln (1+x)\)
************************************************

[1148]
************************************************
Subsection Series for \(\arctan x\)
************************************************

[1149]
************************************************
Subsection Estimating \(\pi \) from a series
************************************************

[1150]
Overfull \hbox (7.35231pt too wide) detected at line 119488
[] \OT1/cmr/m/n/10 = [] + [] \OML/cmm/m/it/10 :

[1151]
************************************************
Section 16.4 Taylor polynomials
************************************************
************************************************
Subsection Matching value and derivatives
************************************************

[1152]
[1153]
************************************************
Subsection Linear, quadratic, and cubic approximations
************************************************

[1154]
[1155]
************************************************
Subsection Taylor polynomial centered at \(a\)
************************************************

[1156]
[1157]
************************************************
Subsection Maclaurin polynomials
************************************************

[1158]
[1159]
************************************************
Section 16.5 Taylor’s theorem and remainders
************************************************
************************************************
Subsection The error term matters
************************************************

[1160]
[1161]
************************************************
Subsection Lagrange form of the remainder
************************************************

[1162]
[1163]
[1164]
************************************************
Subsection Proof idea for Taylor’s theorem
************************************************

[1165]
************************************************
Subsection Integral form of the remainder
************************************************

[1166]
[1167]
************************************************
Subsection Alternating-series remainders as a special case
************************************************

LaTeX Warning: Hyper reference `subsec-series-for-arctan' on page 1168 undefine
d on input line 121216.


LaTeX Warning: Hyper reference `subsec-series-for-log-one-plus-x' on page 1168 
undefined on input line 121301.


[1168]
************************************************
Section 16.6 Taylor series for elementary functions
************************************************
************************************************
Subsection \(e^x\)
************************************************

[1169]
[1170]
************************************************
Subsection \(\sin x\) and \(\cos x\)
************************************************

[1171]
Underfull \hbox (badness 1226) in paragraph at lines 121774--121775
\TU/lmr/bx/n/10 Hint\TU/lmr/m/n/10 .[] Factorials in the denominator overpower 
any fixed power of $\OML/cmm/m/it/10 x$\TU/lmr/m/n/10 .

[1172]
************************************************
Subsection \(\ln (1+x)\)
************************************************

[1173]
[1174]
************************************************
Subsection \(\arctan x\)
************************************************

[1175]
************************************************
Subsection Binomial series
************************************************

[1176]
[1177]
[1178]
************************************************
Subsection A table of common Taylor series
************************************************
************************************************
Section 16.7 Applications of Taylor series
************************************************

[1179]
************************************************
Subsection Estimating function values
************************************************

[1180]
[1181]
************************************************
Subsection Evaluating limits
************************************************

[1182]
[1183]
************************************************
Subsection Approximating integrals
************************************************

[1184]
[1185]
************************************************
Subsection Solving differential equations by series
************************************************

[1186]
[1187]
[1188]
************************************************
Subsection Error bounds in applications
************************************************

[1189]
[1190]
************************************************
Section 16.8 Uniform convergence preview
************************************************

Overfull \hbox (10.91003pt too wide) detected at line 123833
[]
************************************************
Subsection Pointwise convergence of functions
************************************************

[1191]
************************************************
Subsection Uniform convergence as one error bound for all points
************************************************

[1192]
[1193]
************************************************
Subsection Interchanging limits and integrals
************************************************

[1194]
[1195]
[1196]
************************************************
Subsection Why power series are trustworthy inside their radius
************************************************

[1197]
[1198]

LaTeX Warning: Hyper reference `subsec-differentiating-power-series' on page 11
99 undefined on input line 124660.


[1199]
************************************************
Section 16.9 Warning examples
************************************************
************************************************
Subsection A Taylor series can converge but not to the function
************************************************

[1200]
[1201]
************************************************
Subsection Endpoint behavior differs from interior behavior
************************************************

[1202]
************************************************
Subsection Termwise operations can fail for arbitrary function series
************************************************

[1203]
[1204]
************************************************
Subsection A good local approximation can become bad far away
************************************************

[1205]
************************************************
Section 16.10 Chapter review and projects
************************************************

[1206]
************************************************
Subsection Skills: power series and Taylor series
************************************************

[1207]
[1208]
[1209]
************************************************
Subsection Project: build a sine calculator with error control
************************************************

[1210]
[1211]
************************************************
Subsection Project: compare Taylor approximations visually
************************************************

[1212]
[1213]
************************************************
Subsection Hook: the series for sine and cosine hide a rotating vector
************************************************

[1214]
************************************************
Part VIII Capstones and Bridges
************************************************

[1215]
[1216]
************************************************
Chapter 17 Complex Numbers, Fourier Ideas, and the Road Ahead
************************************************
Chapter 17.
************************************************
Section 17.1 Complex numbers and Euler’s formula
************************************************
************************************************
Subsection The complex plane
************************************************

[1217]
[1218]
[1219]
************************************************
Subsection Polar form
************************************************

[1220]
************************************************
Subsection Multiplication as rotation and scaling
************************************************

[1221]
[1222]
************************************************
Subsection Euler’s formula from Taylor series
************************************************

[1223]
[1224]
[1225]
************************************************
Subsection Why \(e^{it}\) is the natural language of oscillation
************************************************

[1226]
[1227]
************************************************
Section 17.2 Vibrations and second-order equations
************************************************

LaTeX Warning: Hyper reference `ch13-differential-equations-laws-written-as-der
ivatives' on page 1228 undefined on input line 127519.


LaTeX Warning: Reference `ch13-differential-equations-laws-written-as-derivativ
es' on page 1228 undefined on input line 127519.

************************************************
Subsection The spring equation
************************************************

[1228]
[1229]
************************************************
Subsection Sine and cosine as natural motions
************************************************

[1230]
[1231]
[1232]
************************************************
Subsection Energy conservation
************************************************

[1233]
[1234]
[1235]
************************************************
Subsection Damping and forcing preview
************************************************

[1236]
[1237]
[1238]
[1239]
************************************************
Section 17.3 Fourier series preview
************************************************
************************************************
Subsection Building a periodic function from waves
************************************************

[1240]
************************************************
Subsection Orthogonality of sine and cosine, geometrically
************************************************

[1241]
[1242]
[1243]
************************************************
Subsection Square waves and Gibbs phenomenon
************************************************

[1244]
[1245]
************************************************
Subsection Why Fourier series belong after Taylor series
************************************************

Overfull \hbox (9.46005pt too wide) detected at line 129463
[]

[1246]
************************************************
Section 17.4 The one-dimensional Stokes theorem
************************************************
************************************************
Subsection Boundary of an interval
************************************************

[1247]
[1248]
************************************************
Subsection \(\DOTSI \intop \ilimits@ _a^b F'(x)\,dx=F(b)-F(a)\)
************************************************

[1249]
Overfull \hbox (5.15002pt too wide) detected at line 129824
[]
************************************************
Subsection The FTC as a boundary theorem
************************************************

[1250]
[1251]
************************************************
Subsection Preview of line integrals and differential forms
************************************************

[1252]
************************************************
Section 17.5 Conservation laws in one dimension
************************************************

[1253]
************************************************
Subsection Density and flux on a line
************************************************

[1254]
************************************************
Subsection Accumulation inside an interval
************************************************

[1255]
[1256]
************************************************
Subsection What crosses the boundary changes what is inside
************************************************

[1257]
************************************************
Subsection Preview of divergence in multivariable calculus
************************************************

[1258]
[1259]
************************************************
Section 17.6 Least action and the shape of a path
************************************************

[1260]
************************************************
Subsection From optimization of numbers to optimization of functions
************************************************

[1261]
************************************************
Subsection The brachistochrone story
************************************************

[1262]
[1263]
************************************************
Subsection A gentle first variation calculation
************************************************

[1264]
[1265]
************************************************
Subsection Why this is beyond ordinary single-variable calculus
************************************************

[1266]
[1267]
************************************************
Section 17.7 Final projects
************************************************

[1268]
************************************************
Subsection Model, solve, and test a cooling law
************************************************

[1269]
[1270]
************************************************
Subsection Approximate a difficult integral three ways
************************************************

[1271]
[1272]
[1273]
************************************************
Subsection Build a Taylor-series calculator
************************************************

[1274]
[1275]
************************************************
Subsection Analyze a parametric curve from motion data
************************************************

[1276]
[1277]
************************************************
Subsection Explain the FTC as the first boundary theorem
************************************************

[1278]

LaTeX Warning: Hyper reference `sec-17-4-the-one-dimensional-stokes-theorem' on
 page 1279 undefined on input line 132755.


LaTeX Warning: Reference `sec-17-4-the-one-dimensional-stokes-theorem' on page 
1279 undefined on input line 132755.


[1279]
Overfull \hbox (3.51201pt too wide) in paragraph at lines 132919--132920
[]\TU/lmr/m/n/10 In conservation laws, the amount inside changes because someth
ing crosses
************************************************
Subsection Closing note: what calculus has taught us
************************************************

[1280]
[1281]
[1282]
************************************************
Appendix A Algebra and Inequalities Review
************************************************
Appendix A.
************************************************
Section A.1 Factoring and completing the square
************************************************
************************************************
Subsection Common factors
************************************************

[1283]
************************************************
Subsection Special products
************************************************
************************************************
Subsection Factoring quadratics
************************************************

[1284]
************************************************
Subsection Why factoring matters in limits
************************************************
************************************************
Subsection Completing the square
************************************************

[1285]
[1286]
************************************************
Subsection Quadratic formula
************************************************
************************************************
Section A.2 Rational expressions
************************************************

[1287]
************************************************
Subsection Canceling common factors
************************************************

[1288]
************************************************
Subsection Combining rational expressions
************************************************

[1289]
************************************************
Subsection Rationalizing
************************************************
************************************************
Section A.3 Exponents and radicals
************************************************
************************************************
Subsection Laws of exponents
************************************************

[1290]
************************************************
Subsection Negative and fractional exponents
************************************************

[1291]
************************************************
Subsection Radicals and conjugates
************************************************

[1292]
************************************************
Section A.4 Inequalities and absolute values
************************************************
************************************************
Subsection Rules for inequalities
************************************************

[1293]
************************************************
Subsection Sign charts
************************************************

[1294]
************************************************
Subsection Absolute value as distance
************************************************

[1295]
************************************************
Subsection Absolute value and limits
************************************************
************************************************
Section A.5 Sigma notation practice
************************************************
************************************************
Subsection Reading sigma notation
************************************************

[1296]
************************************************
Subsection Linearity of finite sums
************************************************

[1297]
************************************************
Subsection Basic sum formulas
************************************************

[1298]
************************************************
Subsection Changing the index
************************************************

[1299]
************************************************
Subsection Sigma notation and Riemann sums
************************************************

[1300]
************************************************
Section A.6 Practice problems
************************************************
************************************************
Subsection Factoring and completing the square
************************************************
************************************************
Subsection Rational expressions
************************************************

[1301]
************************************************
Subsection Exponents and radicals
************************************************
************************************************
Subsection Inequalities and absolute values
************************************************

[1302]
************************************************
Subsection Sigma notation
************************************************
************************************************
Subsection Answers to Appendix A practice problems
************************************************

[1303]
[1304]
[1305]
************************************************
Appendix B Coordinate Geometry
************************************************

[1306]
Appendix B.
************************************************
Section B.1 Lines
************************************************
************************************************
Subsection Slope
************************************************

[1307]
************************************************
Subsection Point-slope form
************************************************

[1308]
************************************************
Subsection Slope-intercept form
************************************************

[1309]
************************************************
Subsection Line through two points
************************************************
************************************************
Subsection General form
************************************************

[1310]
************************************************
Subsection Parallel and perpendicular lines
************************************************

[1311]
[1312]
************************************************
Section B.2 Circles
************************************************
************************************************
Subsection Equation of a circle
************************************************

[1313]
************************************************
Subsection Completing the square
************************************************

[1314]
************************************************
Subsection Disks and circle inequalities
************************************************
************************************************
Section B.3 Parabolas, ellipses, and hyperbolas
************************************************

[1315]
************************************************
Subsection Parabolas
************************************************

[1316]
************************************************
Subsection Focus and directrix form
************************************************

[1317]
************************************************
Subsection Ellipses
************************************************
************************************************
Subsection Hyperbolas
************************************************

[1318]
[1319]
[1320]
************************************************
Subsection Recognizing conics quickly
************************************************

[1321]
************************************************
Section B.4 Distance and midpoint formulas
************************************************
************************************************
Subsection Distance between two points
************************************************

[1322]
************************************************
Subsection Midpoint of a segment
************************************************
************************************************
Subsection A locus example: perpendicular bisectors
************************************************

[1323]
************************************************
Section B.5 Scaling and shifting graphs
************************************************
************************************************
Subsection Vertical and horizontal shifts
************************************************

[1324]
************************************************
Subsection Vertical scaling and reflection
************************************************
************************************************
Subsection Horizontal scaling and reflection
************************************************

[1325]
[1326]
************************************************
Subsection Transformations and domains
************************************************
************************************************
Subsection Transforming equations
************************************************

[1327]
************************************************
Section B.6 Practice problems
************************************************
************************************************
Subsection Lines
************************************************

[1328]
************************************************
Subsection Circles
************************************************
************************************************
Subsection Parabolas, ellipses, and hyperbolas
************************************************

[1329]
************************************************
Subsection Distance and midpoint
************************************************
************************************************
Subsection Scaling and shifting graphs
************************************************
************************************************
Subsection Answers to Appendix B practice problems
************************************************

[1330]
[1331]
[1332]
[1333]
[1334]
[1335]
[1336]
************************************************
Appendix C Trigonometry in Radians
************************************************

[1337]
Appendix C.
************************************************
Section C.1 Unit circle definitions
************************************************
************************************************
Subsection Radians and arc length
************************************************

[1338]
[1339]
************************************************
Subsection Sine and cosine from the unit circle
************************************************

[1340]
************************************************
Subsection Tangent, secant, cosecant, and cotangent
************************************************

[1341]
************************************************
Subsection Special angles
************************************************
************************************************
Subsection Periodicity and coterminal angles
************************************************

[1342]
************************************************
Subsection Graphs of sine and cosine
************************************************

[1343]
************************************************
Section C.2 Basic identities
************************************************
************************************************
Subsection Reciprocal and quotient identities
************************************************
************************************************
Subsection Pythagorean identities
************************************************

[1344]
[1345]
************************************************
Subsection Even and odd identities
************************************************
************************************************
Subsection Using identities carefully
************************************************

[1346]
************************************************
Section C.3 Addition formulas
************************************************
************************************************
Subsection Cosine of a difference
************************************************

[1347]
************************************************
Subsection Sine and cosine addition formulas
************************************************

[1348]
[1349]
************************************************
Subsection Tangent addition formulas
************************************************
************************************************
Subsection Double-angle and half-angle identities
************************************************

[1350]
Overfull \hbox (5.00607pt too wide) in paragraph at lines 140752--140753
[]\TU/lmr/m/n/10 Solving these last two formulas for $[][] \OML/cmm/m/it/10 x$ 
\TU/lmr/m/n/10 and $[][] \OML/cmm/m/it/10 x$ \TU/lmr/m/n/10 gives the power-red
uction
************************************************
Subsection Product-to-sum identities
************************************************

[1351]
************************************************
Section C.4 Inverse trigonometric functions
************************************************
************************************************
Subsection Why restrictions are needed
************************************************

[1352]
************************************************
Subsection Arcsine, arccosine, and arctangent
************************************************

[1353]
************************************************
Subsection Compositions with inverse trigonometric functions
************************************************

[1354]
[1355]
************************************************
Section C.5 Trigonometric equations
************************************************
************************************************
Subsection Solving by the unit circle
************************************************

[1356]
************************************************
Subsection Solving after using identities
************************************************

[1357]
************************************************
Subsection Avoiding lost or extra solutions
************************************************

[1358]
[1359]
************************************************
Section C.6 Practice problems
************************************************
************************************************
Subsection Unit circle definitions
************************************************
************************************************
Subsection Basic identities
************************************************

[1360]
************************************************
Subsection Addition formulas
************************************************
************************************************
Subsection Inverse trigonometric functions
************************************************

[1361]
************************************************
Subsection Trigonometric equations
************************************************

[1362]
************************************************
Subsection Answers to Appendix C practice problems
************************************************

[1363]
[1364]
[1365]
[1366]
************************************************
Appendix D Proofs and Completeness
************************************************

[1367]
Appendix D.
************************************************
Section D.1 The Least Upper Bound Property
************************************************
************************************************
Subsection Upper bounds and least upper bounds
************************************************

[1368]
************************************************
Subsection The completeness axiom
************************************************

[1369]
************************************************
Subsection The approximation property of the supremum
************************************************

[1370]
************************************************
Subsection Greatest lower bounds
************************************************

[1371]
************************************************
Section D.2 The Monotone Convergence Theorem
************************************************
************************************************
Subsection Monotone sequences
************************************************

[1372]
************************************************
Subsection The theorem
************************************************

[1373]
************************************************
Subsection Why the hypotheses matter
************************************************

[1374]
************************************************
Subsection Nested intervals
************************************************

[1375]
************************************************
Section D.3 Bolzano’s Theorem and Bisection
************************************************
************************************************
Subsection Bolzano’s theorem
************************************************

[1376]
************************************************
Subsection Proof by bisection
************************************************

[1377]
************************************************
Subsection Bisection error
************************************************

[1378]
************************************************
Subsection Why continuity matters
************************************************

[1379]
************************************************
Section D.4 The Extreme Value Theorem: Proof Outline
************************************************
************************************************
Subsection Statement of the theorem
************************************************
************************************************
Subsection Why the function is bounded
************************************************

[1380]
************************************************
Subsection Why the maximum is reached
************************************************

[1381]
************************************************
Subsection Why the hypotheses matter
************************************************

[1382]
************************************************
Section D.5 Uniform Continuity on Closed Intervals
************************************************
************************************************
Subsection Pointwise continuity versus uniform continuity
************************************************

[1383]
************************************************
Subsection A simple uniform continuity estimate
************************************************

[1384]
************************************************
Subsection A continuous function that is not uniformly continuous
************************************************
************************************************
Subsection The theorem on closed intervals
************************************************

[1385]
************************************************
Subsection Finite covering lemma
************************************************
************************************************
Subsection Proof of uniform continuity
************************************************

[1386]
************************************************
Section D.6 Practice problems
************************************************
************************************************
Subsection Least upper bounds
************************************************

[1387]
************************************************
Subsection Monotone convergence
************************************************
************************************************
Subsection Bolzano’s theorem and bisection
************************************************

[1388]
************************************************
Subsection Extreme Value Theorem
************************************************
************************************************
Subsection Uniform continuity
************************************************

[1389]
************************************************
Subsection Answers to Appendix D practice problems
************************************************

[1390]
[1391]
[1392]
[1393]
[1394]
[1395]
************************************************
Appendix E Technology Notes
************************************************

[1396]
Appendix E.

Overfull \hbox (3.84602pt too wide) in paragraph at lines 145474--145475
\TU/lmr/m/n/10 graphing calculators, spreadsheets, computer algebra systems, nu
merical solvers,
************************************************
Section E.1 Graphing windows
************************************************
************************************************
Subsection A window is a mathematical choice
************************************************

[1397]
************************************************
Subsection A graph can hide a hole
************************************************

[1398]
************************************************
Subsection A graph can hide a sharp feature
************************************************
************************************************
Subsection A graphing checklist
************************************************

[1399]
************************************************
Section E.2 Numerical precision and roundoff
************************************************
************************************************
Subsection Exact arithmetic and floating-point arithmetic
************************************************
************************************************
Subsection Subtraction can magnify relative error
************************************************

[1400]
************************************************
Subsection Roundoff versus truncation
************************************************

[1401]
************************************************
Subsection Residuals and step sizes
************************************************

[1402]
************************************************
Section E.3 Calculator and CAS syntax
************************************************
************************************************
Subsection Common syntax translations
************************************************
************************************************
Subsection Parentheses are part of the mathematics
************************************************

[1403]
************************************************
Subsection Radians versus degrees
************************************************
************************************************
Subsection Exact and approximate answers
************************************************

[1404]
************************************************
Subsection CAS answers need interpretation
************************************************

[1405]
************************************************
Section E.4 Simple Python experiments for calculus
************************************************
************************************************
Subsection Experiment 1: difference quotients
************************************************

[1406]
************************************************
Subsection Experiment 2: bisection for a root
************************************************
************************************************
Subsection Experiment 3: midpoint rule for an integral
************************************************

[1407]
************************************************
Subsection Experiment 4: Euler’s method
************************************************

[1408]
************************************************
Subsection Experiment 5: Newton’s method
************************************************

[1409]
************************************************
Section E.5 Plotting sequences, sums, and Taylor polynomials
************************************************

[1410]
************************************************
Subsection Plotting a sequence
************************************************
************************************************
Subsection Plotting partial sums
************************************************

[1411]
************************************************
Subsection Plotting Taylor polynomials
************************************************

[1412]
************************************************
Subsection A Taylor-series calculator
************************************************

[1413]
************************************************
Section E.6 Practice problems
************************************************
************************************************
Subsection Graphing windows
************************************************
************************************************
Subsection Numerical precision and roundoff
************************************************

[1414]
************************************************
Subsection Calculator and CAS syntax
************************************************

[1415]
************************************************
Subsection Simple Python experiments
************************************************
************************************************
Subsection Plotting sequences, sums, and Taylor polynomials
************************************************

[1416]
************************************************
Subsection Answers to Appendix E practice problems
************************************************

[1417]
[1418]
[1419]
[1420]
[1421]
************************************************
Appendix F Tables
************************************************

[1422]
Appendix F.
************************************************
Section F.1 Derivative formulas
************************************************
************************************************
Subsection General differentiation rules
************************************************

[1423]
************************************************
Subsection Elementary derivatives
************************************************
************************************************
Subsection Trigonometric derivatives
************************************************

[1424]

Package tcolorbox Warning: Using nobreak failed. Try to enlarge `lines before b
reak' or set page breaks manually on input line 148279.

************************************************
Subsection Inverse trigonometric derivatives
************************************************
************************************************
Subsection Second derivative reminders
************************************************
************************************************
Section F.2 Integral formulas
************************************************

[1425]
************************************************
Subsection General integral rules
************************************************
************************************************
Subsection Basic antiderivatives
************************************************

[1426]
************************************************
Subsection Trigonometric antiderivatives
************************************************
************************************************
Subsection Inverse trigonometric forms
************************************************

[1427]
************************************************
Subsection Trigonometric substitution patterns
************************************************
************************************************
Subsection Partial fraction patterns
************************************************
************************************************
Section F.3 Common Taylor series
************************************************
************************************************
Subsection Taylor polynomial and remainder
************************************************

[1428]
************************************************
Subsection Maclaurin series
************************************************

[1429]
************************************************
Subsection Series shifted from zero
************************************************

[1430]
************************************************
Section F.4 Series tests
************************************************
************************************************
Subsection Basic comparison and structure tests
************************************************
************************************************
Subsection Integral, alternating, ratio, and root tests
************************************************

[1431]
************************************************
Subsection Power series convergence
************************************************

[1432]
************************************************
Section F.5 Numerical integration rules
************************************************
************************************************
Subsection Rectangle, midpoint, trapezoidal, and Simpson rules
************************************************
************************************************
Subsection Error bounds
************************************************

[1433]
************************************************
Subsection Monotonicity and concavity checks
************************************************
************************************************
Subsection Choosing a numerical rule
************************************************

[1434]
[1435]
[1436] (main.aux)

LaTeX Font Warning: Some font shapes were not available, defaults substituted.


LaTeX Warning: There were undefined references.


LaTeX Warning: Label(s) may have changed. Rerun to get cross-references right.


Package rerunfilecheck Warning: File `main.out' has changed.
(rerunfilecheck)                Rerun to get outlines right
(rerunfilecheck)                or use package `bookmark'.

 )
(see the transcript file for additional information)
Output written on main.pdf (1442 pages).
Transcript written on main.log.
Rerunning LaTeX for main.tex (pass 2)
This is XeTeX, Version 3.141592653-2.6-0.999996 (MiKTeX 24.4) (preloaded format=xelatex.fmt)
 restricted \write18 enabled.
entering extended mode
(main.tex
LaTeX2e <2024-11-01> patch level 2
L3 programming layer <2025-01-18>
(C:\Users\cyril\AppData\Local\Programs\MiKTeX\tex/latex/base\book.cls
Document Class: book 2024/06/29 v1.4n Standard LaTeX document class
(C:\Users\cyril\AppData\Local\Programs\MiKTeX\tex/latex/base\bk10.clo))
(C:\Users\cyril\AppData\Local\Programs\MiKTeX\tex/latex/geometry\geometry.sty
(C:\Users\cyril\AppData\Local\Programs\MiKTeX\tex/latex/graphics\keyval.sty)
(C:\Users\cyril\AppData\Local\Programs\MiKTeX\tex/generic/iftex\ifvtex.sty
(C:\Users\cyril\AppData\Local\Programs\MiKTeX\tex/generic/iftex\iftex.sty))
(C:\Users\cyril\AppData\Local\Programs\MiKTeX\tex/latex/geometry\geometry.cfg))
(C:\Users\cyril\AppData\Local\Programs\MiKTeX\tex/latex/base\ifthen.sty)
(C:\Users\cyril\AppData\Local\Programs\MiKTeX\tex/latex/etoolbox\etoolbox.sty)
(C:\Users\cyril\AppData\Local\Programs\MiKTeX\tex/generic/iftex\ifxetex.sty)
(C:\Users\cyril\AppData\Local\Programs\MiKTeX\tex/generic/iftex\ifluatex.sty)
(C:\Users\cyril\AppData\Local\Programs\MiKTeX\tex/latex/graphics\graphicx.sty
(C:\Users\cyril\AppData\Local\Programs\MiKTeX\tex/latex/graphics\graphics.sty
(C:\Users\cyril\AppData\Local\Programs\MiKTeX\tex/latex/graphics\trig.sty)
(C:\Users\cyril\AppData\Local\Programs\MiKTeX\tex/latex/graphics-cfg\graphics.c
fg)
(C:\Users\cyril\AppData\Local\Programs\MiKTeX\tex/latex/graphics-def\xetex.def)
)) (C:\Users\cyril\AppData\Local\Programs\MiKTeX\tex/latex/xcolor\xcolor.sty
(C:\Users\cyril\AppData\Local\Programs\MiKTeX\tex/latex/graphics-cfg\color.cfg)
(C:\Users\cyril\AppData\Local\Programs\MiKTeX\tex/latex/graphics\mathcolor.ltx)
) (C:\Users\cyril\AppData\Local\Programs\MiKTeX\tex/latex/graphics\dvipsnam.def
) (C:\Users\cyril\AppData\Local\Programs\MiKTeX\tex/latex/xcolor\svgnam.def)
(C:\Users\cyril\AppData\Local\Programs\MiKTeX\tex/latex/colortbl\colortbl.sty
(C:\Users\cyril\AppData\Local\Programs\MiKTeX\tex/latex/tools\array.sty))
(C:\Users\cyril\AppData\Local\Programs\MiKTeX\tex/latex/tcolorbox\tcolorbox.sty

(C:\Users\cyril\AppData\Local\Programs\MiKTeX\tex/latex/pgf/frontendlayer\tikz.
sty
(C:\Users\cyril\AppData\Local\Programs\MiKTeX\tex/latex/pgf/basiclayer\pgf.sty
(C:\Users\cyril\AppData\Local\Programs\MiKTeX\tex/latex/pgf/utilities\pgfrcs.st
y
(C:\Users\cyril\AppData\Local\Programs\MiKTeX\tex/generic/pgf/utilities\pgfutil
-common.tex)
(C:\Users\cyril\AppData\Local\Programs\MiKTeX\tex/generic/pgf/utilities\pgfutil
-latex.def)
(C:\Users\cyril\AppData\Local\Programs\MiKTeX\tex/generic/pgf/utilities\pgfrcs.
code.tex
(C:\Users\cyril\AppData\Local\Programs\MiKTeX\tex/generic/pgf\pgf.revision.tex)
))
(C:\Users\cyril\AppData\Local\Programs\MiKTeX\tex/latex/pgf/basiclayer\pgfcore.
sty
(C:\Users\cyril\AppData\Local\Programs\MiKTeX\tex/latex/pgf/systemlayer\pgfsys.
sty
(C:\Users\cyril\AppData\Local\Programs\MiKTeX\tex/generic/pgf/systemlayer\pgfsy
s.code.tex
(C:\Users\cyril\AppData\Local\Programs\MiKTeX\tex/generic/pgf/utilities\pgfkeys
.code.tex
(C:\Users\cyril\AppData\Local\Programs\MiKTeX\tex/generic/pgf/utilities\pgfkeys
libraryfiltered.code.tex))
(C:\Users\cyril\AppData\Local\Programs\MiKTeX\tex/generic/pgf/systemlayer\pgf.c
fg)
(C:\Users\cyril\AppData\Local\Programs\MiKTeX\tex/generic/pgf/systemlayer\pgfsy
s-xetex.def
(C:\Users\cyril\AppData\Local\Programs\MiKTeX\tex/generic/pgf/systemlayer\pgfsy
s-dvipdfmx.def
(C:\Users\cyril\AppData\Local\Programs\MiKTeX\tex/generic/pgf/systemlayer\pgfsy
s-common-pdf.def))))
(C:\Users\cyril\AppData\Local\Programs\MiKTeX\tex/generic/pgf/systemlayer\pgfsy
ssoftpath.code.tex)
(C:\Users\cyril\AppData\Local\Programs\MiKTeX\tex/generic/pgf/systemlayer\pgfsy
sprotocol.code.tex))
(C:\Users\cyril\AppData\Local\Programs\MiKTeX\tex/generic/pgf/basiclayer\pgfcor
e.code.tex
(C:\Users\cyril\AppData\Local\Programs\MiKTeX\tex/generic/pgf/math\pgfmath.code
.tex
(C:\Users\cyril\AppData\Local\Programs\MiKTeX\tex/generic/pgf/math\pgfmathutil.
code.tex)
(C:\Users\cyril\AppData\Local\Programs\MiKTeX\tex/generic/pgf/math\pgfmathparse
r.code.tex)
(C:\Users\cyril\AppData\Local\Programs\MiKTeX\tex/generic/pgf/math\pgfmathfunct
ions.code.tex)
(C:\Users\cyril\AppData\Local\Programs\MiKTeX\tex/generic/pgf/math\pgfmathfunct
ions.basic.code.tex)
(C:\Users\cyril\AppData\Local\Programs\MiKTeX\tex/generic/pgf/math\pgfmathfunct
ions.trigonometric.code.tex)
(C:\Users\cyril\AppData\Local\Programs\MiKTeX\tex/generic/pgf/math\pgfmathfunct
ions.random.code.tex)
(C:\Users\cyril\AppData\Local\Programs\MiKTeX\tex/generic/pgf/math\pgfmathfunct
ions.comparison.code.tex)
(C:\Users\cyril\AppData\Local\Programs\MiKTeX\tex/generic/pgf/math\pgfmathfunct
ions.base.code.tex)
(C:\Users\cyril\AppData\Local\Programs\MiKTeX\tex/generic/pgf/math\pgfmathfunct
ions.round.code.tex)
(C:\Users\cyril\AppData\Local\Programs\MiKTeX\tex/generic/pgf/math\pgfmathfunct
ions.misc.code.tex)
(C:\Users\cyril\AppData\Local\Programs\MiKTeX\tex/generic/pgf/math\pgfmathfunct
ions.integerarithmetics.code.tex)
(C:\Users\cyril\AppData\Local\Programs\MiKTeX\tex/generic/pgf/math\pgfmathcalc.
code.tex)
(C:\Users\cyril\AppData\Local\Programs\MiKTeX\tex/generic/pgf/math\pgfmathfloat
.code.tex))
(C:\Users\cyril\AppData\Local\Programs\MiKTeX\tex/generic/pgf/math\pgfint.code.
tex)
(C:\Users\cyril\AppData\Local\Programs\MiKTeX\tex/generic/pgf/basiclayer\pgfcor
epoints.code.tex)
(C:\Users\cyril\AppData\Local\Programs\MiKTeX\tex/generic/pgf/basiclayer\pgfcor
epathconstruct.code.tex)
(C:\Users\cyril\AppData\Local\Programs\MiKTeX\tex/generic/pgf/basiclayer\pgfcor
epathusage.code.tex)
(C:\Users\cyril\AppData\Local\Programs\MiKTeX\tex/generic/pgf/basiclayer\pgfcor
escopes.code.tex)
(C:\Users\cyril\AppData\Local\Programs\MiKTeX\tex/generic/pgf/basiclayer\pgfcor
egraphicstate.code.tex)
(C:\Users\cyril\AppData\Local\Programs\MiKTeX\tex/generic/pgf/basiclayer\pgfcor
etransformations.code.tex)
(C:\Users\cyril\AppData\Local\Programs\MiKTeX\tex/generic/pgf/basiclayer\pgfcor
equick.code.tex)
(C:\Users\cyril\AppData\Local\Programs\MiKTeX\tex/generic/pgf/basiclayer\pgfcor
eobjects.code.tex)
(C:\Users\cyril\AppData\Local\Programs\MiKTeX\tex/generic/pgf/basiclayer\pgfcor
epathprocessing.code.tex)
(C:\Users\cyril\AppData\Local\Programs\MiKTeX\tex/generic/pgf/basiclayer\pgfcor
earrows.code.tex)
(C:\Users\cyril\AppData\Local\Programs\MiKTeX\tex/generic/pgf/basiclayer\pgfcor
eshade.code.tex)
(C:\Users\cyril\AppData\Local\Programs\MiKTeX\tex/generic/pgf/basiclayer\pgfcor
eimage.code.tex)
(C:\Users\cyril\AppData\Local\Programs\MiKTeX\tex/generic/pgf/basiclayer\pgfcor
eexternal.code.tex)
(C:\Users\cyril\AppData\Local\Programs\MiKTeX\tex/generic/pgf/basiclayer\pgfcor
elayers.code.tex)
(C:\Users\cyril\AppData\Local\Programs\MiKTeX\tex/generic/pgf/basiclayer\pgfcor
etransparency.code.tex)
(C:\Users\cyril\AppData\Local\Programs\MiKTeX\tex/generic/pgf/basiclayer\pgfcor
epatterns.code.tex)
(C:\Users\cyril\AppData\Local\Programs\MiKTeX\tex/generic/pgf/basiclayer\pgfcor
erdf.code.tex)))
(C:\Users\cyril\AppData\Local\Programs\MiKTeX\tex/generic/pgf/modules\pgfmodule
shapes.code.tex)
(C:\Users\cyril\AppData\Local\Programs\MiKTeX\tex/generic/pgf/modules\pgfmodule
plot.code.tex)
(C:\Users\cyril\AppData\Local\Programs\MiKTeX\tex/latex/pgf/compatibility\pgfco
mp-version-0-65.sty)
(C:\Users\cyril\AppData\Local\Programs\MiKTeX\tex/latex/pgf/compatibility\pgfco
mp-version-1-18.sty))
(C:\Users\cyril\AppData\Local\Programs\MiKTeX\tex/latex/pgf/utilities\pgffor.st
y
(C:\Users\cyril\AppData\Local\Programs\MiKTeX\tex/latex/pgf/utilities\pgfkeys.s
ty
(C:\Users\cyril\AppData\Local\Programs\MiKTeX\tex/generic/pgf/utilities\pgfkeys
.code.tex))
(C:\Users\cyril\AppData\Local\Programs\MiKTeX\tex/latex/pgf/math\pgfmath.sty
(C:\Users\cyril\AppData\Local\Programs\MiKTeX\tex/generic/pgf/math\pgfmath.code
.tex))
(C:\Users\cyril\AppData\Local\Programs\MiKTeX\tex/generic/pgf/utilities\pgffor.
code.tex))
(C:\Users\cyril\AppData\Local\Programs\MiKTeX\tex/generic/pgf/frontendlayer/tik
z\tikz.code.tex
(C:\Users\cyril\AppData\Local\Programs\MiKTeX\tex/generic/pgf/libraries\pgflibr
aryplothandlers.code.tex)
(C:\Users\cyril\AppData\Local\Programs\MiKTeX\tex/generic/pgf/modules\pgfmodule
matrix.code.tex)
(C:\Users\cyril\AppData\Local\Programs\MiKTeX\tex/generic/pgf/frontendlayer/tik
z/libraries\tikzlibrarytopaths.code.tex)))
(C:\Users\cyril\AppData\Local\Programs\MiKTeX\tex/latex/tools\verbatim.sty)
(C:\Users\cyril\AppData\Local\Programs\MiKTeX\tex/latex/environ\environ.sty
(C:\Users\cyril\AppData\Local\Programs\MiKTeX\tex/latex/trimspaces\trimspaces.s
ty)))
(C:\Users\cyril\AppData\Local\Programs\MiKTeX\tex/latex/tcolorbox\tcbskins.code
.tex
Library (tcolorbox): 'tcbskins.code.tex' version '6.4.1'

(C:\Users\cyril\AppData\Local\Programs\MiKTeX\tex/latex/tikzfill\tikzfill.image
.sty
(C:\Users\cyril\AppData\Local\Programs\MiKTeX\tex/latex/tikzfill\tikzlibraryfil
l.image.code.tex))
(C:\Users\cyril\AppData\Local\Programs\MiKTeX\tex/latex/tcolorbox\tcbskinsjigsa
w.code.tex
Library (tcolorbox): 'tcbskinsjigsaw.code.tex' version '6.4.1'
))
(C:\Users\cyril\AppData\Local\Programs\MiKTeX\tex/latex/tcolorbox\tcbbreakable.
code.tex
Library (tcolorbox): 'tcbbreakable.code.tex' version '6.4.1'
(C:\Users\cyril\AppData\Local\Programs\MiKTeX\tex/latex/pdfcol\pdfcol.sty
(C:\Users\cyril\AppData\Local\Programs\MiKTeX\tex/generic/ltxcmds\ltxcmds.sty)
(C:\Users\cyril\AppData\Local\Programs\MiKTeX\tex/generic/infwarerr\infwarerr.s
ty)))
(C:\Users\cyril\AppData\Local\Programs\MiKTeX\tex/latex/tcolorbox\tcbraster.cod
e.tex
Library (tcolorbox): 'tcbraster.code.tex' version '6.4.1'
)
(C:\Users\cyril\AppData\Local\Programs\MiKTeX\tex/latex/tcolorbox\tcbxparse.cod
e.tex
Library (tcolorbox): 'tcbxparse.code.tex' version '6.4.1'

(C:\Users\cyril\AppData\Local\Programs\MiKTeX\tex/latex/l3packages/xparse\xpars
e.sty
(C:\Users\cyril\AppData\Local\Programs\MiKTeX\tex/latex/l3kernel\expl3.sty
(C:\Users\cyril\AppData\Local\Programs\MiKTeX\tex/latex/l3backend\l3backend-xet
ex.def))))
(C:\Users\cyril\AppData\Local\Programs\MiKTeX\tex/generic/pgf/frontendlayer/tik
z/libraries\tikzlibrarycalc.code.tex)
(C:\Users\cyril\AppData\Local\Programs\MiKTeX\tex/latex/tcolorbox\tcbhooks.code
.tex
Library (tcolorbox): 'tcbhooks.code.tex' version '6.4.1'
) (C:\Users\cyril\AppData\Local\Programs\MiKTeX\tex/latex/xstring\xstring.sty
(C:\Users\cyril\AppData\Local\Programs\MiKTeX\tex/generic/xstring\xstring.tex))
 (C:\Users\cyril\AppData\Local\Programs\MiKTeX\tex/latex/xltxtra\xltxtra.sty
(C:\Users\cyril\AppData\Local\Programs\MiKTeX\tex/latex/fontspec\fontspec.sty
(C:\Users\cyril\AppData\Local\Programs\MiKTeX\tex/latex/fontspec\fontspec-xetex
.sty (C:\Users\cyril\AppData\Local\Programs\MiKTeX\tex/latex/base\fontenc.sty)
(C:\Users\cyril\AppData\Local\Programs\MiKTeX\tex/latex/fontspec\fontspec.cfg))
)
(C:\Users\cyril\AppData\Local\Programs\MiKTeX\tex/latex/realscripts\realscripts
.sty)
(C:\Users\cyril\AppData\Local\Programs\MiKTeX\tex/latex/metalogo\metalogo.sty))
 (C:\Users\cyril\AppData\Local\Programs\MiKTeX\tex/latex/inconsolata\zi4.sty
`inconsolata-zi4' v1.12, 2019/05/17 Text macros for Inconsolata (msharpe)
(C:\Users\cyril\AppData\Local\Programs\MiKTeX\tex/latex/base\textcomp.sty)
(C:\Users\cyril\AppData\Local\Programs\MiKTeX\tex/latex/xkeyval\xkeyval.sty
(C:\Users\cyril\AppData\Local\Programs\MiKTeX\tex/generic/xkeyval\xkeyval.tex
(C:\Users\cyril\AppData\Local\Programs\MiKTeX\tex/generic/xkeyval\xkvutils.tex)
)))
(C:\Users\cyril\AppData\Local\Programs\MiKTeX\tex/latex/polyglossia\polyglossia
.sty
(C:\Users\cyril\AppData\Local\Programs\MiKTeX\tex/latex/polyglossia\gloss-latex
.ldf))
(C:\Users\cyril\AppData\Local\Programs\MiKTeX\tex/latex/polyglossia\gloss-engli
sh.ldf)
(C:\Users\cyril\AppData\Local\Programs\MiKTeX\tex/latex/microtype\microtype.sty

(C:\Users\cyril\AppData\Local\Programs\MiKTeX\tex/latex/microtype\microtype-xet
ex.def)
(C:\Users\cyril\AppData\Local\Programs\MiKTeX\tex/latex/microtype\microtype.cfg
)) (C:\Users\cyril\AppData\Local\Programs\MiKTeX\tex/latex/amsmath\amsmath.sty
For additional information on amsmath, use the `?' option.
(C:\Users\cyril\AppData\Local\Programs\MiKTeX\tex/latex/amsmath\amstext.sty
(C:\Users\cyril\AppData\Local\Programs\MiKTeX\tex/latex/amsmath\amsgen.sty))
(C:\Users\cyril\AppData\Local\Programs\MiKTeX\tex/latex/amsmath\amsbsy.sty)
(C:\Users\cyril\AppData\Local\Programs\MiKTeX\tex/latex/amsmath\amsopn.sty))
(C:\Users\cyril\AppData\Local\Programs\MiKTeX\tex/latex/amsmath\amscd.sty)
(C:\Users\cyril\AppData\Local\Programs\MiKTeX\tex/latex/amsfonts\amssymb.sty
(C:\Users\cyril\AppData\Local\Programs\MiKTeX\tex/latex/amsfonts\amsfonts.sty))
 (C:\Users\cyril\AppData\Local\Programs\MiKTeX\tex/latex/psnfss\pifont.sty
(C:\Users\cyril\AppData\Local\Programs\MiKTeX\tex/latex/psnfss\upzd.fd)
(C:\Users\cyril\AppData\Local\Programs\MiKTeX\tex/latex/psnfss\upsy.fd))
(C:\Users\cyril\AppData\Local\Programs\MiKTeX\tex/latex/titlesec\titlesec.sty
(C:\Users\cyril\AppData\Local\Programs\MiKTeX\tex/latex/titlesec\titleps.sty))
(C:\Users\cyril\AppData\Local\Programs\MiKTeX\tex/latex/titlesec\titletoc.sty)
(C:\Users\cyril\AppData\Local\Programs\MiKTeX\tex/latex/fancyvrb\fancyvrb.sty)
(C:\Users\cyril\AppData\Local\Programs\MiKTeX\tex/latex/enumitem\enumitem.sty)
(C:\Users\cyril\AppData\Local\Programs\MiKTeX\tex/latex/hyperref\hyperref.sty
(C:\Users\cyril\AppData\Local\Programs\MiKTeX\tex/latex/kvsetkeys\kvsetkeys.sty
)
(C:\Users\cyril\AppData\Local\Programs\MiKTeX\tex/generic/kvdefinekeys\kvdefine
keys.sty)
(C:\Users\cyril\AppData\Local\Programs\MiKTeX\tex/generic/pdfescape\pdfescape.s
ty
(C:\Users\cyril\AppData\Local\Programs\MiKTeX\tex/generic/pdftexcmds\pdftexcmds
.sty))
(C:\Users\cyril\AppData\Local\Programs\MiKTeX\tex/latex/hycolor\hycolor.sty)
(C:\Users\cyril\AppData\Local\Programs\MiKTeX\tex/latex/hyperref\nameref.sty
(C:\Users\cyril\AppData\Local\Programs\MiKTeX\tex/latex/refcount\refcount.sty)
(C:\Users\cyril\AppData\Local\Programs\MiKTeX\tex/generic/gettitlestring\gettit
lestring.sty
(C:\Users\cyril\AppData\Local\Programs\MiKTeX\tex/latex/kvoptions\kvoptions.sty
)))
(C:\Users\cyril\AppData\Local\Programs\MiKTeX\tex/generic/stringenc\stringenc.s
ty) (C:\Users\cyril\AppData\Local\Programs\MiKTeX\tex/latex/hyperref\pd1enc.def
) (C:\Users\cyril\AppData\Local\Programs\MiKTeX\tex/generic/intcalc\intcalc.sty
) (C:\Users\cyril\AppData\Local\Programs\MiKTeX\tex/latex/hyperref\puenc.def)
(C:\Users\cyril\AppData\Local\Programs\MiKTeX\tex/latex/url\url.sty)
(C:\Users\cyril\AppData\Local\Programs\MiKTeX\tex/generic/bitset\bitset.sty
(C:\Users\cyril\AppData\Local\Programs\MiKTeX\tex/generic/bigintcalc\bigintcalc
.sty))
(C:\Users\cyril\AppData\Local\Programs\MiKTeX\tex/latex/base\atbegshi-ltx.sty))
(C:\Users\cyril\AppData\Local\Programs\MiKTeX\tex/latex/hyperref\hxetex.def
(C:\Users\cyril\AppData\Local\Programs\MiKTeX\tex/latex/rerunfilecheck\rerunfil
echeck.sty
(C:\Users\cyril\AppData\Local\Programs\MiKTeX\tex/generic/uniquecounter\uniquec
ounter.sty)))
(C:\Users\cyril\AppData\Local\Programs\MiKTeX\tex/latex/pgfplots\pgfplots.sty
(C:\Users\cyril\AppData\Local\Programs\MiKTeX\tex/generic/pgfplots\pgfplots.rev
ision.tex)
(C:\Users\cyril\AppData\Local\Programs\MiKTeX\tex/generic/pgfplots\pgfplots.cod
e.tex
(C:\Users\cyril\AppData\Local\Programs\MiKTeX\tex/generic/pgfplots\pgfplotscore
.code.tex
(C:\Users\cyril\AppData\Local\Programs\MiKTeX\tex/generic/pgfplots/sys\pgfplots
sysgeneric.code.tex))
(C:\Users\cyril\AppData\Local\Programs\MiKTeX\tex/generic/pgfplots/libs\pgfplot
slibrary.code.tex)
(C:\Users\cyril\AppData\Local\Programs\MiKTeX\tex/generic/pgfplots/oldpgfcompat
ib\pgfplotsoldpgfsupp_loader.code.tex
(C:\Users\cyril\AppData\Local\Programs\MiKTeX\tex/generic/pgf/libraries\pgflibr
aryfpu.code.tex)
Package pgfplots: loading complementary utilities for your pgf version...

(C:\Users\cyril\AppData\Local\Programs\MiKTeX\tex/generic/pgfplots/oldpgfcompat
ib\pgfplotsoldpgfsupp_pgfutil-common-lists.tex))
(C:\Users\cyril\AppData\Local\Programs\MiKTeX\tex/generic/pgfplots/util\pgfplot
sutil.code.tex
(C:\Users\cyril\AppData\Local\Programs\MiKTeX\tex/generic/pgfplots/liststructur
e\pgfplotsliststructure.code.tex)
(C:\Users\cyril\AppData\Local\Programs\MiKTeX\tex/generic/pgfplots/liststructur
e\pgfplotsliststructureext.code.tex)
(C:\Users\cyril\AppData\Local\Programs\MiKTeX\tex/generic/pgfplots/liststructur
e\pgfplotsarray.code.tex)
(C:\Users\cyril\AppData\Local\Programs\MiKTeX\tex/generic/pgfplots/liststructur
e\pgfplotsmatrix.code.tex)
(C:\Users\cyril\AppData\Local\Programs\MiKTeX\tex/generic/pgfplots/numtable\pgf
plotstableshared.code.tex)
(C:\Users\cyril\AppData\Local\Programs\MiKTeX\tex/generic/pgfplots/liststructur
e\pgfplotsdeque.code.tex)
(C:\Users\cyril\AppData\Local\Programs\MiKTeX\tex/generic/pgfplots/util\pgfplot
sbinary.code.tex
(C:\Users\cyril\AppData\Local\Programs\MiKTeX\tex/generic/pgfplots/util\pgfplot
sbinary.data.code.tex))
(C:\Users\cyril\AppData\Local\Programs\MiKTeX\tex/generic/pgfplots/util\pgfplot
sutil.verb.code.tex)
(C:\Users\cyril\AppData\Local\Programs\MiKTeX\tex/generic/pgfplots/libs\pgflibr
arypgfplots.surfshading.code.tex
(C:\Users\cyril\AppData\Local\Programs\MiKTeX\tex/generic/pgfplots/sys\pgflibra
rypgfplots.surfshading.pgfsys-xetex.def
(C:\Users\cyril\AppData\Local\Programs\MiKTeX\tex/generic/pgfplots/sys\pgflibra
rypgfplots.surfshading.pgfsys-dvipdfmx.def))))
(C:\Users\cyril\AppData\Local\Programs\MiKTeX\tex/generic/pgfplots/util\pgfplot
scolormap.code.tex
(C:\Users\cyril\AppData\Local\Programs\MiKTeX\tex/generic/pgfplots/util\pgfplot
scolor.code.tex))
(C:\Users\cyril\AppData\Local\Programs\MiKTeX\tex/generic/pgfplots\pgfplotsstac
kedplots.code.tex)
(C:\Users\cyril\AppData\Local\Programs\MiKTeX\tex/generic/pgfplots\pgfplotsplot
handlers.code.tex
(C:\Users\cyril\AppData\Local\Programs\MiKTeX\tex/generic/pgfplots\pgfplotsmesh
plothandler.code.tex
(C:\Users\cyril\AppData\Local\Programs\MiKTeX\tex/generic/pgfplots\pgfplotsmesh
plotimage.code.tex)))
(C:\Users\cyril\AppData\Local\Programs\MiKTeX\tex/generic/pgfplots\pgfplots.sca
ling.code.tex)
(C:\Users\cyril\AppData\Local\Programs\MiKTeX\tex/generic/pgfplots\pgfplotscoor
dprocessing.code.tex)
(C:\Users\cyril\AppData\Local\Programs\MiKTeX\tex/generic/pgfplots\pgfplots.err
orbars.code.tex)
(C:\Users\cyril\AppData\Local\Programs\MiKTeX\tex/generic/pgfplots\pgfplots.mar
kers.code.tex)
(C:\Users\cyril\AppData\Local\Programs\MiKTeX\tex/generic/pgfplots\pgfplotstick
s.code.tex)
(C:\Users\cyril\AppData\Local\Programs\MiKTeX\tex/generic/pgfplots\pgfplots.pat
hs.code.tex)
(C:\Users\cyril\AppData\Local\Programs\MiKTeX\tex/generic/pgf/frontendlayer/tik
z/libraries\tikzlibrarydecorations.code.tex
(C:\Users\cyril\AppData\Local\Programs\MiKTeX\tex/generic/pgf/modules\pgfmodule
decorations.code.tex))
(C:\Users\cyril\AppData\Local\Programs\MiKTeX\tex/generic/pgf/frontendlayer/tik
z/libraries\tikzlibrarydecorations.pathmorphing.code.tex
(C:\Users\cyril\AppData\Local\Programs\MiKTeX\tex/generic/pgf/libraries/decorat
ions\pgflibrarydecorations.pathmorphing.code.tex))
(C:\Users\cyril\AppData\Local\Programs\MiKTeX\tex/generic/pgf/frontendlayer/tik
z/libraries\tikzlibrarydecorations.pathreplacing.code.tex
(C:\Users\cyril\AppData\Local\Programs\MiKTeX\tex/generic/pgf/libraries/decorat
ions\pgflibrarydecorations.pathreplacing.code.tex))
(C:\Users\cyril\AppData\Local\Programs\MiKTeX\tex/generic/pgfplots/libs\tikzlib
rarypgfplots.contourlua.code.tex))
(C:\Users\cyril\AppData\Local\Programs\MiKTeX\tex/generic/pgf/frontendlayer/tik
z/libraries\tikzlibraryplotmarks.code.tex
(C:\Users\cyril\AppData\Local\Programs\MiKTeX\tex/generic/pgf/libraries\pgflibr
aryplotmarks.code.tex)))
(C:\Users\cyril\AppData\Local\Programs\MiKTeX\tex/generic/pgfplots/libs\tikzlib
rarypgfplots.fillbetween.code.tex
(C:\Users\cyril\AppData\Local\Programs\MiKTeX\tex/generic/pgfplots/pgfcontrib\t
ikzlibraryfillbetween.code.tex
(C:\Users\cyril\AppData\Local\Programs\MiKTeX\tex/generic/pgf/frontendlayer/tik
z/libraries\tikzlibraryintersections.code.tex
(C:\Users\cyril\AppData\Local\Programs\MiKTeX\tex/generic/pgf/libraries\pgflibr
aryintersections.code.tex))
(C:\Users\cyril\AppData\Local\Programs\MiKTeX\tex/generic/pgfplots/pgfcontrib\t
ikzlibrarydecorations.softclip.code.tex
(C:\Users\cyril\AppData\Local\Programs\MiKTeX\tex/generic/pgfplots/pgfcontrib\p
gflibraryfillbetween.code.tex)))
(C:\Users\cyril\AppData\Local\Programs\MiKTeX\tex/generic/pgfplots/libs\tikzlib
rarypgfplots.decorations.softclip.code.tex))
(C:\Users\cyril\AppData\Local\Programs\MiKTeX\tex/generic/pgfplots/libs\tikzlib
rarypgfplots.colormaps.code.tex)
(C:\Users\cyril\AppData\Local\Programs\MiKTeX\tex/generic/pgf/frontendlayer/tik
z/libraries\tikzlibraryarrows.code.tex
(C:\Users\cyril\AppData\Local\Programs\MiKTeX\tex/generic/pgf/libraries\pgflibr
aryarrows.code.tex))
(C:\Users\cyril\AppData\Local\Programs\MiKTeX\tex/generic/pgf/libraries\pgflibr
aryarrows.meta.code.tex)
(C:\Users\cyril\AppData\Local\Programs\MiKTeX\tex/generic/pgf/frontendlayer/tik
z/libraries\tikzlibrarydecorations.markings.code.tex
(C:\Users\cyril\AppData\Local\Programs\MiKTeX\tex/generic/pgf/libraries/decorat
ions\pgflibrarydecorations.markings.code.tex))
(C:\Users\cyril\AppData\Local\Programs\MiKTeX\tex/generic/pgf/frontendlayer/tik
z/libraries\tikzlibrarymatrix.code.tex)
(C:\Users\cyril\AppData\Local\Programs\MiKTeX\tex/generic/pgf/frontendlayer/tik
z/libraries\tikzlibrarypatterns.code.tex
(C:\Users\cyril\AppData\Local\Programs\MiKTeX\tex/generic/pgf/libraries\pgflibr
arypatterns.code.tex))
(C:\Users\cyril\AppData\Local\Programs\MiKTeX\tex/generic/pgf/frontendlayer/tik
z/libraries\tikzlibrarypositioning.code.tex)
(C:\Users\cyril\AppData\Local\Programs\MiKTeX\tex/generic/pgf/frontendlayer/tik
z/libraries\tikzlibraryshadows.code.tex
(C:\Users\cyril\AppData\Local\Programs\MiKTeX\tex/generic/pgf/frontendlayer/tik
z/libraries\tikzlibraryfadings.code.tex
(C:\Users\cyril\AppData\Local\Programs\MiKTeX\tex/generic/pgf/libraries\pgflibr
aryfadings.code.tex)))
(C:\Users\cyril\AppData\Local\Programs\MiKTeX\tex/generic/pgf/frontendlayer/tik
z/libraries\tikzlibraryshapes.code.tex
(C:\Users\cyril\AppData\Local\Programs\MiKTeX\tex/generic/pgf/frontendlayer/tik
z/libraries\tikzlibraryshapes.geometric.code.tex
(C:\Users\cyril\AppData\Local\Programs\MiKTeX\tex/generic/pgf/libraries/shapes\
pgflibraryshapes.geometric.code.tex))
(C:\Users\cyril\AppData\Local\Programs\MiKTeX\tex/generic/pgf/frontendlayer/tik
z/libraries\tikzlibraryshapes.misc.code.tex
(C:\Users\cyril\AppData\Local\Programs\MiKTeX\tex/generic/pgf/libraries/shapes\
pgflibraryshapes.misc.code.tex))
(C:\Users\cyril\AppData\Local\Programs\MiKTeX\tex/generic/pgf/frontendlayer/tik
z/libraries\tikzlibraryshapes.symbols.code.tex
(C:\Users\cyril\AppData\Local\Programs\MiKTeX\tex/generic/pgf/libraries/shapes\
pgflibraryshapes.symbols.code.tex))
(C:\Users\cyril\AppData\Local\Programs\MiKTeX\tex/generic/pgf/frontendlayer/tik
z/libraries\tikzlibraryshapes.arrows.code.tex
(C:\Users\cyril\AppData\Local\Programs\MiKTeX\tex/generic/pgf/libraries/shapes\
pgflibraryshapes.arrows.code.tex))
(C:\Users\cyril\AppData\Local\Programs\MiKTeX\tex/generic/pgf/frontendlayer/tik
z/libraries\tikzlibraryshapes.callouts.code.tex
(C:\Users\cyril\AppData\Local\Programs\MiKTeX\tex/generic/pgf/libraries/shapes\
pgflibraryshapes.callouts.code.tex))
(C:\Users\cyril\AppData\Local\Programs\MiKTeX\tex/generic/pgf/frontendlayer/tik
z/libraries\tikzlibraryshapes.multipart.code.tex
(C:\Users\cyril\AppData\Local\Programs\MiKTeX\tex/generic/pgf/libraries/shapes\
pgflibraryshapes.multipart.code.tex))) (main.aux)
*geometry* driver: auto-detecting
*geometry* detected driver: xetex
(C:\Users\cyril\AppData\Local\Programs\MiKTeX\tex/latex/upquote\upquote.sty)
(C:\Users\cyril\AppData\Local\Programs\MiKTeX\tex/latex/microtype\mt-LatinModer
nRoman.cfg) (main.out) (main.out)
Package pgfplots notification 'compat/show suggested version=true': document ha
s been generated with the most recent feature set (\pgfplotsset{compat=1.18}).


[1]
[2]
[3]
************************************************
Preface Preface
************************************************
************************************************
Preface How to Read This Book
************************************************

[4]
[5] (main.toc
[6]
[7]
[8]
Overfull \hbox (4.49997pt too wide) detected at line 790
 \TU/lmr/m/n/10 1000

Overfull \hbox (4.49997pt too wide) detected at line 795
 \TU/lmr/m/n/10 1011

Overfull \hbox (4.49997pt too wide) detected at line 800
 \TU/lmr/m/n/10 1018

Overfull \hbox (4.49997pt too wide) detected at line 805
 \TU/lmr/m/n/10 1026

Overfull \hbox (4.49997pt too wide) detected at line 810
 \TU/lmr/m/n/10 1032

Overfull \hbox (4.49997pt too wide) detected at line 820
 \TU/lmr/m/n/10 1044

Overfull \hbox (4.49997pt too wide) detected at line 826
 \TU/lmr/m/n/10 1055

Overfull \hbox (4.49997pt too wide) detected at line 832
 \TU/lmr/m/n/10 1065

Overfull \hbox (4.49997pt too wide) detected at line 837
 \TU/lmr/m/n/10 1070

Overfull \hbox (4.49997pt too wide) detected at line 843
 \TU/lmr/m/n/10 1082

Overfull \hbox (4.49997pt too wide) detected at line 849
 \TU/lmr/m/n/10 1092

Overfull \hbox (4.49997pt too wide) detected at line 855
 \TU/lmr/m/n/10 1104

Overfull \hbox (4.49997pt too wide) detected at line 861
 \TU/lmr/m/n/10 1109

Overfull \hbox (4.49997pt too wide) detected at line 867
 \TU/lmr/m/n/10 1115

Overfull \hbox (4.49997pt too wide) detected at line 877
 \TU/lmr/m/n/10 1127

[9]
Overfull \hbox (4.49997pt too wide) detected at line 882
 \TU/lmr/m/n/10 1136

Overfull \hbox (4.49997pt too wide) detected at line 887
 \TU/lmr/m/n/10 1143

Overfull \hbox (4.49997pt too wide) detected at line 893
 \TU/lmr/m/n/10 1152

Overfull \hbox (4.49997pt too wide) detected at line 898
 \TU/lmr/m/n/10 1160

Overfull \hbox (4.49997pt too wide) detected at line 904
 \TU/lmr/m/n/10 1169

Overfull \hbox (4.49997pt too wide) detected at line 911
 \TU/lmr/m/n/10 1180

Overfull \hbox (4.49997pt too wide) detected at line 917
 \TU/lmr/m/n/10 1191

Overfull \hbox (4.49997pt too wide) detected at line 922
 \TU/lmr/m/n/10 1200

Overfull \hbox (4.49997pt too wide) detected at line 927
 \TU/lmr/m/n/10 1207

Overfull \hbox (4.49997pt too wide) detected at line 934
 \TU/lmr/m/n/10 1217

Overfull \hbox (4.49997pt too wide) detected at line 940
 \TU/lmr/m/n/10 1228

Overfull \hbox (4.49997pt too wide) detected at line 945
 \TU/lmr/m/n/10 1240

Overfull \hbox (4.49997pt too wide) detected at line 950
 \TU/lmr/m/n/10 1247

Overfull \hbox (4.49997pt too wide) detected at line 955
 \TU/lmr/m/n/10 1254

Overfull \hbox (4.49997pt too wide) detected at line 960
 \TU/lmr/m/n/10 1260

Overfull \hbox (4.49997pt too wide) detected at line 965
 \TU/lmr/m/n/10 1268

Overfull \hbox (4.49997pt too wide) detected at line 975
 \TU/lmr/m/n/10 1283

Overfull \hbox (4.49997pt too wide) detected at line 982
 \TU/lmr/m/n/10 1288

Overfull \hbox (4.49997pt too wide) detected at line 986
 \TU/lmr/m/n/10 1290

Overfull \hbox (4.49997pt too wide) detected at line 990
 \TU/lmr/m/n/10 1293

Overfull \hbox (4.49997pt too wide) detected at line 995
 \TU/lmr/m/n/10 1296

Overfull \hbox (4.49997pt too wide) detected at line 1001
 \TU/lmr/m/n/10 1301

Overfull \hbox (4.49997pt too wide) detected at line 1009
 \TU/lmr/m/n/10 1307

Overfull \hbox (4.49997pt too wide) detected at line 1016
 \TU/lmr/m/n/10 1313

Overfull \hbox (4.49997pt too wide) detected at line 1020
 \TU/lmr/m/n/10 1315

Overfull \hbox (4.49997pt too wide) detected at line 1026
 \TU/lmr/m/n/10 1322

Overfull \hbox (4.49997pt too wide) detected at line 1030
 \TU/lmr/m/n/10 1324

Overfull \hbox (4.49997pt too wide) detected at line 1036
 \TU/lmr/m/n/10 1328

Overfull \hbox (4.49997pt too wide) detected at line 1044
 \TU/lmr/m/n/10 1338

Overfull \hbox (4.49997pt too wide) detected at line 1051
 \TU/lmr/m/n/10 1344

Overfull \hbox (4.49997pt too wide) detected at line 1056
 \TU/lmr/m/n/10 1347

Overfull \hbox (4.49997pt too wide) detected at line 1062
 \TU/lmr/m/n/10 1352

Overfull \hbox (4.49997pt too wide) detected at line 1066
 \TU/lmr/m/n/10 1356

Overfull \hbox (4.49997pt too wide) detected at line 1070
 \TU/lmr/m/n/10 1360

Overfull \hbox (4.49997pt too wide) detected at line 1078
 \TU/lmr/m/n/10 1368

[10]
Overfull \hbox (4.49997pt too wide) detected at line 1083
 \TU/lmr/m/n/10 1372

Overfull \hbox (4.49997pt too wide) detected at line 1088
 \TU/lmr/m/n/10 1376

Overfull \hbox (4.49997pt too wide) detected at line 1093
 \TU/lmr/m/n/10 1380

Overfull \hbox (4.49997pt too wide) detected at line 1098
 \TU/lmr/m/n/10 1383

Overfull \hbox (4.49997pt too wide) detected at line 1105
 \TU/lmr/m/n/10 1388

Overfull \hbox (4.49997pt too wide) detected at line 1113
 \TU/lmr/m/n/10 1397

Overfull \hbox (4.49997pt too wide) detected at line 1118
 \TU/lmr/m/n/10 1400

Overfull \hbox (4.49997pt too wide) detected at line 1123
 \TU/lmr/m/n/10 1403

Overfull \hbox (4.49997pt too wide) detected at line 1129
 \TU/lmr/m/n/10 1406

Overfull \hbox (4.49997pt too wide) detected at line 1135
 \TU/lmr/m/n/10 1410

Overfull \hbox (4.49997pt too wide) detected at line 1140
 \TU/lmr/m/n/10 1414

Overfull \hbox (4.49997pt too wide) detected at line 1148
 \TU/lmr/m/n/10 1423

Overfull \hbox (4.49997pt too wide) detected at line 1154
 \TU/lmr/m/n/10 1426

Overfull \hbox (4.49997pt too wide) detected at line 1161
 \TU/lmr/m/n/10 1428

Overfull \hbox (4.49997pt too wide) detected at line 1165
 \TU/lmr/m/n/10 1431

Overfull \hbox (4.49997pt too wide) detected at line 1169
 \TU/lmr/m/n/10 1433
)
[11]
************************************************
Part I The Two Questions of Calculus
************************************************

[1]
************************************************
Chapter 1 Velocity, Distance, and the First Shape of Calculus
************************************************
Chapter 1.
(C:\Users\cyril\AppData\Local\Programs\MiKTeX\tex/latex/amsfonts\umsa.fd)
(C:\Users\cyril\AppData\Local\Programs\MiKTeX\tex/latex/microtype\mt-msa.cfg)
(C:\Users\cyril\AppData\Local\Programs\MiKTeX\tex/latex/amsfonts\umsb.fd)
(C:\Users\cyril\AppData\Local\Programs\MiKTeX\tex/latex/microtype\mt-msb.cfg)
(C:\Users\cyril\AppData\Local\Programs\MiKTeX\tex/latex/microtype\mt-cmr.cfg)
************************************************
Section 1.1 The dashboard: speedometer and odometer
************************************************

[2]
************************************************
Subsection Distance as accumulated motion
************************************************
************************************************
Subsection Velocity as changing distance
************************************************

[3]
************************************************
Subsection Units already tell the story
************************************************
************************************************
Subsection The first question: distance to velocity
************************************************

[4]
************************************************
Subsection The second question: velocity to distance
************************************************

[5]
************************************************
Subsection The two questions together
************************************************
************************************************
Section 1.2 Constant velocity: where slope and area first meet
************************************************

[6]
************************************************
Subsection The graph of distance when velocity is constant
************************************************
************************************************
Subsection Slope of the distance graph
************************************************

[7]
************************************************
Subsection Area under the velocity graph
************************************************

[8]
************************************************
Subsection The constant-velocity rule
************************************************
************************************************
Subsection Why slope and area are inverse clues
************************************************

[9]
************************************************
Subsection Why the word “constant” matters
************************************************

[10]
************************************************
Section 1.3 Forward, backward, and signed motion
************************************************
************************************************
Subsection Positive and negative velocity
************************************************

[11]
************************************************
Subsection Displacement versus distance traveled
************************************************

[12]
************************************************
Subsection Area below the time axis
************************************************

[13]
************************************************
Subsection A first piecewise-defined motion
************************************************

[14]
************************************************
Subsection What the sign prepares us for
************************************************
************************************************
Section 1.4 Calculus without limits: finite differences and finite sums
************************************************

Overfull \hbox (3.59106pt too wide) in paragraph at lines 2116--2116
|[]\TU/lmr/bx/n/14.4 Calculus without limits: finite differences and

[15]
************************************************
Subsection Difference tables
************************************************
************************************************
Subsection Accumulated differences telescope
************************************************

[16]
************************************************
Subsection Step velocities and piecewise linear position
************************************************

[17]
************************************************
Subsection Unequal time steps
************************************************

[18]
************************************************
Subsection A warning about absolute values
************************************************
************************************************
Subsection Squares and odd numbers
************************************************

[19]
************************************************
Subsection What finite calculus can and cannot do
************************************************
************************************************
Section 1.5 Changing velocity and the need for limits
************************************************
************************************************
Subsection Average velocity over a time interval
************************************************

[20]
[21]
************************************************
Subsection The word “if” matters
************************************************
************************************************
Subsection The tangent line problem
************************************************

[22]
************************************************
Subsection The area problem
************************************************

[23]
************************************************
Subsection Why finite arithmetic is no longer enough
************************************************

[24]
************************************************
Section 1.6 A first map of the book
************************************************
************************************************
Subsection Derivative: from position to velocity
************************************************
************************************************
Subsection Integral: from velocity to position
************************************************

[25]
************************************************
Subsection Approximation: how to work when exact formulas fail
************************************************
************************************************
Subsection Differential equations: when the law gives the derivative
************************************************

[26]
************************************************
Subsection The road in one picture
************************************************

[27]
************************************************
Section 1.7 Discovery problems and projects
************************************************
************************************************
Subsection Read a trip from a speed graph
************************************************

[28]
************************************************
Subsection Design two different trips with the same displacement
************************************************

[29]
************************************************
Subsection Finite differences of squares and cubes
************************************************

[30]
[31]
************************************************
Subsection A changing slope needs nearness
************************************************

[32]
************************************************
Chapter 2 Numbers, Functions, and Models
************************************************

[33]
Chapter 2.
************************************************
Section 2.1 The real line and intervals
************************************************
************************************************
Subsection Points as numbers
************************************************

[34]
************************************************
Subsection Open, closed, and half-open intervals
************************************************

[35]
************************************************
Subsection Absolute value as distance
************************************************

[36]
[37]
************************************************
Subsection Inequalities as a way to control error
************************************************

[38]
************************************************
Section 2.2 Completeness and the idea of no gaps
************************************************

[39]
************************************************
Subsection Rational numbers and the missing square root
************************************************

[40]
[41]
************************************************
Subsection Least upper bound property
************************************************

[42]
************************************************
Subsection Nested intervals
************************************************

[43]
************************************************
Subsection Completeness creates \(\sqrt 2\)
************************************************

[44]
[45]
************************************************
Subsection Why calculus needs the real numbers
************************************************

[46]
************************************************
Section 2.3 Functions as assignments
************************************************
************************************************
Subsection Input, output, domain, and range
************************************************

[47]
************************************************
Subsection Functions from formulas, graphs, tables, and words
************************************************

[48]
[49]
************************************************
Subsection The natural domain of a formula
************************************************

[50]
[51]
************************************************
Subsection Piecewise-defined functions
************************************************

[52]
************************************************
Subsection The difference quotient as a function of two inputs
************************************************

[53]
[54]
************************************************
Section 2.4 Graphs and transformations
************************************************

[55]
************************************************
Subsection Shifts and scalings
************************************************

[56]
************************************************
Subsection Reflections and stretching
************************************************

[57]
[58]
[59]
************************************************
Subsection Even and odd symmetry
************************************************

[60]
************************************************
Subsection Reading intercepts, sign, and intervals from a graph
************************************************

[61]
[62]
************************************************
Subsection A graph can suggest, but not prove
************************************************

[63]
************************************************
Section 2.5 Combining functions
************************************************
************************************************
Subsection Sums, products, and quotients
************************************************

[64]
[65]
************************************************
Subsection Composition
************************************************

[66]
[67]
[68]
************************************************
Subsection Inverse functions
************************************************

[69]
************************************************
Subsection When an inverse exists
************************************************

[70]
[71]
[72]
[73]
************************************************
Section 2.6 A catalog of essential functions
************************************************
************************************************
Subsection Linear functions and units
************************************************

[74]
************************************************
Subsection Powers and polynomials
************************************************

Overfull \hbox (3.91pt too wide) in paragraph at lines 8347--8348
[]\TU/lmr/m/n/10 They already appeared in the first chapter through finite diff
erences. Squares

[75]
[76]
************************************************
Subsection Rational functions and asymptotic behavior
************************************************

[77]
[78]
************************************************
Subsection Algebraic functions
************************************************

[79]
************************************************
Subsection Trigonometric functions in radians
************************************************

[80]
[81]
************************************************
Subsection Exponential functions
************************************************

[82]
************************************************
Subsection Logarithms as inverse functions
************************************************

[83]
[84]
************************************************
Subsection The catalog at a glance
************************************************

[85]
************************************************
Section 2.7 Models before calculus
************************************************
************************************************
Subsection Linear growth
************************************************

[86]
[87]
************************************************
Subsection Power-law scaling
************************************************

[88]
[89]
************************************************
Subsection Exponential growth and decay
************************************************

[90]
************************************************
Subsection Periodic motion
************************************************

[91]
[92]
************************************************
Subsection Choosing a model from units and data
************************************************

[93]
[94]
************************************************
Section 2.8 Technology and graphs
************************************************
************************************************
Subsection Windows can lie
************************************************

[95]
************************************************
Subsection Sampling can miss behavior
************************************************

[96]
************************************************
Subsection Numerical evidence versus proof
************************************************

[97]
[98]
************************************************
Subsection A first warning about roundoff
************************************************

[99]
************************************************
Section 2.9 Chapter review and discovery problems
************************************************

[100]
************************************************
Subsection Chapter map
************************************************
************************************************
Subsection Concept check: function versus formula
************************************************

[101]
[102]
************************************************
Subsection Skills: intervals, domains, transformations, and inverses
************************************************

[103]
[104]
[105]
************************************************
Subsection Skills: reading a graph
************************************************

[106]
************************************************
Subsection Catalog practice: recognizing function families
************************************************

Overfull \hbox (5.88002pt too wide) in paragraph at lines 11702--11703
\TU/lmr/m/n/10 Classify each model as linear, power-law, polynomial, rational, 
algebraic, trigono-
************************************************
Subsection Counterexamples and proof practice
************************************************

[107]
************************************************
Subsection Technology questions
************************************************

[108]
[109]
************************************************
Subsection Project: fit a simple model to data
************************************************

[110]
************************************************
Subsection Discovery problems
************************************************

[111]
************************************************
Subsection Hook: limits make near into mathematics
************************************************

[112]
************************************************
Part II Limits, Continuity, and the Derivative
************************************************

[113]
[114]
************************************************
Chapter 3 Limits and Continuity
************************************************
Chapter 3.
************************************************
Section 3.1 Limits from motion and approximation
************************************************
************************************************
Subsection Average velocity as the interval shrinks
************************************************

[115]
************************************************
Subsection Decimal approximations to a number
************************************************

[116]
************************************************
Subsection The informal meaning of a limit
************************************************

[117]
[118]
************************************************
Subsection Limits from graphs and tables
************************************************

[119]
************************************************
Subsection What a limit can ignore
************************************************
************************************************
Section 3.2 Calculating limits
************************************************
************************************************
Subsection A first limit law from an example
************************************************

[120]
************************************************
Subsection Limit laws
************************************************

[121]
[122]
************************************************
Subsection Polynomials and direct substitution
************************************************
************************************************
Subsection Rational functions
************************************************

[123]
************************************************
Subsection Removing a removable discontinuity
************************************************

[124]
[125]
************************************************
Subsection When cancellation does not save the limit
************************************************
************************************************
Subsection The squeeze idea
************************************************

[126]
[127]
************************************************
Subsection A short guide to the first limit tools
************************************************
************************************************
Section 3.3 One-sided limits and infinite behavior
************************************************
************************************************
Subsection Left-hand and right-hand limits
************************************************

[128]
[129]
[130]
************************************************
Subsection Infinite limits and vertical asymptotes
************************************************

[131]
[132]
************************************************
Subsection Limits at infinity
************************************************

[133]
[134]
************************************************
Subsection Horizontal and slant asymptotes
************************************************

[135]
[136]
************************************************
Subsection A map of the new behaviors
************************************************

[137]
Overfull \hbox (7.55862pt too wide) detected at line 14695
[]
************************************************
Section 3.4 The precise definition of a limit
************************************************
************************************************
Subsection The epsilon challenge
************************************************

[138]
************************************************
Subsection Delta as a response
************************************************

[139]
************************************************
Subsection Why the point \(x=a\) is excluded
************************************************

[140]
************************************************
Subsection Proving simple limits
************************************************

[141]
[142]
[143]
************************************************
Subsection Why the definition matches the picture
************************************************

[144]
[145]
************************************************
Subsection One-sided versions of the precise definition
************************************************
************************************************
Subsection What the definition gives us
************************************************
************************************************
Section 3.5 Continuity
************************************************

[146]
************************************************
Subsection Continuity at a point
************************************************

[147]
************************************************
Subsection Holes and continuous extensions
************************************************

[148]
[149]
************************************************
Subsection Continuity on an interval
************************************************

[150]
************************************************
Subsection Algebra of continuous functions
************************************************

[151]
************************************************
Subsection Continuity of compositions
************************************************

[152]
[153]
[154]
[155]
[156]
************************************************
Subsection Three common discontinuities
************************************************

[157]
************************************************
Subsection A continuity checklist
************************************************
************************************************
Section 3.6 Two theorems about continuous functions
************************************************

[158]
************************************************
Subsection Intermediate values
************************************************

[159]
************************************************
Subsection Bisection as a constructive proof idea
************************************************

[160]
[161]
************************************************
Subsection Why continuity is required
************************************************

[162]
************************************************
Subsection Highest and lowest values
************************************************

[163]
************************************************
Subsection Why closed and bounded intervals matter
************************************************

[164]
Overfull \hbox (5.16501pt too wide) detected at line 17507
[]
************************************************
Subsection Why these two theorems matter
************************************************

[165]
************************************************
Section 3.7 Warning examples
************************************************
************************************************
Subsection A function with no limit at a jump
************************************************

[166]
************************************************
Subsection A limit that is infinite, not finite
************************************************

[167]
************************************************
Subsection The Intermediate Value Theorem fails without continuity
************************************************

[168]
************************************************
Subsection The Extreme Value Theorem fails on an open interval
************************************************

[169]
************************************************
Subsection The Extreme Value Theorem fails on an unbounded interval
************************************************

[170]
************************************************
Subsection A map of the warnings
************************************************
************************************************
Section 3.8 Sequences as limits indexed by whole numbers
************************************************

[171]
************************************************
Subsection Sequence notation
************************************************

[172]
************************************************
Subsection Convergence and divergence
************************************************

[173]
[174]
************************************************
Subsection Monotone bounded sequences
************************************************

[175]
[176]
[177]
************************************************
Subsection Bisection as a sequence
************************************************

Overfull \hbox (2.17001pt too wide) in paragraph at lines 18883--18884
\TU/lmr/m/n/10 The bisection method from the Intermediate Value Theorem produce
s sequences

[178]
************************************************
Subsection Sequences as preparation for infinite series
************************************************

[179]
************************************************
Section 3.9 Chapter review and discovery problems
************************************************

[180]
************************************************
Subsection The chapter in one picture
************************************************
************************************************
Subsection A decision guide for limits and continuity
************************************************

[181]
************************************************
Subsection Review problems
************************************************

[182]
[183]
[184]
[185]
[186]
[187]
************************************************
Subsection Project: bisection method for a root
************************************************

[188]
[189]
************************************************
Subsection Discovery problems: secant slopes becoming tangent slopes
************************************************

Overfull \hbox (2.64201pt too wide) in paragraph at lines 19977--19977
|\TU/lmr/bx/n/12 Discovery problems: secant slopes becoming tangent slopes| 

[190]
[191]
************************************************
Subsection End-of-chapter hook
************************************************
************************************************
Chapter 4 The Derivative
************************************************

[192]
Chapter 4.
************************************************
Section 4.1 Average rate of change
************************************************
************************************************
Subsection Secant slope
************************************************

[193]
[194]
************************************************
Subsection Average velocity
************************************************

[195]
Overfull \hbox (1.2554pt too wide) in paragraph at lines 20465--20466
[] []\TU/lmr/bx/n/10 Displacement, not distance traveled.[] \TU/lmr/m/n/10 Aver
age velocity uses signed change
************************************************
Subsection Average rate from data
************************************************

[196]
************************************************
Subsection Units of a rate
************************************************

[197]
************************************************
Section 4.2 Instantaneous rate of change
************************************************
************************************************
Subsection Shrinking the time interval
************************************************

[198]
************************************************
Subsection The derivative at a point
************************************************

[199]
[200]
************************************************
Subsection Tangent slope
************************************************

[201]
[202]
************************************************
Subsection The derivative as a limit
************************************************

[203]
************************************************
Section 4.3 The derivative as a function
************************************************

[204]
************************************************
Subsection From one tangent slope to many
************************************************

[205]
[206]
************************************************
Subsection Notations for the derivative
************************************************

[207]
[208]
************************************************
Subsection Reading \(f'\) from the graph of \(f\)
************************************************

[209]
************************************************
Subsection Reading \(f\) from the graph of \(f'\)
************************************************

[210]
************************************************
Section 4.4 Local linear approximation
************************************************
************************************************
Subsection The tangent line as a local model
************************************************

[211]
[212]
************************************************
Subsection The formula \(f(a+h)\approx f(a)+f'(a)h\)
************************************************

[213]
************************************************
Subsection Why differentiability means local linearity
************************************************

[214]
[215]
************************************************
Subsection Differentials
************************************************

[216]
************************************************
Subsection Sensitivity and propagated error
************************************************

[217]
[218]
************************************************
Section 4.5 Differentiability and continuity
************************************************
************************************************
Subsection Differentiability implies continuity
************************************************

[219]
[220]
************************************************
Subsection Why the converse is false
************************************************

[221]
************************************************
Subsection Corners, cusps, vertical tangents, and jumps
************************************************

[222]
[223]
************************************************
Subsection The absolute value as the first warning example
************************************************

[224]
************************************************
Subsection A note about endpoints
************************************************
************************************************
Section 4.6 First derivative formulas
************************************************

[225]
************************************************
Subsection Constant and identity functions
************************************************

[226]
************************************************
Subsection Power functions with positive integer powers
************************************************

[227]
[228]
************************************************
Subsection A polynomial example
************************************************
************************************************
Subsection Constant multiples and sums
************************************************

Underfull \hbox (badness 10000) in paragraph at lines 24245--24253


[229]
************************************************
Subsection The polynomial rule
************************************************

[230]
[231]
************************************************
Subsection Derivative notation in formulas
************************************************

[232]
************************************************
Subsection What we have proved so far
************************************************
************************************************
Subsection What these formulas do not yet cover
************************************************
************************************************
Section 4.7 Motion revisited
************************************************

[233]
************************************************
Subsection Position, velocity, and acceleration
************************************************

[234]
[235]
************************************************
Subsection Speed versus velocity
************************************************

[236]
[237]
************************************************
Subsection Falling under constant acceleration
************************************************

[238]
[239]
[240]
************************************************
Subsection Units and signs in motion problems
************************************************

[241]
[242]
[243]
************************************************
Section 4.8 Warning examples
************************************************
************************************************
Subsection A continuous function with no derivative at one point
************************************************

[244]
************************************************
Subsection Optional: a derivative that exists but is not continuous
************************************************

[245]
[246]
[247]
************************************************
Subsection A graphing calculator can miss a sharp corner
************************************************

[248]
************************************************
Section 4.9 Chapter review and discovery problems
************************************************

[249]
************************************************
Subsection Skills: derivative from definition
************************************************

[250]
[251]
[252]
[253]
************************************************
Subsection Concept check: tangent line versus secant line
************************************************

[254]
************************************************
Subsection Project: estimating velocity from noisy position data
************************************************

[255]
[256]
************************************************
Subsection Hook: why the definition is not enough
************************************************

[257]
************************************************
Chapter 5 Differentiation Rules and Elementary Functions
************************************************

[258]
Chapter 5.
************************************************
Section 5.1 The algebra of derivatives
************************************************
************************************************
Subsection Scaling a changing quantity
************************************************

[259]
************************************************
Subsection Constants disappear
************************************************

[260]
************************************************
Subsection Adding changing quantities
************************************************

[261]
************************************************
Subsection Linearity of the derivative
************************************************

[262]
************************************************
Subsection Derivatives of polynomials
************************************************

[263]
************************************************
Subsection Why these rules are not enough
************************************************

[264]
************************************************
Section 5.2 Product and quotient rules
************************************************
************************************************
Subsection Why the product rule has two terms
************************************************

[265]
************************************************
Subsection Product rule from changing area
************************************************

[266]
[267]
************************************************
Subsection Using the product rule
************************************************

[268]
[269]
************************************************
Subsection The reciprocal rule
************************************************

[270]
[271]
************************************************
Subsection The quotient rule
************************************************

[272]
************************************************
Subsection When a denominator erases a point
************************************************

[273]
************************************************
Subsection The rules so far
************************************************

[274]
************************************************
Section 5.3 The chain rule
************************************************
************************************************
Subsection A temperature that changes because position changes
************************************************

[275]
************************************************
Subsection Composition as change inside change
************************************************

[276]
************************************************
Subsection The chain rule formula
************************************************

[277]
[278]
[279]
************************************************
Subsection Why the chain rule is true
************************************************

[280]
************************************************
Subsection Why the hypotheses are there
************************************************

[281]
************************************************
Subsection Tree diagrams for nested functions
************************************************

[282]
************************************************
Subsection The order of composition matters
************************************************

[283]
************************************************
Subsection Chain rule in differential notation
************************************************

[284]
************************************************
Section 5.4 Implicit differentiation
************************************************
************************************************
Subsection Curves not solved for \(y\)
************************************************

[285]
[286]
************************************************
Subsection Differentiating both sides
************************************************

[287]
[288]
************************************************
Subsection The chain rule is doing the hidden work
************************************************

[289]
************************************************
Subsection When the method warns us
************************************************

[290]
************************************************
Subsection Higher derivatives implicitly
************************************************

[291]
[292]
************************************************
Subsection What implicit differentiation gives us
************************************************

[293]
************************************************
Section 5.5 Derivatives of trigonometric functions
************************************************
************************************************
Subsection Radians and the limit \(\sin h/h\to 1\)
************************************************

[294]
[295]
************************************************
Subsection The derivative of sine
************************************************

[296]
[297]
************************************************
Subsection The derivative of cosine
************************************************

[298]
[299]
************************************************
Subsection Tangent, secant, cosecant, and cotangent
************************************************

[300]
[301]
************************************************
Subsection Why radians are required
************************************************
************************************************
Subsection A preview of simple harmonic motion
************************************************

[302]
[303]
************************************************
Section 5.6 Derivatives of exponential and logarithmic functions
************************************************
************************************************
Subsection Exponential growth as a rate law
************************************************

[304]
************************************************
Subsection The special base \(e\)
************************************************

[305]
************************************************
Subsection The derivative of \(e^{u(x)}\)
************************************************

[306]
************************************************
Subsection The derivative of \(a^x\)
************************************************

[307]
[308]
************************************************
Subsection The derivative of \(\ln x\)
************************************************

[309]
[310]
[311]
************************************************
Subsection Logarithms with other bases
************************************************
************************************************
Subsection Logarithmic differentiation
************************************************

[312]
[313]
[314]
************************************************
Subsection The derivative table so far
************************************************
************************************************
Section 5.7 Inverse functions and inverse trigonometric functions
************************************************
************************************************
Subsection The derivative of an inverse function
************************************************

[315]
[316]
[317]
[318]
************************************************
Subsection Why the nonzero derivative matters
************************************************

[319]
************************************************
Subsection Inverse trigonometric functions
************************************************

[320]
[321]
************************************************
Subsection The derivative of \(\arcsin x\)
************************************************

[322]
************************************************
Subsection The derivatives of \(\arccos x\) and \(\arctan x\)
************************************************

[323]
[324]
************************************************
Subsection A table of inverse trigonometric derivatives
************************************************

Overfull \hbox (6.15001pt too wide) in paragraph at lines 34524--34525
[]\TU/lmr/m/n/10 The remaining inverse trigonometric derivatives follow from th
e same method.

[325]
************************************************
Subsection Inverse trigonometric derivatives as an integration preview
************************************************

Overfull \hbox (0.95001pt too wide) in paragraph at lines 34538--34546
\TU/lmr/m/n/10 the branch choices and the sign of the trigonometric functions o
n those branches.

Underfull \hbox (badness 10000) in paragraph at lines 34538--34546


[326]
************************************************
Section 5.8 General power rule and hyperbolic functions
************************************************
************************************************
Subsection The derivative of \(x^r\)
************************************************

[327]
[328]
************************************************
Subsection Hyperbolic sine and cosine
************************************************

[329]
[330]
[331]
************************************************
Subsection Hyperbolic identities
************************************************

[332]
************************************************
Subsection Hyperbolic tangent and its derivative
************************************************

[333]
[334]
************************************************
Subsection Why hyperbolic functions appear in hanging cables
************************************************

[335]
************************************************
Subsection The derivative table at the end of Chapter 5
************************************************

[336]
************************************************
Section 5.9 Warning examples
************************************************
************************************************
Subsection The product rule is not \((fg)'=f'g'\)
************************************************

[337]
[338]
[339]
************************************************
Subsection The chain rule needs the order of composition
************************************************

[340]
************************************************
Subsection An inverse can fail to be differentiable
************************************************

[341]
[342]
************************************************
Subsection A rule checklist
************************************************
************************************************
Section 5.10 Chapter review and discovery problems
************************************************

[343]
************************************************
Subsection Chapter map
************************************************
************************************************
Subsection Derivative table
************************************************

[344]
************************************************
Subsection Worked mixed examples
************************************************

[345]
[346]
************************************************
Subsection Skills: mixed derivative calculations
************************************************

[347]
[348]
************************************************
Subsection Implicit differentiation practice
************************************************

[349]
************************************************
Subsection Concept check
************************************************
************************************************
Subsection True or false
************************************************

[350]
************************************************
Subsection Proof practice
************************************************

[351]
[352]
************************************************
Subsection Project: derivative formulas from numerical experiments
************************************************

[353]
[354]
************************************************
Subsection Discovery problems
************************************************

[355]
[356]
************************************************
Subsection Where the chapter points next
************************************************

[357]
************************************************
Part III What Derivatives Reveal
************************************************

[358]
[359]
************************************************
Chapter 6 Shape, Extremes, and the Mean Value Theorem
************************************************
Chapter 6.
************************************************
Section 6.1 Increasing and decreasing functions
************************************************
************************************************
Subsection Reading motion from the sign of velocity
************************************************

[360]
************************************************
Subsection Increasing and decreasing functions
************************************************

[361]
************************************************
Subsection The first derivative sign rule
************************************************

[362]
************************************************
Subsection First derivative sign charts
************************************************

[363]
************************************************
Subsection Critical numbers
************************************************

[364]
************************************************
Section 6.2 Local and absolute extrema
************************************************
************************************************
Subsection Local maximum and local minimum
************************************************

[365]
************************************************
Subsection Fermat’s theorem
************************************************

[366]
************************************************
Subsection Why Fermat’s hypotheses matter
************************************************

[367]
************************************************
Subsection The first derivative test
************************************************

[368]
************************************************
Subsection Absolute extrema and the closed interval method
************************************************

[369]
************************************************
Subsection The closed interval method
************************************************

[370]
************************************************
Subsection Where this points
************************************************

[371]
************************************************
Section 6.3 Rolle’s Theorem and the Mean Value Theorem
************************************************
************************************************
Subsection A road trip with average velocity
************************************************

[372]
[373]
************************************************
Subsection Rolle’s Theorem
************************************************

[374]
************************************************
Subsection Why Rolle’s hypotheses matter
************************************************
************************************************
Subsection The Mean Value Theorem
************************************************

[375]
[376]
************************************************
Subsection Why the Mean Value Theorem hypotheses matter
************************************************

[377]
************************************************
Subsection Consequences of the Mean Value Theorem
************************************************

[378]
************************************************
Subsection The first derivative sign rule, proved
************************************************

[379]
************************************************
Subsection A useful bound from derivatives
************************************************
************************************************
Subsection Where this points
************************************************

[380]
************************************************
Section 6.4 Concavity and second derivatives
************************************************
************************************************
Subsection Velocity changing: acceleration
************************************************

[381]
************************************************
Subsection Concave up and concave down
************************************************

[382]
************************************************
Subsection A sign chart for the second derivative
************************************************

[383]
************************************************
Subsection Inflection points
************************************************

[384]
************************************************
Subsection The second derivative test
************************************************

[385]
[386]
************************************************
Subsection When the second derivative test is inconclusive
************************************************

[387]
************************************************
Subsection Where this points
************************************************
************************************************
Section 6.5 Graph sketching with calculus
************************************************
************************************************
Subsection Sign charts for \(f'\) and \(f''\)
************************************************

[388]
[389]
************************************************
Subsection Asymptotes and end behavior
************************************************

[390]
[391]
************************************************
Subsection A complete curve-sketching workflow
************************************************

[392]
[393]
[394]
[395]
************************************************
Subsection When technology helps and when it misleads
************************************************

[396]
[397]
************************************************
Subsection Where this points
************************************************
************************************************
Section 6.6 Indeterminate forms and l’Hospital’s Rule
************************************************
************************************************
Subsection The forms \(0/0\) and \(\infty /\infty \)
************************************************

[398]
************************************************
Subsection Why derivatives can reveal a limiting ratio
************************************************

[399]
************************************************
Subsection l’Hospital’s Rule
************************************************

[400]
[401]
************************************************
Subsection Idea of the proof
************************************************

[402]
************************************************
Subsection Other indeterminate forms
************************************************

[403]
[404]
[405]
************************************************
Subsection Comparing growth rates
************************************************
************************************************
Subsection When l’Hospital’s Rule cannot be used
************************************************

[406]
[407]
************************************************
Subsection Where this points
************************************************
************************************************
Section 6.7 Warning examples
************************************************
************************************************
Subsection Fermat’s theorem fails at an endpoint
************************************************

[408]
************************************************
Subsection The Mean Value Theorem fails without continuity
************************************************

[409]
************************************************
Subsection The Mean Value Theorem fails without differentiability
************************************************

[410]
************************************************
Subsection The second derivative test can be inconclusive
************************************************

[411]
[412]
************************************************
Subsection l’Hospital’s Rule cannot be used on every quotient
************************************************

[413]
************************************************
Subsection A theorem-use checklist
************************************************

[414]
************************************************
Section 6.8 Chapter review and discovery problems
************************************************
************************************************
Subsection The chapter’s map
************************************************

[415]
************************************************
Subsection A complete review example
************************************************

[416]
************************************************
Subsection Concept checks
************************************************

[417]
************************************************
Subsection Skills: graph from derivatives
************************************************

[418]
************************************************
Subsection Extrema and closed interval practice
************************************************

[419]
************************************************
Subsection Mean Value Theorem practice
************************************************

[420]
************************************************
Subsection Proof practice with the Mean Value Theorem
************************************************

[421]
************************************************
Subsection l’Hospital’s Rule practice
************************************************

[422]
************************************************
Subsection Counterexample problems
************************************************

[423]
************************************************
Subsection Project: reconstruct a trip from acceleration data
************************************************

[424]
[425]
************************************************
Subsection Discovery problems
************************************************

[426]
************************************************
Subsection Where this points
************************************************
************************************************
Chapter 7 Optimization, Related Rates, and Models
************************************************

[427]
Chapter 7.
************************************************
Section 7.1 Related rates
************************************************
************************************************
Subsection Quantities changing together
************************************************

[428]
[429]
************************************************
Subsection Differentiating a relation with respect to time
************************************************

[430]
************************************************
Subsection Geometry problems: ladders, shadows, cones
************************************************

[431]
[432]
[433]
[434]
************************************************
Subsection Units as a guardrail
************************************************

[435]
Overfull \hbox (5.36pt too wide) detected at line 45583
[]

[436]
************************************************
Section 7.2 Optimization problems
************************************************
************************************************
Subsection Translating a word problem into a function
************************************************

[437]
[438]
************************************************
Subsection Constraints in one variable
************************************************

[439]
************************************************
Subsection Geometry: boxes, fences, cans, and light paths
************************************************

[440]
[441]
[442]
[443]
************************************************
Subsection Endpoint checks and physical feasibility
************************************************

[444]
************************************************
Section 7.3 Linear approximation in applications
************************************************

[445]
************************************************
Subsection Estimating hard numbers quickly
************************************************

[446]
[447]
************************************************
Subsection Error propagation
************************************************

[448]
[449]
************************************************
Subsection Relative and percentage error
************************************************

[450]
[451]
************************************************
Subsection Sensitivity in measurement
************************************************

[452]
[453]
************************************************
Section 7.4 Newton’s method
************************************************
************************************************
Subsection Tangent lines as root finders
************************************************

[454]
[455]
************************************************
Subsection The iteration formula
************************************************

[456]
[457]
************************************************
Subsection Convergence when the starting point is good
************************************************

[458]
************************************************
Subsection Failure modes: cycles and bad tangents
************************************************

[459]
[460]
************************************************
Subsection How to use Newton’s method safely
************************************************

[461]
************************************************
Section 7.5 Exponential growth and decay
************************************************
************************************************
Subsection Assume the initial amount \(y_0>0\) in growth, decay, doubling-time,
 and half-life models. The differential equation \(y'=ky\)
************************************************

Overfull \hbox (5.2995pt too wide) in paragraph at lines 48270--48270
|\TU/lmr/bx/n/12 Assume the initial amount $\OML/cmm/m/it/12 y[] > \OT1/cmr/m/n
/12 0$ \TU/lmr/bx/n/12 in growth, decay, doubling-

[462]
[463]
[464]
************************************************
Subsection Half-life and doubling time
************************************************

[465]
[466]
************************************************
Subsection Continuously compounded interest
************************************************

[467]
************************************************
Subsection Newton’s law of cooling
************************************************

[468]
[469]
************************************************
Subsection What exponential models assume
************************************************

[470]
************************************************
Section 7.6 Logistic growth and limited resources
************************************************

[471]
************************************************
Subsection Why pure exponential growth cannot last
************************************************

[472]
************************************************
Subsection The logistic differential equation
************************************************
************************************************
Subsection Equilibria and stability from a graph
************************************************

[473]
[474]
************************************************
Subsection The logistic formula
************************************************

[475]
[476]
[477]
************************************************
Subsection Population and spread models
************************************************

[478]
************************************************
Subsection What logistic models assume
************************************************

[479]
************************************************
Section 7.7 Light, time, and extremal principles
************************************************
************************************************
Subsection Reflection from shortest path
************************************************

[480]
[481]
************************************************
Subsection Refraction and Snell’s law
************************************************

[482]
[483]
[484]
************************************************
Subsection The seed of the calculus of variations
************************************************

[485]
************************************************
Section 7.8 Warning examples
************************************************
************************************************
Subsection A critical point outside the physical domain
************************************************

[486]
[487]
************************************************
Subsection A local maximum that is not the absolute maximum
************************************************

[488]
************************************************
Subsection Newton’s method can find the wrong root
************************************************

[489]
************************************************
Subsection Newton’s method may not converge
************************************************

[490]
************************************************
Subsection The common lesson
************************************************
************************************************
Section 7.9 Chapter review and applications
************************************************

[491]
************************************************
Subsection The chapter in one map
************************************************

[492]
************************************************
Subsection Formulas to remember
************************************************
************************************************
Subsection Skills: related rates and optimization
************************************************

[493]
************************************************
Subsection Review problems
************************************************

[494]
[495]
************************************************
Subsection Project: design a least-material container
************************************************

[496]
[497]
[498]
************************************************
Subsection Project: model cooling data
************************************************

[499]
[500]
[501]
************************************************
Subsection Concept checks
************************************************

[502]
************************************************
Subsection Where this points
************************************************
************************************************
Part IV Integrals and the Fundamental Theorem
************************************************

[503]
[504]
************************************************
Chapter 8 The Integral as Accumulation
************************************************
Chapter 8.
************************************************
Section 8.1 Distance from velocity
************************************************

[505]
************************************************
Subsection Constant velocity revisited
************************************************

[506]
************************************************
Subsection Piecewise constant velocity
************************************************

[507]
[508]
************************************************
Subsection Estimating distance from sampled speeds
************************************************

[509]
************************************************
Subsection Signed displacement versus total distance
************************************************

[510]
[511]
************************************************
Section 8.2 Area under a graph
************************************************
************************************************
Subsection Rectangular estimates
************************************************

[512]
************************************************
Subsection Left, right, and midpoint sums
************************************************

[513]
************************************************
Subsection Upper and lower sums
************************************************

[514]
[515]
************************************************
Subsection Area as a limiting process
************************************************

[516]
[517]
************************************************
Section 8.3 Sigma notation and finite sums
************************************************

[518]
************************************************
Subsection Summation notation
************************************************

[519]
************************************************
Subsection Sigma notation for rectangular sums
************************************************

[520]
[521]
************************************************
Subsection Arithmetic sums
************************************************

[522]
************************************************
Subsection Basic rules for finite sums
************************************************

[523]
************************************************
Subsection Geometric sums
************************************************

[524]
************************************************
Subsection Sums of powers
************************************************

[525]
[526]
************************************************
Subsection From finite sums to integrals
************************************************

[527]
[528]
************************************************
Section 8.4 The definite integral
************************************************
************************************************
Subsection Partitions and sample points
************************************************

[529]
[530]
************************************************
Subsection Riemann sums
************************************************

[531]
************************************************
Subsection Definition of the definite integral
************************************************

[532]
************************************************
Subsection Equal-width Riemann sums
************************************************

[533]
************************************************
Subsection Computing an integral from the definition
************************************************

[534]
************************************************
Subsection Why the sample point should not matter
************************************************

[535]
************************************************
Subsection Integrability, informally first
************************************************

[536]
************************************************
Section 8.5 Signed area and net change
************************************************

[537]
************************************************
Subsection Area above the axis
************************************************
************************************************
Subsection Area below the axis
************************************************

[538]
************************************************
Subsection A graph with both signs
************************************************

[539]
************************************************
Subsection Cancellation and meaning
************************************************
************************************************
Subsection Velocity: displacement versus distance traveled
************************************************

[540]
************************************************
Subsection Total accumulation from absolute value
************************************************

[541]
[542]
************************************************
Section 8.6 Properties of the integral
************************************************
************************************************
Subsection Linearity
************************************************

[543]
************************************************
Subsection Additivity over intervals
************************************************

[544]
************************************************
Subsection Orientation of the interval
************************************************

[545]
************************************************
Subsection Order properties
************************************************

[546]
************************************************
Subsection Net change is no larger than total change
************************************************

[547]
************************************************
Subsection Average value of a function
************************************************

[548]
************************************************
Subsection The average value is really attained when \(f\) is continuous
************************************************

[549]
************************************************
Subsection Symmetry
************************************************

[550]
************************************************
Subsection Where the properties come from
************************************************

[551]
************************************************
Section 8.7 Existence of integrals
************************************************
************************************************
Subsection The upper-lower test
************************************************

[552]
[553]
************************************************
Subsection Continuous functions are integrable
************************************************

[554]
[555]
************************************************
Subsection Monotone functions are integrable
************************************************

[556]
************************************************
Subsection Functions with finitely many jump discontinuities
************************************************

[557]
[558]
************************************************
Subsection A bounded function that is not Riemann integrable
************************************************

[559]
************************************************
Section 8.8 Chapter review and discovery problems
************************************************

[560]
************************************************
Subsection Skills: set up Riemann sums
************************************************

[561]
[562]
[563]
************************************************
Subsection Project: estimate energy use from power data
************************************************

[564]
************************************************
Subsection Computing: compare left, right, midpoint, and trapezoid estimates
************************************************

[565]
[566]
[567]
************************************************
Subsection Hook: an accumulation function has a slope
************************************************

[568]
************************************************
Chapter 9 The Fundamental Theorem of Calculus
************************************************

[569]
Chapter 9.
************************************************
Section 9.1 Accumulation functions
************************************************
************************************************
Subsection Area with a moving endpoint
************************************************

[570]
************************************************
Subsection \(A(x)=\DOTSI \intop \ilimits@ _a^x f(t)\,dt\)
************************************************

[571]
[572]
************************************************
Subsection Estimating the change in an accumulation function
************************************************

[573]
************************************************
Subsection The slope of accumulated area
************************************************

[574]
************************************************
Section 9.2 Fundamental Theorem, Part I
************************************************
************************************************
Subsection The derivative of an accumulation function
************************************************
************************************************
Subsection Continuity as the needed hypothesis
************************************************

[575]
[576]
************************************************
Subsection Geometric proof idea
************************************************
************************************************
Subsection Proof of Part I
************************************************

[577]
************************************************
Subsection Examples with variable upper limits
************************************************

[578]
[579]
************************************************
Subsection What Part I gives us
************************************************

[580]
************************************************
Section 9.3 Fundamental Theorem, Part II
************************************************

[581]
************************************************
Subsection Antiderivatives evaluate definite integrals
************************************************

[582]
************************************************
Subsection The statement of Part II
************************************************

[583]
************************************************
Subsection Proof of Part II
************************************************

[584]
************************************************
Subsection Why the interval hypothesis matters
************************************************

[585]
************************************************
Subsection The net change theorem
************************************************

[586]
************************************************
Subsection Position from velocity
************************************************

[587]
[588]
************************************************
Subsection Accumulated rate in science and economics
************************************************

[589]
[590]
************************************************
Section 9.4 Indefinite integrals
************************************************
************************************************
Subsection Antiderivative families
************************************************

[591]
[592]
************************************************
Subsection The constant of integration
************************************************

[593]
************************************************
Subsection Initial value problems
************************************************

[594]
[595]
************************************************
Subsection Basic antiderivative formulas
************************************************

[596]
[597]
************************************************
Subsection Linearity of indefinite integrals
************************************************

[598]
************************************************
Subsection When guessing is not enough
************************************************
************************************************
Section 9.5 Differential notation and oriented length
************************************************

[599]
************************************************
Subsection \(dx\) as an oriented step
************************************************

[600]
************************************************
Subsection \(f(x)\,dx\) as the thing being accumulated
************************************************

[601]
[602]
************************************************
Subsection Pulling an integrand through \(x=g(u)\)
************************************************

[603]
[604]
************************************************
Subsection The one-dimensional seed of differential forms
************************************************

[605]
[606]
************************************************
Subsection What the notation is allowed to do
************************************************
************************************************
Section 9.6 Warning examples
************************************************
************************************************
Subsection A discontinuity and the derivative of an accumulation function
************************************************

[607]
[608]
************************************************
Subsection Forgetting the new limits in substitution
************************************************

[609]
[610]
************************************************
Subsection Treating \(\DOTSI \intop \ilimits@ f(x)\,dx\) like multiplication
************************************************

[611]
[612]
************************************************
Subsection Confusing area with net signed area
************************************************

[613]
************************************************
Subsection What these warnings protect
************************************************

[614]
************************************************
Section 9.7 Chapter review and discovery problems
************************************************
************************************************
Subsection Chapter map
************************************************

[615]
************************************************
Subsection Skills: FTC and substitution
************************************************

[616]
[617]
[618]
[619]
[620]
************************************************
Subsection Concept checks
************************************************

[621]
************************************************
Subsection Warning checks
************************************************

[622]
************************************************
Subsection Proof practice: FTC Part I in a simple case
************************************************

[623]
[624]
************************************************
Subsection Project: reconstruct a function from its rate
************************************************

[625]
[626]
************************************************
Subsection Where this points
************************************************

[627]
************************************************
Part V Applications and Techniques of Integration
************************************************

[628]
[629]
************************************************
Chapter 10 What Integrals Measure
************************************************
Chapter 10.
************************************************
Section 10.1 Area between curves
************************************************
************************************************
Subsection Top minus bottom
************************************************

[630]
[631]
************************************************
Subsection Why we cannot skip the picture
************************************************

[632]
************************************************
Subsection Right minus left
************************************************

[633]
[634]
************************************************
Subsection Splitting at intersections
************************************************

[635]
************************************************
Subsection Area from data and graphs
************************************************

[636]
************************************************
Section 10.2 Volumes by slicing
************************************************

[637]
************************************************
Subsection Cross-sectional area as a function
************************************************

[638]
************************************************
Subsection Solids of revolution: disks and washers
************************************************

[639]
[640]
[641]
************************************************
Subsection Non-circular cross sections
************************************************

[642]
************************************************
Subsection Choosing the slicing direction
************************************************

[643]
************************************************
Subsection A slicing checklist
************************************************
************************************************
Subsection Where this points
************************************************

[644]
************************************************
Section 10.3 Cylindrical shells
************************************************
************************************************
Subsection A thin shell unwrapped
************************************************

[645]
************************************************
Subsection The shell method formula
************************************************

[646]
[647]
************************************************
Subsection When shells beat washers
************************************************

[648]
************************************************
Subsection Comparing two methods on the same solid
************************************************

[649]
[650]
************************************************
Subsection Shells around a horizontal axis
************************************************

[651]
************************************************
Section 10.4 Mass, density, and center of mass
************************************************
************************************************
Subsection Linear density and mass of a rod
************************************************

[652]
************************************************
Subsection Moments
************************************************

[653]
************************************************
Subsection Center of mass on a line
************************************************

[654]
[655]
[656]
************************************************
Subsection Uniform density as a check
************************************************
************************************************
Subsection A lamina preview by slices
************************************************

[657]
[658]
[659]
************************************************
Subsection What center of mass is measuring
************************************************

[660]
************************************************
Section 10.5 Work and energy
************************************************
************************************************
Subsection Constant force and variable force
************************************************

[661]
Overfull \hbox (1.02002pt too wide) detected at line 68583
[]

[662]
Overfull \hbox (2.95862pt too wide) in paragraph at lines 68739--68740
[] []\TU/lmr/bx/n/10 Signed work.[] \TU/lmr/m/n/10 Work can be negative. For mo
tion in the increasing $\OML/cmm/m/it/10 x$\TU/lmr/m/n/10 -direction,

[663]
************************************************
Subsection Springs and Hooke’s law
************************************************

[664]
************************************************
Subsection Lifting a chain
************************************************

[665]
[666]
************************************************
Subsection Pumping fluid from a tank
************************************************

[667]
[668]
[669]
************************************************
Subsection Energy stored by work
************************************************

[670]
************************************************
Section 10.6 Hydrostatic force
************************************************
************************************************
Subsection Pressure depends on depth
************************************************

[671]
************************************************
Subsection Force on a vertical plate
************************************************

[672]
[673]
************************************************
Subsection Choosing strips
************************************************

[674]
[675]
************************************************
Subsection Dams and windows
************************************************

[676]
[677]
************************************************
Subsection What hydrostatic force is measuring
************************************************

[678]
************************************************
Section 10.7 Average value and probability
************************************************
************************************************
Subsection Average value of a continuous function
************************************************

[679]
[680]
[681]
************************************************
Subsection The average value theorem for integrals
************************************************

[682]
[683]
************************************************
Subsection Probability density
************************************************

[684]
[685]
************************************************
Subsection Expected value
************************************************

[686]
************************************************
Subsection Normal distribution as a preview of non-elementary integrals
************************************************

[687]
************************************************
Section 10.8 Arc length and surface area of revolution
************************************************

[688]
************************************************
Subsection Arc length from small straight pieces
************************************************

[689]
************************************************
Subsection Arc length of a graph
************************************************

[690]
[691]
************************************************
Subsection Surface area by rotating a curve
************************************************

[692]
[693]
************************************************
Subsection Cone surface area from the integral
************************************************

[694]
************************************************
Subsection Sphere surface area from the integral
************************************************

[695]
************************************************
Subsection Why some natural lengths have no elementary antiderivative
************************************************

[696]
************************************************
Section 10.9 Chapter review and applications
************************************************

[697]
************************************************
Subsection The chapter in one table
************************************************

[698]
************************************************
Subsection Skills: choose the small piece
************************************************
************************************************
Subsection A decision guide
************************************************

[699]
************************************************
Subsection One region, several different questions
************************************************

[700]
[701]
************************************************
Subsection Concept checks
************************************************

[702]
************************************************
Subsection Practice: set up the integral
************************************************

[703]
************************************************
Subsection Project: compare volume methods
************************************************

[704]
[705]
************************************************
Subsection Project: work needed to pump out a real tank shape
************************************************

[706]
************************************************
Subsection Where this points
************************************************
************************************************
Chapter 11 Techniques of Integration
************************************************

[707]
[708]
Chapter 11.
************************************************
Section 11.1 Integration by parts
************************************************
************************************************
Subsection Reversing the product rule
************************************************

[709]
[710]
************************************************
Subsection Choosing \(u\) and \(dv\)
************************************************

[711]
[712]
************************************************
Subsection Repeated integration by parts
************************************************

[713]
[714]
************************************************
Subsection Definite integrals and boundary terms
************************************************

[715]
************************************************
Section 11.2 Trigonometric integrals
************************************************

[716]
************************************************
Subsection Powers of sine and cosine
************************************************

[717]
[718]
************************************************
Subsection Powers of tangent and secant
************************************************

[719]
[720]
[721]
[722]
************************************************
Subsection Product-to-sum identities
************************************************

[723]
************************************************
Subsection Strategy over memorization
************************************************

[724]
************************************************
Section 11.3 Trigonometric substitution
************************************************

[725]
************************************************
Subsection Square roots from circles and triangles
************************************************

[726]
[727]
************************************************
Subsection \(a^2-x^2\), \(a^2+x^2\), and \(x^2-a^2\)
************************************************

Overfull \hbox (0.54114pt too wide) in paragraph at lines 75447--75493
\TU/lmr/m/n/10 For $\OML/cmm/m/it/10 a > \OT1/cmr/m/n/10 0$\TU/lmr/m/n/10 , the
 three common square-root patterns match the three Pythagorean

[728]
[729]
[730]
************************************************
Subsection Returning to the original variable
************************************************

[731]
************************************************
Subsection Hyperbolic substitutions
************************************************

[732]
[733]
************************************************
Section 11.4 Rational functions and partial fractions
************************************************

[734]
************************************************
Subsection Polynomial division
************************************************

[735]
************************************************
Subsection Distinct linear factors
************************************************

[736]
[737]
************************************************
Subsection Repeated linear factors
************************************************

[738]
[739]
************************************************
Subsection Irreducible quadratic factors
************************************************

[740]
************************************************
Subsection Completing the square
************************************************

[741]
[742]
************************************************
Subsection The partial fractions pattern
************************************************

[743]
[744]
************************************************
Section 11.5 Strategy for integration
************************************************
************************************************
Subsection Recognizing the structure of an integrand
************************************************

[745]
[746]
[747]
************************************************
Subsection Substitution first or parts first?
************************************************

[748]
[749]
************************************************
Subsection Algebraic simplification
************************************************

[750]
[751]
************************************************
Subsection A practical decision tree
************************************************

[752]
[753]
[754]
************************************************
Subsection When no elementary antiderivative exists
************************************************

[755]
************************************************
Subsection Strategy summary
************************************************

[756]
************************************************
Section 11.6 Computer algebra systems and integral tables
************************************************
************************************************
Subsection Checking without surrendering thought
************************************************

[757]
[758]
************************************************
Subsection Equivalent antiderivatives can look different
************************************************

[759]
[760]
************************************************
Subsection Branch and domain issues
************************************************

[761]
[762]
************************************************
Subsection Integral tables
************************************************

[763]
************************************************
Subsection Special functions born from integrals
************************************************

[764]
[765]
************************************************
Subsection Definite integrals and symbolic answers
************************************************
************************************************
Subsection A responsible workflow with tools
************************************************

[766]
************************************************
Section 11.7 Improper integrals
************************************************
************************************************
Subsection Infinite intervals
************************************************

[767]
[768]
[769]
************************************************
Subsection Infinite discontinuities
************************************************

[770]
[771]
************************************************
Subsection Convergence and divergence
************************************************

[772]
[773]
************************************************
Subsection Comparison tests for improper integrals
************************************************

[774]
[775]
[776]
[777]
************************************************
Subsection The \(p\)-integrals
************************************************

[778]
[779]
************************************************
Section 11.8 Warning examples
************************************************
************************************************
Subsection An antiderivative exists formally but the improper integral diverges

************************************************

[780]
[781]
************************************************
Subsection Cancellation hides divergence
************************************************

[782]
************************************************
Subsection A CAS gives an antiderivative with the wrong domain
************************************************

[783]
************************************************
Subsection A trigonometric substitution triangle used outside its range
************************************************

Overfull \hbox (2.9705pt too wide) in paragraph at lines 81691--81691
|\TU/lmr/bx/n/12 A trigonometric substitution triangle used outside its range| 


[784]
[785]
************************************************
Section 11.9 Chapter review and discovery problems
************************************************

Overfull \hbox (0.68701pt too wide) in paragraph at lines 81915--81916
\TU/lmr/m/n/10 more demand: before evaluating, we must ask whether the accumula
ted amount

[786]
************************************************
Subsection The chapter in one map
************************************************

[787]
************************************************
Subsection Essential formulas and patterns
************************************************

[788]
[789]
************************************************
Subsection Concept check
************************************************

[790]
************************************************
Subsection Skills: choose the method
************************************************
************************************************
Subsection Mixed practice
************************************************

[791]
[792]
************************************************
Subsection Definite integrals
************************************************
************************************************
Subsection Improper integral practice
************************************************

[793]
************************************************
Subsection Warning review
************************************************

[794]
[795]
************************************************
Subsection Project: build an integration decision tree
************************************************
************************************************
Subsection Project: compare human and CAS antiderivatives
************************************************

[796]
************************************************
Subsection Challenge problems
************************************************

[797]
************************************************
Subsection Where this points
************************************************

[798]
************************************************
Chapter 12 Numerical Integration, Error, and Computation
************************************************

[799]
Chapter 12.
************************************************
Section 12.1 Why approximate integrals?
************************************************
************************************************
Subsection Data instead of formulas
************************************************

[800]
************************************************
Subsection Non-elementary antiderivatives
************************************************

[801]
************************************************
Subsection Speed versus accuracy
************************************************

[802]
************************************************
Subsection The role of error estimates
************************************************

[803]
************************************************
Section 12.2 Midpoint and trapezoidal rules
************************************************
************************************************
Subsection Geometry of the midpoint rule
************************************************

[804]
[805]
************************************************
Subsection Geometry of the trapezoidal rule
************************************************
************************************************
Subsection Composite rules
************************************************

[806]
************************************************
Subsection Example: approximating a non-elementary integral
************************************************

[807]
Overfull \hbox (0.72571pt too wide) in paragraph at lines 83873--83873
\OT1/cmr/m/n/10 1\OML/cmm/m/it/10 :\OT1/cmr/m/n/10 000000\OML/cmm/m/it/10 ;  f\
OT1/cmr/m/n/10 (0\OML/cmm/m/it/10 :\OT1/cmr/m/n/10 25) = 

Overfull \hbox (1.22571pt too wide) in paragraph at lines 83873--83873
\OT1/cmr/m/n/10 0\OML/cmm/m/it/10 :\OT1/cmr/m/n/10 939413\OML/cmm/m/it/10 ;  f\
OT1/cmr/m/n/10 (0\OML/cmm/m/it/10 :\OT1/cmr/m/n/10 50) = 

Overfull \hbox (1.22571pt too wide) in paragraph at lines 83873--83873
\OT1/cmr/m/n/10 0\OML/cmm/m/it/10 :\OT1/cmr/m/n/10 778801\OML/cmm/m/it/10 ;  f\
OT1/cmr/m/n/10 (0\OML/cmm/m/it/10 :\OT1/cmr/m/n/10 75) = 
************************************************
Subsection Error patterns from concavity
************************************************

[808]
[809]
[810]
************************************************
Subsection Error bounds
************************************************

[811]
[812]
************************************************
Section 12.3 Simpson’s Rule
************************************************

[813]
************************************************
Subsection Quadratic approximation on pairs of intervals
************************************************

[814]
[815]
[816]
************************************************
Subsection Composite Simpson’s Rule
************************************************

[817]
************************************************
Subsection Example: Simpson’s Rule for \(\DOTSI \intop \ilimits@ _0^1 e^{-x^2}\
,dx\)
************************************************

[818]
************************************************
Subsection Why Simpson’s Rule is often much better
************************************************

[819]
************************************************
Subsection Simpson error bound
************************************************

[820]
[821]
[822]
************************************************
Section 12.4 Numerical differentiation
************************************************
************************************************
Subsection Forward, backward, and centered differences
************************************************

[823]
[824]
************************************************
Subsection Truncation error
************************************************

Overfull \hbox (4.10307pt too wide) detected at line 85659
\OML/cmm/m/it/10 f\OT1/cmr/m/n/10 (\OML/cmm/m/it/10 a \OT1/cmr/m/n/10 + \OML/cm
m/m/it/10 s\OT1/cmr/m/n/10 ) = \OML/cmm/m/it/10 f\OT1/cmr/m/n/10 (\OML/cmm/m/it
/10 a\OT1/cmr/m/n/10 ) + \OML/cmm/m/it/10 f[]\OT1/cmr/m/n/10 (\OML/cmm/m/it/10 
a\OT1/cmr/m/n/10 )\OML/cmm/m/it/10 s \OT1/cmr/m/n/10 + []\OML/cmm/m/it/10 f[]\O
T1/cmr/m/n/10 (\OML/cmm/m/it/10 a\OT1/cmr/m/n/10 )\OML/cmm/m/it/10 s[] \OT1/cmr
/m/n/10 + \OML/cmm/m/it/10 R[]\OT1/cmr/m/n/10 (\OML/cmm/m/it/10 s\OT1/cmr/m/n/1
0 )\OML/cmm/m/it/10 ;  R[]\OT1/cmr/m/n/10 (\OML/cmm/m/it/10 s\OT1/cmr/m/n/10 ) 
= [] [][](\OML/cmm/m/it/10 s \OMS/cmsy/m/n/10 ^^@ \OML/cmm/m/it/10 t\OT1/cmr/m/
n/10 )[]\OML/cmm/m/it/10 f[]\OT1/cmr/m/n/10 (\OML/cmm/m/it/10 a \OT1/cmr/m/n/10
 + \OML/cmm/m/it/10 t\OT1/cmr/m/n/10 ) \OML/cmm/m/it/10 dt:

[825]
************************************************
Subsection Roundoff error
************************************************

[826]
************************************************
Subsection Why smaller \(h\) is not always better
************************************************

[827]
************************************************
Subsection Data, endpoints, and one-sided differences
************************************************
************************************************
Subsection Warning example: a difference quotient may hide a corner
************************************************

[828]
[829]
************************************************
Subsection Where this points
************************************************
************************************************
Section 12.5 Newton’s method revisited
************************************************
************************************************
Subsection Stopping criteria
************************************************

[830]
[831]
************************************************
Subsection Error estimates
************************************************

[832]
************************************************
Subsection The Newton step as an error estimate
************************************************

[833]
************************************************
Subsection Multiple roots
************************************************

[834]
[835]
************************************************
Subsection A first glimpse of chaotic iteration
************************************************

[836]
[837]
************************************************
Subsection A safe Newton workflow
************************************************

[838]
************************************************
Section 12.6 Computing experiments
************************************************
************************************************
Subsection Experiment 1: approximate \(\pi \) by integration
************************************************

[839]
************************************************
Subsection Experiment 2: estimate a probability from a density
************************************************

[840]
[841]
************************************************
Subsection Experiment 3: compare rules on smooth and rough functions
************************************************

[842]
[843]
************************************************
Subsection Experiment 4: build a small numerical-integration program
************************************************

[844]

LaTeX Font Warning: Font shape `TS1/Inconsolatazi4-Regular.otf(0)/m/n' undefine
d
(Font)              using `TS1/cmr/m/n' instead
(Font)              for symbol `textquotesingle' on input line 87566.


[845]
************************************************
Subsection A final computational habit
************************************************

[846]
************************************************
Section 12.7 Chapter review and discovery problems
************************************************
************************************************
Subsection Chapter map
************************************************

[847]

Package tcolorbox Warning: Using nobreak failed. Try to enlarge `lines before b
reak' or set page breaks manually on input line 87859.

************************************************
Subsection Essential formulas
************************************************

[848]
[849]
************************************************
Subsection Common mistakes
************************************************

[850]

Package tcolorbox Warning: Using nobreak failed. Try to enlarge `lines before b
reak' or set page breaks manually on input line 88169.

************************************************
Subsection Skills: numerical rules and error bounds
************************************************

[851]
[852]
[853]
[854]
************************************************
Subsection Concept check: exact value versus approximation
************************************************

[855]
************************************************
Subsection Discovery problems
************************************************

[856]
[857]
[858]
************************************************
Part VI Differential Equations and Curves
************************************************

[859]
[860]
************************************************
Chapter 13 Differential Equations: Laws Written as Derivatives
************************************************
Chapter 13.
************************************************
Section 13.1 Modeling with differential equations
************************************************
************************************************
Subsection A law that gives a rate
************************************************

[861]
[862]
************************************************
Subsection Solution as an unknown function
************************************************

[863]
[864]
************************************************
Subsection Initial conditions
************************************************

[865]
************************************************
Subsection Checking a proposed solution
************************************************

[866]
[867]
************************************************
Section 13.2 Direction fields
************************************************
************************************************
Subsection Slope field as a picture of a differential equation
************************************************

[868]
************************************************
Subsection Equilibrium solutions
************************************************

[869]
************************************************
Subsection Qualitative behavior
************************************************

[870]
[871]
************************************************
Subsection Reading long-term behavior from the field
************************************************

[872]
************************************************
Section 13.3 Euler’s method
************************************************

[873]
************************************************
Subsection Following the slope field step by step
************************************************

[874]
[875]
************************************************
Subsection Step size and accumulated error
************************************************

[876]
************************************************
Subsection Improved Euler method
************************************************

[877]
[878]
************************************************
Subsection Numerical solutions as approximate functions
************************************************

[879]
************************************************
Section 13.4 Separable equations
************************************************
************************************************
Subsection Separating variables
************************************************

[880]
[881]
************************************************
Subsection Growth and decay revisited
************************************************

[882]
[883]
[884]
************************************************
Subsection Cooling and mixing
************************************************

[885]
[886]
************************************************
Subsection Implicit solutions
************************************************

[887]
[888]
[889]
************************************************
Section 13.5 Logistic and threshold models
************************************************
************************************************
Subsection Carrying capacity
************************************************

[890]
[891]
[892]
[893]
************************************************
Subsection Phase line
************************************************

[894]
[895]
[896]
************************************************
Subsection Stable and unstable equilibria
************************************************

[897]
[898]
************************************************
Subsection Harvesting and tipping points
************************************************

[899]
[900]
[901]
************************************************
Section 13.6 First-order linear equations
************************************************
************************************************
Subsection Standard form
************************************************

[902]
[903]
************************************************
Subsection Integrating factors
************************************************

[904]
[905]
************************************************
Subsection Mixing and finance examples
************************************************

[906]
[907]
[908]
[909]
************************************************
Subsection Why the integrating factor works
************************************************

[910]
[911]
[912]
************************************************
Section 13.7 Second-order equations and vibration
************************************************
************************************************
Subsection Simple harmonic motion
************************************************

[913]
[914]
************************************************
Subsection The equation \(y''+\omega ^2y=0\)
************************************************

[915]
[916]
[917]
************************************************
Subsection Damping
************************************************

[918]
[919]
************************************************
Subsection Driven oscillation and resonance
************************************************

[920]
[921]
************************************************
Section 13.8 Systems and interaction models
************************************************
************************************************
Subsection Two populations
************************************************

[922]
[923]
************************************************
Subsection Predator-prey equations as a picture
************************************************

[924]
[925]
[926]
************************************************
Subsection Why systems lead naturally to multivariable calculus
************************************************

[927]
[928]
************************************************
Section 13.9 Warning examples
************************************************

[929]
************************************************
Subsection A solution lost by dividing by zero
************************************************

[930]
[931]
************************************************
Subsection Euler’s method follows the wrong behavior with a large step
************************************************

[932]
[933]
************************************************
Subsection Same differential equation, different initial conditions
************************************************

[934]
[935]
************************************************
Subsection The three warnings together
************************************************

[936]
************************************************
Section 13.10 Chapter review and applications
************************************************
************************************************
Subsection Skills: solve and interpret first-order equations
************************************************

[937]
[938]
[939]
************************************************
Subsection Concept check
************************************************
************************************************
Subsection Skills practice
************************************************

[940]
[941]
************************************************
Subsection Interpretation and modeling practice
************************************************

[942]
************************************************
Subsection Project: model a cooling cup of coffee
************************************************

[943]
************************************************
Subsection Project: compare Euler approximations with exact solutions
************************************************

[944]
[945]
************************************************
Subsection A final map of the chapter
************************************************

[946]
************************************************
Chapter 14 Parametric Curves, Polar Coordinates, and Conics
************************************************

[947]
Chapter 14.
************************************************
Section 14.1 Parametric curves
************************************************
************************************************
Subsection A curve as a moving point
************************************************

[948]
[949]
************************************************
Subsection Eliminating the parameter when possible
************************************************

[950]
[951]
************************************************
Subsection What elimination forgets
************************************************

[952]
************************************************
Subsection Different parametrizations of the same curve
************************************************

[953]
************************************************
Subsection Orientation and speed along a curve
************************************************

[954]
************************************************
Section 14.2 Calculus with parametric curves
************************************************

[955]
************************************************
Subsection Slope \(dy/dx\) from \(dx/dt\) and \(dy/dt\)
************************************************

[956]
[957]
************************************************
Subsection Horizontal and vertical tangents
************************************************

[958]
[959]
[960]
************************************************
Subsection Concavity
************************************************

[961]
[962]
************************************************
Subsection Motion in the plane as a bridge to vectors
************************************************

[963]
[964]
************************************************
Subsection What comes next
************************************************

[965]
************************************************
Section 14.3 Length and area for parametric curves
************************************************
************************************************
Subsection Arc length from speed
************************************************

[966]
[967]
[968]
************************************************
Subsection Surface area from a parametrized curve of revolution
************************************************

[969]
[970]
************************************************
Subsection Area enclosed by a parametric curve
************************************************

[971]
[972]
[973]
************************************************
Subsection Cycloids and rolling motion
************************************************

[974]
[975]
************************************************
Section 14.4 Polar coordinates
************************************************

[976]
************************************************
Subsection Distance and angle as coordinates
************************************************

[977]
************************************************
Subsection Converting between polar and Cartesian coordinates
************************************************

[978]
[979]
[980]
************************************************
Subsection Polar graphs
************************************************

[981]
[982]
************************************************
Subsection Circles, spirals, roses, and limacons
************************************************

[983]
[984]
[985]
************************************************
Section 14.5 Calculus in polar coordinates
************************************************
************************************************
Subsection Slope of a polar curve
************************************************

[986]
[987]
[988]
[989]
************************************************
Subsection Area in polar coordinates
************************************************

[990]
[991]
[992]
[993]
************************************************
Subsection Arc length in polar coordinates
************************************************

[994]
[995]
[996]
************************************************
Subsection Intersections and repeated tracing
************************************************

[997]
[998]
[999]
************************************************
Section 14.6 Conic sections
************************************************
************************************************
Subsection Parabolas, ellipses, and hyperbolas from focus and directrix
************************************************

[1000]
[1001]
************************************************
Subsection Standard equations
************************************************

[1002]
[1003]
[1004]
************************************************
Subsection Polar equations of conics
************************************************

[1005]
[1006]
[1007]
[1008]
[1009]
************************************************
Subsection Eccentricity
************************************************

[1010]
************************************************
Section 14.7 Planetary motion as a capstone
************************************************
************************************************
Subsection Ellipses in polar form
************************************************

[1011]
[1012]
[1013]
************************************************
Subsection Kepler’s second law as swept area
************************************************

[1014]
[1015]
************************************************
Subsection Central force preview
************************************************

[1016]
************************************************
Subsection Why this belongs to multivariable calculus next
************************************************

[1017]
************************************************
Section 14.8 Complex numbers and polar form
************************************************
************************************************
Subsection Complex numbers as points in the plane
************************************************

[1018]
[1019]
************************************************
Subsection Multiplication as scaling and rotation
************************************************

[1020]
[1021]
************************************************
Subsection Euler’s formula preview
************************************************

[1022]
[1023]
************************************************
Subsection Oscillation written exponentially
************************************************

[1024]
[1025]
************************************************
Section 14.9 Warning examples
************************************************
************************************************
Subsection A parametrization stops even when the curve continues
************************************************

[1026]
[1027]
************************************************
Subsection A polar curve traced twice
************************************************

[1028]
************************************************
Subsection A tangent formula fails when both derivatives vanish
************************************************

[1029]
[1030]
************************************************
Subsection The chapter’s main cautions
************************************************

[1031]
************************************************
Section 14.10 Chapter review and projects
************************************************
************************************************
Subsection Chapter map
************************************************

[1032]
************************************************
Subsection Essential formulas
************************************************

[1033]
[1034]
************************************************
Subsection Skills: parametric and polar calculus
************************************************

[1035]
************************************************
Subsection Review problems
************************************************

[1036]
[1037]
************************************************
Subsection Project: design a cycloid animation
************************************************

[1038]
************************************************
Subsection Project: compare polar and Cartesian descriptions of conics
************************************************

[1039]
[1040]
************************************************
Subsection The bridge to infinite series
************************************************

Overfull \hbox (11.68002pt too wide) detected at line 108258
[]

[1041]
************************************************
Part VII Infinite Processes and Approximation by Polynomials
************************************************

[1042]
[1043]
************************************************
Chapter 15 Sequences and Infinite Series
************************************************
Chapter 15.
************************************************
Section 15.1 Sequences
************************************************

[1044]
************************************************
Subsection Lists with a rule
************************************************

[1045]
************************************************
Subsection Convergence and divergence
************************************************

[1046]
[1047]
[1048]
************************************************
Subsection Basic limit laws for sequences
************************************************

[1049]
************************************************
Subsection Monotone bounded sequences
************************************************

[1050]
[1051]
[1052]
************************************************
Subsection Recursive sequences and fixed points
************************************************

[1053]
[1054]
************************************************
Section 15.2 Infinite series
************************************************

[1055]
************************************************
Subsection Partial sums
************************************************

[1056]
************************************************
Subsection Series convergence as a sequence problem
************************************************

[1057]
************************************************
Subsection Geometric series
************************************************

[1058]
[1059]
[1060]
[1061]
************************************************
Subsection Telescoping series
************************************************

[1062]
[1063]
************************************************
Subsection What series add to calculus
************************************************

[1064]
************************************************
Section 15.3 The harmonic series and first warnings
************************************************
************************************************
Subsection Terms can go to zero while the series diverges
************************************************

[1065]
************************************************
Subsection A necessary condition for convergence
************************************************

[1066]
[1067]
************************************************
Subsection The harmonic series
************************************************
************************************************
Subsection Grouping terms to see divergence
************************************************

[1068]
************************************************
Section 15.4 Positive series tests
************************************************

[1069]
************************************************
Subsection Integral test
************************************************

[1070]
[1071]
[1072]
************************************************
Subsection Remainder estimates from the integral test
************************************************

[1073]
[1074]
************************************************
Subsection Direct comparison
************************************************

[1075]
[1076]
************************************************
Subsection Limit comparison
************************************************

[1077]
[1078]
[1079]
************************************************
Subsection \(p\)-series
************************************************

[1080]
[1081]
************************************************
Section 15.5 Alternating series
************************************************

[1082]
************************************************
Subsection A first alternating sum
************************************************
************************************************
Subsection Alternating Series Test
************************************************

[1083]
[1084]
[1085]
************************************************
Subsection Why the hypotheses matter
************************************************

[1086]
[1087]
************************************************
Subsection Alternating Series Estimation Theorem
************************************************

[1088]
[1089]
[1090]
************************************************
Subsection Conditional convergence
************************************************

[1091]
************************************************
Section 15.6 Absolute convergence and stronger tests
************************************************
************************************************
Subsection Absolute versus conditional convergence
************************************************

[1092]
[1093]
[1094]
************************************************
Subsection Ratio Test
************************************************

[1095]
[1096]
[1097]
************************************************
Subsection Root Test
************************************************

[1098]
[1099]
************************************************
Subsection Strategy for testing series
************************************************

[1100]
[1101]
[1102]
************************************************
Subsection Where this leads
************************************************

[1103]
************************************************
Section 15.7 Rearrangement and the danger of infinity
************************************************
************************************************
Subsection Finite sums can be rearranged freely
************************************************

[1104]
************************************************
Subsection A rearranged alternating harmonic series
************************************************

[1105]
************************************************
Subsection Why conditional convergence is fragile
************************************************

[1106]
************************************************
Subsection The Riemann rearrangement idea
************************************************

[1107]
************************************************
Subsection Why absolute convergence is safer
************************************************

[1108]
************************************************
Section 15.8 Warning examples
************************************************
************************************************
Subsection Terms tend to zero, but the series diverges
************************************************

[1109]
************************************************
Subsection The Ratio Test can give no information
************************************************

[1110]
************************************************
Subsection The Integral Test requires its hypotheses
************************************************

[1111]
[1112]
************************************************
Subsection The Alternating Series Test requires decreasing term sizes
************************************************

[1113]
************************************************
Subsection The final checklist
************************************************

[1114]
************************************************
Section 15.9 Chapter review and discovery problems
************************************************
************************************************
Subsection The chapter in one picture
************************************************

[1115]
************************************************
Subsection Skills: choosing series tests
************************************************

[1116]
[1117]
[1118]
************************************************
Subsection Concept check
************************************************

[1119]
************************************************
Subsection Skills practice
************************************************

[1120]
[1121]
************************************************
Subsection Project: estimate sums with rigorous error bounds
************************************************

[1122]
************************************************
Subsection Computing: numerical partial sums can mislead
************************************************

[1123]
************************************************
Subsection Discovery problems
************************************************

[1124]
************************************************
Subsection Hook: some infinite sums are functions
************************************************

[1125]
************************************************
Chapter 16 Power Series, Taylor Polynomials, and Taylor Series
************************************************

[1126]
Chapter 16.
************************************************
Section 16.1 Power series
************************************************
************************************************
Subsection A polynomial with infinitely many terms
************************************************

[1127]
[1128]
************************************************
Subsection Center of a power series
************************************************

[1129]
[1130]
************************************************
Subsection Radius and interval of convergence
************************************************

[1131]
[1132]
[1133]
************************************************
Subsection Endpoint testing
************************************************

[1134]
[1135]
************************************************
Section 16.2 Working with power series
************************************************
************************************************
Subsection Algebra of power series
************************************************

[1136]
[1137]
************************************************
Subsection Differentiating power series
************************************************

[1138]
[1139]
************************************************
Subsection Integrating power series
************************************************

[1140]
************************************************
Subsection Why power series behave better than arbitrary series
************************************************

[1141]
[1142]
************************************************
Section 16.3 Representing functions by power series
************************************************
************************************************
Subsection Geometric series as the seed
************************************************

[1143]
[1144]
************************************************
Subsection Series for \(\frac 1{1-x}\)
************************************************

[1145]
[1146]
[1147]
************************************************
Subsection Series for \(\ln (1+x)\)
************************************************

[1148]
************************************************
Subsection Series for \(\arctan x\)
************************************************

[1149]
************************************************
Subsection Estimating \(\pi \) from a series
************************************************

[1150]
Overfull \hbox (7.35231pt too wide) detected at line 119488
[] \OT1/cmr/m/n/10 = [] + [] \OML/cmm/m/it/10 :

[1151]
************************************************
Section 16.4 Taylor polynomials
************************************************
************************************************
Subsection Matching value and derivatives
************************************************

[1152]
[1153]
************************************************
Subsection Linear, quadratic, and cubic approximations
************************************************

[1154]
[1155]
************************************************
Subsection Taylor polynomial centered at \(a\)
************************************************

[1156]
[1157]
************************************************
Subsection Maclaurin polynomials
************************************************

[1158]
[1159]
************************************************
Section 16.5 Taylor’s theorem and remainders
************************************************
************************************************
Subsection The error term matters
************************************************

[1160]
[1161]
************************************************
Subsection Lagrange form of the remainder
************************************************

[1162]
[1163]
[1164]
************************************************
Subsection Proof idea for Taylor’s theorem
************************************************

[1165]
************************************************
Subsection Integral form of the remainder
************************************************

[1166]
[1167]
************************************************
Subsection Alternating-series remainders as a special case
************************************************

[1168]
************************************************
Section 16.6 Taylor series for elementary functions
************************************************
************************************************
Subsection \(e^x\)
************************************************

[1169]
[1170]
************************************************
Subsection \(\sin x\) and \(\cos x\)
************************************************

[1171]
Underfull \hbox (badness 1226) in paragraph at lines 121774--121775
\TU/lmr/bx/n/10 Hint\TU/lmr/m/n/10 .[] Factorials in the denominator overpower 
any fixed power of $\OML/cmm/m/it/10 x$\TU/lmr/m/n/10 .

[1172]
************************************************
Subsection \(\ln (1+x)\)
************************************************

[1173]
[1174]
************************************************
Subsection \(\arctan x\)
************************************************

[1175]
************************************************
Subsection Binomial series
************************************************

[1176]
[1177]
[1178]
************************************************
Subsection A table of common Taylor series
************************************************
************************************************
Section 16.7 Applications of Taylor series
************************************************

[1179]
************************************************
Subsection Estimating function values
************************************************

[1180]
[1181]
************************************************
Subsection Evaluating limits
************************************************

[1182]
[1183]
************************************************
Subsection Approximating integrals
************************************************

[1184]
[1185]
************************************************
Subsection Solving differential equations by series
************************************************

[1186]
[1187]
[1188]
************************************************
Subsection Error bounds in applications
************************************************

[1189]
[1190]
************************************************
Section 16.8 Uniform convergence preview
************************************************

Overfull \hbox (10.91003pt too wide) detected at line 123833
[]
************************************************
Subsection Pointwise convergence of functions
************************************************

[1191]
************************************************
Subsection Uniform convergence as one error bound for all points
************************************************

[1192]
[1193]
************************************************
Subsection Interchanging limits and integrals
************************************************

[1194]
[1195]
[1196]
************************************************
Subsection Why power series are trustworthy inside their radius
************************************************

[1197]
[1198]
[1199]
************************************************
Section 16.9 Warning examples
************************************************
************************************************
Subsection A Taylor series can converge but not to the function
************************************************

[1200]
[1201]
************************************************
Subsection Endpoint behavior differs from interior behavior
************************************************

[1202]
************************************************
Subsection Termwise operations can fail for arbitrary function series
************************************************

[1203]
[1204]
************************************************
Subsection A good local approximation can become bad far away
************************************************

[1205]
************************************************
Section 16.10 Chapter review and projects
************************************************

[1206]
************************************************
Subsection Skills: power series and Taylor series
************************************************

[1207]
[1208]
[1209]
************************************************
Subsection Project: build a sine calculator with error control
************************************************

[1210]
[1211]
************************************************
Subsection Project: compare Taylor approximations visually
************************************************

[1212]
[1213]
************************************************
Subsection Hook: the series for sine and cosine hide a rotating vector
************************************************

[1214]
************************************************
Part VIII Capstones and Bridges
************************************************

[1215]
[1216]
************************************************
Chapter 17 Complex Numbers, Fourier Ideas, and the Road Ahead
************************************************
Chapter 17.
************************************************
Section 17.1 Complex numbers and Euler’s formula
************************************************
************************************************
Subsection The complex plane
************************************************

[1217]
[1218]
[1219]
************************************************
Subsection Polar form
************************************************

[1220]
************************************************
Subsection Multiplication as rotation and scaling
************************************************

[1221]
[1222]
************************************************
Subsection Euler’s formula from Taylor series
************************************************

[1223]
[1224]
[1225]
************************************************
Subsection Why \(e^{it}\) is the natural language of oscillation
************************************************

[1226]
[1227]
************************************************
Section 17.2 Vibrations and second-order equations
************************************************
************************************************
Subsection The spring equation
************************************************

[1228]
[1229]
************************************************
Subsection Sine and cosine as natural motions
************************************************

[1230]
[1231]
[1232]
************************************************
Subsection Energy conservation
************************************************

[1233]
[1234]
[1235]
************************************************
Subsection Damping and forcing preview
************************************************

[1236]
[1237]
[1238]
[1239]
************************************************
Section 17.3 Fourier series preview
************************************************
************************************************
Subsection Building a periodic function from waves
************************************************

[1240]
************************************************
Subsection Orthogonality of sine and cosine, geometrically
************************************************

[1241]
[1242]
[1243]
************************************************
Subsection Square waves and Gibbs phenomenon
************************************************

[1244]
[1245]
************************************************
Subsection Why Fourier series belong after Taylor series
************************************************

Overfull \hbox (9.46005pt too wide) detected at line 129463
[]

[1246]
************************************************
Section 17.4 The one-dimensional Stokes theorem
************************************************
************************************************
Subsection Boundary of an interval
************************************************

[1247]
[1248]
************************************************
Subsection \(\DOTSI \intop \ilimits@ _a^b F'(x)\,dx=F(b)-F(a)\)
************************************************

[1249]
Overfull \hbox (5.15002pt too wide) detected at line 129824
[]
************************************************
Subsection The FTC as a boundary theorem
************************************************

[1250]
[1251]
************************************************
Subsection Preview of line integrals and differential forms
************************************************

[1252]
************************************************
Section 17.5 Conservation laws in one dimension
************************************************

[1253]
************************************************
Subsection Density and flux on a line
************************************************

[1254]
************************************************
Subsection Accumulation inside an interval
************************************************

[1255]
[1256]
************************************************
Subsection What crosses the boundary changes what is inside
************************************************

[1257]
************************************************
Subsection Preview of divergence in multivariable calculus
************************************************

[1258]
[1259]
************************************************
Section 17.6 Least action and the shape of a path
************************************************

[1260]
************************************************
Subsection From optimization of numbers to optimization of functions
************************************************

[1261]
************************************************
Subsection The brachistochrone story
************************************************

[1262]
[1263]
************************************************
Subsection A gentle first variation calculation
************************************************

[1264]
[1265]
************************************************
Subsection Why this is beyond ordinary single-variable calculus
************************************************

[1266]
[1267]
************************************************
Section 17.7 Final projects
************************************************

[1268]
************************************************
Subsection Model, solve, and test a cooling law
************************************************

[1269]
[1270]
************************************************
Subsection Approximate a difficult integral three ways
************************************************

[1271]
[1272]
[1273]
************************************************
Subsection Build a Taylor-series calculator
************************************************

[1274]
[1275]
************************************************
Subsection Analyze a parametric curve from motion data
************************************************

[1276]
[1277]
************************************************
Subsection Explain the FTC as the first boundary theorem
************************************************

[1278]
[1279]
Overfull \hbox (3.51201pt too wide) in paragraph at lines 132919--132920
[]\TU/lmr/m/n/10 In conservation laws, the amount inside changes because someth
ing crosses
************************************************
Subsection Closing note: what calculus has taught us
************************************************

[1280]
[1281]
[1282]
************************************************
Appendix A Algebra and Inequalities Review
************************************************
Appendix A.
************************************************
Section A.1 Factoring and completing the square
************************************************
************************************************
Subsection Common factors
************************************************

[1283]
************************************************
Subsection Special products
************************************************
************************************************
Subsection Factoring quadratics
************************************************

[1284]
************************************************
Subsection Why factoring matters in limits
************************************************
************************************************
Subsection Completing the square
************************************************

[1285]
[1286]
************************************************
Subsection Quadratic formula
************************************************
************************************************
Section A.2 Rational expressions
************************************************

[1287]
************************************************
Subsection Canceling common factors
************************************************

[1288]
************************************************
Subsection Combining rational expressions
************************************************

[1289]
************************************************
Subsection Rationalizing
************************************************
************************************************
Section A.3 Exponents and radicals
************************************************
************************************************
Subsection Laws of exponents
************************************************

[1290]
************************************************
Subsection Negative and fractional exponents
************************************************

[1291]
************************************************
Subsection Radicals and conjugates
************************************************

[1292]
************************************************
Section A.4 Inequalities and absolute values
************************************************
************************************************
Subsection Rules for inequalities
************************************************

[1293]
************************************************
Subsection Sign charts
************************************************

[1294]
************************************************
Subsection Absolute value as distance
************************************************

[1295]
************************************************
Subsection Absolute value and limits
************************************************
************************************************
Section A.5 Sigma notation practice
************************************************
************************************************
Subsection Reading sigma notation
************************************************

[1296]
************************************************
Subsection Linearity of finite sums
************************************************

[1297]
************************************************
Subsection Basic sum formulas
************************************************

[1298]
************************************************
Subsection Changing the index
************************************************

[1299]
************************************************
Subsection Sigma notation and Riemann sums
************************************************

[1300]
************************************************
Section A.6 Practice problems
************************************************
************************************************
Subsection Factoring and completing the square
************************************************
************************************************
Subsection Rational expressions
************************************************

[1301]
************************************************
Subsection Exponents and radicals
************************************************
************************************************
Subsection Inequalities and absolute values
************************************************

[1302]
************************************************
Subsection Sigma notation
************************************************
************************************************
Subsection Answers to Appendix A practice problems
************************************************

[1303]
[1304]
[1305]
************************************************
Appendix B Coordinate Geometry
************************************************

[1306]
Appendix B.
************************************************
Section B.1 Lines
************************************************
************************************************
Subsection Slope
************************************************

[1307]
************************************************
Subsection Point-slope form
************************************************

[1308]
************************************************
Subsection Slope-intercept form
************************************************

[1309]
************************************************
Subsection Line through two points
************************************************
************************************************
Subsection General form
************************************************

[1310]
************************************************
Subsection Parallel and perpendicular lines
************************************************

[1311]
[1312]
************************************************
Section B.2 Circles
************************************************
************************************************
Subsection Equation of a circle
************************************************

[1313]
************************************************
Subsection Completing the square
************************************************

[1314]
************************************************
Subsection Disks and circle inequalities
************************************************
************************************************
Section B.3 Parabolas, ellipses, and hyperbolas
************************************************

[1315]
************************************************
Subsection Parabolas
************************************************

[1316]
************************************************
Subsection Focus and directrix form
************************************************

[1317]
************************************************
Subsection Ellipses
************************************************
************************************************
Subsection Hyperbolas
************************************************

[1318]
[1319]
[1320]
************************************************
Subsection Recognizing conics quickly
************************************************

[1321]
************************************************
Section B.4 Distance and midpoint formulas
************************************************
************************************************
Subsection Distance between two points
************************************************

[1322]
************************************************
Subsection Midpoint of a segment
************************************************
************************************************
Subsection A locus example: perpendicular bisectors
************************************************

[1323]
************************************************
Section B.5 Scaling and shifting graphs
************************************************
************************************************
Subsection Vertical and horizontal shifts
************************************************

[1324]
************************************************
Subsection Vertical scaling and reflection
************************************************
************************************************
Subsection Horizontal scaling and reflection
************************************************

[1325]
[1326]
************************************************
Subsection Transformations and domains
************************************************
************************************************
Subsection Transforming equations
************************************************

[1327]
************************************************
Section B.6 Practice problems
************************************************
************************************************
Subsection Lines
************************************************

[1328]
************************************************
Subsection Circles
************************************************
************************************************
Subsection Parabolas, ellipses, and hyperbolas
************************************************

[1329]
************************************************
Subsection Distance and midpoint
************************************************
************************************************
Subsection Scaling and shifting graphs
************************************************
************************************************
Subsection Answers to Appendix B practice problems
************************************************

[1330]
[1331]
[1332]
[1333]
[1334]
[1335]
[1336]
************************************************
Appendix C Trigonometry in Radians
************************************************

[1337]
Appendix C.
************************************************
Section C.1 Unit circle definitions
************************************************
************************************************
Subsection Radians and arc length
************************************************

[1338]
[1339]
************************************************
Subsection Sine and cosine from the unit circle
************************************************

[1340]
************************************************
Subsection Tangent, secant, cosecant, and cotangent
************************************************

[1341]
************************************************
Subsection Special angles
************************************************
************************************************
Subsection Periodicity and coterminal angles
************************************************

[1342]
************************************************
Subsection Graphs of sine and cosine
************************************************

[1343]
************************************************
Section C.2 Basic identities
************************************************
************************************************
Subsection Reciprocal and quotient identities
************************************************
************************************************
Subsection Pythagorean identities
************************************************

[1344]
[1345]
************************************************
Subsection Even and odd identities
************************************************
************************************************
Subsection Using identities carefully
************************************************

[1346]
************************************************
Section C.3 Addition formulas
************************************************
************************************************
Subsection Cosine of a difference
************************************************

[1347]
************************************************
Subsection Sine and cosine addition formulas
************************************************

[1348]
[1349]
************************************************
Subsection Tangent addition formulas
************************************************
************************************************
Subsection Double-angle and half-angle identities
************************************************

[1350]
Overfull \hbox (5.00607pt too wide) in paragraph at lines 140752--140753
[]\TU/lmr/m/n/10 Solving these last two formulas for $[][] \OML/cmm/m/it/10 x$ 
\TU/lmr/m/n/10 and $[][] \OML/cmm/m/it/10 x$ \TU/lmr/m/n/10 gives the power-red
uction
************************************************
Subsection Product-to-sum identities
************************************************

[1351]
************************************************
Section C.4 Inverse trigonometric functions
************************************************
************************************************
Subsection Why restrictions are needed
************************************************

[1352]
************************************************
Subsection Arcsine, arccosine, and arctangent
************************************************

[1353]
************************************************
Subsection Compositions with inverse trigonometric functions
************************************************

[1354]
[1355]
************************************************
Section C.5 Trigonometric equations
************************************************
************************************************
Subsection Solving by the unit circle
************************************************

[1356]
************************************************
Subsection Solving after using identities
************************************************

[1357]
************************************************
Subsection Avoiding lost or extra solutions
************************************************

[1358]
[1359]
************************************************
Section C.6 Practice problems
************************************************
************************************************
Subsection Unit circle definitions
************************************************
************************************************
Subsection Basic identities
************************************************

[1360]
************************************************
Subsection Addition formulas
************************************************
************************************************
Subsection Inverse trigonometric functions
************************************************

[1361]
************************************************
Subsection Trigonometric equations
************************************************

[1362]
************************************************
Subsection Answers to Appendix C practice problems
************************************************

[1363]
[1364]
[1365]
[1366]
************************************************
Appendix D Proofs and Completeness
************************************************

[1367]
Appendix D.
************************************************
Section D.1 The Least Upper Bound Property
************************************************
************************************************
Subsection Upper bounds and least upper bounds
************************************************

[1368]
************************************************
Subsection The completeness axiom
************************************************

[1369]
************************************************
Subsection The approximation property of the supremum
************************************************

[1370]
************************************************
Subsection Greatest lower bounds
************************************************

[1371]
************************************************
Section D.2 The Monotone Convergence Theorem
************************************************
************************************************
Subsection Monotone sequences
************************************************

[1372]
************************************************
Subsection The theorem
************************************************

[1373]
************************************************
Subsection Why the hypotheses matter
************************************************

[1374]
************************************************
Subsection Nested intervals
************************************************

[1375]
************************************************
Section D.3 Bolzano’s Theorem and Bisection
************************************************
************************************************
Subsection Bolzano’s theorem
************************************************

[1376]
************************************************
Subsection Proof by bisection
************************************************

[1377]
************************************************
Subsection Bisection error
************************************************

[1378]
************************************************
Subsection Why continuity matters
************************************************

[1379]
************************************************
Section D.4 The Extreme Value Theorem: Proof Outline
************************************************
************************************************
Subsection Statement of the theorem
************************************************
************************************************
Subsection Why the function is bounded
************************************************

[1380]
************************************************
Subsection Why the maximum is reached
************************************************

[1381]
************************************************
Subsection Why the hypotheses matter
************************************************

[1382]
************************************************
Section D.5 Uniform Continuity on Closed Intervals
************************************************
************************************************
Subsection Pointwise continuity versus uniform continuity
************************************************

[1383]
************************************************
Subsection A simple uniform continuity estimate
************************************************

[1384]
************************************************
Subsection A continuous function that is not uniformly continuous
************************************************
************************************************
Subsection The theorem on closed intervals
************************************************

[1385]
************************************************
Subsection Finite covering lemma
************************************************
************************************************
Subsection Proof of uniform continuity
************************************************

[1386]
************************************************
Section D.6 Practice problems
************************************************
************************************************
Subsection Least upper bounds
************************************************

[1387]
************************************************
Subsection Monotone convergence
************************************************
************************************************
Subsection Bolzano’s theorem and bisection
************************************************

[1388]
************************************************
Subsection Extreme Value Theorem
************************************************
************************************************
Subsection Uniform continuity
************************************************

[1389]
************************************************
Subsection Answers to Appendix D practice problems
************************************************

[1390]
[1391]
[1392]
[1393]
[1394]
[1395]
************************************************
Appendix E Technology Notes
************************************************

[1396]
Appendix E.

Overfull \hbox (3.84602pt too wide) in paragraph at lines 145474--145475
\TU/lmr/m/n/10 graphing calculators, spreadsheets, computer algebra systems, nu
merical solvers,
************************************************
Section E.1 Graphing windows
************************************************
************************************************
Subsection A window is a mathematical choice
************************************************

[1397]
************************************************
Subsection A graph can hide a hole
************************************************

[1398]
************************************************
Subsection A graph can hide a sharp feature
************************************************
************************************************
Subsection A graphing checklist
************************************************

[1399]
************************************************
Section E.2 Numerical precision and roundoff
************************************************
************************************************
Subsection Exact arithmetic and floating-point arithmetic
************************************************
************************************************
Subsection Subtraction can magnify relative error
************************************************

[1400]
************************************************
Subsection Roundoff versus truncation
************************************************

[1401]
************************************************
Subsection Residuals and step sizes
************************************************

[1402]
************************************************
Section E.3 Calculator and CAS syntax
************************************************
************************************************
Subsection Common syntax translations
************************************************
************************************************
Subsection Parentheses are part of the mathematics
************************************************

[1403]
************************************************
Subsection Radians versus degrees
************************************************
************************************************
Subsection Exact and approximate answers
************************************************

[1404]
************************************************
Subsection CAS answers need interpretation
************************************************

[1405]
************************************************
Section E.4 Simple Python experiments for calculus
************************************************
************************************************
Subsection Experiment 1: difference quotients
************************************************

[1406]
************************************************
Subsection Experiment 2: bisection for a root
************************************************
************************************************
Subsection Experiment 3: midpoint rule for an integral
************************************************

[1407]
************************************************
Subsection Experiment 4: Euler’s method
************************************************

[1408]
************************************************
Subsection Experiment 5: Newton’s method
************************************************

[1409]
************************************************
Section E.5 Plotting sequences, sums, and Taylor polynomials
************************************************

[1410]
************************************************
Subsection Plotting a sequence
************************************************
************************************************
Subsection Plotting partial sums
************************************************

[1411]
************************************************
Subsection Plotting Taylor polynomials
************************************************

[1412]
************************************************
Subsection A Taylor-series calculator
************************************************

[1413]
************************************************
Section E.6 Practice problems
************************************************
************************************************
Subsection Graphing windows
************************************************
************************************************
Subsection Numerical precision and roundoff
************************************************

[1414]
************************************************
Subsection Calculator and CAS syntax
************************************************

[1415]
************************************************
Subsection Simple Python experiments
************************************************
************************************************
Subsection Plotting sequences, sums, and Taylor polynomials
************************************************

[1416]
************************************************
Subsection Answers to Appendix E practice problems
************************************************

[1417]
[1418]
[1419]
[1420]
[1421]
************************************************
Appendix F Tables
************************************************

[1422]
Appendix F.
************************************************
Section F.1 Derivative formulas
************************************************
************************************************
Subsection General differentiation rules
************************************************

[1423]
************************************************
Subsection Elementary derivatives
************************************************
************************************************
Subsection Trigonometric derivatives
************************************************

[1424]

Package tcolorbox Warning: Using nobreak failed. Try to enlarge `lines before b
reak' or set page breaks manually on input line 148279.

************************************************
Subsection Inverse trigonometric derivatives
************************************************
************************************************
Subsection Second derivative reminders
************************************************
************************************************
Section F.2 Integral formulas
************************************************

[1425]
************************************************
Subsection General integral rules
************************************************
************************************************
Subsection Basic antiderivatives
************************************************

[1426]
************************************************
Subsection Trigonometric antiderivatives
************************************************
************************************************
Subsection Inverse trigonometric forms
************************************************

[1427]
************************************************
Subsection Trigonometric substitution patterns
************************************************
************************************************
Subsection Partial fraction patterns
************************************************
************************************************
Section F.3 Common Taylor series
************************************************
************************************************
Subsection Taylor polynomial and remainder
************************************************

[1428]
************************************************
Subsection Maclaurin series
************************************************

[1429]
************************************************
Subsection Series shifted from zero
************************************************

[1430]
************************************************
Section F.4 Series tests
************************************************
************************************************
Subsection Basic comparison and structure tests
************************************************
************************************************
Subsection Integral, alternating, ratio, and root tests
************************************************

[1431]
************************************************
Subsection Power series convergence
************************************************

[1432]
************************************************
Section F.5 Numerical integration rules
************************************************
************************************************
Subsection Rectangle, midpoint, trapezoidal, and Simpson rules
************************************************
************************************************
Subsection Error bounds
************************************************

[1433]
************************************************
Subsection Monotonicity and concavity checks
************************************************
************************************************
Subsection Choosing a numerical rule
************************************************

[1434]
[1435]
[1436] (main.aux)

LaTeX Font Warning: Some font shapes were not available, defaults substituted.

 )
(see the transcript file for additional information)
Output written on main.pdf (1447 pages).
Transcript written on main.log.
Removing temporary directory C:\Users\cyril\AppData\Local\Temp\ptx-2an_r20r
[33mwarning: [0mFailed to remove temporary directories, starting with C:\Users\cyril\AppData\Local\Temp\ptx-2an_r20r (and maybe some others): [WinError 5] Access is denied: 'C:\\Users\\cyril\\AppData\\Local\\Temp\\ptx-2an_r20r\\external\\images'

Finished build for target print. The output is in D:\work\sabbatical\2025\Books\SV-Calculus\output\print.


Success!  Built requested target(s) without errors.


