logs\main-assembled.xml:78:3: error: <md> is not allowed here.
logs\main-assembled.xml:82:3: error: <md> is not allowed here.
logs\main-assembled.xml:124:3: error: <md> is not allowed here.
logs\main-assembled.xml:128:3: error: <md> is not allowed here.
logs\main-assembled.xml:134:3: error: <subsection> is not allowed here.
logs\main-assembled.xml:139:3: error: <md> is not allowed here.
logs\main-assembled.xml:147:3: error: <md> is not allowed here.
logs\main-assembled.xml:167:3: error: <subsection> is not allowed here.
logs\main-assembled.xml:174:3: error: <md> is not allowed here.
logs\main-assembled.xml:182:3: error: <md> is not allowed here.
logs\main-assembled.xml:188:3: error: <md> is not allowed here.
logs\main-assembled.xml:208:3: error: <subsection> is not allowed here.
logs\main-assembled.xml:213:3: error: <md> is not allowed here.
logs\main-assembled.xml:217:3: error: <md> is not allowed here.
logs\main-assembled.xml:221:3: error: <md> is not allowed here.
logs\main-assembled.xml:228:5: error: <tabular> is not allowed here.
logs\main-assembled.xml:230:15: error: <strong> is not allowed here.
logs\main-assembled.xml:231:15: error: <strong> is not allowed here.
logs\main-assembled.xml:232:15: error: <strong> is not allowed here.
logs\main-assembled.xml:250:9: error: <title> is not allowed here.
logs\main-assembled.xml:254:3: error: <md> is not allowed here.
logs\main-assembled.xml:274:3: error: <subsection> is not allowed here.
logs\main-assembled.xml:281:3: error: <md> is not allowed here.
logs\main-assembled.xml:287:3: error: <md> is not allowed here.
logs\main-assembled.xml:297:3: error: <md> is not allowed here.
logs\main-assembled.xml:317:3: error: <subsection> is not allowed here.
logs\main-assembled.xml:326:3: error: <md> is not allowed here.
logs\main-assembled.xml:332:3: error: <md> is not allowed here.
logs\main-assembled.xml:336:3: error: <md> is not allowed here.
logs\main-assembled.xml:340:3: error: <md> is not allowed here.
logs\main-assembled.xml:350:3: error: <md> is not allowed here.
logs\main-assembled.xml:356:3: error: <md> is not allowed here.
logs\main-assembled.xml:376:3: error: <subsection> is not allowed here.
logs\main-assembled.xml:381:3: error: <md> is not allowed here.
logs\main-assembled.xml:390:3: error: <md> is not allowed here.
logs\main-assembled.xml:426:3: error: <md> is not allowed here.
logs\main-assembled.xml:431:5: error: <tabular> is not allowed here.
logs\main-assembled.xml:447:9: error: <title> is not allowed here.
logs\main-assembled.xml:451:3: error: <subsection> is not allowed here.
logs\main-assembled.xml:456:3: error: <md> is not allowed here.
logs\main-assembled.xml:460:3: error: <md> is not allowed here.
logs\main-assembled.xml:538:3: error: <subsection> is not allowed here.
logs\main-assembled.xml:543:3: error: <md> is not allowed here.
logs\main-assembled.xml:547:3: error: <md> is not allowed here.
logs\main-assembled.xml:564:3: error: <md> is not allowed here.
logs\main-assembled.xml:568:3: error: <md> is not allowed here.
logs\main-assembled.xml:594:3: error: <md> is not allowed here.
logs\main-assembled.xml:598:3: error: <md> is not allowed here.
logs\main-assembled.xml:609:3: error: <subsection> is not allowed here.
logs\main-assembled.xml:614:3: error: <md> is not allowed here.
logs\main-assembled.xml:620:3: error: <md> is not allowed here.
logs\main-assembled.xml:624:3: error: <md> is not allowed here.
logs\main-assembled.xml:630:3: error: <md> is not allowed here.
logs\main-assembled.xml:634:3: error: <md> is not allowed here.
logs\main-assembled.xml:640:3: error: <md> is not allowed here.
logs\main-assembled.xml:645:9: error: <md> is not allowed here.
logs\main-assembled.xml:664:3: error: <subsection> is not allowed here.
logs\main-assembled.xml:671:3: error: <md> is not allowed here.
logs\main-assembled.xml:675:3: error: <md> is not allowed here.
logs\main-assembled.xml:679:3: error: <md> is not allowed here.
logs\main-assembled.xml:685:3: error: <md> is not allowed here.
logs\main-assembled.xml:689:3: error: <md> is not allowed here.
logs\main-assembled.xml:694:3: error: <subsection> is not allowed here.
logs\main-assembled.xml:701:3: error: <md> is not allowed here.
logs\main-assembled.xml:705:3: error: <md> is not allowed here.
logs\main-assembled.xml:709:3: error: <md> is not allowed here.
logs\main-assembled.xml:713:3: error: <md> is not allowed here.
logs\main-assembled.xml:717:3: error: <md> is not allowed here.
logs\main-assembled.xml:721:3: error: <md> is not allowed here.
logs\main-assembled.xml:741:3: error: <subsection> is not allowed here.
logs\main-assembled.xml:746:3: error: <md> is not allowed here.
logs\main-assembled.xml:752:3: error: <md> is not allowed here.
logs\main-assembled.xml:756:3: error: <md> is not allowed here.
logs\main-assembled.xml:760:3: error: <md> is not allowed here.
logs\main-assembled.xml:863:3: error: <md> is not allowed here.
logs\main-assembled.xml:867:3: error: <md> is not allowed here.
logs\main-assembled.xml:871:3: error: <md> is not allowed here.
logs\main-assembled.xml:875:3: error: <subsection> is not allowed here.
logs\main-assembled.xml:880:3: error: <md> is not allowed here.
logs\main-assembled.xml:886:3: error: <md> is not allowed here.
logs\main-assembled.xml:890:3: error: <md> is not allowed here.
logs\main-assembled.xml:896:3: error: <md> is not allowed here.
logs\main-assembled.xml:920:3: error: <md> is not allowed here.
logs\main-assembled.xml:924:3: error: <md> is not allowed here.
logs\main-assembled.xml:928:3: error: <md> is not allowed here.
logs\main-assembled.xml:932:3: error: <md> is not allowed here.
logs\main-assembled.xml:938:3: error: <md> is not allowed here.
logs\main-assembled.xml:947:3: error: <subsection> is not allowed here.
logs\main-assembled.xml:952:3: error: <md> is not allowed here.
logs\main-assembled.xml:958:3: error: <md> is not allowed here.
logs\main-assembled.xml:962:3: error: <md> is not allowed here.
logs\main-assembled.xml:969:9: error: <md> is not allowed here.
logs\main-assembled.xml:970:10: error: <strong> is not allowed here.
logs\main-assembled.xml:972:9: error: <md> is not allowed here.
logs\main-assembled.xml:993:3: error: <subsection> is not allowed here.
logs\main-assembled.xml:1000:3: error: <md> is not allowed here.
logs\main-assembled.xml:1010:3: error: <md> is not allowed here.
logs\main-assembled.xml:1079:3: error: <md> is not allowed here.
logs\main-assembled.xml:1083:3: error: <md> is not allowed here.
logs\main-assembled.xml:1087:3: error: <md> is not allowed here.
logs\main-assembled.xml:1091:3: error: <md> is not allowed here.
logs\main-assembled.xml:1095:3: error: <md> is not allowed here.
logs\main-assembled.xml:1113:3: error: <subsection> is not allowed here.
logs\main-assembled.xml:1118:3: error: <md> is not allowed here.
logs\main-assembled.xml:1130:3: error: <md> is not allowed here.
logs\main-assembled.xml:1143:3: error: <md> is not allowed here.
logs\main-assembled.xml:1152:3: error: <md> is not allowed here.
logs\main-assembled.xml:1163:3: error: <md> is not allowed here.
logs\main-assembled.xml:1173:3: error: <md> is not allowed here.
logs\main-assembled.xml:1184:3: error: <subsection> is not allowed here.
logs\main-assembled.xml:1212:3: error: <md> is not allowed here.
logs\main-assembled.xml:1224:3: error: <md> is not allowed here.
logs\main-assembled.xml:1234:3: error: <md> is not allowed here.
logs\main-assembled.xml:1238:3: error: <md> is not allowed here.
logs\main-assembled.xml:1242:3: error: <subsection> is not allowed here.
logs\main-assembled.xml:1247:3: error: <md> is not allowed here.
logs\main-assembled.xml:1258:3: error: <md> is not allowed here.
logs\main-assembled.xml:1266:3: error: <md> is not allowed here.
logs\main-assembled.xml:1286:3: error: <subsection> is not allowed here.
logs\main-assembled.xml:1291:3: error: <md> is not allowed here.
logs\main-assembled.xml:1295:3: error: <md> is not allowed here.
logs\main-assembled.xml:1299:3: error: <md> is not allowed here.
logs\main-assembled.xml:1311:3: error: <md> is not allowed here.
logs\main-assembled.xml:1315:3: error: <md> is not allowed here.
logs\main-assembled.xml:1319:3: error: <md> is not allowed here.
logs\main-assembled.xml:1323:3: error: <md> is not allowed here.
logs\main-assembled.xml:1327:3: error: <md> is not allowed here.
logs\main-assembled.xml:1345:3: error: <subsection> is not allowed here.
logs\main-assembled.xml:1352:3: error: <md> is not allowed here.
logs\main-assembled.xml:1356:3: error: <md> is not allowed here.
logs\main-assembled.xml:1436:3: error: <md> is not allowed here.
logs\main-assembled.xml:1440:3: error: <md> is not allowed here.
logs\main-assembled.xml:1445:3: error: <subsection> is not allowed here.
logs\main-assembled.xml:1450:3: error: <md> is not allowed here.
logs\main-assembled.xml:1454:3: error: <md> is not allowed here.
logs\main-assembled.xml:1458:3: error: <md> is not allowed here.
logs\main-assembled.xml:1462:3: error: <md> is not allowed here.
logs\main-assembled.xml:1468:3: error: <md> is not allowed here.
logs\main-assembled.xml:1472:3: error: <md> is not allowed here.
logs\main-assembled.xml:1480:9: error: <md> is not allowed here.
logs\main-assembled.xml:1482:9: error: <md> is not allowed here.
logs\main-assembled.xml:1489:3: error: <subsection> is not allowed here.
logs\main-assembled.xml:1494:3: error: <md> is not allowed here.
logs\main-assembled.xml:1500:3: error: <md> is not allowed here.
logs\main-assembled.xml:1511:3: error: <md> is not allowed here.
logs\main-assembled.xml:1515:3: error: <md> is not allowed here.
logs\main-assembled.xml:1524:3: error: <subsection> is not allowed here.
logs\main-assembled.xml:1531:3: error: <md> is not allowed here.
logs\main-assembled.xml:1535:3: error: <md> is not allowed here.
logs\main-assembled.xml:1539:3: error: <md> is not allowed here.
logs\main-assembled.xml:1543:3: error: <md> is not allowed here.
logs\main-assembled.xml:1551:3: error: <md> is not allowed here.
logs\main-assembled.xml:1555:3: error: <md> is not allowed here.
logs\main-assembled.xml:1563:3: error: <md> is not allowed here.
logs\main-assembled.xml:1568:3: error: <subsection> is not allowed here.
logs\main-assembled.xml:1573:3: error: <md> is not allowed here.
logs\main-assembled.xml:1577:3: error: <md> is not allowed here.
logs\main-assembled.xml:1581:3: error: <md> is not allowed here.
logs\main-assembled.xml:1585:3: error: <md> is not allowed here.
logs\main-assembled.xml:1621:3: error: <subsection> is not allowed here.
logs\main-assembled.xml:1626:3: error: <md> is not allowed here.
logs\main-assembled.xml:1632:3: error: <md> is not allowed here.
logs\main-assembled.xml:1656:3: error: <md> is not allowed here.
logs\main-assembled.xml:1660:3: error: <md> is not allowed here.
logs\main-assembled.xml:1668:3: error: <md> is not allowed here.
logs\main-assembled.xml:1678:3: error: <md> is not allowed here.
logs\main-assembled.xml:1684:3: error: <md> is not allowed here.
logs\main-assembled.xml:1692:3: error: <md> is not allowed here.
logs\main-assembled.xml:1700:3: error: <md> is not allowed here.
logs\main-assembled.xml:1711:3: error: <md> is not allowed here.
logs\main-assembled.xml:1715:3: error: <md> is not allowed here.
logs\main-assembled.xml:1723:3: error: <md> is not allowed here.
logs\main-assembled.xml:1730:3: error: <subsection> is not allowed here.
logs\main-assembled.xml:1737:3: error: <md> is not allowed here.
logs\main-assembled.xml:1756:3: error: <subsection> is not allowed here.
logs\main-assembled.xml:1763:3: error: <md> is not allowed here.
logs\main-assembled.xml:1767:3: error: <md> is not allowed here.
logs\main-assembled.xml:1775:3: error: <md> is not allowed here.
logs\main-assembled.xml:1779:3: error: <md> is not allowed here.
logs\main-assembled.xml:1823:3: error: <md> is not allowed here.
logs\main-assembled.xml:1847:3: error: <subsection> is not allowed here.
logs\main-assembled.xml:1854:3: error: <md> is not allowed here.
logs\main-assembled.xml:1862:3: error: <md> is not allowed here.
logs\main-assembled.xml:1868:3: error: <md> is not allowed here.
logs\main-assembled.xml:1880:3: error: <md> is not allowed here.
logs\main-assembled.xml:1954:3: error: <md> is not allowed here.
logs\main-assembled.xml:1968:3: error: <md> is not allowed here.
logs\main-assembled.xml:1976:3: error: <md> is not allowed here.
logs\main-assembled.xml:1983:3: error: <subsection> is not allowed here.
logs\main-assembled.xml:1990:3: error: <md> is not allowed here.
logs\main-assembled.xml:1998:3: error: <md> is not allowed here.
logs\main-assembled.xml:2005:3: error: <md> is not allowed here.
logs\main-assembled.xml:2036:3: error: <md> is not allowed here.
logs\main-assembled.xml:2043:3: error: <subsection> is not allowed here.
logs\main-assembled.xml:2050:3: error: <md> is not allowed here.
logs\main-assembled.xml:2054:3: error: <md> is not allowed here.
logs\main-assembled.xml:2062:3: error: <md> is not allowed here.
logs\main-assembled.xml:2067:3: error: <subsection> is not allowed here.
logs\main-assembled.xml:2074:3: error: <md> is not allowed here.
logs\main-assembled.xml:2078:3: error: <md> is not allowed here.
logs\main-assembled.xml:2086:3: error: <md> is not allowed here.
logs\main-assembled.xml:2093:3: error: <subsection> is not allowed here.
logs\main-assembled.xml:2100:3: error: <md> is not allowed here.
logs\main-assembled.xml:2104:3: error: <md> is not allowed here.
logs\main-assembled.xml:2108:3: error: <md> is not allowed here.
logs\main-assembled.xml:2114:3: error: <md> is not allowed here.
logs\main-assembled.xml:2120:3: error: <md> is not allowed here.
logs\main-assembled.xml:2125:3: error: <subsection> is not allowed here.
logs\main-assembled.xml:2132:3: error: <md> is not allowed here.
logs\main-assembled.xml:2138:3: error: <md> is not allowed here.
logs\main-assembled.xml:2145:5: error: <tabular> is not allowed here.
logs\main-assembled.xml:2147:15: error: <strong> is not allowed here.
logs\main-assembled.xml:2148:15: error: <strong> is not allowed here.
logs\main-assembled.xml:2149:15: error: <strong> is not allowed here.
logs\main-assembled.xml:2172:9: error: <title> is not allowed here.
logs\main-assembled.xml:2190:3: error: <subsection> is not allowed here.
logs\main-assembled.xml:2252:3: error: <md> is not allowed here.
logs\main-assembled.xml:2259:3: error: <subsection> is not allowed here.
logs\main-assembled.xml:2313:5: error: <ol> is not allowed here.
logs\main-assembled.xml:2319:11: error: <md> is not allowed here.
logs\main-assembled.xml:2343:3: error: <md> is not allowed here.
logs\main-assembled.xml:2351:3: error: <md> is not allowed here.
logs\main-assembled.xml:2355:3: error: <md> is not allowed here.
logs\main-assembled.xml:2359:3: error: <md> is not allowed here.
logs\main-assembled.xml:2369:3: error: <md> is not allowed here.
logs\main-assembled.xml:2373:3: error: <md> is not allowed here.
logs\main-assembled.xml:2379:3: error: <md> is not allowed here.
logs\main-assembled.xml:2392:3: error: <subsection> is not allowed here.
logs\main-assembled.xml:2399:3: error: <md> is not allowed here.
logs\main-assembled.xml:2403:3: error: <md> is not allowed here.
logs\main-assembled.xml:2475:3: error: <md> is not allowed here.
logs\main-assembled.xml:2479:3: error: <md> is not allowed here.
logs\main-assembled.xml:2483:3: error: <md> is not allowed here.
logs\main-assembled.xml:2487:3: error: <md> is not allowed here.
logs\main-assembled.xml:2491:3: error: <md> is not allowed here.
logs\main-assembled.xml:2504:5: error: <ol> is not allowed here.
logs\main-assembled.xml:2538:3: error: <subsection> is not allowed here.
logs\main-assembled.xml:2543:3: error: <md> is not allowed here.
logs\main-assembled.xml:2549:3: error: <md> is not allowed here.
logs\main-assembled.xml:2553:3: error: <md> is not allowed here.
logs\main-assembled.xml:2557:3: error: <md> is not allowed here.
logs\main-assembled.xml:2561:3: error: <md> is not allowed here.
logs\main-assembled.xml:2569:3: error: <md> is not allowed here.
logs\main-assembled.xml:2573:3: error: <md> is not allowed here.
logs\main-assembled.xml:2587:3: error: <md> is not allowed here.
logs\main-assembled.xml:2591:3: error: <md> is not allowed here.
logs\main-assembled.xml:2595:3: error: <md> is not allowed here.
logs\main-assembled.xml:2603:3: error: <md> is not allowed here.
logs\main-assembled.xml:2607:3: error: <md> is not allowed here.
logs\main-assembled.xml:2615:3: error: <md> is not allowed here.
logs\main-assembled.xml:2619:3: error: <md> is not allowed here.
logs\main-assembled.xml:2623:3: error: <md> is not allowed here.
logs\main-assembled.xml:2627:3: error: <md> is not allowed here.
logs\main-assembled.xml:2637:3: error: <md> is not allowed here.
logs\main-assembled.xml:2647:3: error: <md> is not allowed here.
logs\main-assembled.xml:2653:3: error: <md> is not allowed here.
logs\main-assembled.xml:2661:3: error: <md> is not allowed here.
logs\main-assembled.xml:2665:3: error: <md> is not allowed here.
logs\main-assembled.xml:2673:3: error: <md> is not allowed here.
logs\main-assembled.xml:2680:3: error: <md> is not allowed here.
logs\main-assembled.xml:2684:3: error: <md> is not allowed here.
logs\main-assembled.xml:2690:3: error: <subsection> is not allowed here.
logs\main-assembled.xml:2699:3: error: <md> is not allowed here.
logs\main-assembled.xml:2703:3: error: <md> is not allowed here.
logs\main-assembled.xml:2709:3: error: <md> is not allowed here.
logs\main-assembled.xml:2717:3: error: <md> is not allowed here.
logs\main-assembled.xml:2723:3: error: <md> is not allowed here.
logs\main-assembled.xml:2727:3: error: <md> is not allowed here.
logs\main-assembled.xml:2731:3: error: <md> is not allowed here.
logs\main-assembled.xml:2735:3: error: <md> is not allowed here.
logs\main-assembled.xml:2768:3: error: <md> is not allowed here.
logs\main-assembled.xml:2772:3: error: <md> is not allowed here.
logs\main-assembled.xml:2777:3: error: <md> is not allowed here.
logs\main-assembled.xml:2789:3: error: <subsection> is not allowed here.
logs\main-assembled.xml:2815:3: error: <md> is not allowed here.
logs\main-assembled.xml:2821:3: error: <md> is not allowed here.
logs\main-assembled.xml:2845:3: error: <md> is not allowed here.
logs\main-assembled.xml:2854:3: error: <subsection> is not allowed here.
logs\main-assembled.xml:2861:3: error: <md> is not allowed here.
logs\main-assembled.xml:2863:3: error: <md> is not allowed here.
logs\main-assembled.xml:2865:3: error: <md> is not allowed here.
logs\main-assembled.xml:2867:3: error: <md> is not allowed here.
logs\main-assembled.xml:2909:3: error: <md> is not allowed here.
logs\main-assembled.xml:2911:3: error: <md> is not allowed here.
logs\main-assembled.xml:2920:3: error: <md> is not allowed here.
logs\main-assembled.xml:2924:3: error: <md> is not allowed here.
logs\main-assembled.xml:2928:3: error: <md> is not allowed here.
logs\main-assembled.xml:2937:3: error: <md> is not allowed here.
logs\main-assembled.xml:2943:3: error: <md> is not allowed here.
logs\main-assembled.xml:2964:3: error: <subsection> is not allowed here.
logs\main-assembled.xml:2969:3: error: <md> is not allowed here.
logs\main-assembled.xml:2979:3: error: <md> is not allowed here.
logs\main-assembled.xml:2989:3: error: <md> is not allowed here.
logs\main-assembled.xml:2993:3: error: <md> is not allowed here.
logs\main-assembled.xml:3028:3: error: <md> is not allowed here.
logs\main-assembled.xml:3040:3: error: <md> is not allowed here.
logs\main-assembled.xml:3044:3: error: <md> is not allowed here.
logs\main-assembled.xml:3048:3: error: <md> is not allowed here.
logs\main-assembled.xml:3052:3: error: <md> is not allowed here.
logs\main-assembled.xml:3062:3: error: <md> is not allowed here.
logs\main-assembled.xml:3066:3: error: <md> is not allowed here.
logs\main-assembled.xml:3070:3: error: <md> is not allowed here.
logs\main-assembled.xml:3074:3: error: <md> is not allowed here.
logs\main-assembled.xml:3078:3: error: <md> is not allowed here.
logs\main-assembled.xml:3082:3: error: <md> is not allowed here.
logs\main-assembled.xml:3093:3: error: <md> is not allowed here.
logs\main-assembled.xml:3099:3: error: <md> is not allowed here.
logs\main-assembled.xml:3122:3: error: <subsection> is not allowed here.
logs\main-assembled.xml:3129:3: error: <md> is not allowed here.
logs\main-assembled.xml:3133:3: error: <md> is not allowed here.
logs\main-assembled.xml:3137:3: error: <md> is not allowed here.
logs\main-assembled.xml:3163:3: error: <md> is not allowed here.
logs\main-assembled.xml:3168:3: error: <md> is not allowed here.
logs\main-assembled.xml:3172:3: error: <md> is not allowed here.
logs\main-assembled.xml:3183:3: error: <md> is not allowed here.
logs\main-assembled.xml:3189:3: error: <md> is not allowed here.
logs\main-assembled.xml:3197:3: error: <md> is not allowed here.
logs\main-assembled.xml:3203:3: error: <md> is not allowed here.
logs\main-assembled.xml:3211:3: error: <md> is not allowed here.
logs\main-assembled.xml:3215:3: error: <md> is not allowed here.
logs\main-assembled.xml:3219:3: error: <note> is not allowed here.
logs\main-assembled.xml:3243:3: error: <md> is not allowed here.
logs\main-assembled.xml:3252:3: error: <subsection> is not allowed here.
logs\main-assembled.xml:3257:3: error: <md> is not allowed here.
logs\main-assembled.xml:3279:3: error: <md> is not allowed here.
logs\main-assembled.xml:3285:3: error: <md> is not allowed here.
logs\main-assembled.xml:3289:3: error: <md> is not allowed here.
logs\main-assembled.xml:3295:3: error: <md> is not allowed here.
logs\main-assembled.xml:3299:3: error: <md> is not allowed here.
logs\main-assembled.xml:3305:3: error: <md> is not allowed here.
logs\main-assembled.xml:3314:3: error: <md> is not allowed here.
logs\main-assembled.xml:3318:3: error: <md> is not allowed here.
logs\main-assembled.xml:3322:3: error: <md> is not allowed here.
logs\main-assembled.xml:3326:3: error: <md> is not allowed here.
logs\main-assembled.xml:3330:3: error: <md> is not allowed here.
logs\main-assembled.xml:3334:3: error: <md> is not allowed here.
logs\main-assembled.xml:3338:3: error: <md> is not allowed here.
logs\main-assembled.xml:3370:3: error: <subsection> is not allowed here.
logs\main-assembled.xml:3375:3: error: <md> is not allowed here.
logs\main-assembled.xml:3377:3: error: <md> is not allowed here.
logs\main-assembled.xml:3379:3: error: <md> is not allowed here.
logs\main-assembled.xml:3383:3: error: <md> is not allowed here.
logs\main-assembled.xml:3426:9: error: <md> is not allowed here.
logs\main-assembled.xml:3428:9: error: <md> is not allowed here.
logs\main-assembled.xml:3430:9: error: <md> is not allowed here.
logs\main-assembled.xml:3441:3: error: <md> is not allowed here.
logs\main-assembled.xml:3445:3: error: <md> is not allowed here.
logs\main-assembled.xml:3480:3: error: <subsection> is not allowed here.
logs\main-assembled.xml:3491:9: error: <md> is not allowed here.
logs\main-assembled.xml:3500:9: error: <md> is not allowed here.
logs\main-assembled.xml:3503:9: error: <md> is not allowed here.
logs\main-assembled.xml:3512:3: error: <md> is not allowed here.
logs\main-assembled.xml:3518:3: error: <md> is not allowed here.
logs\main-assembled.xml:3529:3: error: <md> is not allowed here.
logs\main-assembled.xml:3533:3: error: <md> is not allowed here.
logs\main-assembled.xml:3537:3: error: <note> is not allowed here.
logs\main-assembled.xml:3545:3: error: <note> is not allowed here.
logs\main-assembled.xml:3559:3: error: <md> is not allowed here.
logs\main-assembled.xml:3563:3: error: <md> is not allowed here.
logs\main-assembled.xml:3588:3: error: <subsection> is not allowed here.
logs\main-assembled.xml:3598:3: error: <md> is not allowed here.
logs\main-assembled.xml:3604:3: error: <md> is not allowed here.
logs\main-assembled.xml:3608:3: error: <md> is not allowed here.
logs\main-assembled.xml:3612:3: error: <md> is not allowed here.
logs\main-assembled.xml:3618:3: error: <md> is not allowed here.
logs\main-assembled.xml:3622:3: error: <md> is not allowed here.
logs\main-assembled.xml:3628:3: error: <md> is not allowed here.
logs\main-assembled.xml:3634:3: error: <md> is not allowed here.
logs\main-assembled.xml:3646:3: error: <md> is not allowed here.
logs\main-assembled.xml:3650:3: error: <md> is not allowed here.
logs\main-assembled.xml:3656:3: error: <md> is not allowed here.
logs\main-assembled.xml:3666:3: error: <md> is not allowed here.
logs\main-assembled.xml:3670:3: error: <md> is not allowed here.
logs\main-assembled.xml:3678:3: error: <md> is not allowed here.
logs\main-assembled.xml:3682:3: error: <md> is not allowed here.
logs\main-assembled.xml:3691:3: error: <subsection> is not allowed here.
logs\main-assembled.xml:3707:3: error: <md> is not allowed here.
logs\main-assembled.xml:3711:3: error: <md> is not allowed here.
logs\main-assembled.xml:3717:3: error: <md> is not allowed here.
logs\main-assembled.xml:3723:3: error: <md> is not allowed here.
logs\main-assembled.xml:3769:3: error: <subsection> is not allowed here.
logs\main-assembled.xml:3774:3: error: <md> is not allowed here.
logs\main-assembled.xml:3778:3: error: <md> is not allowed here.
logs\main-assembled.xml:3782:3: error: <md> is not allowed here.
logs\main-assembled.xml:3815:9: error: <md> is not allowed here.
logs\main-assembled.xml:3821:3: error: <md> is not allowed here.
logs\main-assembled.xml:3830:3: error: <md> is not allowed here.
logs\main-assembled.xml:3836:3: error: <md> is not allowed here.
logs\main-assembled.xml:3842:3: error: <md> is not allowed here.
logs\main-assembled.xml:3853:3: error: <md> is not allowed here.
logs\main-assembled.xml:3859:3: error: <md> is not allowed here.
logs\main-assembled.xml:3867:3: error: <md> is not allowed here.
logs\main-assembled.xml:3871:3: error: <md> is not allowed here.
logs\main-assembled.xml:3892:3: error: <subsection> is not allowed here.
logs\main-assembled.xml:3902:3: error: <md> is not allowed here.
logs\main-assembled.xml:3906:3: error: <md> is not allowed here.
logs\main-assembled.xml:3916:3: error: <md> is not allowed here.
logs\main-assembled.xml:3926:3: error: <md> is not allowed here.
logs\main-assembled.xml:3930:3: error: <md> is not allowed here.
logs\main-assembled.xml:3977:3: error: <md> is not allowed here.
logs\main-assembled.xml:3983:3: error: <md> is not allowed here.
logs\main-assembled.xml:3995:3: error: <md> is not allowed here.
logs\main-assembled.xml:3999:3: error: <md> is not allowed here.
logs\main-assembled.xml:4003:3: error: <md> is not allowed here.
logs\main-assembled.xml:4009:3: error: <md> is not allowed here.
logs\main-assembled.xml:4016:9: error: <md> is not allowed here.
logs\main-assembled.xml:4017:9: error: <md> is not allowed here.
logs\main-assembled.xml:4018:9: error: <md> is not allowed here.
logs\main-assembled.xml:4019:9: error: <md> is not allowed here.
logs\main-assembled.xml:4039:3: error: <subsection> is not allowed here.
logs\main-assembled.xml:4064:3: error: <md> is not allowed here.
logs\main-assembled.xml:4068:3: error: <md> is not allowed here.
logs\main-assembled.xml:4072:3: error: <md> is not allowed here.
logs\main-assembled.xml:4081:3: error: <md> is not allowed here.
logs\main-assembled.xml:4085:3: error: <md> is not allowed here.
logs\main-assembled.xml:4089:3: error: <md> is not allowed here.
logs\main-assembled.xml:4093:3: error: <md> is not allowed here.
logs\main-assembled.xml:4102:3: error: <md> is not allowed here.
logs\main-assembled.xml:4106:3: error: <md> is not allowed here.
logs\main-assembled.xml:4110:3: error: <md> is not allowed here.
logs\main-assembled.xml:4114:3: error: <md> is not allowed here.
logs\main-assembled.xml:4118:3: error: <md> is not allowed here.
logs\main-assembled.xml:4122:3: error: <md> is not allowed here.
logs\main-assembled.xml:4126:3: error: <md> is not allowed here.
logs\main-assembled.xml:4130:3: error: <md> is not allowed here.
logs\main-assembled.xml:4135:3: error: <subsection> is not allowed here.
logs\main-assembled.xml:4151:3: error: <md> is not allowed here.
logs\main-assembled.xml:4155:3: error: <md> is not allowed here.
logs\main-assembled.xml:4159:3: error: <md> is not allowed here.
logs\main-assembled.xml:4163:3: error: <md> is not allowed here.
logs\main-assembled.xml:4173:3: error: <md> is not allowed here.
logs\main-assembled.xml:4177:3: error: <md> is not allowed here.
logs\main-assembled.xml:4214:3: error: <md> is not allowed here.
logs\main-assembled.xml:4225:3: error: <md> is not allowed here.
logs\main-assembled.xml:4235:3: error: <md> is not allowed here.
logs\main-assembled.xml:4241:3: error: <md> is not allowed here.
logs\main-assembled.xml:4270:3: error: <subsection> is not allowed here.
logs\main-assembled.xml:4275:3: error: <md> is not allowed here.
logs\main-assembled.xml:4281:3: error: <md> is not allowed here.
logs\main-assembled.xml:4287:3: error: <md> is not allowed here.
logs\main-assembled.xml:4293:3: error: <md> is not allowed here.
logs\main-assembled.xml:4319:3: error: <md> is not allowed here.
logs\main-assembled.xml:4323:3: error: <md> is not allowed here.
logs\main-assembled.xml:4329:3: error: <md> is not allowed here.
logs\main-assembled.xml:4339:3: error: <md> is not allowed here.
logs\main-assembled.xml:4343:3: error: <md> is not allowed here.
logs\main-assembled.xml:4385:3: error: <md> is not allowed here.
logs\main-assembled.xml:4389:3: error: <md> is not allowed here.
logs\main-assembled.xml:4393:3: error: <md> is not allowed here.
logs\main-assembled.xml:4397:3: error: <md> is not allowed here.
logs\main-assembled.xml:4401:3: error: <note> is not allowed here.
logs\main-assembled.xml:4421:3: error: <md> is not allowed here.
logs\main-assembled.xml:4427:3: error: <subsection> is not allowed here.
logs\main-assembled.xml:4432:3: error: <md> is not allowed here.
logs\main-assembled.xml:4436:3: error: <md> is not allowed here.
logs\main-assembled.xml:4440:3: error: <md> is not allowed here.
logs\main-assembled.xml:4448:3: error: <md> is not allowed here.
logs\main-assembled.xml:4454:3: error: <md> is not allowed here.
logs\main-assembled.xml:4458:3: error: <md> is not allowed here.
logs\main-assembled.xml:4462:3: error: <md> is not allowed here.
logs\main-assembled.xml:4500:9: error: <md> is not allowed here.
logs\main-assembled.xml:4502:9: error: <md> is not allowed here.
logs\main-assembled.xml:4504:9: error: <md> is not allowed here.
logs\main-assembled.xml:4506:9: error: <md> is not allowed here.
logs\main-assembled.xml:4512:3: error: <md> is not allowed here.
logs\main-assembled.xml:4536:3: error: <md> is not allowed here.
logs\main-assembled.xml:4540:3: error: <md> is not allowed here.
logs\main-assembled.xml:4546:3: error: <md> is not allowed here.
logs\main-assembled.xml:4550:3: error: <md> is not allowed here.
logs\main-assembled.xml:4554:3: error: <md> is not allowed here.
logs\main-assembled.xml:4558:3: error: <md> is not allowed here.
logs\main-assembled.xml:4563:3: error: <subsection> is not allowed here.
logs\main-assembled.xml:4570:3: error: <md> is not allowed here.
logs\main-assembled.xml:4574:3: error: <md> is not allowed here.
logs\main-assembled.xml:4578:3: error: <md> is not allowed here.
logs\main-assembled.xml:4582:3: error: <md> is not allowed here.
logs\main-assembled.xml:4588:3: error: <md> is not allowed here.
logs\main-assembled.xml:4594:3: error: <md> is not allowed here.
logs\main-assembled.xml:4598:3: error: <md> is not allowed here.
logs\main-assembled.xml:4602:3: error: <md> is not allowed here.
logs\main-assembled.xml:4609:9: error: <md> is not allowed here.
logs\main-assembled.xml:4612:9: error: <md> is not allowed here.
logs\main-assembled.xml:4638:3: error: <md> is not allowed here.
logs\main-assembled.xml:4642:3: error: <md> is not allowed here.
logs\main-assembled.xml:4646:3: error: <md> is not allowed here.
logs\main-assembled.xml:4650:3: error: <md> is not allowed here.
logs\main-assembled.xml:4658:3: error: <md> is not allowed here.
logs\main-assembled.xml:4662:3: error: <md> is not allowed here.
logs\main-assembled.xml:4668:3: error: <md> is not allowed here.
logs\main-assembled.xml:4672:3: error: <md> is not allowed here.
logs\main-assembled.xml:4678:3: error: <md> is not allowed here.
logs\main-assembled.xml:4680:1: error: <strong> is not allowed here.
logs\main-assembled.xml:4680:36: error: <strong> is not allowed here.
logs\main-assembled.xml:4680:73: error: <strong> is not allowed here.
logs\main-assembled.xml:4700:3: error: <md> is not allowed here.
logs\main-assembled.xml:4704:3: error: <md> is not allowed here.
logs\main-assembled.xml:4708:3: error: <md> is not allowed here.
logs\main-assembled.xml:4712:3: error: <md> is not allowed here.
logs\main-assembled.xml:4718:3: error: <md> is not allowed here.
logs\main-assembled.xml:4724:3: error: <md> is not allowed here.
logs\main-assembled.xml:4728:3: error: <md> is not allowed here.
logs\main-assembled.xml:4735:3: error: <subsection> is not allowed here.
logs\main-assembled.xml:4742:3: error: <md> is not allowed here.
logs\main-assembled.xml:4746:3: error: <md> is not allowed here.
logs\main-assembled.xml:4752:3: error: <md> is not allowed here.
logs\main-assembled.xml:4756:3: error: <md> is not allowed here.
logs\main-assembled.xml:4815:9: error: <md> is not allowed here.
logs\main-assembled.xml:4818:9: error: <md> is not allowed here.
logs\main-assembled.xml:4828:3: error: <md> is not allowed here.
logs\main-assembled.xml:4834:3: error: <md> is not allowed here.
logs\main-assembled.xml:4840:3: error: <md> is not allowed here.
logs\main-assembled.xml:4844:3: error: <md> is not allowed here.
logs\main-assembled.xml:4855:3: error: <md> is not allowed here.
logs\main-assembled.xml:4859:3: error: <md> is not allowed here.
logs\main-assembled.xml:4863:3: error: <md> is not allowed here.
logs\main-assembled.xml:4867:3: error: <md> is not allowed here.
logs\main-assembled.xml:4871:3: error: <md> is not allowed here.
logs\main-assembled.xml:4894:3: error: <subsection> is not allowed here.
logs\main-assembled.xml:4899:3: error: <md> is not allowed here.
logs\main-assembled.xml:4901:3: error: <md> is not allowed here.
logs\main-assembled.xml:4903:3: error: <md> is not allowed here.
logs\main-assembled.xml:4905:3: error: <md> is not allowed here.
logs\main-assembled.xml:4907:3: error: <md> is not allowed here.
logs\main-assembled.xml:4916:9: error: <md> is not allowed here.
logs\main-assembled.xml:4918:9: error: <md> is not allowed here.
logs\main-assembled.xml:4943:3: error: <md> is not allowed here.
logs\main-assembled.xml:4947:3: error: <md> is not allowed here.
logs\main-assembled.xml:4953:3: error: <md> is not allowed here.
logs\main-assembled.xml:4957:3: error: <md> is not allowed here.
logs\main-assembled.xml:4988:3: error: <md> is not allowed here.
logs\main-assembled.xml:4992:3: error: <md> is not allowed here.
logs\main-assembled.xml:4994:1: error: <strong> is not allowed here.
logs\main-assembled.xml:4994:32: error: <strong> is not allowed here.
logs\main-assembled.xml:5005:3: error: <md> is not allowed here.
logs\main-assembled.xml:5009:3: error: <md> is not allowed here.
logs\main-assembled.xml:5020:3: error: <subsection> is not allowed here.
logs\main-assembled.xml:5029:3: error: <md> is not allowed here.
logs\main-assembled.xml:5033:3: error: <md> is not allowed here.
logs\main-assembled.xml:5043:15: error: Missing required content. Expected one of: <p>, <blockquote>, <pre>, <image>, <video>, <audio>, <program>, <console>, <tabular>, <figure>, <table>, <listing>, … (7 more).
logs\main-assembled.xml:5076:3: error: <subsection> is not allowed here.
logs\main-assembled.xml:5081:3: error: <md> is not allowed here.
logs\main-assembled.xml:5085:3: error: <md> is not allowed here.
logs\main-assembled.xml:5089:3: error: <md> is not allowed here.
logs\main-assembled.xml:5093:3: error: <md> is not allowed here.
logs\main-assembled.xml:5102:9: error: <md> is not allowed here.
logs\main-assembled.xml:5103:9: error: <md> is not allowed here.
logs\main-assembled.xml:5104:9: error: <md> is not allowed here.
logs\main-assembled.xml:5106:9: error: <md> is not allowed here.
logs\main-assembled.xml:5116:3: error: <md> is not allowed here.
logs\main-assembled.xml:5120:3: error: <md> is not allowed here.
logs\main-assembled.xml:5124:3: error: <md> is not allowed here.
logs\main-assembled.xml:5128:3: error: <md> is not allowed here.
logs\main-assembled.xml:5132:3: error: <md> is not allowed here.
logs\main-assembled.xml:5136:3: error: <md> is not allowed here.
logs\main-assembled.xml:5140:3: error: <md> is not allowed here.
logs\main-assembled.xml:5144:3: error: <md> is not allowed here.
logs\main-assembled.xml:5155:3: error: <md> is not allowed here.
logs\main-assembled.xml:5159:3: error: <md> is not allowed here.
logs\main-assembled.xml:5163:3: error: <md> is not allowed here.
logs\main-assembled.xml:5167:3: error: <md> is not allowed here.
logs\main-assembled.xml:5171:3: error: <md> is not allowed here.
logs\main-assembled.xml:5175:3: error: <md> is not allowed here.
logs\main-assembled.xml:5179:3: error: <md> is not allowed here.
logs\main-assembled.xml:5183:3: error: <md> is not allowed here.
logs\main-assembled.xml:5189:3: error: <md> is not allowed here.
logs\main-assembled.xml:5200:3: error: <md> is not allowed here.
logs\main-assembled.xml:5204:3: error: <md> is not allowed here.
logs\main-assembled.xml:5208:3: error: <md> is not allowed here.
logs\main-assembled.xml:5213:3: error: <md> is not allowed here.
logs\main-assembled.xml:5243:3: error: <subsection> is not allowed here.
logs\main-assembled.xml:5250:3: error: <md> is not allowed here.
logs\main-assembled.xml:5254:3: error: <md> is not allowed here.
logs\main-assembled.xml:5262:3: error: <md> is not allowed here.
logs\main-assembled.xml:5266:3: error: <md> is not allowed here.
logs\main-assembled.xml:5270:3: error: <md> is not allowed here.
logs\main-assembled.xml:5300:9: error: <md> is not allowed here.
logs\main-assembled.xml:5309:3: error: <md> is not allowed here.
logs\main-assembled.xml:5331:3: error: <md> is not allowed here.
logs\main-assembled.xml:5335:3: error: <md> is not allowed here.
logs\main-assembled.xml:5339:3: error: <md> is not allowed here.
logs\main-assembled.xml:5343:3: error: <md> is not allowed here.
logs\main-assembled.xml:5347:3: error: <md> is not allowed here.
logs\main-assembled.xml:5351:3: error: <md> is not allowed here.
logs\main-assembled.xml:5355:3: error: <md> is not allowed here.
logs\main-assembled.xml:5359:3: error: <md> is not allowed here.
logs\main-assembled.xml:5363:3: error: <md> is not allowed here.
logs\main-assembled.xml:5367:3: error: <md> is not allowed here.
logs\main-assembled.xml:5371:3: error: <md> is not allowed here.
logs\main-assembled.xml:5375:3: error: <note> is not allowed here.
logs\main-assembled.xml:5394:3: error: <md> is not allowed here.
logs\main-assembled.xml:5400:3: error: <md> is not allowed here.
logs\main-assembled.xml:5404:3: error: <md> is not allowed here.
logs\main-assembled.xml:5408:3: error: <md> is not allowed here.
logs\main-assembled.xml:5417:3: error: <subsection> is not allowed here.
logs\main-assembled.xml:5424:3: error: <md> is not allowed here.
logs\main-assembled.xml:5428:3: error: <md> is not allowed here.
logs\main-assembled.xml:5432:3: error: <md> is not allowed here.
logs\main-assembled.xml:5436:3: error: <md> is not allowed here.
logs\main-assembled.xml:5440:3: error: <md> is not allowed here.
logs\main-assembled.xml:5444:3: error: <md> is not allowed here.
logs\main-assembled.xml:5448:3: error: <md> is not allowed here.
logs\main-assembled.xml:5460:9: error: <md> is not allowed here.
logs\main-assembled.xml:5462:9: error: <md> is not allowed here.
logs\main-assembled.xml:5464:9: error: <md> is not allowed here.
logs\main-assembled.xml:5473:3: error: <md> is not allowed here.
logs\main-assembled.xml:5477:3: error: <md> is not allowed here.
logs\main-assembled.xml:5481:3: error: <md> is not allowed here.
logs\main-assembled.xml:5485:3: error: <md> is not allowed here.
logs\main-assembled.xml:5507:3: error: <md> is not allowed here.
logs\main-assembled.xml:5511:3: error: <md> is not allowed here.
logs\main-assembled.xml:5515:3: error: <md> is not allowed here.
logs\main-assembled.xml:5519:3: error: <md> is not allowed here.
logs\main-assembled.xml:5523:3: error: <md> is not allowed here.
logs\main-assembled.xml:5527:3: error: <md> is not allowed here.
logs\main-assembled.xml:5531:3: error: <md> is not allowed here.
logs\main-assembled.xml:5539:3: error: <md> is not allowed here.
logs\main-assembled.xml:5548:3: error: <subsection> is not allowed here.
logs\main-assembled.xml:5557:3: error: <md> is not allowed here.
logs\main-assembled.xml:5561:3: error: <md> is not allowed here.
logs\main-assembled.xml:5567:3: error: <md> is not allowed here.
logs\main-assembled.xml:5576:9: error: <md> is not allowed here.
logs\main-assembled.xml:5592:3: error: <md> is not allowed here.
logs\main-assembled.xml:5596:3: error: <md> is not allowed here.
logs\main-assembled.xml:5600:3: error: <md> is not allowed here.
logs\main-assembled.xml:5678:3: error: <md> is not allowed here.
logs\main-assembled.xml:5682:3: error: <md> is not allowed here.
logs\main-assembled.xml:5686:3: error: <md> is not allowed here.
logs\main-assembled.xml:5690:3: error: <md> is not allowed here.
logs\main-assembled.xml:5694:3: error: <md> is not allowed here.
logs\main-assembled.xml:5706:3: error: <md> is not allowed here.
logs\main-assembled.xml:5712:3: error: <md> is not allowed here.
logs\main-assembled.xml:5718:3: error: <md> is not allowed here.
logs\main-assembled.xml:5728:3: error: <md> is not allowed here.
logs\main-assembled.xml:5732:3: error: <md> is not allowed here.
logs\main-assembled.xml:5736:3: error: <md> is not allowed here.
logs\main-assembled.xml:5742:3: error: <md> is not allowed here.
logs\main-assembled.xml:5746:3: error: <md> is not allowed here.
logs\main-assembled.xml:5771:3: error: <md> is not allowed here.
logs\main-assembled.xml:5775:3: error: <md> is not allowed here.
logs\main-assembled.xml:5779:3: error: <md> is not allowed here.
logs\main-assembled.xml:5783:3: error: <md> is not allowed here.
logs\main-assembled.xml:5787:3: error: <md> is not allowed here.
logs\main-assembled.xml:5791:3: error: <md> is not allowed here.
logs\main-assembled.xml:5812:3: error: <subsection> is not allowed here.
logs\main-assembled.xml:5817:3: error: <md> is not allowed here.
logs\main-assembled.xml:5823:3: error: <md> is not allowed here.
logs\main-assembled.xml:5827:3: error: <md> is not allowed here.
logs\main-assembled.xml:5831:3: error: <md> is not allowed here.
logs\main-assembled.xml:5853:3: error: <md> is not allowed here.
logs\main-assembled.xml:5857:3: error: <md> is not allowed here.
logs\main-assembled.xml:5861:3: error: <md> is not allowed here.
logs\main-assembled.xml:5865:3: error: <md> is not allowed here.
logs\main-assembled.xml:5878:3: error: <md> is not allowed here.
logs\main-assembled.xml:5882:3: error: <md> is not allowed here.
logs\main-assembled.xml:5886:3: error: <md> is not allowed here.
logs\main-assembled.xml:5890:3: error: <md> is not allowed here.
logs\main-assembled.xml:5894:3: error: <note> is not allowed here.
logs\main-assembled.xml:5906:3: error: <subsection> is not allowed here.
logs\main-assembled.xml:5911:3: error: <md> is not allowed here.
logs\main-assembled.xml:5915:3: error: <md> is not allowed here.
logs\main-assembled.xml:5926:3: error: <md> is not allowed here.
logs\main-assembled.xml:5930:3: error: <md> is not allowed here.
logs\main-assembled.xml:5936:3: error: <md> is not allowed here.
logs\main-assembled.xml:5940:3: error: <md> is not allowed here.
logs\main-assembled.xml:5946:3: error: <note> is not allowed here.
logs\main-assembled.xml:5956:3: error: <md> is not allowed here.
logs\main-assembled.xml:5960:3: error: <md> is not allowed here.
logs\main-assembled.xml:5971:3: error: <md> is not allowed here.
logs\main-assembled.xml:5977:3: error: <md> is not allowed here.
logs\main-assembled.xml:5983:3: error: <md> is not allowed here.
logs\main-assembled.xml:5989:3: error: <md> is not allowed here.
logs\main-assembled.xml:6000:3: error: <md> is not allowed here.
logs\main-assembled.xml:6004:3: error: <md> is not allowed here.
logs\main-assembled.xml:6010:3: error: <subsection> is not allowed here.
logs\main-assembled.xml:6015:3: error: <md> is not allowed here.
logs\main-assembled.xml:6019:3: error: <md> is not allowed here.
logs\main-assembled.xml:6026:3: error: <md> is not allowed here.
logs\main-assembled.xml:6030:3: error: <md> is not allowed here.
logs\main-assembled.xml:6034:3: error: <md> is not allowed here.
logs\main-assembled.xml:6038:3: error: <md> is not allowed here.
logs\main-assembled.xml:6044:3: error: <md> is not allowed here.
logs\main-assembled.xml:6055:3: error: <md> is not allowed here.
logs\main-assembled.xml:6061:3: error: <md> is not allowed here.
logs\main-assembled.xml:6070:3: error: <md> is not allowed here.
logs\main-assembled.xml:6076:3: error: <md> is not allowed here.
logs\main-assembled.xml:6115:3: error: <md> is not allowed here.
logs\main-assembled.xml:6121:3: error: <md> is not allowed here.
logs\main-assembled.xml:6133:3: error: <md> is not allowed here.
logs\main-assembled.xml:6137:3: error: <md> is not allowed here.
logs\main-assembled.xml:6141:3: error: <md> is not allowed here.
logs\main-assembled.xml:6162:3: error: <subsection> is not allowed here.
logs\main-assembled.xml:6169:3: error: <md> is not allowed here.
logs\main-assembled.xml:6171:3: error: <md> is not allowed here.
logs\main-assembled.xml:6173:3: error: <md> is not allowed here.
logs\main-assembled.xml:6177:3: error: <md> is not allowed here.
logs\main-assembled.xml:6186:3: error: <md> is not allowed here.
logs\main-assembled.xml:6190:3: error: <md> is not allowed here.
logs\main-assembled.xml:6194:3: error: <md> is not allowed here.
logs\main-assembled.xml:6198:3: error: <md> is not allowed here.
logs\main-assembled.xml:6202:3: error: <md> is not allowed here.
logs\main-assembled.xml:6206:3: error: <md> is not allowed here.
logs\main-assembled.xml:6210:3: error: <md> is not allowed here.
logs\main-assembled.xml:6219:3: error: <md> is not allowed here.
logs\main-assembled.xml:6223:3: error: <md> is not allowed here.
logs\main-assembled.xml:6232:3: error: <subsection> is not allowed here.
logs\main-assembled.xml:6241:3: error: <md> is not allowed here.
logs\main-assembled.xml:6275:3: error: <md> is not allowed here.
logs\main-assembled.xml:6281:3: error: <md> is not allowed here.
logs\main-assembled.xml:6285:3: error: <md> is not allowed here.
logs\main-assembled.xml:6291:3: error: <md> is not allowed here.
logs\main-assembled.xml:6297:3: error: <md> is not allowed here.
logs\main-assembled.xml:6305:9: error: <md> is not allowed here.
logs\main-assembled.xml:6311:3: error: <md> is not allowed here.
logs\main-assembled.xml:6315:3: error: <md> is not allowed here.
logs\main-assembled.xml:6319:3: error: <md> is not allowed here.
logs\main-assembled.xml:6321:3: error: <md> is not allowed here.
logs\main-assembled.xml:6325:3: error: <md> is not allowed here.
logs\main-assembled.xml:6329:3: error: <md> is not allowed here.
logs\main-assembled.xml:6333:3: error: <md> is not allowed here.
logs\main-assembled.xml:6338:3: error: <md> is not allowed here.
logs\main-assembled.xml:6366:3: error: <md> is not allowed here.
logs\main-assembled.xml:6372:3: error: <md> is not allowed here.
logs\main-assembled.xml:6376:3: error: <md> is not allowed here.
logs\main-assembled.xml:6380:3: error: <md> is not allowed here.
logs\main-assembled.xml:6387:3: error: <subsection> is not allowed here.
logs\main-assembled.xml:6394:3: error: <md> is not allowed here.
logs\main-assembled.xml:6398:3: error: <md> is not allowed here.
logs\main-assembled.xml:6424:3: error: <md> is not allowed here.
logs\main-assembled.xml:6428:3: error: <md> is not allowed here.
logs\main-assembled.xml:6449:3: error: <md> is not allowed here.
logs\main-assembled.xml:6453:3: error: <md> is not allowed here.
logs\main-assembled.xml:6463:3: error: <note> is not allowed here.
logs\main-assembled.xml:6472:3: error: <md> is not allowed here.
logs\main-assembled.xml:6476:3: error: <md> is not allowed here.
logs\main-assembled.xml:6482:3: error: <md> is not allowed here.
logs\main-assembled.xml:6486:3: error: <md> is not allowed here.
logs\main-assembled.xml:6493:3: error: <subsection> is not allowed here.
logs\main-assembled.xml:6498:3: error: <md> is not allowed here.
logs\main-assembled.xml:6506:9: error: <md> is not allowed here.
logs\main-assembled.xml:6508:9: error: <md> is not allowed here.
logs\main-assembled.xml:6515:3: error: <md> is not allowed here.
logs\main-assembled.xml:6519:3: error: <md> is not allowed here.
logs\main-assembled.xml:6523:3: error: <md> is not allowed here.
logs\main-assembled.xml:6527:3: error: <md> is not allowed here.
logs\main-assembled.xml:6531:3: error: <md> is not allowed here.
logs\main-assembled.xml:6535:3: error: <md> is not allowed here.
logs\main-assembled.xml:6572:3: error: <md> is not allowed here.
logs\main-assembled.xml:6576:3: error: <md> is not allowed here.
logs\main-assembled.xml:6582:3: error: <md> is not allowed here.
logs\main-assembled.xml:6586:3: error: <md> is not allowed here.
logs\main-assembled.xml:6591:3: error: <md> is not allowed here.
logs\main-assembled.xml:6595:3: error: <md> is not allowed here.
logs\main-assembled.xml:6603:3: error: <md> is not allowed here.
logs\main-assembled.xml:6607:3: error: <md> is not allowed here.
logs\main-assembled.xml:6618:3: error: <md> is not allowed here.
logs\main-assembled.xml:6622:3: error: <md> is not allowed here.
logs\main-assembled.xml:6626:3: error: <md> is not allowed here.
logs\main-assembled.xml:6648:3: error: <subsection> is not allowed here.
logs\main-assembled.xml:6652:5: error: <tabular> is not allowed here.
logs\main-assembled.xml:6654:15: error: <strong> is not allowed here.
logs\main-assembled.xml:6655:15: error: <strong> is not allowed here.
logs\main-assembled.xml:6656:15: error: <strong> is not allowed here.
logs\main-assembled.xml:6657:15: error: <strong> is not allowed here.
logs\main-assembled.xml:6708:9: error: <title> is not allowed here.
logs\main-assembled.xml:6730:9: error: <md> is not allowed here.
logs\main-assembled.xml:6731:9: error: <md> is not allowed here.
logs\main-assembled.xml:6732:9: error: <md> is not allowed here.
logs\main-assembled.xml:6733:9: error: <md> is not allowed here.
logs\main-assembled.xml:6739:3: error: <subsection> is not allowed here.
logs\main-assembled.xml:6746:3: error: <md> is not allowed here.
logs\main-assembled.xml:6750:3: error: <md> is not allowed here.
logs\main-assembled.xml:6760:3: error: <md> is not allowed here.
logs\main-assembled.xml:6767:9: error: <md> is not allowed here.
logs\main-assembled.xml:6769:9: error: <md> is not allowed here.
logs\main-assembled.xml:6771:9: error: <md> is not allowed here.
logs\main-assembled.xml:6776:3: error: <md> is not allowed here.
logs\main-assembled.xml:6780:3: error: <md> is not allowed here.
logs\main-assembled.xml:6791:3: error: <md> is not allowed here.
logs\main-assembled.xml:6795:3: error: <md> is not allowed here.
logs\main-assembled.xml:6799:3: error: <md> is not allowed here.
logs\main-assembled.xml:6803:3: error: <md> is not allowed here.
logs\main-assembled.xml:6816:3: error: <md> is not allowed here.
logs\main-assembled.xml:6825:3: error: <md> is not allowed here.
logs\main-assembled.xml:6829:3: error: <md> is not allowed here.
logs\main-assembled.xml:6833:3: error: <md> is not allowed here.
logs\main-assembled.xml:6861:3: error: <subsection> is not allowed here.
logs\main-assembled.xml:6870:3: error: <md> is not allowed here.
logs\main-assembled.xml:6874:3: error: <md> is not allowed here.
logs\main-assembled.xml:6878:3: error: <md> is not allowed here.
logs\main-assembled.xml:6884:3: error: <md> is not allowed here.
logs\main-assembled.xml:6888:3: error: <md> is not allowed here.
logs\main-assembled.xml:6895:9: error: <md> is not allowed here.
logs\main-assembled.xml:6898:9: error: <md> is not allowed here.
logs\main-assembled.xml:6903:3: error: <md> is not allowed here.
logs\main-assembled.xml:6905:1: error: <strong> is not allowed here.
logs\main-assembled.xml:6905:29: error: <strong> is not allowed here.
logs\main-assembled.xml:6905:87: error: <strong> is not allowed here.
logs\main-assembled.xml:6936:3: error: <md> is not allowed here.
logs\main-assembled.xml:6942:3: error: <md> is not allowed here.
logs\main-assembled.xml:6946:3: error: <md> is not allowed here.
logs\main-assembled.xml:6957:3: error: <md> is not allowed here.
logs\main-assembled.xml:6961:3: error: <md> is not allowed here.
logs\main-assembled.xml:6965:3: error: <md> is not allowed here.
logs\main-assembled.xml:6969:3: error: <md> is not allowed here.
logs\main-assembled.xml:6973:3: error: <md> is not allowed here.
logs\main-assembled.xml:6977:3: error: <md> is not allowed here.
logs\main-assembled.xml:6984:3: error: <subsection> is not allowed here.
logs\main-assembled.xml:6991:3: error: <md> is not allowed here.
logs\main-assembled.xml:7001:3: error: <md> is not allowed here.
logs\main-assembled.xml:7003:3: error: <md> is not allowed here.
logs\main-assembled.xml:7005:3: error: <md> is not allowed here.
logs\main-assembled.xml:7009:3: error: <md> is not allowed here.
logs\main-assembled.xml:7019:3: error: <md> is not allowed here.
logs\main-assembled.xml:7024:9: error: <md> is not allowed here.
logs\main-assembled.xml:7026:9: error: <md> is not allowed here.
logs\main-assembled.xml:7039:3: error: <md> is not allowed here.
logs\main-assembled.xml:7043:3: error: <md> is not allowed here.
logs\main-assembled.xml:7062:3: error: <md> is not allowed here.
logs\main-assembled.xml:7066:3: error: <md> is not allowed here.
logs\main-assembled.xml:7076:3: error: <md> is not allowed here.
logs\main-assembled.xml:7137:3: error: <subsection> is not allowed here.
logs\main-assembled.xml:7153:3: error: <md> is not allowed here.
logs\main-assembled.xml:7157:3: error: <md> is not allowed here.
logs\main-assembled.xml:7165:3: error: <md> is not allowed here.
logs\main-assembled.xml:7200:3: error: <note> is not allowed here.
logs\main-assembled.xml:7210:3: error: <md> is not allowed here.
logs\main-assembled.xml:7214:3: error: <md> is not allowed here.
logs\main-assembled.xml:7218:3: error: <md> is not allowed here.
logs\main-assembled.xml:7222:3: error: <md> is not allowed here.
logs\main-assembled.xml:7232:3: error: <md> is not allowed here.
logs\main-assembled.xml:7236:3: error: <md> is not allowed here.
logs\main-assembled.xml:7240:3: error: <md> is not allowed here.
logs\main-assembled.xml:7247:3: error: <subsection> is not allowed here.
logs\main-assembled.xml:7253:5: error: <tabular> is not allowed here.
logs\main-assembled.xml:7255:15: error: <strong> is not allowed here.
logs\main-assembled.xml:7256:15: error: <strong> is not allowed here.
logs\main-assembled.xml:7257:15: error: <strong> is not allowed here.
logs\main-assembled.xml:7258:15: error: <strong> is not allowed here.
logs\main-assembled.xml:7309:9: error: <title> is not allowed here.
logs\main-assembled.xml:7331:3: error: <md> is not allowed here.
logs\main-assembled.xml:7341:3: error: <md> is not allowed here.
logs\main-assembled.xml:7345:3: error: <md> is not allowed here.
logs\main-assembled.xml:7349:3: error: <md> is not allowed here.
logs\main-assembled.xml:7359:3: error: <md> is not allowed here.
logs\main-assembled.xml:7363:3: error: <md> is not allowed here.
logs\main-assembled.xml:7367:3: error: <md> is not allowed here.
logs\main-assembled.xml:7378:3: error: <md> is not allowed here.
logs\main-assembled.xml:7382:3: error: <md> is not allowed here.
logs\main-assembled.xml:7386:3: error: <md> is not allowed here.
logs\main-assembled.xml:7393:9: error: <md> is not allowed here.
logs\main-assembled.xml:7395:9: error: <md> is not allowed here.
logs\main-assembled.xml:7396:9: error: <md> is not allowed here.
logs\main-assembled.xml:7397:9: error: <md> is not allowed here.
logs\main-assembled.xml:7434:8: error: Missing required content. Expected one of: <p>, <blockquote>, <pre>, <image>, <video>, <audio>, <program>, <console>, <tabular>, <figure>, <table>, <listing>, … (7 more).
logs\main-assembled.xml:7436:3: error: <subsection> is not allowed here.
logs\main-assembled.xml:7441:3: error: <md> is not allowed here.
logs\main-assembled.xml:7467:3: error: <md> is not allowed here.
logs\main-assembled.xml:7471:3: error: <md> is not allowed here.
logs\main-assembled.xml:7475:3: error: <md> is not allowed here.
logs\main-assembled.xml:7538:3: error: <md> is not allowed here.
logs\main-assembled.xml:7542:3: error: <md> is not allowed here.
logs\main-assembled.xml:7546:3: error: <md> is not allowed here.
logs\main-assembled.xml:7550:3: error: <md> is not allowed here.
logs\main-assembled.xml:7554:3: error: <md> is not allowed here.
logs\main-assembled.xml:7558:3: error: <md> is not allowed here.
logs\main-assembled.xml:7562:3: error: <md> is not allowed here.
logs\main-assembled.xml:7566:3: error: <warning> is not allowed here.
logs\main-assembled.xml:7569:9: error: <md> is not allowed here.
logs\main-assembled.xml:7571:9: error: <md> is not allowed here.
logs\main-assembled.xml:7577:3: error: <subsection> is not allowed here.
logs\main-assembled.xml:7604:3: error: <md> is not allowed here.
logs\main-assembled.xml:7611:3: error: <md> is not allowed here.
logs\main-assembled.xml:7615:3: error: <md> is not allowed here.
logs\main-assembled.xml:7619:3: error: <md> is not allowed here.
logs\main-assembled.xml:7676:3: error: <warning> is not allowed here.
logs\main-assembled.xml:7684:3: error: <subsection> is not allowed here.
logs\main-assembled.xml:7711:3: error: <md> is not allowed here.
logs\main-assembled.xml:7715:3: error: <md> is not allowed here.
logs\main-assembled.xml:7721:3: error: <md> is not allowed here.
logs\main-assembled.xml:7727:3: error: <md> is not allowed here.
logs\main-assembled.xml:7731:3: error: <md> is not allowed here.
logs\main-assembled.xml:7735:3: error: <md> is not allowed here.
logs\main-assembled.xml:7748:3: error: <md> is not allowed here.
logs\main-assembled.xml:7752:3: error: <md> is not allowed here.
logs\main-assembled.xml:7756:3: error: <md> is not allowed here.
logs\main-assembled.xml:7764:3: error: <md> is not allowed here.
logs\main-assembled.xml:7766:3: error: <md> is not allowed here.
logs\main-assembled.xml:7777:3: error: <md> is not allowed here.
logs\main-assembled.xml:7781:3: error: <md> is not allowed here.
logs\main-assembled.xml:7785:3: error: <md> is not allowed here.
logs\main-assembled.xml:7789:3: error: <md> is not allowed here.
logs\main-assembled.xml:7793:3: error: <md> is not allowed here.
logs\main-assembled.xml:7797:3: error: <md> is not allowed here.
logs\main-assembled.xml:7801:3: error: <warning> is not allowed here.
logs\main-assembled.xml:7810:3: error: <subsection> is not allowed here.
logs\main-assembled.xml:7824:3: error: <md> is not allowed here.
logs\main-assembled.xml:7828:3: error: <md> is not allowed here.
logs\main-assembled.xml:7834:3: error: <md> is not allowed here.
logs\main-assembled.xml:7840:3: error: <md> is not allowed here.
logs\main-assembled.xml:7848:3: error: <md> is not allowed here.
logs\main-assembled.xml:7856:3: error: <md> is not allowed here.
logs\main-assembled.xml:7862:3: error: <md> is not allowed here.
logs\main-assembled.xml:7864:3: error: <warning> is not allowed here.
logs\main-assembled.xml:7877:3: error: <md> is not allowed here.
logs\main-assembled.xml:7887:3: error: <md> is not allowed here.
logs\main-assembled.xml:7920:3: error: <subsection> is not allowed here.
logs\main-assembled.xml:7924:5: error: <tabular> is not allowed here.
logs\main-assembled.xml:7926:15: error: <strong> is not allowed here.
logs\main-assembled.xml:7927:15: error: <strong> is not allowed here.
logs\main-assembled.xml:7928:15: error: <strong> is not allowed here.
logs\main-assembled.xml:7981:9: error: <title> is not allowed here.
logs\main-assembled.xml:7999:3: error: <subsection> is not allowed here.
logs\main-assembled.xml:8004:5: error: <ol> is not allowed here.
logs\main-assembled.xml:8007:11: error: <md> is not allowed here.
logs\main-assembled.xml:8012:11: error: <md> is not allowed here.
logs\main-assembled.xml:8017:11: error: <md> is not allowed here.
logs\main-assembled.xml:8022:11: error: <md> is not allowed here.
logs\main-assembled.xml:8027:11: error: <md> is not allowed here.
logs\main-assembled.xml:8032:11: error: <md> is not allowed here.
logs\main-assembled.xml:8037:11: error: <md> is not allowed here.
logs\main-assembled.xml:8042:11: error: <md> is not allowed here.
logs\main-assembled.xml:8047:11: error: <md> is not allowed here.
logs\main-assembled.xml:8052:11: error: <md> is not allowed here.
logs\main-assembled.xml:8054:11: error: <md> is not allowed here.
logs\main-assembled.xml:8065:11: error: <md> is not allowed here.
logs\main-assembled.xml:8069:11: error: <md> is not allowed here.
logs\main-assembled.xml:8074:11: error: <md> is not allowed here.
logs\main-assembled.xml:8081:11: error: <md> is not allowed here.
logs\main-assembled.xml:8111:3: error: <subsection> is not allowed here.
logs\main-assembled.xml:8119:5: error: <ol> is not allowed here.
logs\main-assembled.xml:8140:9: error: <p> is not allowed here.
logs\main-assembled.xml:8144:9: error: <p> is not allowed here.
logs\main-assembled.xml:8148:9: error: <p> is not allowed here.
logs\main-assembled.xml:8152:9: error: <p> is not allowed here.
logs\main-assembled.xml:8162:5: error: <ol> is not allowed here.
logs\main-assembled.xml:8195:5: error: <ol> is not allowed here.
logs\main-assembled.xml:8219:5: error: <ol> is not allowed here.
logs\main-assembled.xml:8252:3: error: <md> is not allowed here.
logs\main-assembled.xml:8260:5: error: <ol> is not allowed here.
logs\main-assembled.xml:8287:5: error: <ol> is not allowed here.
logs\main-assembled.xml:8310:3: error: <subsection> is not allowed here.
logs\main-assembled.xml:8315:3: error: <md> is not allowed here.
logs\main-assembled.xml:8345:5: error: <ol> is not allowed here.
logs\main-assembled.xml:8354:11: error: <md> is not allowed here.
logs\main-assembled.xml:8358:11: error: <md> is not allowed here.
logs\main-assembled.xml:8375:3: error: <subsection> is not allowed here.
logs\main-assembled.xml:8380:5: error: <ol> is not allowed here.
logs\main-assembled.xml:8383:11: error: <md> is not allowed here.
logs\main-assembled.xml:8387:11: error: <md> is not allowed here.
logs\main-assembled.xml:8391:11: error: <md> is not allowed here.
logs\main-assembled.xml:8395:11: error: <md> is not allowed here.
logs\main-assembled.xml:8399:11: error: <md> is not allowed here.
logs\main-assembled.xml:8403:11: error: <md> is not allowed here.
logs\main-assembled.xml:8407:11: error: <md> is not allowed here.
logs\main-assembled.xml:8411:11: error: <md> is not allowed here.
logs\main-assembled.xml:8416:3: error: <subsection> is not allowed here.
logs\main-assembled.xml:8419:5: error: <ol> is not allowed here.
logs\main-assembled.xml:8422:11: error: <md> is not allowed here.
logs\main-assembled.xml:8440:11: error: <md> is not allowed here.
logs\main-assembled.xml:8448:11: error: <md> is not allowed here.
logs\main-assembled.xml:8459:11: error: <md> is not allowed here.
logs\main-assembled.xml:8461:11: error: <md> is not allowed here.
logs\main-assembled.xml:8465:11: error: <md> is not allowed here.
logs\main-assembled.xml:8470:11: error: <md> is not allowed here.
logs\main-assembled.xml:8478:11: error: <md> is not allowed here.
logs\main-assembled.xml:8482:14: error: Missing required content. Expected one of: <p>, <blockquote>, <pre>, <image>, <video>, <audio>, <program>, <console>, <tabular>, <figure>, <table>, <listing>, … (51 more).
logs\main-assembled.xml:8484:3: error: <subsection> is not allowed here.
logs\main-assembled.xml:8489:5: error: <ol> is not allowed here.
logs\main-assembled.xml:8492:11: error: <md> is not allowed here.
logs\main-assembled.xml:8494:11: error: <md> is not allowed here.
logs\main-assembled.xml:8496:11: error: <md> is not allowed here.
logs\main-assembled.xml:8501:11: error: <md> is not allowed here.
logs\main-assembled.xml:8503:11: error: <md> is not allowed here.
logs\main-assembled.xml:8508:11: error: <md> is not allowed here.
logs\main-assembled.xml:8510:11: error: <md> is not allowed here.
logs\main-assembled.xml:8515:11: error: <md> is not allowed here.
logs\main-assembled.xml:8517:11: error: <md> is not allowed here.
logs\main-assembled.xml:8519:11: error: <md> is not allowed here.
logs\main-assembled.xml:8524:11: error: <md> is not allowed here.
logs\main-assembled.xml:8526:11: error: <md> is not allowed here.
logs\main-assembled.xml:8531:11: error: <md> is not allowed here.
logs\main-assembled.xml:8552:3: error: <subsection> is not allowed here.
logs\main-assembled.xml:8557:3: error: <md> is not allowed here.
logs\main-assembled.xml:8594:5: error: <ol> is not allowed here.
logs\main-assembled.xml:8600:11: error: <md> is not allowed here.
logs\main-assembled.xml:8602:11: error: <md> is not allowed here.
logs\main-assembled.xml:8612:11: error: <md> is not allowed here.
logs\main-assembled.xml:8621:11: error: <md> is not allowed here.
logs\main-assembled.xml:8629:11: error: <md> is not allowed here.
logs\main-assembled.xml:8637:11: error: <md> is not allowed here.
logs\main-assembled.xml:8646:3: error: <subsection> is not allowed here.
logs\main-assembled.xml:8649:5: error: <ol> is not allowed here.
logs\main-assembled.xml:8651:12: error: <strong> is not allowed here.
logs\main-assembled.xml:8653:11: error: <md> is not allowed here.
logs\main-assembled.xml:8655:11: error: <md> is not allowed here.
logs\main-assembled.xml:8659:12: error: <strong> is not allowed here.
logs\main-assembled.xml:8661:11: error: <md> is not allowed here.
logs\main-assembled.xml:8671:12: error: <strong> is not allowed here.
logs\main-assembled.xml:8673:11: error: <md> is not allowed here.
logs\main-assembled.xml:8675:11: error: <md> is not allowed here.
logs\main-assembled.xml:8677:11: error: <md> is not allowed here.
logs\main-assembled.xml:8679:11: error: <md> is not allowed here.
logs\main-assembled.xml:8682:12: error: <strong> is not allowed here.
logs\main-assembled.xml:8686:12: error: <strong> is not allowed here.
logs\main-assembled.xml:8690:12: error: <strong> is not allowed here.
logs\main-assembled.xml:8692:11: error: <md> is not allowed here.
logs\main-assembled.xml:8696:12: error: <strong> is not allowed here.
logs\main-assembled.xml:8698:11: error: <md> is not allowed here.
logs\main-assembled.xml:8702:12: error: <strong> is not allowed here.
logs\main-assembled.xml:8704:11: error: <md> is not allowed here.
logs\main-assembled.xml:8706:11: error: <md> is not allowed here.
logs\main-assembled.xml:8708:11: error: <md> is not allowed here.
logs\main-assembled.xml:8710:11: error: <md> is not allowed here.
logs\main-assembled.xml:8713:14: error: Missing required content. Expected one of: <p>, <blockquote>, <pre>, <image>, <video>, <audio>, <program>, <console>, <tabular>, <figure>, <table>, <listing>, … (51 more).
logs\main-assembled.xml:8715:3: error: <subsection> is not allowed here.
logs\main-assembled.xml:8722:3: error: <md> is not allowed here.
logs\main-assembled.xml:8726:3: error: <md> is not allowed here.
logs\main-assembled.xml:8731:3: error: <md> is not allowed here.
logs\main-assembled.xml:8735:3: error: <md> is not allowed here.
logs\main-assembled.xml:8772:3: error: <md> is not allowed here.
logs\main-assembled.xml:8776:3: error: <md> is not allowed here.
logs\main-assembled.xml:8783:3: error: <md> is not allowed here.
logs\main-assembled.xml:8793:3: error: <subsection> is not allowed here.
logs\main-assembled.xml:8798:3: error: <md> is not allowed here.
logs\main-assembled.xml:8804:3: error: <md> is not allowed here.
logs\main-assembled.xml:8809:3: error: <md> is not allowed here.
logs\main-assembled.xml:8819:3: error: <md> is not allowed here.
logs\main-assembled.xml:8823:3: error: <md> is not allowed here.
logs\main-assembled.xml:8833:3: error: <md> is not allowed here.
logs\main-assembled.xml:8837:3: error: <md> is not allowed here.
logs\main-assembled.xml:8892:3: error: <subsection> is not allowed here.
logs\main-assembled.xml:8899:3: error: <md> is not allowed here.
logs\main-assembled.xml:8901:3: error: <md> is not allowed here.
logs\main-assembled.xml:8903:3: error: <md> is not allowed here.
logs\main-assembled.xml:8907:3: error: <md> is not allowed here.
logs\main-assembled.xml:8913:3: error: <md> is not allowed here.
logs\main-assembled.xml:8917:3: error: <md> is not allowed here.
logs\main-assembled.xml:8946:3: error: <subsection> is not allowed here.
logs\main-assembled.xml:8951:3: error: <md> is not allowed here.
logs\main-assembled.xml:8955:3: error: <md> is not allowed here.
logs\main-assembled.xml:8959:3: error: <md> is not allowed here.
logs\main-assembled.xml:8963:3: error: <md> is not allowed here.
logs\main-assembled.xml:8971:9: error: <md> is not allowed here.
logs\main-assembled.xml:8998:3: error: <md> is not allowed here.
logs\main-assembled.xml:9002:3: error: <md> is not allowed here.
logs\main-assembled.xml:9006:3: error: <md> is not allowed here.
logs\main-assembled.xml:9017:3: error: <md> is not allowed here.
logs\main-assembled.xml:9027:3: error: <md> is not allowed here.
logs\main-assembled.xml:9031:3: error: <md> is not allowed here.
logs\main-assembled.xml:9035:3: error: <md> is not allowed here.
logs\main-assembled.xml:9039:3: error: <md> is not allowed here.
logs\main-assembled.xml:9072:3: error: <md> is not allowed here.
logs\main-assembled.xml:9079:3: error: <subsection> is not allowed here.
logs\main-assembled.xml:9104:3: error: <md> is not allowed here.
logs\main-assembled.xml:9109:3: error: <md> is not allowed here.
logs\main-assembled.xml:9119:3: error: <md> is not allowed here.
logs\main-assembled.xml:9130:3: error: <md> is not allowed here.
logs\main-assembled.xml:9135:3: error: <md> is not allowed here.
logs\main-assembled.xml:9139:3: error: <md> is not allowed here.
logs\main-assembled.xml:9145:3: error: <md> is not allowed here.
logs\main-assembled.xml:9180:3: error: <md> is not allowed here.
logs\main-assembled.xml:9187:3: error: <subsection> is not allowed here.
logs\main-assembled.xml:9192:3: error: <md> is not allowed here.
logs\main-assembled.xml:9199:5: error: <tabular> is not allowed here.
logs\main-assembled.xml:9201:15: error: <strong> is not allowed here.
logs\main-assembled.xml:9202:15: error: <strong> is not allowed here.
logs\main-assembled.xml:9203:15: error: <strong> is not allowed here.
logs\main-assembled.xml:9221:9: error: <title> is not allowed here.
logs\main-assembled.xml:9238:3: error: <subsection> is not allowed here.
logs\main-assembled.xml:9243:3: error: <md> is not allowed here.
logs\main-assembled.xml:9249:3: error: <md> is not allowed here.
logs\main-assembled.xml:9255:3: error: <md> is not allowed here.
logs\main-assembled.xml:9259:3: error: <md> is not allowed here.
logs\main-assembled.xml:9263:3: error: <md> is not allowed here.
logs\main-assembled.xml:9269:3: error: <md> is not allowed here.
logs\main-assembled.xml:9273:3: error: <md> is not allowed here.
logs\main-assembled.xml:9277:3: error: <md> is not allowed here.
logs\main-assembled.xml:9282:3: error: <subsection> is not allowed here.
logs\main-assembled.xml:9290:9: error: <md> is not allowed here.
logs\main-assembled.xml:9294:9: error: <md> is not allowed here.
logs\main-assembled.xml:9295:9: error: <md> is not allowed here.
logs\main-assembled.xml:9296:9: error: <md> is not allowed here.
logs\main-assembled.xml:9298:9: error: <md> is not allowed here.
logs\main-assembled.xml:9300:9: error: <md> is not allowed here.
logs\main-assembled.xml:9310:3: error: <md> is not allowed here.
logs\main-assembled.xml:9314:3: error: <md> is not allowed here.
logs\main-assembled.xml:9318:3: error: <md> is not allowed here.
logs\main-assembled.xml:9324:3: error: <md> is not allowed here.
logs\main-assembled.xml:9336:3: error: <md> is not allowed here.
logs\main-assembled.xml:9350:3: error: <md> is not allowed here.
logs\main-assembled.xml:9356:3: error: <md> is not allowed here.
logs\main-assembled.xml:9360:3: error: <md> is not allowed here.
logs\main-assembled.xml:9364:3: error: <md> is not allowed here.
logs\main-assembled.xml:9385:3: error: <subsection> is not allowed here.
logs\main-assembled.xml:9392:3: error: <md> is not allowed here.
logs\main-assembled.xml:9396:3: error: <md> is not allowed here.
logs\main-assembled.xml:9403:9: error: <md> is not allowed here.
logs\main-assembled.xml:9411:3: error: <md> is not allowed here.
logs\main-assembled.xml:9415:3: error: <md> is not allowed here.
logs\main-assembled.xml:9423:3: error: <md> is not allowed here.
logs\main-assembled.xml:9428:3: error: <subsection> is not allowed here.
logs\main-assembled.xml:9433:3: error: <md> is not allowed here.
logs\main-assembled.xml:9440:9: error: <md> is not allowed here.
logs\main-assembled.xml:9450:3: error: <md> is not allowed here.
logs\main-assembled.xml:9454:3: error: <md> is not allowed here.
logs\main-assembled.xml:9458:3: error: <md> is not allowed here.
logs\main-assembled.xml:9475:3: error: <md> is not allowed here.
logs\main-assembled.xml:9498:3: error: <subsection> is not allowed here.
logs\main-assembled.xml:9503:3: error: <md> is not allowed here.
logs\main-assembled.xml:9507:3: error: <md> is not allowed here.
logs\main-assembled.xml:9513:3: error: <md> is not allowed here.
logs\main-assembled.xml:9517:3: error: <md> is not allowed here.
logs\main-assembled.xml:9527:3: error: <md> is not allowed here.
logs\main-assembled.xml:9568:3: error: <md> is not allowed here.
logs\main-assembled.xml:9572:3: error: <md> is not allowed here.
logs\main-assembled.xml:9576:3: error: <md> is not allowed here.
logs\main-assembled.xml:9584:3: error: <md> is not allowed here.
logs\main-assembled.xml:9590:3: error: <md> is not allowed here.
logs\main-assembled.xml:9596:3: error: <md> is not allowed here.
logs\main-assembled.xml:9604:3: error: <md> is not allowed here.
logs\main-assembled.xml:9629:3: error: <subsection> is not allowed here.
logs\main-assembled.xml:9636:3: error: <md> is not allowed here.
logs\main-assembled.xml:9640:3: error: <md> is not allowed here.
logs\main-assembled.xml:9644:3: error: <md> is not allowed here.
logs\main-assembled.xml:9650:3: error: <md> is not allowed here.
logs\main-assembled.xml:9652:1: error: <strong> is not allowed here.
logs\main-assembled.xml:9652:29: error: <strong> is not allowed here.
logs\main-assembled.xml:9652:66: error: <strong> is not allowed here.
logs\main-assembled.xml:9671:3: error: <subsection> is not allowed here.
logs\main-assembled.xml:9678:3: error: <md> is not allowed here.
logs\main-assembled.xml:9683:3: error: <md> is not allowed here.
logs\main-assembled.xml:9687:3: error: <md> is not allowed here.
logs\main-assembled.xml:9691:3: error: <md> is not allowed here.
logs\main-assembled.xml:9697:3: error: <md> is not allowed here.
logs\main-assembled.xml:9732:9: error: <md> is not allowed here.
logs\main-assembled.xml:9734:9: error: <md> is not allowed here.
logs\main-assembled.xml:9738:9: error: <md> is not allowed here.
logs\main-assembled.xml:9748:3: error: <md> is not allowed here.
logs\main-assembled.xml:9752:3: error: <md> is not allowed here.
logs\main-assembled.xml:9775:3: error: <subsection> is not allowed here.
logs\main-assembled.xml:9781:5: error: <tabular> is not allowed here.
logs\main-assembled.xml:9783:15: error: <strong> is not allowed here.
logs\main-assembled.xml:9784:15: error: <strong> is not allowed here.
logs\main-assembled.xml:9807:9: error: <title> is not allowed here.
logs\main-assembled.xml:9826:3: error: <subsection> is not allowed here.
logs\main-assembled.xml:9831:3: error: <md> is not allowed here.
logs\main-assembled.xml:9837:3: error: <md> is not allowed here.
logs\main-assembled.xml:9848:3: error: <md> is not allowed here.
logs\main-assembled.xml:9852:3: error: <md> is not allowed here.
logs\main-assembled.xml:9856:3: error: <md> is not allowed here.
logs\main-assembled.xml:9860:3: error: <md> is not allowed here.
logs\main-assembled.xml:9864:3: error: <md> is not allowed here.
logs\main-assembled.xml:9901:3: error: <md> is not allowed here.
logs\main-assembled.xml:9907:3: error: <md> is not allowed here.
logs\main-assembled.xml:9913:9: error: <md> is not allowed here.
logs\main-assembled.xml:9915:9: error: <md> is not allowed here.
logs\main-assembled.xml:9924:9: error: <md> is not allowed here.
logs\main-assembled.xml:9926:9: error: <md> is not allowed here.
logs\main-assembled.xml:9933:3: error: <md> is not allowed here.
logs\main-assembled.xml:9939:3: error: <md> is not allowed here.
logs\main-assembled.xml:9943:3: error: <md> is not allowed here.
logs\main-assembled.xml:9965:3: error: <md> is not allowed here.
logs\main-assembled.xml:9970:3: error: <md> is not allowed here.
logs\main-assembled.xml:9974:3: error: <md> is not allowed here.
logs\main-assembled.xml:9980:3: error: <md> is not allowed here.
logs\main-assembled.xml:9991:3: error: <md> is not allowed here.
logs\main-assembled.xml:9996:3: error: <md> is not allowed here.
logs\main-assembled.xml:10000:3: error: <md> is not allowed here.
logs\main-assembled.xml:10004:3: error: <md> is not allowed here.
logs\main-assembled.xml:10010:3: error: <md> is not allowed here.
logs\main-assembled.xml:10015:3: error: <subsection> is not allowed here.
logs\main-assembled.xml:10022:3: error: <md> is not allowed here.
logs\main-assembled.xml:10026:3: error: <md> is not allowed here.
logs\main-assembled.xml:10030:3: error: <md> is not allowed here.
logs\main-assembled.xml:10043:3: error: <md> is not allowed here.
logs\main-assembled.xml:10050:9: error: <md> is not allowed here.
logs\main-assembled.xml:10056:3: error: <md> is not allowed here.
logs\main-assembled.xml:10065:3: error: <md> is not allowed here.
logs\main-assembled.xml:10069:3: error: <md> is not allowed here.
logs\main-assembled.xml:10073:3: error: <md> is not allowed here.
logs\main-assembled.xml:10077:3: error: <md> is not allowed here.
logs\main-assembled.xml:10081:3: error: <md> is not allowed here.
logs\main-assembled.xml:10085:3: error: <md> is not allowed here.
logs\main-assembled.xml:10121:3: error: <md> is not allowed here.
logs\main-assembled.xml:10128:9: error: <md> is not allowed here.
logs\main-assembled.xml:10157:3: error: <md> is not allowed here.
logs\main-assembled.xml:10161:3: error: <md> is not allowed here.
logs\main-assembled.xml:10165:3: error: <md> is not allowed here.
logs\main-assembled.xml:10169:3: error: <md> is not allowed here.
logs\main-assembled.xml:10173:3: error: <md> is not allowed here.
logs\main-assembled.xml:10179:3: error: <md> is not allowed here.
logs\main-assembled.xml:10183:3: error: <md> is not allowed here.
logs\main-assembled.xml:10187:3: error: <md> is not allowed here.
logs\main-assembled.xml:10191:3: error: <md> is not allowed here.
logs\main-assembled.xml:10195:3: error: <md> is not allowed here.
logs\main-assembled.xml:10204:3: error: <subsection> is not allowed here.
logs\main-assembled.xml:10211:3: error: <md> is not allowed here.
logs\main-assembled.xml:10218:3: error: <md> is not allowed here.
logs\main-assembled.xml:10222:3: error: <md> is not allowed here.
logs\main-assembled.xml:10228:3: error: <md> is not allowed here.
logs\main-assembled.xml:10235:9: error: <md> is not allowed here.
logs\main-assembled.xml:10238:9: error: <md> is not allowed here.
logs\main-assembled.xml:10244:3: error: <md> is not allowed here.
logs\main-assembled.xml:10250:3: error: <md> is not allowed here.
logs\main-assembled.xml:10259:3: error: <md> is not allowed here.
logs\main-assembled.xml:10263:3: error: <md> is not allowed here.
logs\main-assembled.xml:10269:3: error: <md> is not allowed here.
logs\main-assembled.xml:10275:3: error: <md> is not allowed here.
logs\main-assembled.xml:10283:3: error: <md> is not allowed here.
logs\main-assembled.xml:10294:3: error: <md> is not allowed here.
logs\main-assembled.xml:10298:3: error: <md> is not allowed here.
logs\main-assembled.xml:10300:1: error: <strong> is not allowed here.
logs\main-assembled.xml:10300:31: error: <strong> is not allowed here.
logs\main-assembled.xml:10300:61: error: <strong> is not allowed here.
logs\main-assembled.xml:10341:3: error: <subsection> is not allowed here.
logs\main-assembled.xml:10349:9: error: <md> is not allowed here.
logs\main-assembled.xml:10351:9: error: <md> is not allowed here.
logs\main-assembled.xml:10353:9: error: <md> is not allowed here.
logs\main-assembled.xml:10359:3: error: <md> is not allowed here.
logs\main-assembled.xml:10363:3: error: <md> is not allowed here.
logs\main-assembled.xml:10367:3: error: <md> is not allowed here.
logs\main-assembled.xml:10376:3: error: <md> is not allowed here.
logs\main-assembled.xml:10380:3: error: <md> is not allowed here.
logs\main-assembled.xml:10386:3: error: <md> is not allowed here.
logs\main-assembled.xml:10390:3: error: <md> is not allowed here.
logs\main-assembled.xml:10394:3: error: <md> is not allowed here.
logs\main-assembled.xml:10402:3: error: <md> is not allowed here.
logs\main-assembled.xml:10407:3: error: <md> is not allowed here.
logs\main-assembled.xml:10411:3: error: <md> is not allowed here.
logs\main-assembled.xml:10416:3: error: <md> is not allowed here.
logs\main-assembled.xml:10427:3: error: <md> is not allowed here.
logs\main-assembled.xml:10431:3: error: <md> is not allowed here.
logs\main-assembled.xml:10435:3: error: <md> is not allowed here.
logs\main-assembled.xml:10441:3: error: <md> is not allowed here.
logs\main-assembled.xml:10445:3: error: <md> is not allowed here.
logs\main-assembled.xml:10449:3: error: <md> is not allowed here.
logs\main-assembled.xml:10486:9: error: <md> is not allowed here.
logs\main-assembled.xml:10489:9: error: <md> is not allowed here.
logs\main-assembled.xml:10495:3: error: <md> is not allowed here.
logs\main-assembled.xml:10501:3: error: <subsection> is not allowed here.
logs\main-assembled.xml:10506:3: error: <md> is not allowed here.
logs\main-assembled.xml:10508:1: error: <strong> is not allowed here.
logs\main-assembled.xml:10508:32: error: <strong> is not allowed here.
logs\main-assembled.xml:10508:69: error: <strong> is not allowed here.
logs\main-assembled.xml:10574:3: error: <md> is not allowed here.
logs\main-assembled.xml:10579:3: error: <md> is not allowed here.
logs\main-assembled.xml:10585:3: error: <md> is not allowed here.
logs\main-assembled.xml:10593:3: error: <md> is not allowed here.
logs\main-assembled.xml:10597:3: error: <md> is not allowed here.
logs\main-assembled.xml:10603:3: error: <subsection> is not allowed here.
logs\main-assembled.xml:10610:3: error: <md> is not allowed here.
logs\main-assembled.xml:10614:3: error: <md> is not allowed here.
logs\main-assembled.xml:10618:3: error: <md> is not allowed here.
logs\main-assembled.xml:10629:9: error: <md> is not allowed here.
logs\main-assembled.xml:10631:9: error: <md> is not allowed here.
logs\main-assembled.xml:10653:3: error: <subsection> is not allowed here.
logs\main-assembled.xml:10660:3: error: <md> is not allowed here.
logs\main-assembled.xml:10664:3: error: <md> is not allowed here.
logs\main-assembled.xml:10668:3: error: <md> is not allowed here.
logs\main-assembled.xml:10672:3: error: <md> is not allowed here.
logs\main-assembled.xml:10682:9: error: <md> is not allowed here.
logs\main-assembled.xml:10685:9: error: <md> is not allowed here.
logs\main-assembled.xml:10687:9: error: <md> is not allowed here.
logs\main-assembled.xml:10693:3: error: <md> is not allowed here.
logs\main-assembled.xml:10723:3: error: <subsection> is not allowed here.
logs\main-assembled.xml:10728:3: error: <md> is not allowed here.
logs\main-assembled.xml:10734:3: error: <md> is not allowed here.
logs\main-assembled.xml:10744:3: error: <md> is not allowed here.
logs\main-assembled.xml:10748:3: error: <md> is not allowed here.
logs\main-assembled.xml:10752:3: error: <md> is not allowed here.
logs\main-assembled.xml:10758:3: error: <md> is not allowed here.
logs\main-assembled.xml:10762:3: error: <md> is not allowed here.
logs\main-assembled.xml:10780:3: error: <subsection> is not allowed here.
logs\main-assembled.xml:10787:3: error: <md> is not allowed here.
logs\main-assembled.xml:10796:3: error: <md> is not allowed here.
logs\main-assembled.xml:10800:3: error: <md> is not allowed here.
logs\main-assembled.xml:10804:3: error: <md> is not allowed here.
logs\main-assembled.xml:10812:3: error: <md> is not allowed here.
logs\main-assembled.xml:10816:3: error: <md> is not allowed here.
logs\main-assembled.xml:10820:3: error: <md> is not allowed here.
logs\main-assembled.xml:10822:3: error: <note> is not allowed here.
logs\main-assembled.xml:10851:3: error: <md> is not allowed here.
logs\main-assembled.xml:10855:3: error: <md> is not allowed here.
logs\main-assembled.xml:10859:3: error: <md> is not allowed here.
logs\main-assembled.xml:10867:3: error: <md> is not allowed here.
logs\main-assembled.xml:10871:3: error: <md> is not allowed here.
logs\main-assembled.xml:10875:3: error: <md> is not allowed here.
logs\main-assembled.xml:10879:3: error: <md> is not allowed here.
logs\main-assembled.xml:10883:3: error: <md> is not allowed here.
logs\main-assembled.xml:10891:3: error: <md> is not allowed here.
logs\main-assembled.xml:10895:3: error: <md> is not allowed here.
logs\main-assembled.xml:10899:3: error: <md> is not allowed here.
logs\main-assembled.xml:10903:3: error: <md> is not allowed here.
logs\main-assembled.xml:10907:3: error: <md> is not allowed here.
logs\main-assembled.xml:10909:3: error: <note> is not allowed here.
logs\main-assembled.xml:10942:3: error: <md> is not allowed here.
logs\main-assembled.xml:10946:3: error: <md> is not allowed here.
logs\main-assembled.xml:10954:3: error: <md> is not allowed here.
logs\main-assembled.xml:10960:3: error: <md> is not allowed here.
logs\main-assembled.xml:10968:3: error: <md> is not allowed here.
logs\main-assembled.xml:10970:3: error: <note> is not allowed here.
logs\main-assembled.xml:10993:3: error: <subsection> is not allowed here.
logs\main-assembled.xml:11000:3: error: <md> is not allowed here.
logs\main-assembled.xml:11004:3: error: <md> is not allowed here.
logs\main-assembled.xml:11054:3: error: <md> is not allowed here.
logs\main-assembled.xml:11060:3: error: <md> is not allowed here.
logs\main-assembled.xml:11064:3: error: <md> is not allowed here.
logs\main-assembled.xml:11070:3: error: <md> is not allowed here.
logs\main-assembled.xml:11074:3: error: <md> is not allowed here.
logs\main-assembled.xml:11078:3: error: <md> is not allowed here.
logs\main-assembled.xml:11082:3: error: <md> is not allowed here.
logs\main-assembled.xml:11086:3: error: <md> is not allowed here.
logs\main-assembled.xml:11090:3: error: <md> is not allowed here.
logs\main-assembled.xml:11094:3: error: <md> is not allowed here.
logs\main-assembled.xml:11117:3: error: <subsection> is not allowed here.
logs\main-assembled.xml:11124:3: error: <md> is not allowed here.
logs\main-assembled.xml:11128:3: error: <md> is not allowed here.
logs\main-assembled.xml:11132:3: error: <md> is not allowed here.
logs\main-assembled.xml:11136:3: error: <md> is not allowed here.
logs\main-assembled.xml:11140:3: error: <md> is not allowed here.
logs\main-assembled.xml:11144:3: error: <md> is not allowed here.
logs\main-assembled.xml:11149:3: error: <subsection> is not allowed here.
logs\main-assembled.xml:11161:9: error: <md> is not allowed here.
logs\main-assembled.xml:11176:3: error: <md> is not allowed here.
logs\main-assembled.xml:11184:3: error: <subsection> is not allowed here.
logs\main-assembled.xml:11189:3: error: <md> is not allowed here.
logs\main-assembled.xml:11199:3: error: <md> is not allowed here.
logs\main-assembled.xml:11203:3: error: <md> is not allowed here.
logs\main-assembled.xml:11207:3: error: <md> is not allowed here.
logs\main-assembled.xml:11216:9: error: <md> is not allowed here.
logs\main-assembled.xml:11218:9: error: <md> is not allowed here.
logs\main-assembled.xml:11229:3: error: <md> is not allowed here.
logs\main-assembled.xml:11238:3: error: <md> is not allowed here.
logs\main-assembled.xml:11242:3: error: <md> is not allowed here.
logs\main-assembled.xml:11246:3: error: <md> is not allowed here.
logs\main-assembled.xml:11250:3: error: <md> is not allowed here.
logs\main-assembled.xml:11256:3: error: <md> is not allowed here.
logs\main-assembled.xml:11269:3: error: <md> is not allowed here.
logs\main-assembled.xml:11273:3: error: <md> is not allowed here.
logs\main-assembled.xml:11277:3: error: <md> is not allowed here.
logs\main-assembled.xml:11283:3: error: <md> is not allowed here.
logs\main-assembled.xml:11287:3: error: <md> is not allowed here.
logs\main-assembled.xml:11306:3: error: <subsection> is not allowed here.
logs\main-assembled.xml:11311:3: error: <md> is not allowed here.
logs\main-assembled.xml:11316:3: error: <md> is not allowed here.
logs\main-assembled.xml:11320:3: error: <md> is not allowed here.
logs\main-assembled.xml:11326:3: error: <md> is not allowed here.
logs\main-assembled.xml:11337:3: error: <md> is not allowed here.
logs\main-assembled.xml:11341:3: error: <md> is not allowed here.
logs\main-assembled.xml:11378:9: error: <md> is not allowed here.
logs\main-assembled.xml:11400:3: error: <subsection> is not allowed here.
logs\main-assembled.xml:11407:3: error: <md> is not allowed here.
logs\main-assembled.xml:11411:3: error: <md> is not allowed here.
logs\main-assembled.xml:11415:3: error: <md> is not allowed here.
logs\main-assembled.xml:11422:9: error: <md> is not allowed here.
logs\main-assembled.xml:11423:9: error: <md> is not allowed here.
logs\main-assembled.xml:11425:9: error: <md> is not allowed here.
logs\main-assembled.xml:11450:3: error: <md> is not allowed here.
logs\main-assembled.xml:11462:3: error: <md> is not allowed here.
logs\main-assembled.xml:11466:3: error: <md> is not allowed here.
logs\main-assembled.xml:11470:3: error: <md> is not allowed here.
logs\main-assembled.xml:11474:3: error: <md> is not allowed here.
logs\main-assembled.xml:11485:3: error: <md> is not allowed here.
logs\main-assembled.xml:11497:3: error: <md> is not allowed here.
logs\main-assembled.xml:11501:3: error: <md> is not allowed here.
logs\main-assembled.xml:11505:3: error: <md> is not allowed here.
logs\main-assembled.xml:11514:3: error: <subsection> is not allowed here.
logs\main-assembled.xml:11521:3: error: <md> is not allowed here.
logs\main-assembled.xml:11527:3: error: <md> is not allowed here.
logs\main-assembled.xml:11529:3: error: <md> is not allowed here.
logs\main-assembled.xml:11531:3: error: <md> is not allowed here.
logs\main-assembled.xml:11535:3: error: <md> is not allowed here.
logs\main-assembled.xml:11542:9: error: <md> is not allowed here.
logs\main-assembled.xml:11545:9: error: <md> is not allowed here.
logs\main-assembled.xml:11556:3: error: <md> is not allowed here.
logs\main-assembled.xml:11560:3: error: <md> is not allowed here.
logs\main-assembled.xml:11566:3: error: <md> is not allowed here.
logs\main-assembled.xml:11581:3: error: <md> is not allowed here.
logs\main-assembled.xml:11583:3: error: <md> is not allowed here.
logs\main-assembled.xml:11585:3: error: <md> is not allowed here.
logs\main-assembled.xml:11587:3: error: <md> is not allowed here.
logs\main-assembled.xml:11589:3: error: <md> is not allowed here.
logs\main-assembled.xml:11612:3: error: <subsection> is not allowed here.
logs\main-assembled.xml:11619:3: error: <md> is not allowed here.
logs\main-assembled.xml:11623:3: error: <md> is not allowed here.
logs\main-assembled.xml:11630:9: error: <md> is not allowed here.
logs\main-assembled.xml:11632:9: error: <md> is not allowed here.
logs\main-assembled.xml:11642:3: error: <md> is not allowed here.
logs\main-assembled.xml:11646:3: error: <md> is not allowed here.
logs\main-assembled.xml:11652:3: error: <md> is not allowed here.
logs\main-assembled.xml:11665:3: error: <md> is not allowed here.
logs\main-assembled.xml:11669:3: error: <md> is not allowed here.
logs\main-assembled.xml:11680:9: error: <md> is not allowed here.
logs\main-assembled.xml:11682:9: error: <md> is not allowed here.
logs\main-assembled.xml:11694:3: error: <md> is not allowed here.
logs\main-assembled.xml:11699:3: error: <md> is not allowed here.
logs\main-assembled.xml:11705:3: error: <md> is not allowed here.
logs\main-assembled.xml:11709:3: error: <md> is not allowed here.
logs\main-assembled.xml:11720:3: error: <md> is not allowed here.
logs\main-assembled.xml:11728:3: error: <md> is not allowed here.
logs\main-assembled.xml:11732:3: error: <md> is not allowed here.
logs\main-assembled.xml:11736:3: error: <md> is not allowed here.
logs\main-assembled.xml:11751:3: error: <md> is not allowed here.
logs\main-assembled.xml:11761:3: error: <md> is not allowed here.
logs\main-assembled.xml:11767:3: error: <md> is not allowed here.
logs\main-assembled.xml:11771:3: error: <md> is not allowed here.
logs\main-assembled.xml:11775:3: error: <md> is not allowed here.
logs\main-assembled.xml:11779:3: error: <md> is not allowed here.
logs\main-assembled.xml:11823:3: error: <md> is not allowed here.
logs\main-assembled.xml:11833:3: error: <md> is not allowed here.
logs\main-assembled.xml:11839:3: error: <md> is not allowed here.
logs\main-assembled.xml:11843:3: error: <md> is not allowed here.
logs\main-assembled.xml:11847:3: error: <md> is not allowed here.
logs\main-assembled.xml:11853:3: error: <md> is not allowed here.
logs\main-assembled.xml:11857:3: error: <md> is not allowed here.
logs\main-assembled.xml:11861:3: error: <md> is not allowed here.
logs\main-assembled.xml:11872:3: error: <md> is not allowed here.
logs\main-assembled.xml:11877:3: error: <md> is not allowed here.
logs\main-assembled.xml:11883:3: error: <md> is not allowed here.
logs\main-assembled.xml:11889:3: error: <md> is not allowed here.
logs\main-assembled.xml:11894:3: error: <md> is not allowed here.
logs\main-assembled.xml:11994:3: error: <subsection> is not allowed here.
logs\main-assembled.xml:11999:3: error: <md> is not allowed here.
logs\main-assembled.xml:12001:1: error: <strong> is not allowed here.
logs\main-assembled.xml:12001:28: error: <strong> is not allowed here.
logs\main-assembled.xml:12001:63: error: <strong> is not allowed here.
logs\main-assembled.xml:12100:3: error: <subsection> is not allowed here.
logs\main-assembled.xml:12106:5: error: <tabular> is not allowed here.
logs\main-assembled.xml:12108:15: error: <strong> is not allowed here.
logs\main-assembled.xml:12109:15: error: <strong> is not allowed here.
logs\main-assembled.xml:12124:9: error: <title> is not allowed here.
logs\main-assembled.xml:12141:3: error: <md> is not allowed here.
logs\main-assembled.xml:12149:3: error: <subsection> is not allowed here.
logs\main-assembled.xml:12163:3: error: <md> is not allowed here.
logs\main-assembled.xml:12167:3: error: <md> is not allowed here.
logs\main-assembled.xml:12171:3: error: <md> is not allowed here.
logs\main-assembled.xml:12177:3: error: <md> is not allowed here.
logs\main-assembled.xml:12181:3: error: <md> is not allowed here.
logs\main-assembled.xml:12216:3: error: <theorem> is not allowed here.
logs\main-assembled.xml:12220:9: error: <md> is not allowed here.
logs\main-assembled.xml:12226:3: error: <md> is not allowed here.
logs\main-assembled.xml:12230:3: error: <md> is not allowed here.
logs\main-assembled.xml:12243:3: error: <md> is not allowed here.
logs\main-assembled.xml:12247:3: error: <md> is not allowed here.
logs\main-assembled.xml:12251:3: error: <md> is not allowed here.
logs\main-assembled.xml:12272:3: error: <subsection> is not allowed here.
logs\main-assembled.xml:12279:3: error: <md> is not allowed here.
logs\main-assembled.xml:12283:3: error: <md> is not allowed here.
logs\main-assembled.xml:12289:3: error: <md> is not allowed here.
logs\main-assembled.xml:12293:3: error: <md> is not allowed here.
logs\main-assembled.xml:12297:3: error: <md> is not allowed here.
logs\main-assembled.xml:12301:3: error: <md> is not allowed here.
logs\main-assembled.xml:12305:3: error: <md> is not allowed here.
logs\main-assembled.xml:12311:3: error: <md> is not allowed here.
logs\main-assembled.xml:12315:3: error: <md> is not allowed here.
logs\main-assembled.xml:12319:3: error: <md> is not allowed here.
logs\main-assembled.xml:12323:3: error: <md> is not allowed here.
logs\main-assembled.xml:12325:1: error: <strong> is not allowed here.
logs\main-assembled.xml:12325:28: error: <strong> is not allowed here.
logs\main-assembled.xml:12325:59: error: <strong> is not allowed here.
logs\main-assembled.xml:12325:90: error: <strong> is not allowed here.
logs\main-assembled.xml:12339:3: error: <md> is not allowed here.
logs\main-assembled.xml:12343:3: error: <md> is not allowed here.
logs\main-assembled.xml:12349:9: error: <md> is not allowed here.
logs\main-assembled.xml:12351:9: error: <md> is not allowed here.
logs\main-assembled.xml:12353:9: error: <md> is not allowed here.
logs\main-assembled.xml:12383:3: error: <subsection> is not allowed here.
logs\main-assembled.xml:12390:3: error: <md> is not allowed here.
logs\main-assembled.xml:12400:3: error: <md> is not allowed here.
logs\main-assembled.xml:12406:3: error: <md> is not allowed here.
logs\main-assembled.xml:12458:3: error: <subsection> is not allowed here.
logs\main-assembled.xml:12471:3: error: <md> is not allowed here.
logs\main-assembled.xml:12475:3: error: <md> is not allowed here.
logs\main-assembled.xml:12483:3: error: <md> is not allowed here.
logs\main-assembled.xml:12487:3: error: <md> is not allowed here.
logs\main-assembled.xml:12491:3: error: <md> is not allowed here.
logs\main-assembled.xml:12495:3: error: <md> is not allowed here.
logs\main-assembled.xml:12535:9: error: <md> is not allowed here.
logs\main-assembled.xml:12549:3: error: <md> is not allowed here.
logs\main-assembled.xml:12560:3: error: <subsection> is not allowed here.
logs\main-assembled.xml:12565:3: error: <md> is not allowed here.
logs\main-assembled.xml:12576:3: error: <md> is not allowed here.
logs\main-assembled.xml:12580:3: error: <md> is not allowed here.
logs\main-assembled.xml:12594:3: error: <md> is not allowed here.
logs\main-assembled.xml:12598:3: error: <md> is not allowed here.
logs\main-assembled.xml:12612:3: error: <md> is not allowed here.
logs\main-assembled.xml:12624:3: error: <md> is not allowed here.
logs\main-assembled.xml:12628:3: error: <md> is not allowed here.
logs\main-assembled.xml:12630:1: error: <strong> is not allowed here.
logs\main-assembled.xml:12630:42: error: <strong> is not allowed here.
logs\main-assembled.xml:12630:72: error: <strong> is not allowed here.
logs\main-assembled.xml:12672:3: error: <subsection> is not allowed here.
logs\main-assembled.xml:12678:5: error: <tabular> is not allowed here.
logs\main-assembled.xml:12680:15: error: <strong> is not allowed here.
logs\main-assembled.xml:12681:15: error: <strong> is not allowed here.
logs\main-assembled.xml:12682:15: error: <strong> is not allowed here.
logs\main-assembled.xml:12695:9: error: <title> is not allowed here.
logs\main-assembled.xml:12702:3: error: <md> is not allowed here.
logs\main-assembled.xml:12708:3: error: <md> is not allowed here.
logs\main-assembled.xml:12712:3: error: <md> is not allowed here.
logs\main-assembled.xml:12716:3: error: <md> is not allowed here.
logs\main-assembled.xml:12720:3: error: <md> is not allowed here.
logs\main-assembled.xml:12724:3: error: <md> is not allowed here.
logs\main-assembled.xml:12737:3: error: <note> is not allowed here.
logs\main-assembled.xml:12759:3: error: <subsection> is not allowed here.
logs\main-assembled.xml:12766:3: error: <md> is not allowed here.
logs\main-assembled.xml:12776:3: error: <md> is not allowed here.
logs\main-assembled.xml:12780:3: error: <md> is not allowed here.
logs\main-assembled.xml:12784:3: error: <md> is not allowed here.
logs\main-assembled.xml:12820:3: error: <md> is not allowed here.
logs\main-assembled.xml:12838:3: error: <subsection> is not allowed here.
logs\main-assembled.xml:12845:3: error: <md> is not allowed here.
logs\main-assembled.xml:12850:3: error: <md> is not allowed here.
logs\main-assembled.xml:12861:3: error: <md> is not allowed here.
logs\main-assembled.xml:12867:3: error: <md> is not allowed here.
logs\main-assembled.xml:12899:3: error: <md> is not allowed here.
logs\main-assembled.xml:12917:3: error: <subsection> is not allowed here.
logs\main-assembled.xml:12922:3: error: <md> is not allowed here.
logs\main-assembled.xml:12930:3: error: <md> is not allowed here.
logs\main-assembled.xml:12940:3: error: <md> is not allowed here.
logs\main-assembled.xml:12946:3: error: <md> is not allowed here.
logs\main-assembled.xml:12982:3: error: <md> is not allowed here.
logs\main-assembled.xml:13000:3: error: <subsection> is not allowed here.
logs\main-assembled.xml:13005:3: error: <md> is not allowed here.
logs\main-assembled.xml:13013:3: error: <md> is not allowed here.
logs\main-assembled.xml:13017:3: error: <md> is not allowed here.
logs\main-assembled.xml:13057:3: error: <md> is not allowed here.
logs\main-assembled.xml:13075:3: error: <subsection> is not allowed here.
logs\main-assembled.xml:13082:3: error: <md> is not allowed here.
logs\main-assembled.xml:13086:3: error: <md> is not allowed here.
logs\main-assembled.xml:13090:3: error: <md> is not allowed here.
logs\main-assembled.xml:13094:3: error: <md> is not allowed here.
logs\main-assembled.xml:13100:3: error: <md> is not allowed here.
logs\main-assembled.xml:13105:3: error: <md> is not allowed here.
logs\main-assembled.xml:13109:3: error: <md> is not allowed here.
logs\main-assembled.xml:13113:3: error: <md> is not allowed here.
logs\main-assembled.xml:13118:3: error: <subsection> is not allowed here.
logs\main-assembled.xml:13124:5: error: <tabular> is not allowed here.
logs\main-assembled.xml:13126:15: error: <strong> is not allowed here.
logs\main-assembled.xml:13127:15: error: <strong> is not allowed here.
logs\main-assembled.xml:13128:15: error: <strong> is not allowed here.
logs\main-assembled.xml:13160:9: error: <title> is not allowed here.
logs\main-assembled.xml:13166:3: error: <md> is not allowed here.
logs\main-assembled.xml:13170:3: error: <md> is not allowed here.
logs\main-assembled.xml:13183:3: error: <md> is not allowed here.
logs\main-assembled.xml:13191:3: error: <md> is not allowed here.
logs\main-assembled.xml:13195:3: error: <subsection> is not allowed here.
logs\main-assembled.xml:13202:3: error: <md> is not allowed here.
logs\main-assembled.xml:13206:3: error: <md> is not allowed here.
logs\main-assembled.xml:13230:3: error: <md> is not allowed here.
logs\main-assembled.xml:13234:3: error: <md> is not allowed here.
logs\main-assembled.xml:13238:3: error: <md> is not allowed here.
logs\main-assembled.xml:13251:3: error: <md> is not allowed here.
logs\main-assembled.xml:13255:3: error: <md> is not allowed here.
logs\main-assembled.xml:13268:3: error: <md> is not allowed here.
logs\main-assembled.xml:13272:3: error: <md> is not allowed here.
logs\main-assembled.xml:13276:3: error: <md> is not allowed here.
logs\main-assembled.xml:13278:3: error: <md> is not allowed here.
logs\main-assembled.xml:13280:3: error: <md> is not allowed here.
logs\main-assembled.xml:13284:3: error: <md> is not allowed here.
logs\main-assembled.xml:13293:3: error: <subsection> is not allowed here.
logs\main-assembled.xml:13298:3: error: <md> is not allowed here.
logs\main-assembled.xml:13304:3: error: <md> is not allowed here.
logs\main-assembled.xml:13311:9: error: <md> is not allowed here.
logs\main-assembled.xml:13323:9: error: <md> is not allowed here.
logs\main-assembled.xml:13325:9: error: <md> is not allowed here.
logs\main-assembled.xml:13327:9: error: <md> is not allowed here.
logs\main-assembled.xml:13333:3: error: <md> is not allowed here.
logs\main-assembled.xml:13361:3: error: <md> is not allowed here.
logs\main-assembled.xml:13365:3: error: <md> is not allowed here.
logs\main-assembled.xml:13369:3: error: <md> is not allowed here.
logs\main-assembled.xml:13373:3: error: <md> is not allowed here.
logs\main-assembled.xml:13377:3: error: <md> is not allowed here.
logs\main-assembled.xml:13381:3: error: <md> is not allowed here.
logs\main-assembled.xml:13390:3: error: <md> is not allowed here.
logs\main-assembled.xml:13394:3: error: <md> is not allowed here.
logs\main-assembled.xml:13400:3: error: <md> is not allowed here.
logs\main-assembled.xml:13406:3: error: <md> is not allowed here.
logs\main-assembled.xml:13414:3: error: <md> is not allowed here.
logs\main-assembled.xml:13486:3: error: <md> is not allowed here.
logs\main-assembled.xml:13492:3: error: <md> is not allowed here.
logs\main-assembled.xml:13496:3: error: <md> is not allowed here.
logs\main-assembled.xml:13509:3: error: <md> is not allowed here.
logs\main-assembled.xml:13513:3: error: <md> is not allowed here.
logs\main-assembled.xml:13517:3: error: <md> is not allowed here.
logs\main-assembled.xml:13521:3: error: <md> is not allowed here.
logs\main-assembled.xml:13526:3: error: <subsection> is not allowed here.
logs\main-assembled.xml:13533:3: error: <md> is not allowed here.
logs\main-assembled.xml:13542:9: error: <md> is not allowed here.
logs\main-assembled.xml:13545:9: error: <md> is not allowed here.
logs\main-assembled.xml:13555:9: error: <md> is not allowed here.
logs\main-assembled.xml:13558:9: error: <md> is not allowed here.
logs\main-assembled.xml:13568:3: error: <md> is not allowed here.
logs\main-assembled.xml:13572:3: error: <md> is not allowed here.
logs\main-assembled.xml:13576:3: error: <md> is not allowed here.
logs\main-assembled.xml:13588:3: error: <md> is not allowed here.
logs\main-assembled.xml:13592:3: error: <md> is not allowed here.
logs\main-assembled.xml:13626:3: error: <theorem> is not allowed here.
logs\main-assembled.xml:13641:3: error: <md> is not allowed here.
logs\main-assembled.xml:13647:3: error: <md> is not allowed here.
logs\main-assembled.xml:13651:3: error: <md> is not allowed here.
logs\main-assembled.xml:13655:3: error: <md> is not allowed here.
logs\main-assembled.xml:13659:3: error: <md> is not allowed here.
logs\main-assembled.xml:13663:3: error: <md> is not allowed here.
logs\main-assembled.xml:13667:3: error: <md> is not allowed here.
logs\main-assembled.xml:13671:3: error: <md> is not allowed here.
logs\main-assembled.xml:13675:3: error: <md> is not allowed here.
logs\main-assembled.xml:13685:3: error: <md> is not allowed here.
logs\main-assembled.xml:13691:3: error: <md> is not allowed here.
logs\main-assembled.xml:13695:3: error: <md> is not allowed here.
logs\main-assembled.xml:13699:3: error: <md> is not allowed here.
logs\main-assembled.xml:13724:3: error: <subsection> is not allowed here.
logs\main-assembled.xml:13731:3: error: <md> is not allowed here.
logs\main-assembled.xml:13735:3: error: <md> is not allowed here.
logs\main-assembled.xml:13741:3: error: <md> is not allowed here.
logs\main-assembled.xml:13745:3: error: <md> is not allowed here.
logs\main-assembled.xml:13751:3: error: <md> is not allowed here.
logs\main-assembled.xml:13755:3: error: <md> is not allowed here.
logs\main-assembled.xml:13762:3: error: <subsection> is not allowed here.
logs\main-assembled.xml:13771:3: error: <md> is not allowed here.
logs\main-assembled.xml:13777:3: error: <md> is not allowed here.
logs\main-assembled.xml:13781:3: error: <md> is not allowed here.
logs\main-assembled.xml:13783:3: error: <md> is not allowed here.
logs\main-assembled.xml:13785:3: error: <md> is not allowed here.
logs\main-assembled.xml:13789:3: error: <md> is not allowed here.
logs\main-assembled.xml:13793:3: error: <md> is not allowed here.
logs\main-assembled.xml:13797:3: error: <md> is not allowed here.
logs\main-assembled.xml:13801:3: error: <md> is not allowed here.
logs\main-assembled.xml:13805:3: error: <md> is not allowed here.
logs\main-assembled.xml:13812:9: error: <md> is not allowed here.
logs\main-assembled.xml:13814:9: error: <md> is not allowed here.
logs\main-assembled.xml:13822:3: error: <md> is not allowed here.
logs\main-assembled.xml:13826:3: error: <md> is not allowed here.
logs\main-assembled.xml:13830:3: error: <md> is not allowed here.
logs\main-assembled.xml:13834:3: error: <md> is not allowed here.
logs\main-assembled.xml:13840:3: error: <md> is not allowed here.
logs\main-assembled.xml:13844:3: error: <md> is not allowed here.
logs\main-assembled.xml:13874:3: error: <md> is not allowed here.
logs\main-assembled.xml:13881:3: error: <subsection> is not allowed here.
logs\main-assembled.xml:13929:3: error: <md> is not allowed here.
logs\main-assembled.xml:13947:3: error: <subsection> is not allowed here.
logs\main-assembled.xml:13953:5: error: <tabular> is not allowed here.
logs\main-assembled.xml:13955:15: error: <strong> is not allowed here.
logs\main-assembled.xml:13956:15: error: <strong> is not allowed here.
logs\main-assembled.xml:13991:9: error: <title> is not allowed here.
logs\main-assembled.xml:13996:3: error: <subsection> is not allowed here.
logs\main-assembled.xml:14003:5: error: <ol> is not allowed here.
logs\main-assembled.xml:14006:11: error: <md> is not allowed here.
logs\main-assembled.xml:14013:11: error: <md> is not allowed here.
logs\main-assembled.xml:14018:11: error: <md> is not allowed here.
logs\main-assembled.xml:14048:5: error: <ol> is not allowed here.
logs\main-assembled.xml:14051:11: error: <md> is not allowed here.
logs\main-assembled.xml:14054:11: error: <md> is not allowed here.
logs\main-assembled.xml:14060:11: error: <md> is not allowed here.
logs\main-assembled.xml:14063:11: error: <md> is not allowed here.
logs\main-assembled.xml:14069:11: error: <md> is not allowed here.
logs\main-assembled.xml:14072:11: error: <md> is not allowed here.
logs\main-assembled.xml:14077:11: error: <md> is not allowed here.
logs\main-assembled.xml:14086:11: error: <md> is not allowed here.
logs\main-assembled.xml:14097:11: error: <md> is not allowed here.
logs\main-assembled.xml:14109:11: error: <md> is not allowed here.
logs\main-assembled.xml:14112:11: error: <md> is not allowed here.
logs\main-assembled.xml:14121:11: error: <md> is not allowed here.
logs\main-assembled.xml:14124:11: error: <md> is not allowed here.
logs\main-assembled.xml:14131:11: error: <md> is not allowed here.
logs\main-assembled.xml:14133:11: error: <md> is not allowed here.
logs\main-assembled.xml:14138:11: error: <md> is not allowed here.
logs\main-assembled.xml:14141:11: error: <md> is not allowed here.
logs\main-assembled.xml:14148:11: error: <md> is not allowed here.
logs\main-assembled.xml:14194:5: error: <ol> is not allowed here.
logs\main-assembled.xml:14197:11: error: <md> is not allowed here.
logs\main-assembled.xml:14207:11: error: <md> is not allowed here.
logs\main-assembled.xml:14228:5: error: <ol> is not allowed here.
logs\main-assembled.xml:14231:11: error: <md> is not allowed here.
logs\main-assembled.xml:14241:11: error: <md> is not allowed here.
logs\main-assembled.xml:14252:11: error: <md> is not allowed here.
logs\main-assembled.xml:14257:11: error: <md> is not allowed here.
logs\main-assembled.xml:14262:11: error: <md> is not allowed here.
logs\main-assembled.xml:14267:11: error: <md> is not allowed here.
logs\main-assembled.xml:14272:11: error: <md> is not allowed here.
logs\main-assembled.xml:14277:11: error: <md> is not allowed here.
logs\main-assembled.xml:14284:11: error: <md> is not allowed here.
logs\main-assembled.xml:14298:5: error: <ol> is not allowed here.
logs\main-assembled.xml:14301:11: error: <md> is not allowed here.
logs\main-assembled.xml:14305:11: error: <md> is not allowed here.
logs\main-assembled.xml:14310:11: error: <md> is not allowed here.
logs\main-assembled.xml:14312:11: error: <md> is not allowed here.
logs\main-assembled.xml:14317:11: error: <md> is not allowed here.
logs\main-assembled.xml:14322:11: error: <md> is not allowed here.
logs\main-assembled.xml:14327:11: error: <md> is not allowed here.
logs\main-assembled.xml:14329:11: error: <md> is not allowed here.
logs\main-assembled.xml:14335:11: error: <md> is not allowed here.
logs\main-assembled.xml:14340:11: error: <md> is not allowed here.
logs\main-assembled.xml:14345:11: error: <md> is not allowed here.
logs\main-assembled.xml:14351:11: error: <md> is not allowed here.
logs\main-assembled.xml:14353:11: error: <md> is not allowed here.
logs\main-assembled.xml:14375:3: error: <subsection> is not allowed here.
logs\main-assembled.xml:14382:3: error: <md> is not allowed here.
logs\main-assembled.xml:14386:3: error: <md> is not allowed here.
logs\main-assembled.xml:14397:3: error: <md> is not allowed here.
logs\main-assembled.xml:14401:3: error: <md> is not allowed here.
logs\main-assembled.xml:14405:3: error: <md> is not allowed here.
logs\main-assembled.xml:14422:3: error: <md> is not allowed here.
logs\main-assembled.xml:14445:3: error: <md> is not allowed here.
logs\main-assembled.xml:14449:3: error: <md> is not allowed here.
logs\main-assembled.xml:14453:3: error: <md> is not allowed here.
logs\main-assembled.xml:14463:3: error: <md> is not allowed here.
logs\main-assembled.xml:14467:3: error: <md> is not allowed here.
logs\main-assembled.xml:14471:3: error: <md> is not allowed here.
logs\main-assembled.xml:14479:3: error: <md> is not allowed here.
logs\main-assembled.xml:14491:3: error: <md> is not allowed here.
logs\main-assembled.xml:14495:3: error: <md> is not allowed here.
logs\main-assembled.xml:14507:3: error: <md> is not allowed here.
logs\main-assembled.xml:14528:3: error: <subsection> is not allowed here.
logs\main-assembled.xml:14535:3: error: <md> is not allowed here.
logs\main-assembled.xml:14541:5: error: <ol> is not allowed here.
logs\main-assembled.xml:14544:11: error: <md> is not allowed here.
logs\main-assembled.xml:14548:11: error: <md> is not allowed here.
logs\main-assembled.xml:14550:11: error: <md> is not allowed here.
logs\main-assembled.xml:14554:11: error: <md> is not allowed here.
logs\main-assembled.xml:14556:11: error: <md> is not allowed here.
logs\main-assembled.xml:14561:11: error: <md> is not allowed here.
logs\main-assembled.xml:14565:11: error: <md> is not allowed here.
logs\main-assembled.xml:14570:11: error: <md> is not allowed here.
logs\main-assembled.xml:14574:11: error: <md> is not allowed here.
logs\main-assembled.xml:14576:11: error: <md> is not allowed here.
logs\main-assembled.xml:14584:11: error: <md> is not allowed here.
logs\main-assembled.xml:14588:11: error: <md> is not allowed here.
logs\main-assembled.xml:14593:11: error: <md> is not allowed here.
logs\main-assembled.xml:14595:11: error: <md> is not allowed here.
logs\main-assembled.xml:14601:3: error: <subsection> is not allowed here.
logs\main-assembled.xml:14608:3: error: <md> is not allowed here.
logs\main-assembled.xml:14641:3: error: <md> is not allowed here.
logs\main-assembled.xml:14655:3: error: <md> is not allowed here.
logs\main-assembled.xml:14661:3: error: <md> is not allowed here.
logs\main-assembled.xml:14667:3: error: <subsection> is not allowed here.
logs\main-assembled.xml:14674:3: error: <md> is not allowed here.
logs\main-assembled.xml:14678:3: error: <md> is not allowed here.
logs\main-assembled.xml:14682:3: error: <md> is not allowed here.
logs\main-assembled.xml:14686:3: error: <md> is not allowed here.
logs\main-assembled.xml:14734:3: error: <md> is not allowed here.
logs\main-assembled.xml:14738:3: error: <md> is not allowed here.
logs\main-assembled.xml:14742:3: error: <md> is not allowed here.
logs\main-assembled.xml:14753:9: error: <md> is not allowed here.
logs\main-assembled.xml:14761:3: error: <md> is not allowed here.
logs\main-assembled.xml:14789:3: error: <md> is not allowed here.
logs\main-assembled.xml:14795:3: error: <md> is not allowed here.
logs\main-assembled.xml:14808:3: error: <subsection> is not allowed here.
logs\main-assembled.xml:14815:3: error: <md> is not allowed here.
logs\main-assembled.xml:14819:3: error: <md> is not allowed here.
logs\main-assembled.xml:14826:9: error: <md> is not allowed here.
logs\main-assembled.xml:14836:3: error: <md> is not allowed here.
logs\main-assembled.xml:14842:3: error: <md> is not allowed here.
logs\main-assembled.xml:14850:3: error: <md> is not allowed here.
logs\main-assembled.xml:14854:3: error: <md> is not allowed here.
logs\main-assembled.xml:14862:3: error: <md> is not allowed here.
logs\main-assembled.xml:14877:3: error: <md> is not allowed here.
logs\main-assembled.xml:14883:3: error: <md> is not allowed here.
logs\main-assembled.xml:14904:3: error: <subsection> is not allowed here.
logs\main-assembled.xml:14911:3: error: <md> is not allowed here.
logs\main-assembled.xml:14921:3: error: <md> is not allowed here.
logs\main-assembled.xml:14931:3: error: <md> is not allowed here.
logs\main-assembled.xml:14937:3: error: <md> is not allowed here.
logs\main-assembled.xml:14945:3: error: <md> is not allowed here.
logs\main-assembled.xml:14998:3: error: <subsection> is not allowed here.
logs\main-assembled.xml:15003:3: error: <md> is not allowed here.
logs\main-assembled.xml:15007:3: error: <md> is not allowed here.
logs\main-assembled.xml:15009:1: error: <strong> is not allowed here.
logs\main-assembled.xml:15009:32: error: <strong> is not allowed here.
logs\main-assembled.xml:15009:67: error: <strong> is not allowed here.
logs\main-assembled.xml:15025:3: error: <md> is not allowed here.
logs\main-assembled.xml:15031:3: error: <md> is not allowed here.
logs\main-assembled.xml:15037:3: error: <md> is not allowed here.
logs\main-assembled.xml:15044:9: error: <md> is not allowed here.
logs\main-assembled.xml:15078:3: error: <md> is not allowed here.
logs\main-assembled.xml:15084:3: error: <subsection> is not allowed here.
logs\main-assembled.xml:15089:3: error: <md> is not allowed here.
logs\main-assembled.xml:15095:3: error: <md> is not allowed here.
logs\main-assembled.xml:15102:3: error: <md> is not allowed here.
logs\main-assembled.xml:15112:3: error: <md> is not allowed here.
logs\main-assembled.xml:15116:3: error: <md> is not allowed here.
logs\main-assembled.xml:15120:3: error: <md> is not allowed here.
logs\main-assembled.xml:15130:3: error: <md> is not allowed here.
logs\main-assembled.xml:15134:3: error: <md> is not allowed here.
logs\main-assembled.xml:15154:3: error: <subsection> is not allowed here.
logs\main-assembled.xml:15162:9: error: <md> is not allowed here.
logs\main-assembled.xml:15171:3: error: <md> is not allowed here.
logs\main-assembled.xml:15177:3: error: <md> is not allowed here.
logs\main-assembled.xml:15181:3: error: <md> is not allowed here.
logs\main-assembled.xml:15185:3: error: <md> is not allowed here.
logs\main-assembled.xml:15189:3: error: <md> is not allowed here.
logs\main-assembled.xml:15217:3: error: <md> is not allowed here.
logs\main-assembled.xml:15221:3: error: <md> is not allowed here.
logs\main-assembled.xml:15227:3: error: <md> is not allowed here.
logs\main-assembled.xml:15234:3: error: <md> is not allowed here.
logs\main-assembled.xml:15249:3: error: <md> is not allowed here.
logs\main-assembled.xml:15253:3: error: <md> is not allowed here.
logs\main-assembled.xml:15259:3: error: <md> is not allowed here.
logs\main-assembled.xml:15265:3: error: <md> is not allowed here.
logs\main-assembled.xml:15271:3: error: <md> is not allowed here.
logs\main-assembled.xml:15277:3: error: <md> is not allowed here.
logs\main-assembled.xml:15292:3: error: <md> is not allowed here.
logs\main-assembled.xml:15296:3: error: <md> is not allowed here.
logs\main-assembled.xml:15304:3: error: <md> is not allowed here.
logs\main-assembled.xml:15312:3: error: <md> is not allowed here.
logs\main-assembled.xml:15318:3: error: <md> is not allowed here.
logs\main-assembled.xml:15324:3: error: <md> is not allowed here.
logs\main-assembled.xml:15335:3: error: <subsection> is not allowed here.
logs\main-assembled.xml:15342:3: error: <md> is not allowed here.
logs\main-assembled.xml:15348:3: error: <md> is not allowed here.
logs\main-assembled.xml:15394:3: error: <md> is not allowed here.
logs\main-assembled.xml:15398:3: error: <md> is not allowed here.
logs\main-assembled.xml:15402:3: error: <md> is not allowed here.
logs\main-assembled.xml:15413:3: error: <md> is not allowed here.
logs\main-assembled.xml:15417:3: error: <md> is not allowed here.
logs\main-assembled.xml:15427:3: error: <md> is not allowed here.
logs\main-assembled.xml:15476:3: error: <subsection> is not allowed here.
logs\main-assembled.xml:15481:3: error: <md> is not allowed here.
logs\main-assembled.xml:15490:3: error: <md> is not allowed here.
logs\main-assembled.xml:15496:3: error: <md> is not allowed here.
logs\main-assembled.xml:15502:3: error: <md> is not allowed here.
logs\main-assembled.xml:15515:3: error: <md> is not allowed here.
logs\main-assembled.xml:15521:3: error: <md> is not allowed here.
logs\main-assembled.xml:15529:3: error: <md> is not allowed here.
logs\main-assembled.xml:15533:3: error: <md> is not allowed here.
logs\main-assembled.xml:15539:3: error: <md> is not allowed here.
logs\main-assembled.xml:15579:9: error: <md> is not allowed here.
logs\main-assembled.xml:15611:3: error: <md> is not allowed here.
logs\main-assembled.xml:15615:3: error: <md> is not allowed here.
logs\main-assembled.xml:15621:3: error: <subsection> is not allowed here.
logs\main-assembled.xml:15628:3: error: <md> is not allowed here.
logs\main-assembled.xml:15632:3: error: <md> is not allowed here.
logs\main-assembled.xml:15638:3: error: <md> is not allowed here.
logs\main-assembled.xml:15644:3: error: <md> is not allowed here.
logs\main-assembled.xml:15648:3: error: <md> is not allowed here.
logs\main-assembled.xml:15654:3: error: <md> is not allowed here.
logs\main-assembled.xml:15658:3: error: <md> is not allowed here.
logs\main-assembled.xml:15662:3: error: <md> is not allowed here.
logs\main-assembled.xml:15666:3: error: <md> is not allowed here.
logs\main-assembled.xml:15670:3: error: <md> is not allowed here.
logs\main-assembled.xml:15743:9: error: <md> is not allowed here.
logs\main-assembled.xml:15751:3: error: <md> is not allowed here.
logs\main-assembled.xml:15755:3: error: <md> is not allowed here.
logs\main-assembled.xml:15759:3: error: <md> is not allowed here.
logs\main-assembled.xml:15791:3: error: <md> is not allowed here.
logs\main-assembled.xml:15795:3: error: <md> is not allowed here.
logs\main-assembled.xml:15801:3: error: <md> is not allowed here.
logs\main-assembled.xml:15805:3: error: <md> is not allowed here.
logs\main-assembled.xml:15811:3: error: <md> is not allowed here.
logs\main-assembled.xml:15817:3: error: <md> is not allowed here.
logs\main-assembled.xml:15825:3: error: <md> is not allowed here.
logs\main-assembled.xml:15832:3: error: <subsection> is not allowed here.
logs\main-assembled.xml:15839:3: error: <md> is not allowed here.
logs\main-assembled.xml:15843:3: error: <md> is not allowed here.
logs\main-assembled.xml:15845:1: error: <strong> is not allowed here.
logs\main-assembled.xml:15845:32: error: <strong> is not allowed here.
logs\main-assembled.xml:15859:3: error: <md> is not allowed here.
logs\main-assembled.xml:15863:3: error: <md> is not allowed here.
logs\main-assembled.xml:15867:3: error: <md> is not allowed here.
logs\main-assembled.xml:15871:3: error: <md> is not allowed here.
logs\main-assembled.xml:15875:3: error: <md> is not allowed here.
logs\main-assembled.xml:15879:3: error: <md> is not allowed here.
logs\main-assembled.xml:15883:3: error: <md> is not allowed here.
logs\main-assembled.xml:15892:3: error: <md> is not allowed here.
logs\main-assembled.xml:15896:3: error: <md> is not allowed here.
logs\main-assembled.xml:15900:3: error: <md> is not allowed here.
logs\main-assembled.xml:15906:3: error: <md> is not allowed here.
logs\main-assembled.xml:15910:3: error: <md> is not allowed here.
logs\main-assembled.xml:15917:9: error: <md> is not allowed here.
logs\main-assembled.xml:15919:9: error: <md> is not allowed here.
logs\main-assembled.xml:15941:3: error: <subsection> is not allowed here.
logs\main-assembled.xml:15948:3: error: <md> is not allowed here.
logs\main-assembled.xml:15950:1: error: <strong> is not allowed here.
logs\main-assembled.xml:15950:36: error: <strong> is not allowed here.
logs\main-assembled.xml:15984:3: error: <md> is not allowed here.
logs\main-assembled.xml:15988:3: error: <md> is not allowed here.
logs\main-assembled.xml:15994:3: error: <md> is not allowed here.
logs\main-assembled.xml:16000:3: error: <md> is not allowed here.
logs\main-assembled.xml:16006:3: error: <md> is not allowed here.
logs\main-assembled.xml:16069:3: error: <md> is not allowed here.
logs\main-assembled.xml:16075:3: error: <md> is not allowed here.
logs\main-assembled.xml:16082:3: error: <subsection> is not allowed here.
logs\main-assembled.xml:16095:3: error: <md> is not allowed here.
logs\main-assembled.xml:16099:3: error: <md> is not allowed here.
logs\main-assembled.xml:16103:3: error: <md> is not allowed here.
logs\main-assembled.xml:16111:3: error: <md> is not allowed here.
logs\main-assembled.xml:16115:3: error: <md> is not allowed here.
logs\main-assembled.xml:16121:3: error: <md> is not allowed here.
logs\main-assembled.xml:16132:3: error: <md> is not allowed here.
logs\main-assembled.xml:16138:3: error: <md> is not allowed here.
logs\main-assembled.xml:16142:3: error: <md> is not allowed here.
logs\main-assembled.xml:16152:3: error: <md> is not allowed here.
logs\main-assembled.xml:16156:3: error: <md> is not allowed here.
logs\main-assembled.xml:16196:3: error: <subsection> is not allowed here.
logs\main-assembled.xml:16201:3: error: <md> is not allowed here.
logs\main-assembled.xml:16207:3: error: <md> is not allowed here.
logs\main-assembled.xml:16213:3: error: <md> is not allowed here.
logs\main-assembled.xml:16217:3: error: <md> is not allowed here.
logs\main-assembled.xml:16223:3: error: <md> is not allowed here.
logs\main-assembled.xml:16231:3: error: <md> is not allowed here.
logs\main-assembled.xml:16237:3: error: <md> is not allowed here.
logs\main-assembled.xml:16241:3: error: <md> is not allowed here.
logs\main-assembled.xml:16245:3: error: <md> is not allowed here.
logs\main-assembled.xml:16251:3: error: <md> is not allowed here.
logs\main-assembled.xml:16263:3: error: <md> is not allowed here.
logs\main-assembled.xml:16317:3: error: <subsection> is not allowed here.
logs\main-assembled.xml:16324:3: error: <md> is not allowed here.
logs\main-assembled.xml:16328:3: error: <md> is not allowed here.
logs\main-assembled.xml:16335:9: error: <md> is not allowed here.
logs\main-assembled.xml:16339:9: error: <md> is not allowed here.
logs\main-assembled.xml:16346:3: error: <md> is not allowed here.
logs\main-assembled.xml:16350:3: error: <md> is not allowed here.
logs\main-assembled.xml:16356:3: error: <md> is not allowed here.
logs\main-assembled.xml:16378:3: error: <md> is not allowed here.
logs\main-assembled.xml:16382:3: error: <md> is not allowed here.
logs\main-assembled.xml:16386:3: error: <md> is not allowed here.
logs\main-assembled.xml:16390:3: error: <md> is not allowed here.
logs\main-assembled.xml:16394:3: error: <md> is not allowed here.
logs\main-assembled.xml:16398:3: error: <md> is not allowed here.
logs\main-assembled.xml:16402:3: error: <md> is not allowed here.
logs\main-assembled.xml:16406:3: error: <md> is not allowed here.
logs\main-assembled.xml:16410:3: error: <md> is not allowed here.
logs\main-assembled.xml:16414:3: error: <md> is not allowed here.
logs\main-assembled.xml:16421:3: error: <subsection> is not allowed here.
logs\main-assembled.xml:16426:3: error: <md> is not allowed here.
logs\main-assembled.xml:16430:3: error: <md> is not allowed here.
logs\main-assembled.xml:16434:3: error: <md> is not allowed here.
logs\main-assembled.xml:16438:3: error: <md> is not allowed here.
logs\main-assembled.xml:16445:9: error: <md> is not allowed here.
logs\main-assembled.xml:16447:9: error: <md> is not allowed here.
logs\main-assembled.xml:16449:9: error: <md> is not allowed here.
logs\main-assembled.xml:16458:3: error: <md> is not allowed here.
logs\main-assembled.xml:16462:3: error: <md> is not allowed here.
logs\main-assembled.xml:16468:3: error: <md> is not allowed here.
logs\main-assembled.xml:16472:3: error: <md> is not allowed here.
logs\main-assembled.xml:16482:3: error: <md> is not allowed here.
logs\main-assembled.xml:16488:3: error: <md> is not allowed here.
logs\main-assembled.xml:16492:3: error: <md> is not allowed here.
logs\main-assembled.xml:16496:3: error: <md> is not allowed here.
logs\main-assembled.xml:16500:3: error: <md> is not allowed here.
logs\main-assembled.xml:16504:3: error: <md> is not allowed here.
logs\main-assembled.xml:16508:3: error: <md> is not allowed here.
logs\main-assembled.xml:16512:3: error: <md> is not allowed here.
logs\main-assembled.xml:16537:3: error: <subsection> is not allowed here.
logs\main-assembled.xml:16544:3: error: <md> is not allowed here.
logs\main-assembled.xml:16548:3: error: <md> is not allowed here.
logs\main-assembled.xml:16552:3: error: <md> is not allowed here.
logs\main-assembled.xml:16556:3: error: <md> is not allowed here.
logs\main-assembled.xml:16560:3: error: <md> is not allowed here.
logs\main-assembled.xml:16564:3: error: <md> is not allowed here.
logs\main-assembled.xml:16570:3: error: <md> is not allowed here.
logs\main-assembled.xml:16641:3: error: <md> is not allowed here.
logs\main-assembled.xml:16645:3: error: <md> is not allowed here.
logs\main-assembled.xml:16649:3: error: <md> is not allowed here.
logs\main-assembled.xml:16653:3: error: <md> is not allowed here.
logs\main-assembled.xml:16657:3: error: <md> is not allowed here.
logs\main-assembled.xml:16661:3: error: <md> is not allowed here.
logs\main-assembled.xml:16665:3: error: <md> is not allowed here.
logs\main-assembled.xml:16671:3: error: <md> is not allowed here.
logs\main-assembled.xml:16675:3: error: <md> is not allowed here.
logs\main-assembled.xml:16679:3: error: <md> is not allowed here.
logs\main-assembled.xml:16683:3: error: <note> is not allowed here.
logs\main-assembled.xml:16696:3: error: <subsection> is not allowed here.
logs\main-assembled.xml:16701:3: error: <md> is not allowed here.
logs\main-assembled.xml:16710:3: error: <md> is not allowed here.
logs\main-assembled.xml:16714:3: error: <md> is not allowed here.
logs\main-assembled.xml:16718:3: error: <md> is not allowed here.
logs\main-assembled.xml:16722:3: error: <md> is not allowed here.
logs\main-assembled.xml:16726:3: error: <md> is not allowed here.
logs\main-assembled.xml:16730:3: error: <md> is not allowed here.
logs\main-assembled.xml:16738:3: error: <md> is not allowed here.
logs\main-assembled.xml:16742:3: error: <md> is not allowed here.
logs\main-assembled.xml:16750:3: error: <md> is not allowed here.
logs\main-assembled.xml:16765:3: error: <md> is not allowed here.
logs\main-assembled.xml:16769:3: error: <md> is not allowed here.
logs\main-assembled.xml:16775:3: error: <md> is not allowed here.
logs\main-assembled.xml:16783:3: error: <md> is not allowed here.
logs\main-assembled.xml:16789:3: error: <md> is not allowed here.
logs\main-assembled.xml:16793:3: error: <md> is not allowed here.
logs\main-assembled.xml:16797:3: error: <md> is not allowed here.
logs\main-assembled.xml:16801:3: error: <md> is not allowed here.
logs\main-assembled.xml:16805:3: error: <md> is not allowed here.
logs\main-assembled.xml:16809:3: error: <note> is not allowed here.
logs\main-assembled.xml:16833:3: error: <md> is not allowed here.
logs\main-assembled.xml:16841:3: error: <md> is not allowed here.
logs\main-assembled.xml:16843:3: error: <subsection> is not allowed here.
logs\main-assembled.xml:16848:3: error: <md> is not allowed here.
logs\main-assembled.xml:16852:3: error: <md> is not allowed here.
logs\main-assembled.xml:16861:3: error: <md> is not allowed here.
logs\main-assembled.xml:16865:3: error: <md> is not allowed here.
logs\main-assembled.xml:16869:3: error: <md> is not allowed here.
logs\main-assembled.xml:16873:3: error: <md> is not allowed here.
logs\main-assembled.xml:16877:3: error: <md> is not allowed here.
logs\main-assembled.xml:16896:3: error: <md> is not allowed here.
logs\main-assembled.xml:16902:3: error: <md> is not allowed here.
logs\main-assembled.xml:16908:3: error: <md> is not allowed here.
logs\main-assembled.xml:16912:3: error: <md> is not allowed here.
logs\main-assembled.xml:16916:3: error: <md> is not allowed here.
logs\main-assembled.xml:16920:3: error: <md> is not allowed here.
logs\main-assembled.xml:16928:3: error: <md> is not allowed here.
logs\main-assembled.xml:16949:3: error: <subsection> is not allowed here.
logs\main-assembled.xml:16958:3: error: <md> is not allowed here.
logs\main-assembled.xml:16962:3: error: <md> is not allowed here.
logs\main-assembled.xml:16966:3: error: <md> is not allowed here.
logs\main-assembled.xml:16972:3: error: <md> is not allowed here.
logs\main-assembled.xml:16976:3: error: <md> is not allowed here.
logs\main-assembled.xml:16982:3: error: <md> is not allowed here.
logs\main-assembled.xml:16986:3: error: <md> is not allowed here.
logs\main-assembled.xml:17025:3: error: <md> is not allowed here.
logs\main-assembled.xml:17029:3: error: <md> is not allowed here.
logs\main-assembled.xml:17047:3: error: <subsection> is not allowed here.
logs\main-assembled.xml:17052:3: error: <md> is not allowed here.
logs\main-assembled.xml:17057:5: error: <tabular> is not allowed here.
logs\main-assembled.xml:17059:15: error: <strong> is not allowed here.
logs\main-assembled.xml:17060:15: error: <strong> is not allowed here.
logs\main-assembled.xml:17061:15: error: <strong> is not allowed here.
logs\main-assembled.xml:17084:9: error: <title> is not allowed here.
logs\main-assembled.xml:17193:3: error: <md> is not allowed here.
logs\main-assembled.xml:17197:3: error: <md> is not allowed here.
logs\main-assembled.xml:17209:3: error: <md> is not allowed here.
logs\main-assembled.xml:17213:3: error: <md> is not allowed here.
logs\main-assembled.xml:17217:3: error: <md> is not allowed here.
logs\main-assembled.xml:17223:3: error: <md> is not allowed here.
logs\main-assembled.xml:17232:3: error: <md> is not allowed here.
logs\main-assembled.xml:17247:3: error: <md> is not allowed here.
logs\main-assembled.xml:17251:3: error: <md> is not allowed here.
logs\main-assembled.xml:17257:3: error: <md> is not allowed here.
logs\main-assembled.xml:17265:3: error: <md> is not allowed here.
logs\main-assembled.xml:17275:3: error: <md> is not allowed here.
logs\main-assembled.xml:17285:3: error: <md> is not allowed here.
logs\main-assembled.xml:17314:3: error: <subsection> is not allowed here.
logs\main-assembled.xml:17319:3: error: <md> is not allowed here.
logs\main-assembled.xml:17323:3: error: <md> is not allowed here.
logs\main-assembled.xml:17328:3: error: <md> is not allowed here.
logs\main-assembled.xml:17335:3: error: <md> is not allowed here.
logs\main-assembled.xml:17339:3: error: <md> is not allowed here.
logs\main-assembled.xml:17343:3: error: <md> is not allowed here.
logs\main-assembled.xml:17349:3: error: <md> is not allowed here.
logs\main-assembled.xml:17355:3: error: <md> is not allowed here.
logs\main-assembled.xml:17361:3: error: <md> is not allowed here.
logs\main-assembled.xml:17370:3: error: <subsection> is not allowed here.
logs\main-assembled.xml:17375:3: error: <md> is not allowed here.
logs\main-assembled.xml:17381:3: error: <md> is not allowed here.
logs\main-assembled.xml:17385:3: error: <md> is not allowed here.
logs\main-assembled.xml:17389:3: error: <md> is not allowed here.
logs\main-assembled.xml:17422:3: error: <md> is not allowed here.
logs\main-assembled.xml:17426:3: error: <subsection> is not allowed here.
logs\main-assembled.xml:17433:3: error: <md> is not allowed here.
logs\main-assembled.xml:17437:3: error: <md> is not allowed here.
logs\main-assembled.xml:17441:3: error: <md> is not allowed here.
logs\main-assembled.xml:17449:3: error: <md> is not allowed here.
logs\main-assembled.xml:17457:3: error: <md> is not allowed here.
logs\main-assembled.xml:17461:3: error: <md> is not allowed here.
logs\main-assembled.xml:17469:3: error: <md> is not allowed here.
logs\main-assembled.xml:17477:3: error: <md> is not allowed here.
logs\main-assembled.xml:17483:3: error: <md> is not allowed here.
logs\main-assembled.xml:17485:1: error: <strong> is not allowed here.
logs\main-assembled.xml:17485:32: error: <strong> is not allowed here.
logs\main-assembled.xml:17485:60: error: <strong> is not allowed here.
logs\main-assembled.xml:17511:3: error: <subsection> is not allowed here.
logs\main-assembled.xml:17516:3: error: <md> is not allowed here.
logs\main-assembled.xml:17520:3: error: <md> is not allowed here.
logs\main-assembled.xml:17526:3: error: <md> is not allowed here.
logs\main-assembled.xml:17530:3: error: <md> is not allowed here.
logs\main-assembled.xml:17536:3: error: <md> is not allowed here.
logs\main-assembled.xml:17542:3: error: <md> is not allowed here.
logs\main-assembled.xml:17548:3: error: <md> is not allowed here.
logs\main-assembled.xml:17554:3: error: <md> is not allowed here.
logs\main-assembled.xml:17558:3: error: <md> is not allowed here.
logs\main-assembled.xml:17562:3: error: <md> is not allowed here.
logs\main-assembled.xml:17564:1: error: <strong> is not allowed here.
logs\main-assembled.xml:17564:32: error: <strong> is not allowed here.
logs\main-assembled.xml:17581:9: error: <md> is not allowed here.
logs\main-assembled.xml:17591:3: error: <md> is not allowed here.
logs\main-assembled.xml:17595:3: error: <md> is not allowed here.
logs\main-assembled.xml:17599:3: error: <md> is not allowed here.
logs\main-assembled.xml:17605:3: error: <md> is not allowed here.
logs\main-assembled.xml:17611:3: error: <md> is not allowed here.
logs\main-assembled.xml:17617:3: error: <md> is not allowed here.
logs\main-assembled.xml:17621:3: error: <md> is not allowed here.
logs\main-assembled.xml:17627:3: error: <md> is not allowed here.
logs\main-assembled.xml:17637:3: error: <md> is not allowed here.
logs\main-assembled.xml:17660:3: error: <subsection> is not allowed here.
logs\main-assembled.xml:17667:3: error: <md> is not allowed here.
logs\main-assembled.xml:17671:3: error: <md> is not allowed here.
logs\main-assembled.xml:17677:3: error: <md> is not allowed here.
logs\main-assembled.xml:17683:3: error: <md> is not allowed here.
logs\main-assembled.xml:17687:3: error: <md> is not allowed here.
logs\main-assembled.xml:17695:3: error: <md> is not allowed here.
logs\main-assembled.xml:17701:3: error: <md> is not allowed here.
logs\main-assembled.xml:17705:3: error: <md> is not allowed here.
logs\main-assembled.xml:17709:3: error: <md> is not allowed here.
logs\main-assembled.xml:17711:3: error: <md> is not allowed here.
logs\main-assembled.xml:17715:3: error: <md> is not allowed here.
logs\main-assembled.xml:17720:3: error: <subsection> is not allowed here.
logs\main-assembled.xml:17728:9: error: <md> is not allowed here.
logs\main-assembled.xml:17738:3: error: <md> is not allowed here.
logs\main-assembled.xml:17744:3: error: <md> is not allowed here.
logs\main-assembled.xml:17750:3: error: <md> is not allowed here.
logs\main-assembled.xml:17755:9: error: <md> is not allowed here.
logs\main-assembled.xml:17759:9: error: <md> is not allowed here.
logs\main-assembled.xml:17770:3: error: <md> is not allowed here.
logs\main-assembled.xml:17774:3: error: <md> is not allowed here.
logs\main-assembled.xml:17778:3: error: <md> is not allowed here.
logs\main-assembled.xml:17784:3: error: <md> is not allowed here.
logs\main-assembled.xml:17788:3: error: <md> is not allowed here.
logs\main-assembled.xml:17807:3: error: <subsection> is not allowed here.
logs\main-assembled.xml:17814:3: error: <md> is not allowed here.
logs\main-assembled.xml:17818:3: error: <md> is not allowed here.
logs\main-assembled.xml:17831:3: error: <md> is not allowed here.
logs\main-assembled.xml:17835:3: error: <md> is not allowed here.
logs\main-assembled.xml:17841:3: error: <md> is not allowed here.
logs\main-assembled.xml:17852:3: error: <md> is not allowed here.
logs\main-assembled.xml:17858:3: error: <md> is not allowed here.
logs\main-assembled.xml:17862:3: error: <md> is not allowed here.
logs\main-assembled.xml:17866:3: error: <md> is not allowed here.
logs\main-assembled.xml:17870:3: error: <md> is not allowed here.
logs\main-assembled.xml:17874:3: error: <md> is not allowed here.
logs\main-assembled.xml:17878:3: error: <md> is not allowed here.
logs\main-assembled.xml:17915:3: error: <subsection> is not allowed here.
logs\main-assembled.xml:17920:3: error: <md> is not allowed here.
logs\main-assembled.xml:17924:3: error: <md> is not allowed here.
logs\main-assembled.xml:17928:3: error: <md> is not allowed here.
logs\main-assembled.xml:17932:3: error: <md> is not allowed here.
logs\main-assembled.xml:17940:3: error: <md> is not allowed here.
logs\main-assembled.xml:17944:3: error: <md> is not allowed here.
logs\main-assembled.xml:17951:9: error: <md> is not allowed here.
logs\main-assembled.xml:17953:9: error: <md> is not allowed here.
logs\main-assembled.xml:17973:3: error: <subsection> is not allowed here.
logs\main-assembled.xml:17978:3: error: <md> is not allowed here.
logs\main-assembled.xml:17982:3: error: <md> is not allowed here.
logs\main-assembled.xml:17986:3: error: <md> is not allowed here.
logs\main-assembled.xml:17991:3: error: <md> is not allowed here.
logs\main-assembled.xml:17997:3: error: <md> is not allowed here.
logs\main-assembled.xml:18008:3: error: <md> is not allowed here.
logs\main-assembled.xml:18012:3: error: <md> is not allowed here.
logs\main-assembled.xml:18021:3: error: <subsection> is not allowed here.
logs\main-assembled.xml:18028:3: error: <md> is not allowed here.
logs\main-assembled.xml:18032:3: error: <md> is not allowed here.
logs\main-assembled.xml:18036:3: error: <md> is not allowed here.
logs\main-assembled.xml:18040:3: error: <md> is not allowed here.
logs\main-assembled.xml:18057:3: error: <subsection> is not allowed here.
logs\main-assembled.xml:18062:3: error: <md> is not allowed here.
logs\main-assembled.xml:18068:3: error: <md> is not allowed here.
logs\main-assembled.xml:18072:3: error: <md> is not allowed here.
logs\main-assembled.xml:18076:3: error: <md> is not allowed here.
logs\main-assembled.xml:18082:3: error: <md> is not allowed here.
logs\main-assembled.xml:18086:3: error: <md> is not allowed here.
logs\main-assembled.xml:18090:3: error: <md> is not allowed here.
logs\main-assembled.xml:18094:3: error: <md> is not allowed here.
logs\main-assembled.xml:18102:3: error: <md> is not allowed here.
logs\main-assembled.xml:18106:3: error: <md> is not allowed here.
logs\main-assembled.xml:18110:3: error: <md> is not allowed here.
logs\main-assembled.xml:18115:9: error: <md> is not allowed here.
logs\main-assembled.xml:18117:9: error: <md> is not allowed here.
logs\main-assembled.xml:18123:3: error: <md> is not allowed here.
logs\main-assembled.xml:18127:3: error: <md> is not allowed here.
logs\main-assembled.xml:18131:3: error: <md> is not allowed here.
logs\main-assembled.xml:18135:3: error: <md> is not allowed here.
logs\main-assembled.xml:18139:3: error: <md> is not allowed here.
logs\main-assembled.xml:18146:3: error: <md> is not allowed here.
logs\main-assembled.xml:18148:3: error: <md> is not allowed here.
logs\main-assembled.xml:18152:3: error: <md> is not allowed here.
logs\main-assembled.xml:18156:3: error: <md> is not allowed here.
logs\main-assembled.xml:18158:1: error: <strong> is not allowed here.
logs\main-assembled.xml:18158:32: error: <strong> is not allowed here.
logs\main-assembled.xml:18158:62: error: <strong> is not allowed here.
logs\main-assembled.xml:18189:3: error: <md> is not allowed here.
logs\main-assembled.xml:18195:3: error: <md> is not allowed here.
logs\main-assembled.xml:18199:3: error: <md> is not allowed here.
logs\main-assembled.xml:18203:3: error: <md> is not allowed here.
logs\main-assembled.xml:18209:3: error: <md> is not allowed here.
logs\main-assembled.xml:18215:3: error: <md> is not allowed here.
logs\main-assembled.xml:18221:3: error: <md> is not allowed here.
logs\main-assembled.xml:18302:3: error: <md> is not allowed here.
logs\main-assembled.xml:18307:3: error: <subsection> is not allowed here.
logs\main-assembled.xml:18314:3: error: <md> is not allowed here.
logs\main-assembled.xml:18318:3: error: <md> is not allowed here.
logs\main-assembled.xml:18324:3: error: <md> is not allowed here.
logs\main-assembled.xml:18346:3: error: <md> is not allowed here.
logs\main-assembled.xml:18351:3: error: <md> is not allowed here.
logs\main-assembled.xml:18355:3: error: <md> is not allowed here.
logs\main-assembled.xml:18359:3: error: <md> is not allowed here.
logs\main-assembled.xml:18363:3: error: <md> is not allowed here.
logs\main-assembled.xml:18367:3: error: <md> is not allowed here.
logs\main-assembled.xml:18371:3: error: <md> is not allowed here.
logs\main-assembled.xml:18377:3: error: <md> is not allowed here.
logs\main-assembled.xml:18383:3: error: <md> is not allowed here.
logs\main-assembled.xml:18389:3: error: <md> is not allowed here.
logs\main-assembled.xml:18397:3: error: <md> is not allowed here.
logs\main-assembled.xml:18401:3: error: <md> is not allowed here.
logs\main-assembled.xml:18405:3: error: <md> is not allowed here.
logs\main-assembled.xml:18409:3: error: <md> is not allowed here.
logs\main-assembled.xml:18411:3: error: <md> is not allowed here.
logs\main-assembled.xml:18456:3: error: <md> is not allowed here.
logs\main-assembled.xml:18460:3: error: <md> is not allowed here.
logs\main-assembled.xml:18467:3: error: <subsection> is not allowed here.
logs\main-assembled.xml:18474:3: error: <md> is not allowed here.
logs\main-assembled.xml:18478:3: error: <md> is not allowed here.
logs\main-assembled.xml:18487:3: error: <md> is not allowed here.
logs\main-assembled.xml:18491:3: error: <md> is not allowed here.
logs\main-assembled.xml:18495:3: error: <md> is not allowed here.
logs\main-assembled.xml:18499:3: error: <md> is not allowed here.
logs\main-assembled.xml:18503:3: error: <md> is not allowed here.
logs\main-assembled.xml:18507:3: error: <md> is not allowed here.
logs\main-assembled.xml:18513:3: error: <md> is not allowed here.
logs\main-assembled.xml:18517:3: error: <md> is not allowed here.
logs\main-assembled.xml:18521:3: error: <md> is not allowed here.
logs\main-assembled.xml:18526:9: error: <md> is not allowed here.
logs\main-assembled.xml:18528:9: error: <md> is not allowed here.
logs\main-assembled.xml:18530:9: error: <md> is not allowed here.
logs\main-assembled.xml:18555:3: error: <md> is not allowed here.
logs\main-assembled.xml:18559:3: error: <md> is not allowed here.
logs\main-assembled.xml:18563:3: error: <md> is not allowed here.
logs\main-assembled.xml:18567:3: error: <md> is not allowed here.
logs\main-assembled.xml:18571:3: error: <md> is not allowed here.
logs\main-assembled.xml:18575:3: error: <md> is not allowed here.
logs\main-assembled.xml:18579:3: error: <md> is not allowed here.
logs\main-assembled.xml:18583:3: error: <md> is not allowed here.
logs\main-assembled.xml:18587:3: error: <md> is not allowed here.
logs\main-assembled.xml:18591:3: error: <md> is not allowed here.
logs\main-assembled.xml:18595:3: error: <md> is not allowed here.
logs\main-assembled.xml:18599:3: error: <md> is not allowed here.
logs\main-assembled.xml:18605:3: error: <md> is not allowed here.
logs\main-assembled.xml:18609:3: error: <md> is not allowed here.
logs\main-assembled.xml:18613:3: error: <md> is not allowed here.
logs\main-assembled.xml:18617:3: error: <md> is not allowed here.
logs\main-assembled.xml:18653:3: error: <md> is not allowed here.
logs\main-assembled.xml:18662:3: error: <subsection> is not allowed here.
logs\main-assembled.xml:18669:3: error: <md> is not allowed here.
logs\main-assembled.xml:18671:1: error: <strong> is not allowed here.
logs\main-assembled.xml:18671:33: error: <strong> is not allowed here.
logs\main-assembled.xml:18696:3: error: <md> is not allowed here.
logs\main-assembled.xml:18702:3: error: <md> is not allowed here.
logs\main-assembled.xml:18708:3: error: <md> is not allowed here.
logs\main-assembled.xml:18712:3: error: <md> is not allowed here.
logs\main-assembled.xml:18714:1: error: <strong> is not allowed here.
logs\main-assembled.xml:18714:32: error: <strong> is not allowed here.
logs\main-assembled.xml:18714:67: error: <strong> is not allowed here.
logs\main-assembled.xml:18728:3: error: <md> is not allowed here.
logs\main-assembled.xml:18732:3: error: <md> is not allowed here.
logs\main-assembled.xml:18738:3: error: <md> is not allowed here.
logs\main-assembled.xml:18742:3: error: <md> is not allowed here.
logs\main-assembled.xml:18748:3: error: <md> is not allowed here.
logs\main-assembled.xml:18752:3: error: <md> is not allowed here.
logs\main-assembled.xml:18764:3: error: <md> is not allowed here.
logs\main-assembled.xml:18768:3: error: <md> is not allowed here.
logs\main-assembled.xml:18772:3: error: <md> is not allowed here.
logs\main-assembled.xml:18778:3: error: <md> is not allowed here.
logs\main-assembled.xml:18782:3: error: <md> is not allowed here.
logs\main-assembled.xml:18786:3: error: <md> is not allowed here.
logs\main-assembled.xml:18795:9: error: <md> is not allowed here.
logs\main-assembled.xml:18807:3: error: <md> is not allowed here.
logs\main-assembled.xml:18846:3: error: <subsection> is not allowed here.
logs\main-assembled.xml:18851:3: error: <md> is not allowed here.
logs\main-assembled.xml:18855:3: error: <md> is not allowed here.
logs\main-assembled.xml:18859:3: error: <md> is not allowed here.
logs\main-assembled.xml:18863:3: error: <md> is not allowed here.
logs\main-assembled.xml:18867:3: error: <md> is not allowed here.
logs\main-assembled.xml:18875:3: error: <md> is not allowed here.
logs\main-assembled.xml:18883:3: error: <md> is not allowed here.
logs\main-assembled.xml:18887:3: error: <md> is not allowed here.
logs\main-assembled.xml:18891:3: error: <md> is not allowed here.
logs\main-assembled.xml:18895:3: error: <md> is not allowed here.
logs\main-assembled.xml:18899:3: error: <md> is not allowed here.
logs\main-assembled.xml:18940:9: error: <md> is not allowed here.
logs\main-assembled.xml:18942:9: error: <md> is not allowed here.
logs\main-assembled.xml:18948:3: error: <md> is not allowed here.
logs\main-assembled.xml:18970:3: error: <subsection> is not allowed here.
logs\main-assembled.xml:18975:3: error: <md> is not allowed here.
logs\main-assembled.xml:18983:3: error: <md> is not allowed here.
logs\main-assembled.xml:18993:3: error: <md> is not allowed here.
logs\main-assembled.xml:18997:3: error: <md> is not allowed here.
logs\main-assembled.xml:19001:3: error: <md> is not allowed here.
logs\main-assembled.xml:19005:3: error: <md> is not allowed here.
logs\main-assembled.xml:19011:3: error: <md> is not allowed here.
logs\main-assembled.xml:19019:3: error: <md> is not allowed here.
logs\main-assembled.xml:19023:3: error: <md> is not allowed here.
logs\main-assembled.xml:19027:3: error: <md> is not allowed here.
logs\main-assembled.xml:19033:3: error: <md> is not allowed here.
logs\main-assembled.xml:19043:3: error: <md> is not allowed here.
logs\main-assembled.xml:19047:3: error: <md> is not allowed here.
logs\main-assembled.xml:19055:3: error: <md> is not allowed here.
logs\main-assembled.xml:19063:3: error: <md> is not allowed here.
logs\main-assembled.xml:19067:3: error: <md> is not allowed here.
logs\main-assembled.xml:19071:3: error: <md> is not allowed here.
logs\main-assembled.xml:19079:3: error: <md> is not allowed here.
logs\main-assembled.xml:19083:3: error: <md> is not allowed here.
logs\main-assembled.xml:19087:3: error: <md> is not allowed here.
logs\main-assembled.xml:19093:3: error: <md> is not allowed here.
logs\main-assembled.xml:19104:3: error: <md> is not allowed here.
logs\main-assembled.xml:19108:3: error: <md> is not allowed here.
logs\main-assembled.xml:19128:3: error: <subsection> is not allowed here.
logs\main-assembled.xml:19135:3: error: <md> is not allowed here.
logs\main-assembled.xml:19139:3: error: <md> is not allowed here.
logs\main-assembled.xml:19143:3: error: <md> is not allowed here.
logs\main-assembled.xml:19149:3: error: <md> is not allowed here.
logs\main-assembled.xml:19157:3: error: <md> is not allowed here.
logs\main-assembled.xml:19165:3: error: <md> is not allowed here.
logs\main-assembled.xml:19169:3: error: <md> is not allowed here.
logs\main-assembled.xml:19244:9: error: <md> is not allowed here.
logs\main-assembled.xml:19250:3: error: <md> is not allowed here.
logs\main-assembled.xml:19252:1: error: <strong> is not allowed here.
logs\main-assembled.xml:19252:39: error: <strong> is not allowed here.
logs\main-assembled.xml:19288:3: error: <md> is not allowed here.
logs\main-assembled.xml:19292:3: error: <md> is not allowed here.
logs\main-assembled.xml:19296:3: error: <md> is not allowed here.
logs\main-assembled.xml:19298:1: error: <strong> is not allowed here.
logs\main-assembled.xml:19298:28: error: <strong> is not allowed here.
logs\main-assembled.xml:19352:3: error: <subsection> is not allowed here.
logs\main-assembled.xml:19357:3: error: <md> is not allowed here.
logs\main-assembled.xml:19366:5: error: <ol> is not allowed here.
logs\main-assembled.xml:19405:5: error: <ol> is not allowed here.
logs\main-assembled.xml:19432:5: error: <ol> is not allowed here.
logs\main-assembled.xml:19447:9: error: <p> is not allowed here.
logs\main-assembled.xml:19452:9: error: <p> is not allowed here.
logs\main-assembled.xml:19462:5: error: <ol> is not allowed here.
logs\main-assembled.xml:19480:11: error: <md> is not allowed here.
logs\main-assembled.xml:19491:3: error: <md> is not allowed here.
logs\main-assembled.xml:19493:5: error: <ol> is not allowed here.
logs\main-assembled.xml:19496:11: error: <md> is not allowed here.
logs\main-assembled.xml:19501:11: error: <md> is not allowed here.
logs\main-assembled.xml:19505:11: error: <md> is not allowed here.
logs\main-assembled.xml:19509:11: error: <md> is not allowed here.
logs\main-assembled.xml:19511:11: error: <md> is not allowed here.
logs\main-assembled.xml:19516:11: error: <md> is not allowed here.
logs\main-assembled.xml:19521:11: error: <md> is not allowed here.
logs\main-assembled.xml:19532:5: error: <ol> is not allowed here.
logs\main-assembled.xml:19573:5: error: <ol> is not allowed here.
logs\main-assembled.xml:19576:11: error: <md> is not allowed here.
logs\main-assembled.xml:19581:11: error: <md> is not allowed here.
logs\main-assembled.xml:19586:11: error: <md> is not allowed here.
logs\main-assembled.xml:19592:11: error: <md> is not allowed here.
logs\main-assembled.xml:19597:11: error: <md> is not allowed here.
logs\main-assembled.xml:19602:11: error: <md> is not allowed here.
logs\main-assembled.xml:19624:3: error: <subsection> is not allowed here.
logs\main-assembled.xml:19629:5: error: <ol> is not allowed here.
logs\main-assembled.xml:19635:11: error: <md> is not allowed here.
logs\main-assembled.xml:19649:11: error: <md> is not allowed here.
logs\main-assembled.xml:19654:11: error: <md> is not allowed here.
logs\main-assembled.xml:19659:11: error: <md> is not allowed here.
logs\main-assembled.xml:19673:11: error: <md> is not allowed here.
logs\main-assembled.xml:19682:11: error: <md> is not allowed here.
logs\main-assembled.xml:19721:3: error: <subsection> is not allowed here.
logs\main-assembled.xml:19726:3: error: <md> is not allowed here.
logs\main-assembled.xml:19778:3: error: <md> is not allowed here.
logs\main-assembled.xml:19782:3: error: <md> is not allowed here.
logs\main-assembled.xml:19792:3: error: <md> is not allowed here.
logs\main-assembled.xml:19802:3: error: <md> is not allowed here.
logs\main-assembled.xml:19814:3: error: <md> is not allowed here.
logs\main-assembled.xml:19818:3: error: <md> is not allowed here.
logs\main-assembled.xml:19826:3: error: <md> is not allowed here.
logs\main-assembled.xml:19832:3: error: <md> is not allowed here.
logs\main-assembled.xml:19836:3: error: <md> is not allowed here.
logs\main-assembled.xml:19848:3: error: <md> is not allowed here.
logs\main-assembled.xml:19852:3: error: <md> is not allowed here.
logs\main-assembled.xml:19860:5: error: <ol> is not allowed here.
logs\main-assembled.xml:19866:11: error: <md> is not allowed here.
logs\main-assembled.xml:19877:11: error: <md> is not allowed here.
logs\main-assembled.xml:19885:3: error: <subsection> is not allowed here.
logs\main-assembled.xml:19890:3: error: <md> is not allowed here.
logs\main-assembled.xml:19898:3: error: <md> is not allowed here.
logs\main-assembled.xml:19902:3: error: <md> is not allowed here.
logs\main-assembled.xml:19906:3: error: <md> is not allowed here.
logs\main-assembled.xml:19910:3: error: <md> is not allowed here.
logs\main-assembled.xml:19914:3: error: <md> is not allowed here.
logs\main-assembled.xml:19918:3: error: <md> is not allowed here.
logs\main-assembled.xml:19951:3: error: <md> is not allowed here.
logs\main-assembled.xml:19957:3: error: <md> is not allowed here.
logs\main-assembled.xml:19965:3: error: <md> is not allowed here.
logs\main-assembled.xml:19975:3: error: <subsection> is not allowed here.
logs\main-assembled.xml:19980:3: error: <md> is not allowed here.
logs\main-assembled.xml:19984:3: error: <md> is not allowed here.
logs\main-assembled.xml:19990:3: error: <md> is not allowed here.
logs\main-assembled.xml:19994:3: error: <md> is not allowed here.
logs\main-assembled.xml:19998:3: error: <md> is not allowed here.
logs\main-assembled.xml:20005:9: error: <md> is not allowed here.
logs\main-assembled.xml:20015:3: error: <md> is not allowed here.
logs\main-assembled.xml:20021:3: error: <md> is not allowed here.
logs\main-assembled.xml:20027:3: error: <md> is not allowed here.
logs\main-assembled.xml:20050:3: error: <md> is not allowed here.
logs\main-assembled.xml:20054:3: error: <md> is not allowed here.
logs\main-assembled.xml:20061:3: error: <subsection> is not allowed here.
logs\main-assembled.xml:20068:3: error: <md> is not allowed here.
logs\main-assembled.xml:20072:3: error: <md> is not allowed here.
logs\main-assembled.xml:20078:3: error: <md> is not allowed here.
logs\main-assembled.xml:20088:3: error: <md> is not allowed here.
logs\main-assembled.xml:20096:3: error: <md> is not allowed here.
logs\main-assembled.xml:20100:3: error: <md> is not allowed here.
logs\main-assembled.xml:20120:3: error: <subsection> is not allowed here.
logs\main-assembled.xml:20125:3: error: <md> is not allowed here.
logs\main-assembled.xml:20131:3: error: <md> is not allowed here.
logs\main-assembled.xml:20135:3: error: <md> is not allowed here.
logs\main-assembled.xml:20141:3: error: <md> is not allowed here.
logs\main-assembled.xml:20145:3: error: <md> is not allowed here.
logs\main-assembled.xml:20151:3: error: <md> is not allowed here.
logs\main-assembled.xml:20162:3: error: <md> is not allowed here.
logs\main-assembled.xml:20168:3: error: <md> is not allowed here.
logs\main-assembled.xml:20172:3: error: <md> is not allowed here.
logs\main-assembled.xml:20179:9: error: <md> is not allowed here.
logs\main-assembled.xml:20183:9: error: <md> is not allowed here.
logs\main-assembled.xml:20193:3: error: <md> is not allowed here.
logs\main-assembled.xml:20197:3: error: <md> is not allowed here.
logs\main-assembled.xml:20201:3: error: <md> is not allowed here.
logs\main-assembled.xml:20207:3: error: <md> is not allowed here.
logs\main-assembled.xml:20211:3: error: <md> is not allowed here.
logs\main-assembled.xml:20215:3: error: <subsection> is not allowed here.
logs\main-assembled.xml:20223:9: error: <md> is not allowed here.
logs\main-assembled.xml:20234:3: error: <md> is not allowed here.
logs\main-assembled.xml:20238:3: error: <md> is not allowed here.
logs\main-assembled.xml:20242:3: error: <md> is not allowed here.
logs\main-assembled.xml:20246:3: error: <md> is not allowed here.
logs\main-assembled.xml:20252:3: error: <md> is not allowed here.
logs\main-assembled.xml:20258:3: error: <md> is not allowed here.
logs\main-assembled.xml:20278:3: error: <subsection> is not allowed here.
logs\main-assembled.xml:20285:3: error: <md> is not allowed here.
logs\main-assembled.xml:20289:3: error: <md> is not allowed here.
logs\main-assembled.xml:20302:3: error: <md> is not allowed here.
logs\main-assembled.xml:20306:3: error: <md> is not allowed here.
logs\main-assembled.xml:20310:3: error: <md> is not allowed here.
logs\main-assembled.xml:20321:3: error: <md> is not allowed here.
logs\main-assembled.xml:20327:3: error: <md> is not allowed here.
logs\main-assembled.xml:20331:3: error: <md> is not allowed here.
logs\main-assembled.xml:20335:3: error: <md> is not allowed here.
logs\main-assembled.xml:20339:3: error: <md> is not allowed here.
logs\main-assembled.xml:20343:3: error: <md> is not allowed here.
logs\main-assembled.xml:20347:3: error: <md> is not allowed here.
logs\main-assembled.xml:20354:3: error: <subsection> is not allowed here.
logs\main-assembled.xml:20359:3: error: <md> is not allowed here.
logs\main-assembled.xml:20365:3: error: <md> is not allowed here.
logs\main-assembled.xml:20369:3: error: <md> is not allowed here.
logs\main-assembled.xml:20373:3: error: <md> is not allowed here.
logs\main-assembled.xml:20377:3: error: <md> is not allowed here.
logs\main-assembled.xml:20381:3: error: <md> is not allowed here.
logs\main-assembled.xml:20413:3: error: <md> is not allowed here.
logs\main-assembled.xml:20417:3: error: <subsection> is not allowed here.
logs\main-assembled.xml:20422:3: error: <md> is not allowed here.
logs\main-assembled.xml:20428:3: error: <md> is not allowed here.
logs\main-assembled.xml:20432:3: error: <md> is not allowed here.
logs\main-assembled.xml:20436:3: error: <md> is not allowed here.
logs\main-assembled.xml:20442:3: error: <md> is not allowed here.
logs\main-assembled.xml:20448:3: error: <md> is not allowed here.
logs\main-assembled.xml:20458:3: error: <md> is not allowed here.
logs\main-assembled.xml:20484:3: error: <subsection> is not allowed here.
logs\main-assembled.xml:20489:3: error: <md> is not allowed here.
logs\main-assembled.xml:20495:3: error: <md> is not allowed here.
logs\main-assembled.xml:20499:3: error: <md> is not allowed here.
logs\main-assembled.xml:20503:3: error: <md> is not allowed here.
logs\main-assembled.xml:20509:3: error: <md> is not allowed here.
logs\main-assembled.xml:20513:3: error: <md> is not allowed here.
logs\main-assembled.xml:20517:3: error: <md> is not allowed here.
logs\main-assembled.xml:20521:3: error: <md> is not allowed here.
logs\main-assembled.xml:20569:3: error: <md> is not allowed here.
logs\main-assembled.xml:20579:3: error: <md> is not allowed here.
logs\main-assembled.xml:20585:3: error: <md> is not allowed here.
logs\main-assembled.xml:20596:9: error: <md> is not allowed here.
logs\main-assembled.xml:20602:9: error: <md> is not allowed here.
logs\main-assembled.xml:20612:3: error: <md> is not allowed here.
logs\main-assembled.xml:20618:3: error: <md> is not allowed here.
logs\main-assembled.xml:20622:3: error: <md> is not allowed here.
logs\main-assembled.xml:20626:3: error: <md> is not allowed here.
logs\main-assembled.xml:20632:3: error: <md> is not allowed here.
logs\main-assembled.xml:20642:3: error: <md> is not allowed here.
logs\main-assembled.xml:20644:3: error: <md> is not allowed here.
logs\main-assembled.xml:20648:3: error: <md> is not allowed here.
logs\main-assembled.xml:20652:3: error: <md> is not allowed here.
logs\main-assembled.xml:20662:3: error: <md> is not allowed here.
logs\main-assembled.xml:20666:3: error: <md> is not allowed here.
logs\main-assembled.xml:20672:3: error: <md> is not allowed here.
logs\main-assembled.xml:20693:3: error: <subsection> is not allowed here.
logs\main-assembled.xml:20701:3: error: <md> is not allowed here.
logs\main-assembled.xml:20705:3: error: <md> is not allowed here.
logs\main-assembled.xml:20711:3: error: <md> is not allowed here.
logs\main-assembled.xml:20717:3: error: <md> is not allowed here.
logs\main-assembled.xml:20721:3: error: <md> is not allowed here.
logs\main-assembled.xml:20725:3: error: <md> is not allowed here.
logs\main-assembled.xml:20731:3: error: <md> is not allowed here.
logs\main-assembled.xml:20742:3: error: <md> is not allowed here.
logs\main-assembled.xml:20746:3: error: <md> is not allowed here.
logs\main-assembled.xml:20752:3: error: <md> is not allowed here.
logs\main-assembled.xml:20758:3: error: <md> is not allowed here.
logs\main-assembled.xml:20762:3: error: <md> is not allowed here.
logs\main-assembled.xml:20766:3: error: <md> is not allowed here.
logs\main-assembled.xml:20777:3: error: <md> is not allowed here.
logs\main-assembled.xml:20783:3: error: <md> is not allowed here.
logs\main-assembled.xml:20787:3: error: <md> is not allowed here.
logs\main-assembled.xml:20791:3: error: <md> is not allowed here.
logs\main-assembled.xml:20797:3: error: <md> is not allowed here.
logs\main-assembled.xml:20801:3: error: <md> is not allowed here.
logs\main-assembled.xml:20811:3: error: <md> is not allowed here.
logs\main-assembled.xml:20815:3: error: <md> is not allowed here.
logs\main-assembled.xml:20827:3: error: <subsection> is not allowed here.
logs\main-assembled.xml:20832:3: error: <md> is not allowed here.
logs\main-assembled.xml:20838:3: error: <md> is not allowed here.
logs\main-assembled.xml:20851:3: error: <md> is not allowed here.
logs\main-assembled.xml:20855:3: error: <md> is not allowed here.
logs\main-assembled.xml:20862:3: error: <md> is not allowed here.
logs\main-assembled.xml:20868:3: error: <md> is not allowed here.
logs\main-assembled.xml:20872:3: error: <md> is not allowed here.
logs\main-assembled.xml:20878:3: error: <md> is not allowed here.
logs\main-assembled.xml:20882:3: error: <md> is not allowed here.
logs\main-assembled.xml:20886:3: error: <md> is not allowed here.
logs\main-assembled.xml:20896:3: error: <md> is not allowed here.
logs\main-assembled.xml:20900:3: error: <md> is not allowed here.
logs\main-assembled.xml:20904:3: error: <md> is not allowed here.
logs\main-assembled.xml:20908:3: error: <md> is not allowed here.
logs\main-assembled.xml:20914:3: error: <md> is not allowed here.
logs\main-assembled.xml:20929:3: error: <md> is not allowed here.
logs\main-assembled.xml:20934:3: error: <md> is not allowed here.
logs\main-assembled.xml:20938:3: error: <md> is not allowed here.
logs\main-assembled.xml:20944:3: error: <md> is not allowed here.
logs\main-assembled.xml:20948:3: error: <md> is not allowed here.
logs\main-assembled.xml:20954:3: error: <md> is not allowed here.
logs\main-assembled.xml:20961:3: error: <md> is not allowed here.
logs\main-assembled.xml:20967:3: error: <subsection> is not allowed here.
logs\main-assembled.xml:20972:3: error: <md> is not allowed here.
logs\main-assembled.xml:20981:9: error: <md> is not allowed here.
logs\main-assembled.xml:20993:3: error: <md> is not allowed here.
logs\main-assembled.xml:20997:3: error: <md> is not allowed here.
logs\main-assembled.xml:21005:3: error: <md> is not allowed here.
logs\main-assembled.xml:21009:3: error: <md> is not allowed here.
logs\main-assembled.xml:21017:3: error: <md> is not allowed here.
logs\main-assembled.xml:21042:3: error: <md> is not allowed here.
logs\main-assembled.xml:21046:3: error: <md> is not allowed here.
logs\main-assembled.xml:21052:3: error: <md> is not allowed here.
logs\main-assembled.xml:21058:3: error: <md> is not allowed here.
logs\main-assembled.xml:21064:3: error: <md> is not allowed here.
logs\main-assembled.xml:21072:3: error: <md> is not allowed here.
logs\main-assembled.xml:21078:3: error: <md> is not allowed here.
logs\main-assembled.xml:21087:3: error: <md> is not allowed here.
logs\main-assembled.xml:21091:3: error: <md> is not allowed here.
logs\main-assembled.xml:21097:3: error: <md> is not allowed here.
logs\main-assembled.xml:21103:3: error: <md> is not allowed here.
logs\main-assembled.xml:21109:3: error: <md> is not allowed here.
logs\main-assembled.xml:21117:3: error: <md> is not allowed here.
logs\main-assembled.xml:21124:3: error: <subsection> is not allowed here.
logs\main-assembled.xml:21129:3: error: <md> is not allowed here.
logs\main-assembled.xml:21135:3: error: <md> is not allowed here.
logs\main-assembled.xml:21139:3: error: <md> is not allowed here.
logs\main-assembled.xml:21143:3: error: <md> is not allowed here.
logs\main-assembled.xml:21149:3: error: <md> is not allowed here.
logs\main-assembled.xml:21160:3: error: <md> is not allowed here.
logs\main-assembled.xml:21164:3: error: <md> is not allowed here.
logs\main-assembled.xml:21187:3: error: <subsection> is not allowed here.
logs\main-assembled.xml:21192:3: error: <md> is not allowed here.
logs\main-assembled.xml:21194:3: error: <md> is not allowed here.
logs\main-assembled.xml:21197:3: error: <md> is not allowed here.
logs\main-assembled.xml:21199:3: error: <md> is not allowed here.
logs\main-assembled.xml:21201:3: error: <md> is not allowed here.
logs\main-assembled.xml:21205:3: error: <md> is not allowed here.
logs\main-assembled.xml:21211:3: error: <md> is not allowed here.
logs\main-assembled.xml:21228:3: error: <md> is not allowed here.
logs\main-assembled.xml:21232:3: error: <md> is not allowed here.
logs\main-assembled.xml:21236:3: error: <subsection> is not allowed here.
logs\main-assembled.xml:21241:3: error: <md> is not allowed here.
logs\main-assembled.xml:21245:3: error: <md> is not allowed here.
logs\main-assembled.xml:21251:3: error: <md> is not allowed here.
logs\main-assembled.xml:21255:3: error: <md> is not allowed here.
logs\main-assembled.xml:21259:3: error: <md> is not allowed here.
logs\main-assembled.xml:21267:3: error: <md> is not allowed here.
logs\main-assembled.xml:21277:3: error: <md> is not allowed here.
logs\main-assembled.xml:21281:3: error: <md> is not allowed here.
logs\main-assembled.xml:21285:3: error: <md> is not allowed here.
logs\main-assembled.xml:21289:3: error: <md> is not allowed here.
logs\main-assembled.xml:21293:3: error: <md> is not allowed here.
logs\main-assembled.xml:21299:3: error: <md> is not allowed here.
logs\main-assembled.xml:21309:3: error: <md> is not allowed here.
logs\main-assembled.xml:21333:3: error: <subsection> is not allowed here.
logs\main-assembled.xml:21338:3: error: <md> is not allowed here.
logs\main-assembled.xml:21342:3: error: <md> is not allowed here.
logs\main-assembled.xml:21348:3: error: <md> is not allowed here.
logs\main-assembled.xml:21354:3: error: <md> is not allowed here.
logs\main-assembled.xml:21367:3: error: <md> is not allowed here.
logs\main-assembled.xml:21371:3: error: <md> is not allowed here.
logs\main-assembled.xml:21375:3: error: <md> is not allowed here.
logs\main-assembled.xml:21379:3: error: <md> is not allowed here.
logs\main-assembled.xml:21383:3: error: <md> is not allowed here.
logs\main-assembled.xml:21387:3: error: <md> is not allowed here.
logs\main-assembled.xml:21393:3: error: <md> is not allowed here.
logs\main-assembled.xml:21404:3: error: <subsection> is not allowed here.
logs\main-assembled.xml:21410:9: error: <md> is not allowed here.
logs\main-assembled.xml:21412:9: error: <md> is not allowed here.
logs\main-assembled.xml:21416:9: error: <md> is not allowed here.
logs\main-assembled.xml:21420:9: error: <md> is not allowed here.
logs\main-assembled.xml:21429:3: error: <md> is not allowed here.
logs\main-assembled.xml:21433:3: error: <md> is not allowed here.
logs\main-assembled.xml:21442:3: error: <md> is not allowed here.
logs\main-assembled.xml:21446:3: error: <md> is not allowed here.
logs\main-assembled.xml:21450:3: error: <md> is not allowed here.
logs\main-assembled.xml:21454:3: error: <md> is not allowed here.
logs\main-assembled.xml:21458:3: error: <md> is not allowed here.
logs\main-assembled.xml:21462:3: error: <md> is not allowed here.
logs\main-assembled.xml:21466:3: error: <md> is not allowed here.
logs\main-assembled.xml:21479:3: error: <md> is not allowed here.
logs\main-assembled.xml:21483:3: error: <md> is not allowed here.
logs\main-assembled.xml:21487:3: error: <md> is not allowed here.
logs\main-assembled.xml:21491:3: error: <md> is not allowed here.
logs\main-assembled.xml:21495:3: error: <md> is not allowed here.
logs\main-assembled.xml:21499:3: error: <md> is not allowed here.
logs\main-assembled.xml:21507:3: error: <md> is not allowed here.
logs\main-assembled.xml:21520:3: error: <md> is not allowed here.
logs\main-assembled.xml:21524:3: error: <md> is not allowed here.
logs\main-assembled.xml:21530:3: error: <md> is not allowed here.
logs\main-assembled.xml:21534:3: error: <md> is not allowed here.
logs\main-assembled.xml:21538:3: error: <md> is not allowed here.
logs\main-assembled.xml:21542:3: error: <md> is not allowed here.
logs\main-assembled.xml:21548:3: error: <md> is not allowed here.
logs\main-assembled.xml:21554:3: error: <md> is not allowed here.
logs\main-assembled.xml:21558:3: error: <md> is not allowed here.
logs\main-assembled.xml:21569:3: error: <subsection> is not allowed here.
logs\main-assembled.xml:21576:3: error: <md> is not allowed here.
logs\main-assembled.xml:21582:3: error: <md> is not allowed here.
logs\main-assembled.xml:21586:3: error: <md> is not allowed here.
logs\main-assembled.xml:21590:3: error: <md> is not allowed here.
logs\main-assembled.xml:21594:3: error: <md> is not allowed here.
logs\main-assembled.xml:21598:3: error: <md> is not allowed here.
logs\main-assembled.xml:21604:3: error: <md> is not allowed here.
logs\main-assembled.xml:21610:3: error: <md> is not allowed here.
logs\main-assembled.xml:21619:3: error: <md> is not allowed here.
logs\main-assembled.xml:21623:3: error: <md> is not allowed here.
logs\main-assembled.xml:21629:3: error: <md> is not allowed here.
logs\main-assembled.xml:21635:3: error: <md> is not allowed here.
logs\main-assembled.xml:21639:3: error: <md> is not allowed here.
logs\main-assembled.xml:21647:3: error: <md> is not allowed here.
logs\main-assembled.xml:21655:3: error: <md> is not allowed here.
logs\main-assembled.xml:21659:3: error: <md> is not allowed here.
logs\main-assembled.xml:21663:3: error: <md> is not allowed here.
logs\main-assembled.xml:21667:3: error: <md> is not allowed here.
logs\main-assembled.xml:21673:3: error: <md> is not allowed here.
logs\main-assembled.xml:21681:3: error: <subsection> is not allowed here.
logs\main-assembled.xml:21691:3: error: <md> is not allowed here.
logs\main-assembled.xml:21697:3: error: <md> is not allowed here.
logs\main-assembled.xml:21701:3: error: <md> is not allowed here.
logs\main-assembled.xml:21711:3: error: <md> is not allowed here.
logs\main-assembled.xml:21717:3: error: <md> is not allowed here.
logs\main-assembled.xml:21743:3: error: <subsection> is not allowed here.
logs\main-assembled.xml:21750:3: error: <md> is not allowed here.
logs\main-assembled.xml:21754:3: error: <md> is not allowed here.
logs\main-assembled.xml:21780:3: error: <md> is not allowed here.
logs\main-assembled.xml:21786:3: error: <md> is not allowed here.
logs\main-assembled.xml:21792:3: error: <md> is not allowed here.
logs\main-assembled.xml:21798:3: error: <md> is not allowed here.
logs\main-assembled.xml:21811:3: error: <md> is not allowed here.
logs\main-assembled.xml:21815:3: error: <md> is not allowed here.
logs\main-assembled.xml:21825:3: error: <md> is not allowed here.
logs\main-assembled.xml:21829:3: error: <md> is not allowed here.
logs\main-assembled.xml:21833:3: error: <md> is not allowed here.
logs\main-assembled.xml:21839:3: error: <md> is not allowed here.
logs\main-assembled.xml:21843:3: error: <md> is not allowed here.
logs\main-assembled.xml:21852:3: error: <md> is not allowed here.
logs\main-assembled.xml:21856:3: error: <md> is not allowed here.
logs\main-assembled.xml:21863:3: error: <subsection> is not allowed here.
logs\main-assembled.xml:21868:3: error: <md> is not allowed here.
logs\main-assembled.xml:21892:3: error: <md> is not allowed here.
logs\main-assembled.xml:21898:3: error: <md> is not allowed here.
logs\main-assembled.xml:21902:3: error: <md> is not allowed here.
logs\main-assembled.xml:21906:3: error: <md> is not allowed here.
logs\main-assembled.xml:21910:3: error: <md> is not allowed here.
logs\main-assembled.xml:21914:3: error: <warning> is not allowed here.
logs\main-assembled.xml:21922:3: error: <subsection> is not allowed here.
logs\main-assembled.xml:21927:3: error: <md> is not allowed here.
logs\main-assembled.xml:21935:3: error: <md> is not allowed here.
logs\main-assembled.xml:21939:3: error: <md> is not allowed here.
logs\main-assembled.xml:21943:3: error: <md> is not allowed here.
logs\main-assembled.xml:21947:3: error: <md> is not allowed here.
logs\main-assembled.xml:21951:3: error: <md> is not allowed here.
logs\main-assembled.xml:21955:3: error: <md> is not allowed here.
logs\main-assembled.xml:21959:3: error: <md> is not allowed here.
logs\main-assembled.xml:21965:3: error: <md> is not allowed here.
logs\main-assembled.xml:21969:3: error: <md> is not allowed here.
logs\main-assembled.xml:21973:3: error: <md> is not allowed here.
logs\main-assembled.xml:21981:3: error: <md> is not allowed here.
logs\main-assembled.xml:22009:3: error: <md> is not allowed here.
logs\main-assembled.xml:22013:3: error: <md> is not allowed here.
logs\main-assembled.xml:22017:3: error: <md> is not allowed here.
logs\main-assembled.xml:22025:3: error: <subsection> is not allowed here.
logs\main-assembled.xml:22030:3: error: <md> is not allowed here.
logs\main-assembled.xml:22036:3: error: <md> is not allowed here.
logs\main-assembled.xml:22042:3: error: <md> is not allowed here.
logs\main-assembled.xml:22048:3: error: <md> is not allowed here.
logs\main-assembled.xml:22054:3: error: <md> is not allowed here.
logs\main-assembled.xml:22060:3: error: <md> is not allowed here.
logs\main-assembled.xml:22064:3: error: <md> is not allowed here.
logs\main-assembled.xml:22068:3: error: <md> is not allowed here.
logs\main-assembled.xml:22072:3: error: <md> is not allowed here.
logs\main-assembled.xml:22076:3: error: <md> is not allowed here.
logs\main-assembled.xml:22082:3: error: <md> is not allowed here.
logs\main-assembled.xml:22122:3: error: <md> is not allowed here.
logs\main-assembled.xml:22126:3: error: <md> is not allowed here.
logs\main-assembled.xml:22146:3: error: <subsection> is not allowed here.
logs\main-assembled.xml:22155:9: error: <md> is not allowed here.
logs\main-assembled.xml:22162:3: error: <md> is not allowed here.
logs\main-assembled.xml:22166:3: error: <md> is not allowed here.
logs\main-assembled.xml:22170:3: error: <md> is not allowed here.
logs\main-assembled.xml:22177:3: error: <md> is not allowed here.
logs\main-assembled.xml:22183:3: error: <md> is not allowed here.
logs\main-assembled.xml:22187:3: error: <md> is not allowed here.
logs\main-assembled.xml:22191:3: error: <md> is not allowed here.
logs\main-assembled.xml:22195:3: error: <md> is not allowed here.
logs\main-assembled.xml:22199:3: error: <md> is not allowed here.
logs\main-assembled.xml:22203:3: error: <md> is not allowed here.
logs\main-assembled.xml:22211:3: error: <md> is not allowed here.
logs\main-assembled.xml:22215:3: error: <md> is not allowed here.
logs\main-assembled.xml:22223:3: error: <md> is not allowed here.
logs\main-assembled.xml:22232:3: error: <md> is not allowed here.
logs\main-assembled.xml:22236:3: error: <md> is not allowed here.
logs\main-assembled.xml:22246:3: error: <md> is not allowed here.
logs\main-assembled.xml:22250:3: error: <md> is not allowed here.
logs\main-assembled.xml:22254:3: error: <md> is not allowed here.
logs\main-assembled.xml:22258:3: error: <md> is not allowed here.
logs\main-assembled.xml:22266:3: error: <md> is not allowed here.
logs\main-assembled.xml:22270:3: error: <md> is not allowed here.
logs\main-assembled.xml:22278:3: error: <md> is not allowed here.
logs\main-assembled.xml:22283:3: error: <subsection> is not allowed here.
logs\main-assembled.xml:22290:3: error: <md> is not allowed here.
logs\main-assembled.xml:22294:3: error: <md> is not allowed here.
logs\main-assembled.xml:22298:3: error: <md> is not allowed here.
logs\main-assembled.xml:22302:3: error: <md> is not allowed here.
logs\main-assembled.xml:22308:3: error: <md> is not allowed here.
logs\main-assembled.xml:22312:3: error: <md> is not allowed here.
logs\main-assembled.xml:22316:3: error: <md> is not allowed here.
logs\main-assembled.xml:22342:3: error: <md> is not allowed here.
logs\main-assembled.xml:22346:3: error: <md> is not allowed here.
logs\main-assembled.xml:22352:3: error: <md> is not allowed here.
logs\main-assembled.xml:22356:3: error: <md> is not allowed here.
logs\main-assembled.xml:22360:3: error: <md> is not allowed here.
logs\main-assembled.xml:22371:3: error: <subsection> is not allowed here.
logs\main-assembled.xml:22381:3: error: <md> is not allowed here.
logs\main-assembled.xml:22385:3: error: <md> is not allowed here.
logs\main-assembled.xml:22389:3: error: <md> is not allowed here.
logs\main-assembled.xml:22401:3: error: <md> is not allowed here.
logs\main-assembled.xml:22405:3: error: <md> is not allowed here.
logs\main-assembled.xml:22413:3: error: <md> is not allowed here.
logs\main-assembled.xml:22417:3: error: <md> is not allowed here.
logs\main-assembled.xml:22421:3: error: <md> is not allowed here.
logs\main-assembled.xml:22449:3: error: <subsection> is not allowed here.
logs\main-assembled.xml:22456:3: error: <md> is not allowed here.
logs\main-assembled.xml:22460:3: error: <md> is not allowed here.
logs\main-assembled.xml:22464:3: error: <md> is not allowed here.
logs\main-assembled.xml:22468:3: error: <md> is not allowed here.
logs\main-assembled.xml:22472:3: error: <md> is not allowed here.
logs\main-assembled.xml:22480:3: error: <md> is not allowed here.
logs\main-assembled.xml:22486:3: error: <md> is not allowed here.
logs\main-assembled.xml:22490:3: error: <md> is not allowed here.
logs\main-assembled.xml:22498:3: error: <md> is not allowed here.
logs\main-assembled.xml:22504:3: error: <md> is not allowed here.
logs\main-assembled.xml:22510:3: error: <md> is not allowed here.
logs\main-assembled.xml:22516:3: error: <md> is not allowed here.
logs\main-assembled.xml:22520:3: error: <md> is not allowed here.
logs\main-assembled.xml:22526:3: error: <md> is not allowed here.
logs\main-assembled.xml:22535:3: error: <md> is not allowed here.
logs\main-assembled.xml:22539:3: error: <md> is not allowed here.
logs\main-assembled.xml:22543:3: error: <md> is not allowed here.
logs\main-assembled.xml:22551:3: error: <md> is not allowed here.
logs\main-assembled.xml:22555:3: error: <md> is not allowed here.
logs\main-assembled.xml:22559:3: error: <md> is not allowed here.
logs\main-assembled.xml:22563:3: error: <md> is not allowed here.
logs\main-assembled.xml:22571:3: error: <md> is not allowed here.
logs\main-assembled.xml:22575:3: error: <md> is not allowed here.
logs\main-assembled.xml:22579:3: error: <md> is not allowed here.
logs\main-assembled.xml:22585:3: error: <md> is not allowed here.
logs\main-assembled.xml:22593:3: error: <md> is not allowed here.
logs\main-assembled.xml:22601:3: error: <md> is not allowed here.
logs\main-assembled.xml:22610:3: error: <subsection> is not allowed here.
logs\main-assembled.xml:22617:3: error: <md> is not allowed here.
logs\main-assembled.xml:22621:3: error: <md> is not allowed here.
logs\main-assembled.xml:22625:3: error: <md> is not allowed here.
logs\main-assembled.xml:22629:3: error: <md> is not allowed here.
logs\main-assembled.xml:22633:3: error: <md> is not allowed here.
logs\main-assembled.xml:22637:3: error: <md> is not allowed here.
logs\main-assembled.xml:22676:3: error: <subsection> is not allowed here.
logs\main-assembled.xml:22726:3: error: <md> is not allowed here.
logs\main-assembled.xml:22734:3: error: <md> is not allowed here.
logs\main-assembled.xml:22742:3: error: <md> is not allowed here.
logs\main-assembled.xml:22746:3: error: <md> is not allowed here.
logs\main-assembled.xml:22750:3: error: <md> is not allowed here.
logs\main-assembled.xml:22754:3: error: <md> is not allowed here.
logs\main-assembled.xml:22758:3: error: <md> is not allowed here.
logs\main-assembled.xml:22762:3: error: <md> is not allowed here.
logs\main-assembled.xml:22766:3: error: <md> is not allowed here.
logs\main-assembled.xml:22770:3: error: <md> is not allowed here.
logs\main-assembled.xml:22774:3: error: <md> is not allowed here.
logs\main-assembled.xml:22780:3: error: <md> is not allowed here.
logs\main-assembled.xml:22786:3: error: <md> is not allowed here.
logs\main-assembled.xml:22790:3: error: <md> is not allowed here.
logs\main-assembled.xml:22794:3: error: <md> is not allowed here.
logs\main-assembled.xml:22802:3: error: <md> is not allowed here.
logs\main-assembled.xml:22806:3: error: <md> is not allowed here.
logs\main-assembled.xml:22810:3: error: <md> is not allowed here.
logs\main-assembled.xml:22830:3: error: <subsection> is not allowed here.
logs\main-assembled.xml:22835:3: error: <md> is not allowed here.
logs\main-assembled.xml:22839:3: error: <md> is not allowed here.
logs\main-assembled.xml:22845:3: error: <md> is not allowed here.
logs\main-assembled.xml:22849:3: error: <md> is not allowed here.
logs\main-assembled.xml:22855:3: error: <md> is not allowed here.
logs\main-assembled.xml:22863:3: error: <md> is not allowed here.
logs\main-assembled.xml:22869:3: error: <md> is not allowed here.
logs\main-assembled.xml:22875:3: error: <md> is not allowed here.
logs\main-assembled.xml:22879:3: error: <md> is not allowed here.
logs\main-assembled.xml:22883:3: error: <md> is not allowed here.
logs\main-assembled.xml:22935:3: error: <md> is not allowed here.
logs\main-assembled.xml:22939:3: error: <md> is not allowed here.
logs\main-assembled.xml:22945:3: error: <md> is not allowed here.
logs\main-assembled.xml:22958:3: error: <md> is not allowed here.
logs\main-assembled.xml:22962:3: error: <md> is not allowed here.
logs\main-assembled.xml:22966:3: error: <md> is not allowed here.
logs\main-assembled.xml:22970:3: error: <md> is not allowed here.
logs\main-assembled.xml:22977:3: error: <subsection> is not allowed here.
logs\main-assembled.xml:22982:3: error: <md> is not allowed here.
logs\main-assembled.xml:22986:3: error: <md> is not allowed here.
logs\main-assembled.xml:22992:3: error: <md> is not allowed here.
logs\main-assembled.xml:22998:3: error: <md> is not allowed here.
logs\main-assembled.xml:23002:3: error: <md> is not allowed here.
logs\main-assembled.xml:23008:3: error: <md> is not allowed here.
logs\main-assembled.xml:23032:3: error: <md> is not allowed here.
logs\main-assembled.xml:23036:3: error: <md> is not allowed here.
logs\main-assembled.xml:23040:3: error: <md> is not allowed here.
logs\main-assembled.xml:23044:3: error: <md> is not allowed here.
logs\main-assembled.xml:23048:3: error: <md> is not allowed here.
logs\main-assembled.xml:23052:3: error: <md> is not allowed here.
logs\main-assembled.xml:23063:3: error: <md> is not allowed here.
logs\main-assembled.xml:23067:3: error: <md> is not allowed here.
logs\main-assembled.xml:23073:3: error: <md> is not allowed here.
logs\main-assembled.xml:23077:3: error: <md> is not allowed here.
logs\main-assembled.xml:23081:3: error: <md> is not allowed here.
logs\main-assembled.xml:23090:3: error: <subsection> is not allowed here.
logs\main-assembled.xml:23097:3: error: <md> is not allowed here.
logs\main-assembled.xml:23101:3: error: <md> is not allowed here.
logs\main-assembled.xml:23107:3: error: <md> is not allowed here.
logs\main-assembled.xml:23113:3: error: <md> is not allowed here.
logs\main-assembled.xml:23117:3: error: <md> is not allowed here.
logs\main-assembled.xml:23125:3: error: <md> is not allowed here.
logs\main-assembled.xml:23129:3: error: <md> is not allowed here.
logs\main-assembled.xml:23137:3: error: <md> is not allowed here.
logs\main-assembled.xml:23145:3: error: <md> is not allowed here.
logs\main-assembled.xml:23151:3: error: <md> is not allowed here.
logs\main-assembled.xml:23155:3: error: <md> is not allowed here.
logs\main-assembled.xml:23163:3: error: <md> is not allowed here.
logs\main-assembled.xml:23169:3: error: <md> is not allowed here.
logs\main-assembled.xml:23173:3: error: <md> is not allowed here.
logs\main-assembled.xml:23181:3: error: <md> is not allowed here.
logs\main-assembled.xml:23187:3: error: <md> is not allowed here.
logs\main-assembled.xml:23207:3: error: <md> is not allowed here.
logs\main-assembled.xml:23216:3: error: <md> is not allowed here.
logs\main-assembled.xml:23220:3: error: <md> is not allowed here.
logs\main-assembled.xml:23226:3: error: <md> is not allowed here.
logs\main-assembled.xml:23230:3: error: <md> is not allowed here.
logs\main-assembled.xml:23234:3: error: <md> is not allowed here.
logs\main-assembled.xml:23238:3: error: <md> is not allowed here.
logs\main-assembled.xml:23246:3: error: <md> is not allowed here.
logs\main-assembled.xml:23254:3: error: <md> is not allowed here.
logs\main-assembled.xml:23258:3: error: <md> is not allowed here.
logs\main-assembled.xml:23262:3: error: <md> is not allowed here.
logs\main-assembled.xml:23268:3: error: <subsection> is not allowed here.
logs\main-assembled.xml:23273:3: error: <md> is not allowed here.
logs\main-assembled.xml:23281:3: error: <md> is not allowed here.
logs\main-assembled.xml:23285:3: error: <md> is not allowed here.
logs\main-assembled.xml:23289:3: error: <md> is not allowed here.
logs\main-assembled.xml:23295:3: error: <md> is not allowed here.
logs\main-assembled.xml:23324:3: error: <subsection> is not allowed here.
logs\main-assembled.xml:23331:3: error: <md> is not allowed here.
logs\main-assembled.xml:23337:3: error: <md> is not allowed here.
logs\main-assembled.xml:23341:3: error: <md> is not allowed here.
logs\main-assembled.xml:23345:3: error: <md> is not allowed here.
logs\main-assembled.xml:23351:3: error: <md> is not allowed here.
logs\main-assembled.xml:23355:3: error: <md> is not allowed here.
logs\main-assembled.xml:23359:3: error: <md> is not allowed here.
logs\main-assembled.xml:23363:3: error: <md> is not allowed here.
logs\main-assembled.xml:23367:3: error: <md> is not allowed here.
logs\main-assembled.xml:23371:3: error: <md> is not allowed here.
logs\main-assembled.xml:23409:3: error: <md> is not allowed here.
logs\main-assembled.xml:23426:3: error: <subsection> is not allowed here.
logs\main-assembled.xml:23433:3: error: <md> is not allowed here.
logs\main-assembled.xml:23437:3: error: <md> is not allowed here.
logs\main-assembled.xml:23445:3: error: <md> is not allowed here.
logs\main-assembled.xml:23451:3: error: <md> is not allowed here.
logs\main-assembled.xml:23455:3: error: <md> is not allowed here.
logs\main-assembled.xml:23461:3: error: <md> is not allowed here.
logs\main-assembled.xml:23465:3: error: <md> is not allowed here.
logs\main-assembled.xml:23473:3: error: <md> is not allowed here.
logs\main-assembled.xml:23479:3: error: <md> is not allowed here.
logs\main-assembled.xml:23483:3: error: <md> is not allowed here.
logs\main-assembled.xml:23487:3: error: <md> is not allowed here.
logs\main-assembled.xml:23495:3: error: <md> is not allowed here.
logs\main-assembled.xml:23515:3: error: <subsection> is not allowed here.
logs\main-assembled.xml:23520:3: error: <md> is not allowed here.
logs\main-assembled.xml:23526:3: error: <md> is not allowed here.
logs\main-assembled.xml:23530:3: error: <md> is not allowed here.
logs\main-assembled.xml:23565:3: error: <md> is not allowed here.
logs\main-assembled.xml:23571:3: error: <md> is not allowed here.
logs\main-assembled.xml:23593:3: error: <subsection> is not allowed here.
logs\main-assembled.xml:23600:3: error: <md> is not allowed here.
logs\main-assembled.xml:23604:3: error: <md> is not allowed here.
logs\main-assembled.xml:23608:3: error: <md> is not allowed here.
logs\main-assembled.xml:23612:3: error: <md> is not allowed here.
logs\main-assembled.xml:23621:3: error: <md> is not allowed here.
logs\main-assembled.xml:23625:3: error: <md> is not allowed here.
logs\main-assembled.xml:23629:3: error: <md> is not allowed here.
logs\main-assembled.xml:23633:3: error: <md> is not allowed here.
logs\main-assembled.xml:23646:3: error: <md> is not allowed here.
logs\main-assembled.xml:23650:3: error: <md> is not allowed here.
logs\main-assembled.xml:23656:3: error: <md> is not allowed here.
logs\main-assembled.xml:23660:3: error: <md> is not allowed here.
logs\main-assembled.xml:23664:3: error: <md> is not allowed here.
logs\main-assembled.xml:23671:3: error: <subsection> is not allowed here.
logs\main-assembled.xml:23676:3: error: <md> is not allowed here.
logs\main-assembled.xml:23680:3: error: <md> is not allowed here.
logs\main-assembled.xml:23684:3: error: <md> is not allowed here.
logs\main-assembled.xml:23690:3: error: <md> is not allowed here.
logs\main-assembled.xml:23696:3: error: <md> is not allowed here.
logs\main-assembled.xml:23700:3: error: <md> is not allowed here.
logs\main-assembled.xml:23707:3: error: <md> is not allowed here.
logs\main-assembled.xml:23713:3: error: <md> is not allowed here.
logs\main-assembled.xml:23724:3: error: <md> is not allowed here.
logs\main-assembled.xml:23728:3: error: <md> is not allowed here.
logs\main-assembled.xml:23734:3: error: <md> is not allowed here.
logs\main-assembled.xml:23743:3: error: <md> is not allowed here.
logs\main-assembled.xml:23747:3: error: <md> is not allowed here.
logs\main-assembled.xml:23751:3: error: <md> is not allowed here.
logs\main-assembled.xml:23755:3: error: <md> is not allowed here.
logs\main-assembled.xml:23759:3: error: <md> is not allowed here.
logs\main-assembled.xml:23765:3: error: <md> is not allowed here.
logs\main-assembled.xml:23772:3: error: <subsection> is not allowed here.
logs\main-assembled.xml:23779:3: error: <md> is not allowed here.
logs\main-assembled.xml:23783:3: error: <md> is not allowed here.
logs\main-assembled.xml:23789:3: error: <md> is not allowed here.
logs\main-assembled.xml:23793:3: error: <md> is not allowed here.
logs\main-assembled.xml:23797:3: error: <md> is not allowed here.
logs\main-assembled.xml:23801:3: error: <md> is not allowed here.
logs\main-assembled.xml:23805:3: error: <md> is not allowed here.
logs\main-assembled.xml:23809:3: error: <md> is not allowed here.
logs\main-assembled.xml:23821:3: error: <md> is not allowed here.
logs\main-assembled.xml:23825:3: error: <md> is not allowed here.
logs\main-assembled.xml:23829:3: error: <md> is not allowed here.
logs\main-assembled.xml:23833:3: error: <md> is not allowed here.
logs\main-assembled.xml:23837:3: error: <md> is not allowed here.
logs\main-assembled.xml:23841:3: error: <md> is not allowed here.
logs\main-assembled.xml:23847:3: error: <md> is not allowed here.
logs\main-assembled.xml:23860:3: error: <md> is not allowed here.
logs\main-assembled.xml:23864:3: error: <md> is not allowed here.
logs\main-assembled.xml:23868:3: error: <md> is not allowed here.
logs\main-assembled.xml:23872:3: error: <md> is not allowed here.
logs\main-assembled.xml:23885:3: error: <md> is not allowed here.
logs\main-assembled.xml:23891:3: error: <md> is not allowed here.
logs\main-assembled.xml:23915:3: error: <subsection> is not allowed here.
logs\main-assembled.xml:23920:3: error: <md> is not allowed here.
logs\main-assembled.xml:23924:3: error: <md> is not allowed here.
logs\main-assembled.xml:23930:3: error: <md> is not allowed here.
logs\main-assembled.xml:23937:3: error: <md> is not allowed here.
logs\main-assembled.xml:23941:3: error: <md> is not allowed here.
logs\main-assembled.xml:23944:3: error: <subsection> is not allowed here.
logs\main-assembled.xml:23951:3: error: <md> is not allowed here.
logs\main-assembled.xml:23957:3: error: <md> is not allowed here.
logs\main-assembled.xml:23961:3: error: <md> is not allowed here.
logs\main-assembled.xml:23965:3: error: <md> is not allowed here.
logs\main-assembled.xml:23969:3: error: <md> is not allowed here.
logs\main-assembled.xml:23973:3: error: <md> is not allowed here.
logs\main-assembled.xml:23977:3: error: <md> is not allowed here.
logs\main-assembled.xml:23981:3: error: <md> is not allowed here.
logs\main-assembled.xml:23985:3: error: <md> is not allowed here.
logs\main-assembled.xml:23995:9: error: <md> is not allowed here.
logs\main-assembled.xml:24019:3: error: <md> is not allowed here.
logs\main-assembled.xml:24024:3: error: <md> is not allowed here.
logs\main-assembled.xml:24030:3: error: <md> is not allowed here.
logs\main-assembled.xml:24036:3: error: <md> is not allowed here.
logs\main-assembled.xml:24046:3: error: <md> is not allowed here.
logs\main-assembled.xml:24056:3: error: <md> is not allowed here.
logs\main-assembled.xml:24068:3: error: <md> is not allowed here.
logs\main-assembled.xml:24090:3: error: <md> is not allowed here.
logs\main-assembled.xml:24094:3: error: <md> is not allowed here.
logs\main-assembled.xml:24098:3: error: <md> is not allowed here.
logs\main-assembled.xml:24102:3: error: <md> is not allowed here.
logs\main-assembled.xml:24108:3: error: <md> is not allowed here.
logs\main-assembled.xml:24114:3: error: <md> is not allowed here.
logs\main-assembled.xml:24125:3: error: <subsection> is not allowed here.
logs\main-assembled.xml:24130:3: error: <md> is not allowed here.
logs\main-assembled.xml:24165:3: error: <md> is not allowed here.
logs\main-assembled.xml:24173:3: error: <subsection> is not allowed here.
logs\main-assembled.xml:24178:3: error: <md> is not allowed here.
logs\main-assembled.xml:24182:3: error: <md> is not allowed here.
logs\main-assembled.xml:24188:3: error: <md> is not allowed here.
logs\main-assembled.xml:24192:3: error: <md> is not allowed here.
logs\main-assembled.xml:24196:3: error: <md> is not allowed here.
logs\main-assembled.xml:24200:3: error: <md> is not allowed here.
logs\main-assembled.xml:24204:3: error: <md> is not allowed here.
logs\main-assembled.xml:24208:3: error: <md> is not allowed here.
logs\main-assembled.xml:24212:3: error: <md> is not allowed here.
logs\main-assembled.xml:24216:3: error: <md> is not allowed here.
logs\main-assembled.xml:24220:3: error: <md> is not allowed here.
logs\main-assembled.xml:24272:3: error: <md> is not allowed here.
logs\main-assembled.xml:24276:3: error: <md> is not allowed here.
logs\main-assembled.xml:24280:3: error: <md> is not allowed here.
logs\main-assembled.xml:24284:3: error: <md> is not allowed here.
logs\main-assembled.xml:24288:3: error: <md> is not allowed here.
logs\main-assembled.xml:24292:3: error: <md> is not allowed here.
logs\main-assembled.xml:24296:3: error: <md> is not allowed here.
logs\main-assembled.xml:24301:9: error: <md> is not allowed here.
logs\main-assembled.xml:24303:9: error: <md> is not allowed here.
logs\main-assembled.xml:24305:9: error: <md> is not allowed here.
logs\main-assembled.xml:24309:9: error: <md> is not allowed here.
logs\main-assembled.xml:24316:3: error: <md> is not allowed here.
logs\main-assembled.xml:24320:3: error: <md> is not allowed here.
logs\main-assembled.xml:24329:3: error: <md> is not allowed here.
logs\main-assembled.xml:24333:3: error: <md> is not allowed here.
logs\main-assembled.xml:24337:3: error: <md> is not allowed here.
logs\main-assembled.xml:24341:3: error: <md> is not allowed here.
logs\main-assembled.xml:24345:3: error: <md> is not allowed here.
logs\main-assembled.xml:24349:3: error: <md> is not allowed here.
logs\main-assembled.xml:24355:3: error: <md> is not allowed here.
logs\main-assembled.xml:24359:3: error: <md> is not allowed here.
logs\main-assembled.xml:24363:3: error: <md> is not allowed here.
logs\main-assembled.xml:24367:3: error: <md> is not allowed here.
logs\main-assembled.xml:24371:3: error: <md> is not allowed here.
logs\main-assembled.xml:24375:3: error: <md> is not allowed here.
logs\main-assembled.xml:24379:3: error: <md> is not allowed here.
logs\main-assembled.xml:24383:3: error: <md> is not allowed here.
logs\main-assembled.xml:24408:3: error: <md> is not allowed here.
logs\main-assembled.xml:24412:3: error: <md> is not allowed here.
logs\main-assembled.xml:24416:3: error: <md> is not allowed here.
logs\main-assembled.xml:24420:3: error: <md> is not allowed here.
logs\main-assembled.xml:24424:3: error: <md> is not allowed here.
logs\main-assembled.xml:24428:3: error: <md> is not allowed here.
logs\main-assembled.xml:24432:3: error: <md> is not allowed here.
logs\main-assembled.xml:24436:3: error: <md> is not allowed here.
logs\main-assembled.xml:24449:3: error: <md> is not allowed here.
logs\main-assembled.xml:24453:3: error: <md> is not allowed here.
logs\main-assembled.xml:24457:3: error: <md> is not allowed here.
logs\main-assembled.xml:24461:3: error: <md> is not allowed here.
logs\main-assembled.xml:24465:3: error: <md> is not allowed here.
logs\main-assembled.xml:24469:3: error: <md> is not allowed here.
logs\main-assembled.xml:24473:3: error: <md> is not allowed here.
logs\main-assembled.xml:24482:3: error: <subsection> is not allowed here.
logs\main-assembled.xml:24487:3: error: <md> is not allowed here.
logs\main-assembled.xml:24511:3: error: <md> is not allowed here.
logs\main-assembled.xml:24515:3: error: <md> is not allowed here.
logs\main-assembled.xml:24519:3: error: <md> is not allowed here.
logs\main-assembled.xml:24523:3: error: <md> is not allowed here.
logs\main-assembled.xml:24529:3: error: <md> is not allowed here.
logs\main-assembled.xml:24533:3: error: <md> is not allowed here.
logs\main-assembled.xml:24577:3: error: <warning> is not allowed here.
logs\main-assembled.xml:24584:3: error: <md> is not allowed here.
logs\main-assembled.xml:24591:3: error: <subsection> is not allowed here.
logs\main-assembled.xml:24598:3: error: <md> is not allowed here.
logs\main-assembled.xml:24602:3: error: <md> is not allowed here.
logs\main-assembled.xml:24608:3: error: <md> is not allowed here.
logs\main-assembled.xml:24612:3: error: <md> is not allowed here.
logs\main-assembled.xml:24616:3: error: <md> is not allowed here.
logs\main-assembled.xml:24620:3: error: <md> is not allowed here.
logs\main-assembled.xml:24628:3: error: <md> is not allowed here.
logs\main-assembled.xml:24671:3: error: <md> is not allowed here.
logs\main-assembled.xml:24675:3: error: <md> is not allowed here.
logs\main-assembled.xml:24683:3: error: <md> is not allowed here.
logs\main-assembled.xml:24687:3: error: <md> is not allowed here.
logs\main-assembled.xml:24711:9: error: <md> is not allowed here.
logs\main-assembled.xml:24713:9: error: <md> is not allowed here.
logs\main-assembled.xml:24715:9: error: <md> is not allowed here.
logs\main-assembled.xml:24720:3: error: <subsection> is not allowed here.
logs\main-assembled.xml:24725:3: error: <md> is not allowed here.
logs\main-assembled.xml:24729:3: error: <md> is not allowed here.
logs\main-assembled.xml:24733:3: error: <md> is not allowed here.
logs\main-assembled.xml:24737:3: error: <md> is not allowed here.
logs\main-assembled.xml:24741:3: error: <md> is not allowed here.
logs\main-assembled.xml:24745:3: error: <md> is not allowed here.
logs\main-assembled.xml:24749:3: error: <md> is not allowed here.
logs\main-assembled.xml:24753:3: error: <md> is not allowed here.
logs\main-assembled.xml:24757:3: error: <md> is not allowed here.
logs\main-assembled.xml:24761:3: error: <md> is not allowed here.
logs\main-assembled.xml:24773:3: error: <md> is not allowed here.
logs\main-assembled.xml:24777:3: error: <md> is not allowed here.
logs\main-assembled.xml:24781:3: error: <md> is not allowed here.
logs\main-assembled.xml:24785:3: error: <md> is not allowed here.
logs\main-assembled.xml:24789:3: error: <md> is not allowed here.
logs\main-assembled.xml:24793:3: error: <md> is not allowed here.
logs\main-assembled.xml:24799:3: error: <md> is not allowed here.
logs\main-assembled.xml:24803:3: error: <md> is not allowed here.
logs\main-assembled.xml:24808:3: error: <subsection> is not allowed here.
logs\main-assembled.xml:24813:3: error: <md> is not allowed here.
logs\main-assembled.xml:24817:3: error: <md> is not allowed here.
logs\main-assembled.xml:24823:3: error: <md> is not allowed here.
logs\main-assembled.xml:24827:3: error: <md> is not allowed here.
logs\main-assembled.xml:24831:3: error: <md> is not allowed here.
logs\main-assembled.xml:24835:3: error: <md> is not allowed here.
logs\main-assembled.xml:24839:3: error: <md> is not allowed here.
logs\main-assembled.xml:24843:3: error: <md> is not allowed here.
logs\main-assembled.xml:24852:3: error: <md> is not allowed here.
logs\main-assembled.xml:24856:3: error: <md> is not allowed here.
logs\main-assembled.xml:24862:3: error: <md> is not allowed here.
logs\main-assembled.xml:24866:3: error: <md> is not allowed here.
logs\main-assembled.xml:24870:3: error: <md> is not allowed here.
logs\main-assembled.xml:24874:3: error: <md> is not allowed here.
logs\main-assembled.xml:24878:3: error: <md> is not allowed here.
logs\main-assembled.xml:24882:3: error: <md> is not allowed here.
logs\main-assembled.xml:24908:3: error: <md> is not allowed here.
logs\main-assembled.xml:24912:3: error: <md> is not allowed here.
logs\main-assembled.xml:24916:3: error: <md> is not allowed here.
logs\main-assembled.xml:24920:3: error: <md> is not allowed here.
logs\main-assembled.xml:24924:3: error: <md> is not allowed here.
logs\main-assembled.xml:24928:3: error: <md> is not allowed here.
logs\main-assembled.xml:24939:3: error: <md> is not allowed here.
logs\main-assembled.xml:24943:3: error: <md> is not allowed here.
logs\main-assembled.xml:24947:3: error: <md> is not allowed here.
logs\main-assembled.xml:24951:3: error: <md> is not allowed here.
logs\main-assembled.xml:24955:3: error: <md> is not allowed here.
logs\main-assembled.xml:24962:3: error: <subsection> is not allowed here.
logs\main-assembled.xml:24967:3: error: <md> is not allowed here.
logs\main-assembled.xml:24981:3: error: <md> is not allowed here.
logs\main-assembled.xml:24996:3: error: <subsection> is not allowed here.
logs\main-assembled.xml:25003:3: error: <md> is not allowed here.
logs\main-assembled.xml:25007:3: error: <md> is not allowed here.
logs\main-assembled.xml:25011:3: error: <md> is not allowed here.
logs\main-assembled.xml:25015:3: error: <md> is not allowed here.
logs\main-assembled.xml:25019:3: error: <md> is not allowed here.
logs\main-assembled.xml:25030:3: error: <md> is not allowed here.
logs\main-assembled.xml:25034:3: error: <md> is not allowed here.
logs\main-assembled.xml:25038:3: error: <md> is not allowed here.
logs\main-assembled.xml:25057:3: error: <md> is not allowed here.
logs\main-assembled.xml:25065:3: error: <subsection> is not allowed here.
logs\main-assembled.xml:25070:3: error: <md> is not allowed here.
logs\main-assembled.xml:25077:3: error: <md> is not allowed here.
logs\main-assembled.xml:25081:3: error: <md> is not allowed here.
logs\main-assembled.xml:25085:3: error: <md> is not allowed here.
logs\main-assembled.xml:25089:3: error: <md> is not allowed here.
logs\main-assembled.xml:25093:3: error: <md> is not allowed here.
logs\main-assembled.xml:25097:3: error: <md> is not allowed here.
logs\main-assembled.xml:25101:3: error: <md> is not allowed here.
logs\main-assembled.xml:25111:9: error: <md> is not allowed here.
logs\main-assembled.xml:25123:3: error: <md> is not allowed here.
logs\main-assembled.xml:25128:3: error: <md> is not allowed here.
logs\main-assembled.xml:25132:3: error: <md> is not allowed here.
logs\main-assembled.xml:25136:3: error: <md> is not allowed here.
logs\main-assembled.xml:25140:3: error: <md> is not allowed here.
logs\main-assembled.xml:25144:3: error: <md> is not allowed here.
logs\main-assembled.xml:25148:3: error: <md> is not allowed here.
logs\main-assembled.xml:25173:3: error: <md> is not allowed here.
logs\main-assembled.xml:25178:3: error: <md> is not allowed here.
logs\main-assembled.xml:25189:3: error: <md> is not allowed here.
logs\main-assembled.xml:25193:3: error: <md> is not allowed here.
logs\main-assembled.xml:25197:3: error: <md> is not allowed here.
logs\main-assembled.xml:25201:3: error: <md> is not allowed here.
logs\main-assembled.xml:25205:3: error: <md> is not allowed here.
logs\main-assembled.xml:25209:3: error: <md> is not allowed here.
logs\main-assembled.xml:25220:3: error: <md> is not allowed here.
logs\main-assembled.xml:25224:3: error: <md> is not allowed here.
logs\main-assembled.xml:25228:3: error: <md> is not allowed here.
logs\main-assembled.xml:25232:3: error: <md> is not allowed here.
logs\main-assembled.xml:25239:3: error: <md> is not allowed here.
logs\main-assembled.xml:25247:3: error: <warning> is not allowed here.
logs\main-assembled.xml:25250:9: error: <md> is not allowed here.
logs\main-assembled.xml:25257:3: error: <subsection> is not allowed here.
logs\main-assembled.xml:25264:3: error: <md> is not allowed here.
logs\main-assembled.xml:25268:3: error: <md> is not allowed here.
logs\main-assembled.xml:25276:3: error: <md> is not allowed here.
logs\main-assembled.xml:25282:3: error: <md> is not allowed here.
logs\main-assembled.xml:25286:3: error: <md> is not allowed here.
logs\main-assembled.xml:25292:3: error: <md> is not allowed here.
logs\main-assembled.xml:25298:3: error: <md> is not allowed here.
logs\main-assembled.xml:25306:3: error: <md> is not allowed here.
logs\main-assembled.xml:25312:3: error: <md> is not allowed here.
logs\main-assembled.xml:25318:3: error: <md> is not allowed here.
logs\main-assembled.xml:25353:3: error: <md> is not allowed here.
logs\main-assembled.xml:25357:3: error: <md> is not allowed here.
logs\main-assembled.xml:25361:3: error: <md> is not allowed here.
logs\main-assembled.xml:25385:3: error: <md> is not allowed here.
logs\main-assembled.xml:25389:3: error: <md> is not allowed here.
logs\main-assembled.xml:25393:3: error: <md> is not allowed here.
logs\main-assembled.xml:25397:3: error: <md> is not allowed here.
logs\main-assembled.xml:25401:3: error: <md> is not allowed here.
logs\main-assembled.xml:25405:3: error: <md> is not allowed here.
logs\main-assembled.xml:25416:3: error: <md> is not allowed here.
logs\main-assembled.xml:25420:3: error: <md> is not allowed here.
logs\main-assembled.xml:25424:3: error: <md> is not allowed here.
logs\main-assembled.xml:25428:3: error: <md> is not allowed here.
logs\main-assembled.xml:25432:3: error: <md> is not allowed here.
logs\main-assembled.xml:25438:3: error: <md> is not allowed here.
logs\main-assembled.xml:25446:3: error: <md> is not allowed here.
logs\main-assembled.xml:25451:3: error: <subsection> is not allowed here.
logs\main-assembled.xml:25456:3: error: <md> is not allowed here.
logs\main-assembled.xml:25460:3: error: <md> is not allowed here.
logs\main-assembled.xml:25466:3: error: <md> is not allowed here.
logs\main-assembled.xml:25474:3: error: <md> is not allowed here.
logs\main-assembled.xml:25478:3: error: <md> is not allowed here.
logs\main-assembled.xml:25484:3: error: <md> is not allowed here.
logs\main-assembled.xml:25490:3: error: <md> is not allowed here.
logs\main-assembled.xml:25494:3: error: <md> is not allowed here.
logs\main-assembled.xml:25500:3: error: <md> is not allowed here.
logs\main-assembled.xml:25504:3: error: <md> is not allowed here.
logs\main-assembled.xml:25508:3: error: <md> is not allowed here.
logs\main-assembled.xml:25543:3: error: <md> is not allowed here.
logs\main-assembled.xml:25549:3: error: <md> is not allowed here.
logs\main-assembled.xml:25553:3: error: <md> is not allowed here.
logs\main-assembled.xml:25557:3: error: <md> is not allowed here.
logs\main-assembled.xml:25561:3: error: <md> is not allowed here.
logs\main-assembled.xml:25567:3: error: <md> is not allowed here.
logs\main-assembled.xml:25573:3: error: <md> is not allowed here.
logs\main-assembled.xml:25577:3: error: <md> is not allowed here.
logs\main-assembled.xml:25595:3: error: <subsection> is not allowed here.
logs\main-assembled.xml:25600:3: error: <md> is not allowed here.
logs\main-assembled.xml:25604:3: error: <md> is not allowed here.
logs\main-assembled.xml:25610:3: error: <md> is not allowed here.
logs\main-assembled.xml:25614:3: error: <md> is not allowed here.
logs\main-assembled.xml:25620:3: error: <md> is not allowed here.
logs\main-assembled.xml:25624:3: error: <md> is not allowed here.
logs\main-assembled.xml:25630:3: error: <md> is not allowed here.
logs\main-assembled.xml:25654:3: error: <md> is not allowed here.
logs\main-assembled.xml:25659:3: error: <md> is not allowed here.
logs\main-assembled.xml:25663:3: error: <md> is not allowed here.
logs\main-assembled.xml:25667:3: error: <md> is not allowed here.
logs\main-assembled.xml:25671:3: error: <md> is not allowed here.
logs\main-assembled.xml:25675:3: error: <md> is not allowed here.
logs\main-assembled.xml:25682:3: error: <subsection> is not allowed here.
logs\main-assembled.xml:25687:3: error: <md> is not allowed here.
logs\main-assembled.xml:25695:3: error: <md> is not allowed here.
logs\main-assembled.xml:25701:3: error: <md> is not allowed here.
logs\main-assembled.xml:25705:3: error: <md> is not allowed here.
logs\main-assembled.xml:25709:3: error: <md> is not allowed here.
logs\main-assembled.xml:25715:3: error: <md> is not allowed here.
logs\main-assembled.xml:25721:3: error: <md> is not allowed here.
logs\main-assembled.xml:25729:3: error: <md> is not allowed here.
logs\main-assembled.xml:25737:3: error: <md> is not allowed here.
logs\main-assembled.xml:25743:3: error: <md> is not allowed here.
logs\main-assembled.xml:25747:3: error: <md> is not allowed here.
logs\main-assembled.xml:25751:3: error: <md> is not allowed here.
logs\main-assembled.xml:25755:3: error: <md> is not allowed here.
logs\main-assembled.xml:25763:3: error: <md> is not allowed here.
logs\main-assembled.xml:25804:3: error: <md> is not allowed here.
logs\main-assembled.xml:25811:3: error: <subsection> is not allowed here.
logs\main-assembled.xml:25816:3: error: <md> is not allowed here.
logs\main-assembled.xml:25846:3: error: <md> is not allowed here.
logs\main-assembled.xml:25854:3: error: <md> is not allowed here.
logs\main-assembled.xml:25858:3: error: <md> is not allowed here.
logs\main-assembled.xml:25862:3: error: <md> is not allowed here.
logs\main-assembled.xml:25881:3: error: <md> is not allowed here.
logs\main-assembled.xml:25885:3: error: <subsection> is not allowed here.
logs\main-assembled.xml:25890:3: error: <md> is not allowed here.
logs\main-assembled.xml:25896:3: error: <md> is not allowed here.
logs\main-assembled.xml:25902:3: error: <md> is not allowed here.
logs\main-assembled.xml:25906:3: error: <md> is not allowed here.
logs\main-assembled.xml:25910:3: error: <md> is not allowed here.
logs\main-assembled.xml:25914:3: error: <md> is not allowed here.
logs\main-assembled.xml:25920:3: error: <md> is not allowed here.
logs\main-assembled.xml:25926:3: error: <md> is not allowed here.
logs\main-assembled.xml:25930:3: error: <md> is not allowed here.
logs\main-assembled.xml:25973:3: error: <md> is not allowed here.
logs\main-assembled.xml:25979:3: error: <md> is not allowed here.
logs\main-assembled.xml:25983:3: error: <md> is not allowed here.
logs\main-assembled.xml:25992:3: error: <md> is not allowed here.
logs\main-assembled.xml:25998:3: error: <md> is not allowed here.
logs\main-assembled.xml:26002:3: error: <md> is not allowed here.
logs\main-assembled.xml:26009:9: error: <md> is not allowed here.
logs\main-assembled.xml:26031:3: error: <subsection> is not allowed here.
logs\main-assembled.xml:26038:3: error: <md> is not allowed here.
logs\main-assembled.xml:26044:3: error: <md> is not allowed here.
logs\main-assembled.xml:26048:3: error: <md> is not allowed here.
logs\main-assembled.xml:26080:3: error: <md> is not allowed here.
logs\main-assembled.xml:26086:3: error: <md> is not allowed here.
logs\main-assembled.xml:26092:3: error: <md> is not allowed here.
logs\main-assembled.xml:26098:3: error: <md> is not allowed here.
logs\main-assembled.xml:26106:3: error: <md> is not allowed here.
logs\main-assembled.xml:26114:3: error: <md> is not allowed here.
logs\main-assembled.xml:26118:3: error: <md> is not allowed here.
logs\main-assembled.xml:26122:3: error: <md> is not allowed here.
logs\main-assembled.xml:26126:3: error: <md> is not allowed here.
logs\main-assembled.xml:26130:3: error: <md> is not allowed here.
logs\main-assembled.xml:26134:3: error: <md> is not allowed here.
logs\main-assembled.xml:26138:3: error: <md> is not allowed here.
logs\main-assembled.xml:26145:3: error: <md> is not allowed here.
logs\main-assembled.xml:26149:3: error: <md> is not allowed here.
logs\main-assembled.xml:26153:3: error: <md> is not allowed here.
logs\main-assembled.xml:26157:3: error: <md> is not allowed here.
logs\main-assembled.xml:26164:9: error: <md> is not allowed here.
logs\main-assembled.xml:26186:3: error: <subsection> is not allowed here.
logs\main-assembled.xml:26191:3: error: <md> is not allowed here.
logs\main-assembled.xml:26197:3: error: <md> is not allowed here.
logs\main-assembled.xml:26203:3: error: <md> is not allowed here.
logs\main-assembled.xml:26207:3: error: <md> is not allowed here.
logs\main-assembled.xml:26211:3: error: <md> is not allowed here.
logs\main-assembled.xml:26215:3: error: <md> is not allowed here.
logs\main-assembled.xml:26219:3: error: <md> is not allowed here.
logs\main-assembled.xml:26225:3: error: <md> is not allowed here.
logs\main-assembled.xml:26229:3: error: <md> is not allowed here.
logs\main-assembled.xml:26233:3: error: <md> is not allowed here.
logs\main-assembled.xml:26239:3: error: <md> is not allowed here.
logs\main-assembled.xml:26245:3: error: <md> is not allowed here.
logs\main-assembled.xml:26249:3: error: <md> is not allowed here.
logs\main-assembled.xml:26262:3: error: <md> is not allowed here.
logs\main-assembled.xml:26282:3: error: <subsection> is not allowed here.
logs\main-assembled.xml:26287:3: error: <md> is not allowed here.
logs\main-assembled.xml:26289:1: error: <strong> is not allowed here.
logs\main-assembled.xml:26289:33: error: <strong> is not allowed here.
logs\main-assembled.xml:26289:63: error: <strong> is not allowed here.
logs\main-assembled.xml:26309:3: error: <md> is not allowed here.
logs\main-assembled.xml:26330:3: error: <md> is not allowed here.
logs\main-assembled.xml:26336:3: error: <subsection> is not allowed here.
logs\main-assembled.xml:26341:3: error: <md> is not allowed here.
logs\main-assembled.xml:26346:5: error: <tabular> is not allowed here.
logs\main-assembled.xml:26348:15: error: <strong> is not allowed here.
logs\main-assembled.xml:26349:15: error: <strong> is not allowed here.
logs\main-assembled.xml:26350:15: error: <strong> is not allowed here.
logs\main-assembled.xml:26393:9: error: <title> is not allowed here.
logs\main-assembled.xml:26441:3: error: <subsection> is not allowed here.
logs\main-assembled.xml:26446:3: error: <md> is not allowed here.
logs\main-assembled.xml:26448:1: error: <strong> is not allowed here.
logs\main-assembled.xml:26448:32: error: <strong> is not allowed here.
logs\main-assembled.xml:26492:3: error: <md> is not allowed here.
logs\main-assembled.xml:26502:3: error: <subsection> is not allowed here.
logs\main-assembled.xml:26510:3: error: <md> is not allowed here.
logs\main-assembled.xml:26514:3: error: <md> is not allowed here.
logs\main-assembled.xml:26518:3: error: <md> is not allowed here.
logs\main-assembled.xml:26522:3: error: <md> is not allowed here.
logs\main-assembled.xml:26526:3: error: <md> is not allowed here.
logs\main-assembled.xml:26532:3: error: <md> is not allowed here.
logs\main-assembled.xml:26538:3: error: <md> is not allowed here.
logs\main-assembled.xml:26542:3: error: <md> is not allowed here.
logs\main-assembled.xml:26552:3: error: <md> is not allowed here.
logs\main-assembled.xml:26565:3: error: <md> is not allowed here.
logs\main-assembled.xml:26569:3: error: <md> is not allowed here.
logs\main-assembled.xml:26575:3: error: <md> is not allowed here.
logs\main-assembled.xml:26579:3: error: <md> is not allowed here.
logs\main-assembled.xml:26587:3: error: <md> is not allowed here.
logs\main-assembled.xml:26597:3: error: <md> is not allowed here.
logs\main-assembled.xml:26601:3: error: <md> is not allowed here.
logs\main-assembled.xml:26621:3: error: <md> is not allowed here.
logs\main-assembled.xml:26627:3: error: <md> is not allowed here.
logs\main-assembled.xml:26631:3: error: <md> is not allowed here.
logs\main-assembled.xml:26635:3: error: <md> is not allowed here.
logs\main-assembled.xml:26639:3: error: <md> is not allowed here.
logs\main-assembled.xml:26643:3: error: <md> is not allowed here.
logs\main-assembled.xml:26647:3: error: <md> is not allowed here.
logs\main-assembled.xml:26655:3: error: <md> is not allowed here.
logs\main-assembled.xml:26662:3: error: <subsection> is not allowed here.
logs\main-assembled.xml:26667:5: error: <ol> is not allowed here.
logs\main-assembled.xml:26712:9: error: <p> is not allowed here.
logs\main-assembled.xml:26729:9: error: <p> is not allowed here.
logs\main-assembled.xml:26766:9: error: <p> is not allowed here.
logs\main-assembled.xml:26771:3: error: <subsection> is not allowed here.
logs\main-assembled.xml:26776:5: error: <ol> is not allowed here.
logs\main-assembled.xml:26804:11: error: <md> is not allowed here.
logs\main-assembled.xml:26808:11: error: <md> is not allowed here.
logs\main-assembled.xml:26829:3: error: <subsection> is not allowed here.
logs\main-assembled.xml:26834:5: error: <ol> is not allowed here.
logs\main-assembled.xml:26840:11: error: <md> is not allowed here.
logs\main-assembled.xml:26845:11: error: <md> is not allowed here.
logs\main-assembled.xml:26853:11: error: <md> is not allowed here.
logs\main-assembled.xml:26862:11: error: <md> is not allowed here.
logs\main-assembled.xml:26866:11: error: <md> is not allowed here.
logs\main-assembled.xml:26874:3: error: <subsection> is not allowed here.
logs\main-assembled.xml:26879:5: error: <ol> is not allowed here.
logs\main-assembled.xml:26882:9: error: <p> is not allowed here.
logs\main-assembled.xml:26886:9: error: <p> is not allowed here.
logs\main-assembled.xml:26896:9: error: <p> is not allowed here.
logs\main-assembled.xml:26900:9: error: <p> is not allowed here.
logs\main-assembled.xml:26904:9: error: <p> is not allowed here.
logs\main-assembled.xml:26911:11: error: <md> is not allowed here.
logs\main-assembled.xml:26920:3: error: <subsection> is not allowed here.
logs\main-assembled.xml:26925:5: error: <ol> is not allowed here.
logs\main-assembled.xml:26927:12: error: <strong> is not allowed here.
logs\main-assembled.xml:26929:11: error: <md> is not allowed here.
logs\main-assembled.xml:26931:11: error: <md> is not allowed here.
logs\main-assembled.xml:26933:11: error: <md> is not allowed here.
logs\main-assembled.xml:26936:12: error: <strong> is not allowed here.
logs\main-assembled.xml:26938:11: error: <md> is not allowed here.
logs\main-assembled.xml:26940:11: error: <md> is not allowed here.
logs\main-assembled.xml:26942:11: error: <md> is not allowed here.
logs\main-assembled.xml:26945:12: error: <strong> is not allowed here.
logs\main-assembled.xml:26947:11: error: <md> is not allowed here.
logs\main-assembled.xml:26949:11: error: <md> is not allowed here.
logs\main-assembled.xml:26952:12: error: <strong> is not allowed here.
logs\main-assembled.xml:26954:11: error: <md> is not allowed here.
logs\main-assembled.xml:26958:11: error: <md> is not allowed here.
logs\main-assembled.xml:26960:11: error: <md> is not allowed here.
logs\main-assembled.xml:26962:11: error: <md> is not allowed here.
logs\main-assembled.xml:26965:12: error: <strong> is not allowed here.
logs\main-assembled.xml:26967:11: error: <md> is not allowed here.
logs\main-assembled.xml:26969:11: error: <md> is not allowed here.
logs\main-assembled.xml:26973:12: error: <strong> is not allowed here.
logs\main-assembled.xml:26975:11: error: <md> is not allowed here.
logs\main-assembled.xml:26978:12: error: <strong> is not allowed here.
logs\main-assembled.xml:26980:11: error: <md> is not allowed here.
logs\main-assembled.xml:26982:11: error: <md> is not allowed here.
logs\main-assembled.xml:26987:3: error: <subsection> is not allowed here.
logs\main-assembled.xml:26994:3: error: <md> is not allowed here.
logs\main-assembled.xml:26998:3: error: <md> is not allowed here.
logs\main-assembled.xml:27007:3: error: <md> is not allowed here.
logs\main-assembled.xml:27011:3: error: <md> is not allowed here.
logs\main-assembled.xml:27015:3: error: <md> is not allowed here.
logs\main-assembled.xml:27029:3: error: <md> is not allowed here.
logs\main-assembled.xml:27033:3: error: <md> is not allowed here.
logs\main-assembled.xml:27037:3: error: <md> is not allowed here.
logs\main-assembled.xml:27049:3: error: <md> is not allowed here.
logs\main-assembled.xml:27055:3: error: <md> is not allowed here.
logs\main-assembled.xml:27061:3: error: <md> is not allowed here.
logs\main-assembled.xml:27065:3: error: <md> is not allowed here.
logs\main-assembled.xml:27075:3: error: <md> is not allowed here.
logs\main-assembled.xml:27079:3: error: <md> is not allowed here.
logs\main-assembled.xml:27083:3: error: <md> is not allowed here.
logs\main-assembled.xml:27087:3: error: <md> is not allowed here.
logs\main-assembled.xml:27091:3: error: <md> is not allowed here.
logs\main-assembled.xml:27095:3: error: <md> is not allowed here.
logs\main-assembled.xml:27105:3: error: <md> is not allowed here.
logs\main-assembled.xml:27109:3: error: <md> is not allowed here.
logs\main-assembled.xml:27113:3: error: <md> is not allowed here.
logs\main-assembled.xml:27121:3: error: <md> is not allowed here.
logs\main-assembled.xml:27127:3: error: <md> is not allowed here.
logs\main-assembled.xml:27137:3: error: <subsection> is not allowed here.
logs\main-assembled.xml:27140:5: error: <ol> is not allowed here.
logs\main-assembled.xml:27142:12: error: <strong> is not allowed here.
logs\main-assembled.xml:27144:11: error: <md> is not allowed here.
logs\main-assembled.xml:27146:11: error: <md> is not allowed here.
logs\main-assembled.xml:27148:11: error: <md> is not allowed here.
logs\main-assembled.xml:27152:12: error: <strong> is not allowed here.
logs\main-assembled.xml:27154:11: error: <md> is not allowed here.
logs\main-assembled.xml:27156:11: error: <md> is not allowed here.
logs\main-assembled.xml:27162:12: error: <strong> is not allowed here.
logs\main-assembled.xml:27164:11: error: <md> is not allowed here.
logs\main-assembled.xml:27166:11: error: <md> is not allowed here.
logs\main-assembled.xml:27170:12: error: <strong> is not allowed here.
logs\main-assembled.xml:27172:11: error: <md> is not allowed here.
logs\main-assembled.xml:27174:11: error: <md> is not allowed here.
logs\main-assembled.xml:27178:12: error: <strong> is not allowed here.
logs\main-assembled.xml:27180:11: error: <md> is not allowed here.
logs\main-assembled.xml:27184:12: error: <strong> is not allowed here.
logs\main-assembled.xml:27186:11: error: <md> is not allowed here.
logs\main-assembled.xml:27190:12: error: <strong> is not allowed here.
logs\main-assembled.xml:27192:11: error: <md> is not allowed here.
logs\main-assembled.xml:27194:11: error: <md> is not allowed here.
logs\main-assembled.xml:27198:12: error: <strong> is not allowed here.
logs\main-assembled.xml:27200:11: error: <md> is not allowed here.
logs\main-assembled.xml:27204:12: error: <strong> is not allowed here.
logs\main-assembled.xml:27206:11: error: <md> is not allowed here.
logs\main-assembled.xml:27210:12: error: <strong> is not allowed here.
logs\main-assembled.xml:27212:11: error: <md> is not allowed here.
logs\main-assembled.xml:27214:11: error: <md> is not allowed here.
logs\main-assembled.xml:27217:14: error: Missing required content. Expected one of: <p>, <blockquote>, <pre>, <image>, <video>, <audio>, <program>, <console>, <tabular>, <figure>, <table>, <listing>, … (51 more).
logs\main-assembled.xml:27219:3: error: <subsection> is not allowed here.
logs\main-assembled.xml:27226:3: error: <md> is not allowed here.
logs\main-assembled.xml:27230:3: error: <md> is not allowed here.
logs\main-assembled.xml:27234:3: error: <md> is not allowed here.
logs\main-assembled.xml:27238:3: error: <md> is not allowed here.
logs\main-assembled.xml:27242:3: error: <md> is not allowed here.
logs\main-assembled.xml:27280:3: error: <md> is not allowed here.
logs\main-assembled.xml:27328:3: error: <md> is not allowed here.
logs\main-assembled.xml:27332:3: error: <md> is not allowed here.
logs\main-assembled.xml:27336:3: error: <md> is not allowed here.
logs\main-assembled.xml:27343:3: error: <md> is not allowed here.
logs\main-assembled.xml:27360:3: error: <subsection> is not allowed here.
logs\main-assembled.xml:27365:3: error: <md> is not allowed here.
logs\main-assembled.xml:27370:3: error: <md> is not allowed here.
logs\main-assembled.xml:27374:3: error: <md> is not allowed here.
logs\main-assembled.xml:27378:3: error: <md> is not allowed here.
logs\main-assembled.xml:27390:3: error: <md> is not allowed here.
logs\main-assembled.xml:27425:5: error: <image> is not allowed here.
logs\main-assembled.xml:27463:3: error: <subsection> is not allowed here.
logs\main-assembled.xml:27472:9: error: <md> is not allowed here.
logs\main-assembled.xml:27474:9: error: <md> is not allowed here.
logs\main-assembled.xml:27476:9: error: <md> is not allowed here.
logs\main-assembled.xml:27478:9: error: <md> is not allowed here.
logs\main-assembled.xml:27486:3: error: <md> is not allowed here.
logs\main-assembled.xml:27490:3: error: <md> is not allowed here.
logs\main-assembled.xml:27494:3: error: <md> is not allowed here.
logs\main-assembled.xml:27498:3: error: <md> is not allowed here.
logs\main-assembled.xml:27518:3: error: <subsection> is not allowed here.
logs\main-assembled.xml:27528:9: error: <md> is not allowed here.
logs\main-assembled.xml:27531:9: error: <md> is not allowed here.
logs\main-assembled.xml:27539:3: error: <md> is not allowed here.
logs\main-assembled.xml:27548:3: error: <subsection> is not allowed here.
logs\main-assembled.xml:27555:3: error: <md> is not allowed here.
logs\main-assembled.xml:27559:3: error: <md> is not allowed here.
logs\main-assembled.xml:27563:3: error: <md> is not allowed here.
logs\main-assembled.xml:27569:3: error: <md> is not allowed here.
logs\main-assembled.xml:27577:3: error: <md> is not allowed here.
logs\main-assembled.xml:27619:5: error: <image> is not allowed here.
logs\main-assembled.xml:27640:9: error: <md> is not allowed here.
logs\main-assembled.xml:27649:8: error: Missing required content. Expected one of: <p>, <blockquote>, <pre>, <image>, <video>, <audio>, <program>, <console>, <tabular>, <figure>, <table>, <listing>, … (7 more).
logs\main-assembled.xml:27670:3: error: <subsection> is not allowed here.
logs\main-assembled.xml:27679:9: error: <md> is not allowed here.
logs\main-assembled.xml:27681:9: error: <md> is not allowed here.
logs\main-assembled.xml:27690:3: error: <md> is not allowed here.
logs\main-assembled.xml:27694:3: error: <md> is not allowed here.
logs\main-assembled.xml:27700:3: error: <md> is not allowed here.
logs\main-assembled.xml:27704:3: error: <md> is not allowed here.
logs\main-assembled.xml:27741:3: error: <md> is not allowed here.
logs\main-assembled.xml:27745:3: error: <md> is not allowed here.
logs\main-assembled.xml:27749:3: error: <md> is not allowed here.
logs\main-assembled.xml:27754:3: error: <md> is not allowed here.
logs\main-assembled.xml:27788:3: error: <subsection> is not allowed here.
logs\main-assembled.xml:27798:9: error: <md> is not allowed here.
logs\main-assembled.xml:27801:9: error: <md> is not allowed here.
logs\main-assembled.xml:27813:9: error: <md> is not allowed here.
logs\main-assembled.xml:27816:9: error: <md> is not allowed here.
logs\main-assembled.xml:27843:3: error: <md> is not allowed here.
logs\main-assembled.xml:27848:3: error: <md> is not allowed here.
logs\main-assembled.xml:27890:3: error: <subsection> is not allowed here.
logs\main-assembled.xml:27904:9: error: <md> is not allowed here.
logs\main-assembled.xml:27915:3: error: <md> is not allowed here.
logs\main-assembled.xml:27919:3: error: <md> is not allowed here.
logs\main-assembled.xml:27923:3: error: <md> is not allowed here.
logs\main-assembled.xml:27929:3: error: <md> is not allowed here.
logs\main-assembled.xml:27934:3: error: <md> is not allowed here.
logs\main-assembled.xml:27941:3: error: <md> is not allowed here.
logs\main-assembled.xml:27945:3: error: <md> is not allowed here.
logs\main-assembled.xml:27949:3: error: <md> is not allowed here.
logs\main-assembled.xml:27968:3: error: <subsection> is not allowed here.
logs\main-assembled.xml:27978:3: error: <md> is not allowed here.
logs\main-assembled.xml:27982:3: error: <md> is not allowed here.
logs\main-assembled.xml:27987:3: error: <md> is not allowed here.
logs\main-assembled.xml:28000:3: error: <md> is not allowed here.
logs\main-assembled.xml:28004:3: error: <md> is not allowed here.
logs\main-assembled.xml:28020:3: error: <md> is not allowed here.
logs\main-assembled.xml:28026:3: error: <md> is not allowed here.
logs\main-assembled.xml:28032:3: error: <md> is not allowed here.
logs\main-assembled.xml:28036:3: error: <md> is not allowed here.
logs\main-assembled.xml:28040:3: error: <md> is not allowed here.
logs\main-assembled.xml:28045:3: error: <md> is not allowed here.
logs\main-assembled.xml:28051:3: error: <subsection> is not allowed here.
logs\main-assembled.xml:28060:9: error: <md> is not allowed here.
logs\main-assembled.xml:28100:3: error: <md> is not allowed here.
logs\main-assembled.xml:28104:3: error: <md> is not allowed here.
logs\main-assembled.xml:28108:3: error: <md> is not allowed here.
logs\main-assembled.xml:28118:3: error: <md> is not allowed here.
logs\main-assembled.xml:28122:3: error: <md> is not allowed here.
logs\main-assembled.xml:28126:3: error: <md> is not allowed here.
logs\main-assembled.xml:28133:3: error: <subsection> is not allowed here.
logs\main-assembled.xml:28152:3: error: <md> is not allowed here.
logs\main-assembled.xml:28161:3: error: <md> is not allowed here.
logs\main-assembled.xml:28165:3: error: <md> is not allowed here.
logs\main-assembled.xml:28178:3: error: <md> is not allowed here.
logs\main-assembled.xml:28182:3: error: <md> is not allowed here.
logs\main-assembled.xml:28194:3: error: <md> is not allowed here.
logs\main-assembled.xml:28209:3: error: <subsection> is not allowed here.
logs\main-assembled.xml:28220:9: error: <md> is not allowed here.
logs\main-assembled.xml:28254:3: error: <md> is not allowed here.
logs\main-assembled.xml:28258:3: error: <md> is not allowed here.
logs\main-assembled.xml:28262:3: error: <md> is not allowed here.
logs\main-assembled.xml:28266:3: error: <md> is not allowed here.
logs\main-assembled.xml:28270:3: error: <md> is not allowed here.
logs\main-assembled.xml:28276:3: error: <md> is not allowed here.
logs\main-assembled.xml:28292:3: error: <md> is not allowed here.
logs\main-assembled.xml:28296:3: error: <md> is not allowed here.
logs\main-assembled.xml:28300:3: error: <md> is not allowed here.
logs\main-assembled.xml:28304:3: error: <md> is not allowed here.
logs\main-assembled.xml:28312:3: error: <md> is not allowed here.
logs\main-assembled.xml:28319:3: error: <subsection> is not allowed here.
logs\main-assembled.xml:28324:3: error: <md> is not allowed here.
logs\main-assembled.xml:28326:3: error: <md> is not allowed here.
logs\main-assembled.xml:28330:3: error: <md> is not allowed here.
logs\main-assembled.xml:28360:3: error: <md> is not allowed here.
logs\main-assembled.xml:28368:3: error: <md> is not allowed here.
logs\main-assembled.xml:28372:3: error: <subsection> is not allowed here.
logs\main-assembled.xml:28378:3: error: <md> is not allowed here.
logs\main-assembled.xml:28382:3: error: <md> is not allowed here.
logs\main-assembled.xml:28387:3: error: <md> is not allowed here.
logs\main-assembled.xml:28394:3: error: <md> is not allowed here.
logs\main-assembled.xml:28438:3: error: <md> is not allowed here.
logs\main-assembled.xml:28443:3: error: <md> is not allowed here.
logs\main-assembled.xml:28451:3: error: <md> is not allowed here.
logs\main-assembled.xml:28455:3: error: <md> is not allowed here.
logs\main-assembled.xml:28459:3: error: <md> is not allowed here.
logs\main-assembled.xml:28481:3: error: <subsection> is not allowed here.
logs\main-assembled.xml:28489:3: error: <md> is not allowed here.
logs\main-assembled.xml:28493:3: error: <md> is not allowed here.
logs\main-assembled.xml:28499:3: error: <md> is not allowed here.
logs\main-assembled.xml:28503:3: error: <md> is not allowed here.
logs\main-assembled.xml:28541:9: error: <md> is not allowed here.
logs\main-assembled.xml:28543:9: error: <md> is not allowed here.
logs\main-assembled.xml:28556:3: error: <md> is not allowed here.
logs\main-assembled.xml:28562:3: error: <md> is not allowed here.
logs\main-assembled.xml:28570:3: error: <md> is not allowed here.
logs\main-assembled.xml:28576:3: error: <subsection> is not allowed here.
logs\main-assembled.xml:28586:3: error: <md> is not allowed here.
logs\main-assembled.xml:28596:3: error: <md> is not allowed here.
logs\main-assembled.xml:28602:3: error: <md> is not allowed here.
logs\main-assembled.xml:28615:3: error: <md> is not allowed here.
logs\main-assembled.xml:28619:3: error: <md> is not allowed here.
logs\main-assembled.xml:28625:3: error: <md> is not allowed here.
logs\main-assembled.xml:28629:3: error: <md> is not allowed here.
logs\main-assembled.xml:28640:3: error: <md> is not allowed here.
logs\main-assembled.xml:28644:3: error: <md> is not allowed here.
logs\main-assembled.xml:28648:3: error: <md> is not allowed here.
logs\main-assembled.xml:28654:3: error: <subsection> is not allowed here.
logs\main-assembled.xml:28665:9: error: <md> is not allowed here.
logs\main-assembled.xml:28673:3: error: <md> is not allowed here.
logs\main-assembled.xml:28677:3: error: <md> is not allowed here.
logs\main-assembled.xml:28690:3: error: <md> is not allowed here.
logs\main-assembled.xml:28694:3: error: <md> is not allowed here.
logs\main-assembled.xml:28702:3: error: <md> is not allowed here.
logs\main-assembled.xml:28706:3: error: <md> is not allowed here.
logs\main-assembled.xml:28710:3: error: <md> is not allowed here.
logs\main-assembled.xml:28726:3: error: <md> is not allowed here.
logs\main-assembled.xml:28732:3: error: <md> is not allowed here.
logs\main-assembled.xml:28736:3: error: <md> is not allowed here.
logs\main-assembled.xml:28740:3: error: <md> is not allowed here.
logs\main-assembled.xml:28744:3: error: <md> is not allowed here.
logs\main-assembled.xml:28752:3: error: <md> is not allowed here.
logs\main-assembled.xml:28756:3: error: <md> is not allowed here.
logs\main-assembled.xml:28762:3: error: <md> is not allowed here.
logs\main-assembled.xml:28766:3: error: <md> is not allowed here.
logs\main-assembled.xml:28770:3: error: <md> is not allowed here.
logs\main-assembled.xml:28774:3: error: <md> is not allowed here.
logs\main-assembled.xml:28780:3: error: <subsection> is not allowed here.
logs\main-assembled.xml:28791:3: error: <md> is not allowed here.
logs\main-assembled.xml:28801:3: error: <md> is not allowed here.
logs\main-assembled.xml:28805:3: error: <md> is not allowed here.
logs\main-assembled.xml:28809:3: error: <md> is not allowed here.
logs\main-assembled.xml:28820:3: error: <md> is not allowed here.
logs\main-assembled.xml:28824:3: error: <md> is not allowed here.
logs\main-assembled.xml:28853:3: error: <subsection> is not allowed here.
logs\main-assembled.xml:28872:3: error: <md> is not allowed here.
logs\main-assembled.xml:28876:3: error: <md> is not allowed here.
logs\main-assembled.xml:28880:3: error: <md> is not allowed here.
logs\main-assembled.xml:28884:3: error: <md> is not allowed here.
logs\main-assembled.xml:28892:9: error: <md> is not allowed here.
logs\main-assembled.xml:28895:9: error: <md> is not allowed here.
logs\main-assembled.xml:28906:3: error: <md> is not allowed here.
logs\main-assembled.xml:28910:3: error: <md> is not allowed here.
logs\main-assembled.xml:28914:3: error: <md> is not allowed here.
logs\main-assembled.xml:28918:3: error: <md> is not allowed here.
logs\main-assembled.xml:28941:3: error: <subsection> is not allowed here.
logs\main-assembled.xml:28952:9: error: <md> is not allowed here.
logs\main-assembled.xml:28955:9: error: <md> is not allowed here.
logs\main-assembled.xml:28965:3: error: <md> is not allowed here.
logs\main-assembled.xml:28969:3: error: <md> is not allowed here.
logs\main-assembled.xml:28973:3: error: <md> is not allowed here.
logs\main-assembled.xml:28977:3: error: <md> is not allowed here.
logs\main-assembled.xml:28981:3: error: <md> is not allowed here.
logs\main-assembled.xml:28987:3: error: <md> is not allowed here.
logs\main-assembled.xml:28991:3: error: <md> is not allowed here.
logs\main-assembled.xml:29012:3: error: <subsection> is not allowed here.
logs\main-assembled.xml:29020:3: error: <md> is not allowed here.
logs\main-assembled.xml:29024:3: error: <md> is not allowed here.
logs\main-assembled.xml:29028:3: error: <md> is not allowed here.
logs\main-assembled.xml:29036:3: error: <md> is not allowed here.
logs\main-assembled.xml:29046:3: error: <subsection> is not allowed here.
logs\main-assembled.xml:29078:3: error: <subsection> is not allowed here.
logs\main-assembled.xml:29083:3: error: <md> is not allowed here.
logs\main-assembled.xml:29087:3: error: <md> is not allowed here.
logs\main-assembled.xml:29091:3: error: <md> is not allowed here.
logs\main-assembled.xml:29098:3: error: <md> is not allowed here.
logs\main-assembled.xml:29102:3: error: <md> is not allowed here.
logs\main-assembled.xml:29107:3: error: <md> is not allowed here.
logs\main-assembled.xml:29145:9: error: <md> is not allowed here.
logs\main-assembled.xml:29149:9: error: <md> is not allowed here.
logs\main-assembled.xml:29151:9: error: <md> is not allowed here.
logs\main-assembled.xml:29158:3: error: <md> is not allowed here.
logs\main-assembled.xml:29162:3: error: <md> is not allowed here.
logs\main-assembled.xml:29166:3: error: <md> is not allowed here.
logs\main-assembled.xml:29170:3: error: <md> is not allowed here.
logs\main-assembled.xml:29190:3: error: <subsection> is not allowed here.
logs\main-assembled.xml:29211:3: error: <md> is not allowed here.
logs\main-assembled.xml:29215:3: error: <md> is not allowed here.
logs\main-assembled.xml:29226:9: error: <md> is not allowed here.
logs\main-assembled.xml:29229:9: error: <md> is not allowed here.
logs\main-assembled.xml:29282:3: error: <subsection> is not allowed here.
logs\main-assembled.xml:29287:3: error: <md> is not allowed here.
logs\main-assembled.xml:29291:3: error: <md> is not allowed here.
logs\main-assembled.xml:29295:3: error: <md> is not allowed here.
logs\main-assembled.xml:29299:3: error: <md> is not allowed here.
logs\main-assembled.xml:29338:5: error: <image> is not allowed here.
logs\main-assembled.xml:29357:3: error: <subsection> is not allowed here.
logs\main-assembled.xml:29370:3: error: <md> is not allowed here.
logs\main-assembled.xml:29374:3: error: <md> is not allowed here.
logs\main-assembled.xml:29398:3: error: <md> is not allowed here.
logs\main-assembled.xml:29402:3: error: <md> is not allowed here.
logs\main-assembled.xml:29416:3: error: <md> is not allowed here.
logs\main-assembled.xml:29420:3: error: <md> is not allowed here.
logs\main-assembled.xml:29426:3: error: <md> is not allowed here.
logs\main-assembled.xml:29430:3: error: <md> is not allowed here.
logs\main-assembled.xml:29435:3: error: <md> is not allowed here.
logs\main-assembled.xml:29446:3: error: <subsection> is not allowed here.
logs\main-assembled.xml:29454:3: error: <md> is not allowed here.
logs\main-assembled.xml:29458:3: error: <md> is not allowed here.
logs\main-assembled.xml:29466:3: error: <md> is not allowed here.
logs\main-assembled.xml:29475:9: error: <md> is not allowed here.
logs\main-assembled.xml:29478:9: error: <md> is not allowed here.
logs\main-assembled.xml:29481:9: error: <md> is not allowed here.
logs\main-assembled.xml:29490:3: error: <md> is not allowed here.
logs\main-assembled.xml:29497:3: error: <md> is not allowed here.
logs\main-assembled.xml:29501:3: error: <md> is not allowed here.
logs\main-assembled.xml:29505:3: error: <md> is not allowed here.
logs\main-assembled.xml:29512:3: error: <md> is not allowed here.
logs\main-assembled.xml:29538:3: error: <md> is not allowed here.
logs\main-assembled.xml:29542:3: error: <md> is not allowed here.
logs\main-assembled.xml:29546:3: error: <md> is not allowed here.
logs\main-assembled.xml:29554:3: error: <md> is not allowed here.
logs\main-assembled.xml:29558:3: error: <md> is not allowed here.
logs\main-assembled.xml:29562:3: error: <md> is not allowed here.
logs\main-assembled.xml:29566:3: error: <md> is not allowed here.
logs\main-assembled.xml:29570:3: error: <md> is not allowed here.
logs\main-assembled.xml:29577:3: error: <subsection> is not allowed here.
logs\main-assembled.xml:29582:3: error: <md> is not allowed here.
logs\main-assembled.xml:29593:3: error: <md> is not allowed here.
logs\main-assembled.xml:29597:3: error: <md> is not allowed here.
logs\main-assembled.xml:29603:3: error: <md> is not allowed here.
logs\main-assembled.xml:29616:3: error: <md> is not allowed here.
logs\main-assembled.xml:29620:3: error: <md> is not allowed here.
logs\main-assembled.xml:29626:3: error: <md> is not allowed here.
logs\main-assembled.xml:29639:3: error: <md> is not allowed here.
logs\main-assembled.xml:29643:3: error: <md> is not allowed here.
logs\main-assembled.xml:29649:3: error: <md> is not allowed here.
logs\main-assembled.xml:29656:3: error: <md> is not allowed here.
logs\main-assembled.xml:29665:3: error: <subsection> is not allowed here.
logs\main-assembled.xml:29673:3: error: <md> is not allowed here.
logs\main-assembled.xml:29675:3: error: <md> is not allowed here.
logs\main-assembled.xml:29693:3: error: <md> is not allowed here.
logs\main-assembled.xml:29695:3: error: <md> is not allowed here.
logs\main-assembled.xml:29702:3: error: <subsection> is not allowed here.
logs\main-assembled.xml:29707:3: error: <md> is not allowed here.
logs\main-assembled.xml:29714:3: error: <md> is not allowed here.
logs\main-assembled.xml:29718:3: error: <md> is not allowed here.
logs\main-assembled.xml:29722:3: error: <md> is not allowed here.
logs\main-assembled.xml:29735:3: error: <md> is not allowed here.
logs\main-assembled.xml:29741:3: error: <md> is not allowed here.
logs\main-assembled.xml:29747:3: error: <md> is not allowed here.
logs\main-assembled.xml:29751:3: error: <md> is not allowed here.
logs\main-assembled.xml:29755:3: error: <md> is not allowed here.
logs\main-assembled.xml:29759:3: error: <md> is not allowed here.
logs\main-assembled.xml:29763:3: error: <md> is not allowed here.
logs\main-assembled.xml:29815:3: error: <md> is not allowed here.
logs\main-assembled.xml:29817:3: error: <md> is not allowed here.
logs\main-assembled.xml:29821:3: error: <md> is not allowed here.
logs\main-assembled.xml:29825:3: error: <md> is not allowed here.
logs\main-assembled.xml:29831:3: error: <md> is not allowed here.
logs\main-assembled.xml:29843:3: error: <md> is not allowed here.
logs\main-assembled.xml:29863:3: error: <subsection> is not allowed here.
logs\main-assembled.xml:29874:9: error: <md> is not allowed here.
logs\main-assembled.xml:29877:9: error: <md> is not allowed here.
logs\main-assembled.xml:29903:3: error: <md> is not allowed here.
logs\main-assembled.xml:29907:3: error: <md> is not allowed here.
logs\main-assembled.xml:29911:3: error: <md> is not allowed here.
logs\main-assembled.xml:29915:3: error: <md> is not allowed here.
logs\main-assembled.xml:29919:3: error: <md> is not allowed here.
logs\main-assembled.xml:29923:3: error: <md> is not allowed here.
logs\main-assembled.xml:29927:3: error: <note> is not allowed here.
logs\main-assembled.xml:29944:3: error: <md> is not allowed here.
logs\main-assembled.xml:29948:3: error: <md> is not allowed here.
logs\main-assembled.xml:29952:3: error: <md> is not allowed here.
logs\main-assembled.xml:29956:3: error: <md> is not allowed here.
logs\main-assembled.xml:29960:3: error: <md> is not allowed here.
logs\main-assembled.xml:29966:3: error: <note> is not allowed here.
logs\main-assembled.xml:29982:3: error: <md> is not allowed here.
logs\main-assembled.xml:29986:3: error: <md> is not allowed here.
logs\main-assembled.xml:29992:3: error: <md> is not allowed here.
logs\main-assembled.xml:29996:3: error: <md> is not allowed here.
logs\main-assembled.xml:30003:3: error: <md> is not allowed here.
logs\main-assembled.xml:30013:3: error: <subsection> is not allowed here.
logs\main-assembled.xml:30020:9: error: <md> is not allowed here.
logs\main-assembled.xml:30032:8: error: Missing required content. Expected one of: <p>, <blockquote>, <pre>, <image>, <video>, <audio>, <program>, <console>, <tabular>, <figure>, <table>, <listing>, … (7 more).
logs\main-assembled.xml:30043:3: error: <md> is not allowed here.
logs\main-assembled.xml:30052:3: error: <md> is not allowed here.
logs\main-assembled.xml:30056:3: error: <md> is not allowed here.
logs\main-assembled.xml:30060:3: error: <md> is not allowed here.
logs\main-assembled.xml:30070:3: error: <md> is not allowed here.
logs\main-assembled.xml:30080:3: error: <md> is not allowed here.
logs\main-assembled.xml:30084:3: error: <md> is not allowed here.
logs\main-assembled.xml:30088:3: error: <md> is not allowed here.
logs\main-assembled.xml:30096:3: error: <md> is not allowed here.
logs\main-assembled.xml:30105:3: error: <md> is not allowed here.
logs\main-assembled.xml:30109:3: error: <md> is not allowed here.
logs\main-assembled.xml:30114:3: error: <md> is not allowed here.
logs\main-assembled.xml:30118:3: error: <md> is not allowed here.
logs\main-assembled.xml:30122:3: error: <md> is not allowed here.
logs\main-assembled.xml:30130:3: error: <md> is not allowed here.
logs\main-assembled.xml:30136:3: error: <md> is not allowed here.
logs\main-assembled.xml:30140:3: error: <md> is not allowed here.
logs\main-assembled.xml:30148:3: error: <md> is not allowed here.
logs\main-assembled.xml:30154:3: error: <md> is not allowed here.
logs\main-assembled.xml:30162:3: error: <md> is not allowed here.
logs\main-assembled.xml:30168:3: error: <md> is not allowed here.
logs\main-assembled.xml:30172:3: error: <md> is not allowed here.
logs\main-assembled.xml:30176:3: error: <md> is not allowed here.
logs\main-assembled.xml:30180:3: error: <md> is not allowed here.
logs\main-assembled.xml:30210:3: error: <md> is not allowed here.
logs\main-assembled.xml:30214:3: error: <md> is not allowed here.
logs\main-assembled.xml:30218:3: error: <md> is not allowed here.
logs\main-assembled.xml:30226:3: error: <md> is not allowed here.
logs\main-assembled.xml:30234:3: error: <md> is not allowed here.
logs\main-assembled.xml:30245:3: error: <md> is not allowed here.
logs\main-assembled.xml:30249:3: error: <md> is not allowed here.
logs\main-assembled.xml:30253:3: error: <md> is not allowed here.
logs\main-assembled.xml:30257:3: error: <md> is not allowed here.
logs\main-assembled.xml:30268:3: error: <md> is not allowed here.
logs\main-assembled.xml:30272:3: error: <md> is not allowed here.
logs\main-assembled.xml:30280:3: error: <md> is not allowed here.
logs\main-assembled.xml:30355:3: error: <subsection> is not allowed here.
logs\main-assembled.xml:30369:3: error: <md> is not allowed here.
logs\main-assembled.xml:30373:3: error: <md> is not allowed here.
logs\main-assembled.xml:30377:3: error: <md> is not allowed here.
logs\main-assembled.xml:30381:3: error: <md> is not allowed here.
logs\main-assembled.xml:30386:3: error: <md> is not allowed here.
logs\main-assembled.xml:30396:3: error: <md> is not allowed here.
logs\main-assembled.xml:30401:3: error: <md> is not allowed here.
logs\main-assembled.xml:30410:3: error: <md> is not allowed here.
logs\main-assembled.xml:30412:3: error: <md> is not allowed here.
logs\main-assembled.xml:30414:3: error: <md> is not allowed here.
logs\main-assembled.xml:30416:3: error: <md> is not allowed here.
logs\main-assembled.xml:30437:3: error: <subsection> is not allowed here.
logs\main-assembled.xml:30445:3: error: <md> is not allowed here.
logs\main-assembled.xml:30465:3: error: <md> is not allowed here.
logs\main-assembled.xml:30469:3: error: <md> is not allowed here.
logs\main-assembled.xml:30476:3: error: <subsection> is not allowed here.
logs\main-assembled.xml:30481:3: error: <md> is not allowed here.
logs\main-assembled.xml:30487:3: error: <md> is not allowed here.
logs\main-assembled.xml:30493:3: error: <md> is not allowed here.
logs\main-assembled.xml:30495:3: error: <md> is not allowed here.
logs\main-assembled.xml:30497:3: error: <md> is not allowed here.
logs\main-assembled.xml:30501:3: error: <md> is not allowed here.
logs\main-assembled.xml:30505:3: error: <md> is not allowed here.
logs\main-assembled.xml:30511:3: error: <md> is not allowed here.
logs\main-assembled.xml:30519:3: error: <md> is not allowed here.
logs\main-assembled.xml:30521:3: error: <md> is not allowed here.
logs\main-assembled.xml:30525:3: error: <md> is not allowed here.
logs\main-assembled.xml:30546:3: error: <subsection> is not allowed here.
logs\main-assembled.xml:30551:3: error: <md> is not allowed here.
logs\main-assembled.xml:30555:3: error: <md> is not allowed here.
logs\main-assembled.xml:30561:3: error: <md> is not allowed here.
logs\main-assembled.xml:30567:3: error: <md> is not allowed here.
logs\main-assembled.xml:30571:3: error: <md> is not allowed here.
logs\main-assembled.xml:30575:3: error: <md> is not allowed here.
logs\main-assembled.xml:30579:3: error: <md> is not allowed here.
logs\main-assembled.xml:30583:3: error: <md> is not allowed here.
logs\main-assembled.xml:30590:3: error: <md> is not allowed here.
logs\main-assembled.xml:30592:3: error: <md> is not allowed here.
logs\main-assembled.xml:30596:3: error: <md> is not allowed here.
logs\main-assembled.xml:30622:3: error: <subsection> is not allowed here.
logs\main-assembled.xml:30628:9: error: <md> is not allowed here.
logs\main-assembled.xml:30630:9: error: <md> is not allowed here.
logs\main-assembled.xml:30634:9: error: <md> is not allowed here.
logs\main-assembled.xml:30638:9: error: <md> is not allowed here.
logs\main-assembled.xml:30658:3: error: <md> is not allowed here.
logs\main-assembled.xml:30662:3: error: <md> is not allowed here.
logs\main-assembled.xml:30666:3: error: <md> is not allowed here.
logs\main-assembled.xml:30672:3: error: <md> is not allowed here.
logs\main-assembled.xml:30680:3: error: <md> is not allowed here.
logs\main-assembled.xml:30691:3: error: <md> is not allowed here.
logs\main-assembled.xml:30695:3: error: <md> is not allowed here.
logs\main-assembled.xml:30701:3: error: <md> is not allowed here.
logs\main-assembled.xml:30709:3: error: <md> is not allowed here.
logs\main-assembled.xml:30723:3: error: <md> is not allowed here.
logs\main-assembled.xml:30728:3: error: <md> is not allowed here.
logs\main-assembled.xml:30734:3: error: <md> is not allowed here.
logs\main-assembled.xml:30742:3: error: <md> is not allowed here.
logs\main-assembled.xml:30751:3: error: <subsection> is not allowed here.
logs\main-assembled.xml:30762:9: error: <md> is not allowed here.
logs\main-assembled.xml:30766:9: error: <md> is not allowed here.
logs\main-assembled.xml:30777:3: error: <md> is not allowed here.
logs\main-assembled.xml:30783:3: error: <md> is not allowed here.
logs\main-assembled.xml:30787:3: error: <md> is not allowed here.
logs\main-assembled.xml:30791:3: error: <md> is not allowed here.
logs\main-assembled.xml:30795:3: error: <md> is not allowed here.
logs\main-assembled.xml:30807:3: error: <md> is not allowed here.
logs\main-assembled.xml:30814:3: error: <md> is not allowed here.
logs\main-assembled.xml:30820:3: error: <md> is not allowed here.
logs\main-assembled.xml:30824:3: error: <md> is not allowed here.
logs\main-assembled.xml:30830:3: error: <md> is not allowed here.
logs\main-assembled.xml:30834:3: error: <md> is not allowed here.
logs\main-assembled.xml:30838:3: error: <md> is not allowed here.
logs\main-assembled.xml:30847:3: error: <subsection> is not allowed here.
logs\main-assembled.xml:30855:3: error: <md> is not allowed here.
logs\main-assembled.xml:30872:3: error: <md> is not allowed here.
logs\main-assembled.xml:30876:3: error: <md> is not allowed here.
logs\main-assembled.xml:30880:3: error: <md> is not allowed here.
logs\main-assembled.xml:30884:3: error: <md> is not allowed here.
logs\main-assembled.xml:30888:3: error: <md> is not allowed here.
logs\main-assembled.xml:30894:3: error: <md> is not allowed here.
logs\main-assembled.xml:30905:3: error: <md> is not allowed here.
logs\main-assembled.xml:30917:3: error: <md> is not allowed here.
logs\main-assembled.xml:30922:3: error: <md> is not allowed here.
logs\main-assembled.xml:30928:3: error: <md> is not allowed here.
logs\main-assembled.xml:30936:3: error: <md> is not allowed here.
logs\main-assembled.xml:30946:3: error: <md> is not allowed here.
logs\main-assembled.xml:30958:3: error: <md> is not allowed here.
logs\main-assembled.xml:30965:3: error: <md> is not allowed here.
logs\main-assembled.xml:30969:3: error: <md> is not allowed here.
logs\main-assembled.xml:30973:3: error: <md> is not allowed here.
logs\main-assembled.xml:30977:3: error: <md> is not allowed here.
logs\main-assembled.xml:30981:3: error: <md> is not allowed here.
logs\main-assembled.xml:30985:3: error: <md> is not allowed here.
logs\main-assembled.xml:30997:3: error: <md> is not allowed here.
logs\main-assembled.xml:31001:3: error: <md> is not allowed here.
logs\main-assembled.xml:31005:3: error: <md> is not allowed here.
logs\main-assembled.xml:31009:3: error: <md> is not allowed here.
logs\main-assembled.xml:31013:3: error: <md> is not allowed here.
logs\main-assembled.xml:31017:3: error: <md> is not allowed here.
logs\main-assembled.xml:31023:3: error: <md> is not allowed here.
logs\main-assembled.xml:31031:3: error: <md> is not allowed here.
logs\main-assembled.xml:31035:3: error: <md> is not allowed here.
logs\main-assembled.xml:31039:3: error: <md> is not allowed here.
logs\main-assembled.xml:31062:3: error: <subsection> is not allowed here.
logs\main-assembled.xml:31072:3: error: <md> is not allowed here.
logs\main-assembled.xml:31076:3: error: <md> is not allowed here.
logs\main-assembled.xml:31086:3: error: <md> is not allowed here.
logs\main-assembled.xml:31096:3: error: <md> is not allowed here.
logs\main-assembled.xml:31100:3: error: <md> is not allowed here.
logs\main-assembled.xml:31112:3: error: <md> is not allowed here.
logs\main-assembled.xml:31116:3: error: <md> is not allowed here.
logs\main-assembled.xml:31124:3: error: <md> is not allowed here.
logs\main-assembled.xml:31138:3: error: <subsection> is not allowed here.
logs\main-assembled.xml:31148:3: error: <md> is not allowed here.
logs\main-assembled.xml:31152:3: error: <md> is not allowed here.
logs\main-assembled.xml:31158:3: error: <md> is not allowed here.
logs\main-assembled.xml:31162:3: error: <md> is not allowed here.
logs\main-assembled.xml:31175:3: error: <md> is not allowed here.
logs\main-assembled.xml:31179:3: error: <md> is not allowed here.
logs\main-assembled.xml:31185:3: error: <md> is not allowed here.
logs\main-assembled.xml:31189:3: error: <md> is not allowed here.
logs\main-assembled.xml:31193:3: error: <md> is not allowed here.
logs\main-assembled.xml:31197:3: error: <md> is not allowed here.
logs\main-assembled.xml:31222:3: error: <subsection> is not allowed here.
logs\main-assembled.xml:31245:3: error: <md> is not allowed here.
logs\main-assembled.xml:31247:3: error: <md> is not allowed here.
logs\main-assembled.xml:31253:3: error: <subsection> is not allowed here.
logs\main-assembled.xml:31258:3: error: <md> is not allowed here.
logs\main-assembled.xml:31266:3: error: <md> is not allowed here.
logs\main-assembled.xml:31270:3: error: <md> is not allowed here.
logs\main-assembled.xml:31274:3: error: <md> is not allowed here.
logs\main-assembled.xml:31278:3: error: <md> is not allowed here.
logs\main-assembled.xml:31282:3: error: <md> is not allowed here.
logs\main-assembled.xml:31319:3: error: <md> is not allowed here.
logs\main-assembled.xml:31341:3: error: <subsection> is not allowed here.
logs\main-assembled.xml:31347:3: error: <md> is not allowed here.
logs\main-assembled.xml:31353:3: error: <md> is not allowed here.
logs\main-assembled.xml:31365:3: error: <md> is not allowed here.
logs\main-assembled.xml:31371:3: error: <md> is not allowed here.
logs\main-assembled.xml:31375:3: error: <md> is not allowed here.
logs\main-assembled.xml:31379:3: error: <md> is not allowed here.
logs\main-assembled.xml:31383:3: error: <md> is not allowed here.
logs\main-assembled.xml:31419:3: error: <md> is not allowed here.
logs\main-assembled.xml:31439:3: error: <subsection> is not allowed here.
logs\main-assembled.xml:31446:3: error: <md> is not allowed here.
logs\main-assembled.xml:31450:3: error: <md> is not allowed here.
logs\main-assembled.xml:31454:3: error: <md> is not allowed here.
logs\main-assembled.xml:31460:3: error: <md> is not allowed here.
logs\main-assembled.xml:31468:3: error: <md> is not allowed here.
logs\main-assembled.xml:31472:3: error: <md> is not allowed here.
logs\main-assembled.xml:31477:3: error: <md> is not allowed here.
logs\main-assembled.xml:31516:3: error: <md> is not allowed here.
logs\main-assembled.xml:31521:3: error: <subsection> is not allowed here.
logs\main-assembled.xml:31526:3: error: <md> is not allowed here.
logs\main-assembled.xml:31532:3: error: <md> is not allowed here.
logs\main-assembled.xml:31538:3: error: <md> is not allowed here.
logs\main-assembled.xml:31549:3: error: <md> is not allowed here.
logs\main-assembled.xml:31553:3: error: <md> is not allowed here.
logs\main-assembled.xml:31559:3: error: <md> is not allowed here.
logs\main-assembled.xml:31565:3: error: <md> is not allowed here.
logs\main-assembled.xml:31575:3: error: <md> is not allowed here.
logs\main-assembled.xml:31579:3: error: <md> is not allowed here.
logs\main-assembled.xml:31585:3: error: <md> is not allowed here.
logs\main-assembled.xml:31591:3: error: <md> is not allowed here.
logs\main-assembled.xml:31601:3: error: <md> is not allowed here.
logs\main-assembled.xml:31605:3: error: <md> is not allowed here.
logs\main-assembled.xml:31611:3: error: <md> is not allowed here.
logs\main-assembled.xml:31651:3: error: <md> is not allowed here.
logs\main-assembled.xml:31675:3: error: <subsection> is not allowed here.
logs\main-assembled.xml:31680:3: error: <md> is not allowed here.
logs\main-assembled.xml:31686:3: error: <md> is not allowed here.
logs\main-assembled.xml:31693:3: error: <md> is not allowed here.
logs\main-assembled.xml:31697:3: error: <md> is not allowed here.
logs\main-assembled.xml:31701:3: error: <md> is not allowed here.
logs\main-assembled.xml:31707:3: error: <md> is not allowed here.
logs\main-assembled.xml:31711:3: error: <md> is not allowed here.
logs\main-assembled.xml:31723:3: error: <md> is not allowed here.
logs\main-assembled.xml:31727:3: error: <md> is not allowed here.
logs\main-assembled.xml:31733:3: error: <md> is not allowed here.
logs\main-assembled.xml:31737:3: error: <md> is not allowed here.
logs\main-assembled.xml:31741:3: error: <md> is not allowed here.
logs\main-assembled.xml:31745:3: error: <md> is not allowed here.
logs\main-assembled.xml:31754:3: error: <md> is not allowed here.
logs\main-assembled.xml:31775:3: error: <subsection> is not allowed here.
logs\main-assembled.xml:31781:5: error: <tabular> is not allowed here.
logs\main-assembled.xml:31783:15: error: <strong> is not allowed here.
logs\main-assembled.xml:31784:15: error: <strong> is not allowed here.
logs\main-assembled.xml:31807:9: error: <title> is not allowed here.
logs\main-assembled.xml:31811:3: error: <md> is not allowed here.
logs\main-assembled.xml:31831:3: error: <md> is not allowed here.
logs\main-assembled.xml:31838:3: error: <subsection> is not allowed here.
logs\main-assembled.xml:31843:3: error: <md> is not allowed here.
logs\main-assembled.xml:31845:1: error: <strong> is not allowed here.
logs\main-assembled.xml:31845:41: error: <strong> is not allowed here.
logs\main-assembled.xml:31872:3: error: <md> is not allowed here.
logs\main-assembled.xml:31878:3: error: <md> is not allowed here.
logs\main-assembled.xml:31889:3: error: <md> is not allowed here.
logs\main-assembled.xml:31911:3: error: <subsection> is not allowed here.
logs\main-assembled.xml:31916:3: error: <md> is not allowed here.
logs\main-assembled.xml:31922:3: error: <md> is not allowed here.
logs\main-assembled.xml:31926:3: error: <md> is not allowed here.
logs\main-assembled.xml:31932:3: error: <md> is not allowed here.
logs\main-assembled.xml:31946:3: error: <md> is not allowed here.
logs\main-assembled.xml:31950:3: error: <md> is not allowed here.
logs\main-assembled.xml:31954:3: error: <md> is not allowed here.
logs\main-assembled.xml:31958:3: error: <md> is not allowed here.
logs\main-assembled.xml:31970:3: error: <md> is not allowed here.
logs\main-assembled.xml:32011:3: error: <md> is not allowed here.
logs\main-assembled.xml:32014:3: error: <subsection> is not allowed here.
logs\main-assembled.xml:32017:5: error: <ol> is not allowed here.
logs\main-assembled.xml:32055:11: error: <md> is not allowed here.
logs\main-assembled.xml:32059:14: error: Missing required content. Expected one of: <p>, <blockquote>, <pre>, <image>, <video>, <audio>, <program>, <console>, <tabular>, <figure>, <table>, <listing>, … (51 more).
logs\main-assembled.xml:32061:3: error: <subsection> is not allowed here.
logs\main-assembled.xml:32066:3: error: <md> is not allowed here.
logs\main-assembled.xml:32079:5: error: <ol> is not allowed here.
logs\main-assembled.xml:32107:11: error: <md> is not allowed here.
logs\main-assembled.xml:32118:11: error: <md> is not allowed here.
logs\main-assembled.xml:32130:3: error: <subsection> is not allowed here.
logs\main-assembled.xml:32133:5: error: <ol> is not allowed here.
logs\main-assembled.xml:32136:11: error: <md> is not allowed here.
logs\main-assembled.xml:32138:11: error: <md> is not allowed here.
logs\main-assembled.xml:32142:11: error: <md> is not allowed here.
logs\main-assembled.xml:32144:11: error: <md> is not allowed here.
logs\main-assembled.xml:32148:11: error: <md> is not allowed here.
logs\main-assembled.xml:32150:11: error: <md> is not allowed here.
logs\main-assembled.xml:32154:11: error: <md> is not allowed here.
logs\main-assembled.xml:32156:11: error: <md> is not allowed here.
logs\main-assembled.xml:32160:11: error: <md> is not allowed here.
logs\main-assembled.xml:32162:11: error: <md> is not allowed here.
logs\main-assembled.xml:32167:11: error: <md> is not allowed here.
logs\main-assembled.xml:32169:11: error: <md> is not allowed here.
logs\main-assembled.xml:32173:14: error: Missing required content. Expected one of: <p>, <blockquote>, <pre>, <image>, <video>, <audio>, <program>, <console>, <tabular>, <figure>, <table>, <listing>, … (51 more).
logs\main-assembled.xml:32175:3: error: <subsection> is not allowed here.
logs\main-assembled.xml:32178:5: error: <ol> is not allowed here.
logs\main-assembled.xml:32181:11: error: <md> is not allowed here.
logs\main-assembled.xml:32183:11: error: <md> is not allowed here.
logs\main-assembled.xml:32185:11: error: <md> is not allowed here.
logs\main-assembled.xml:32189:11: error: <md> is not allowed here.
logs\main-assembled.xml:32191:11: error: <md> is not allowed here.
logs\main-assembled.xml:32196:11: error: <md> is not allowed here.
logs\main-assembled.xml:32198:11: error: <md> is not allowed here.
logs\main-assembled.xml:32203:11: error: <md> is not allowed here.
logs\main-assembled.xml:32205:11: error: <md> is not allowed here.
logs\main-assembled.xml:32210:11: error: <md> is not allowed here.
logs\main-assembled.xml:32218:11: error: <md> is not allowed here.
logs\main-assembled.xml:32228:11: error: <md> is not allowed here.
logs\main-assembled.xml:32251:3: error: <subsection> is not allowed here.
logs\main-assembled.xml:32254:5: error: <ol> is not allowed here.
logs\main-assembled.xml:32256:12: error: <strong> is not allowed here.
logs\main-assembled.xml:32259:11: error: <md> is not allowed here.
logs\main-assembled.xml:32264:12: error: <strong> is not allowed here.
logs\main-assembled.xml:32266:11: error: <md> is not allowed here.
logs\main-assembled.xml:32271:12: error: <strong> is not allowed here.
logs\main-assembled.xml:32273:11: error: <md> is not allowed here.
logs\main-assembled.xml:32275:11: error: <md> is not allowed here.
logs\main-assembled.xml:32279:12: error: <strong> is not allowed here.
logs\main-assembled.xml:32281:11: error: <md> is not allowed here.
logs\main-assembled.xml:32284:12: error: <strong> is not allowed here.
logs\main-assembled.xml:32286:11: error: <md> is not allowed here.
logs\main-assembled.xml:32290:12: error: <strong> is not allowed here.
logs\main-assembled.xml:32292:11: error: <md> is not allowed here.
logs\main-assembled.xml:32298:12: error: <strong> is not allowed here.
logs\main-assembled.xml:32300:11: error: <md> is not allowed here.
logs\main-assembled.xml:32302:11: error: <md> is not allowed here.
logs\main-assembled.xml:32306:14: error: Missing required content. Expected one of: <p>, <blockquote>, <pre>, <image>, <video>, <audio>, <program>, <console>, <tabular>, <figure>, <table>, <listing>, … (51 more).
logs\main-assembled.xml:32308:3: error: <subsection> is not allowed here.
logs\main-assembled.xml:32314:5: error: <ol> is not allowed here.
logs\main-assembled.xml:32341:9: error: <p> is not allowed here.
logs\main-assembled.xml:32345:9: error: <p> is not allowed here.
logs\main-assembled.xml:32351:3: error: <subsection> is not allowed here.
logs\main-assembled.xml:32354:5: error: <ol> is not allowed here.
logs\main-assembled.xml:32372:11: error: <md> is not allowed here.
logs\main-assembled.xml:32379:11: error: <md> is not allowed here.
logs\main-assembled.xml:32410:3: error: <subsection> is not allowed here.
logs\main-assembled.xml:32415:3: error: <md> is not allowed here.
logs\main-assembled.xml:32419:3: error: <md> is not allowed here.
logs\main-assembled.xml:32423:3: error: <md> is not allowed here.
logs\main-assembled.xml:32436:3: error: <md> is not allowed here.
logs\main-assembled.xml:32446:3: error: <md> is not allowed here.
logs\main-assembled.xml:32453:3: error: <md> is not allowed here.
logs\main-assembled.xml:32457:3: error: <md> is not allowed here.
logs\main-assembled.xml:32463:3: error: <md> is not allowed here.
logs\main-assembled.xml:32467:3: error: <md> is not allowed here.
logs\main-assembled.xml:32472:5: error: <ol> is not allowed here.
logs\main-assembled.xml:32475:11: error: <md> is not allowed here.
logs\main-assembled.xml:32500:11: error: <md> is not allowed here.
logs\main-assembled.xml:32512:14: error: Missing required content. Expected one of: <p>, <blockquote>, <pre>, <image>, <video>, <audio>, <program>, <console>, <tabular>, <figure>, <table>, <listing>, … (47 more).
logs\main-assembled.xml:32520:3: error: <md> is not allowed here.
logs\main-assembled.xml:32542:3: error: <subsection> is not allowed here.
logs\main-assembled.xml:32545:5: error: <ol> is not allowed here.
logs\main-assembled.xml:32547:12: error: <strong> is not allowed here.
logs\main-assembled.xml:32552:12: error: <strong> is not allowed here.
logs\main-assembled.xml:32554:11: error: <md> is not allowed here.
logs\main-assembled.xml:32556:11: error: <md> is not allowed here.
logs\main-assembled.xml:32560:12: error: <strong> is not allowed here.
logs\main-assembled.xml:32564:11: error: <md> is not allowed here.
logs\main-assembled.xml:32568:12: error: <strong> is not allowed here.
logs\main-assembled.xml:32573:12: error: <strong> is not allowed here.
logs\main-assembled.xml:32575:11: error: <md> is not allowed here.
logs\main-assembled.xml:32582:12: error: <strong> is not allowed here.
logs\main-assembled.xml:32584:11: error: <md> is not allowed here.
logs\main-assembled.xml:32589:12: error: <strong> is not allowed here.
logs\main-assembled.xml:32595:12: error: <strong> is not allowed here.
logs\main-assembled.xml:32597:11: error: <md> is not allowed here.
logs\main-assembled.xml:32599:11: error: <md> is not allowed here.
logs\main-assembled.xml:32603:14: error: Missing required content. Expected one of: <p>, <blockquote>, <pre>, <image>, <video>, <audio>, <program>, <console>, <tabular>, <figure>, <table>, <listing>, … (51 more).
logs\main-assembled.xml:32605:3: error: <subsection> is not allowed here.
logs\main-assembled.xml:32613:3: error: <md> is not allowed here.
logs\main-assembled.xml:32615:3: error: <md> is not allowed here.
logs\main-assembled.xml:32617:3: error: <md> is not allowed here.
logs\main-assembled.xml:32619:3: error: <md> is not allowed here.
logs\main-assembled.xml:32642:3: error: <md> is not allowed here.
logs\main-assembled.xml:32644:3: error: <md> is not allowed here.
logs\main-assembled.xml:32646:3: error: <md> is not allowed here.
logs\main-assembled.xml:32648:3: error: <md> is not allowed here.
logs\main-assembled.xml:32666:3: error: <md> is not allowed here.
logs\main-assembled.xml:32672:3: error: <subsection> is not allowed here.
logs\main-assembled.xml:32677:3: error: <md> is not allowed here.
logs\main-assembled.xml:32681:3: error: <md> is not allowed here.
logs\main-assembled.xml:32686:3: error: <md> is not allowed here.
logs\main-assembled.xml:32690:3: error: <md> is not allowed here.
logs\main-assembled.xml:32694:3: error: <md> is not allowed here.
logs\main-assembled.xml:32718:3: error: <md> is not allowed here.
logs\main-assembled.xml:32722:3: error: <md> is not allowed here.
logs\main-assembled.xml:32728:3: error: <md> is not allowed here.
logs\main-assembled.xml:32733:3: error: <md> is not allowed here.
logs\main-assembled.xml:32739:3: error: <md> is not allowed here.
logs\main-assembled.xml:32743:3: error: <md> is not allowed here.
logs\main-assembled.xml:32747:3: error: <md> is not allowed here.
logs\main-assembled.xml:32755:3: error: <note> is not allowed here.
logs\main-assembled.xml:32765:3: error: <md> is not allowed here.
logs\main-assembled.xml:32773:3: error: <subsection> is not allowed here.
logs\main-assembled.xml:32781:3: error: <md> is not allowed here.
logs\main-assembled.xml:32785:3: error: <md> is not allowed here.
logs\main-assembled.xml:32789:3: error: <md> is not allowed here.
logs\main-assembled.xml:32795:9: error: <md> is not allowed here.
logs\main-assembled.xml:32805:8: error: Missing required content. Expected one of: <p>, <blockquote>, <pre>, <image>, <video>, <audio>, <program>, <console>, <tabular>, <figure>, <table>, <listing>, … (7 more).
logs\main-assembled.xml:32814:3: error: <md> is not allowed here.
logs\main-assembled.xml:32818:3: error: <md> is not allowed here.
logs\main-assembled.xml:32822:3: error: <md> is not allowed here.
logs\main-assembled.xml:32843:3: error: <subsection> is not allowed here.
logs\main-assembled.xml:32855:3: error: <md> is not allowed here.
logs\main-assembled.xml:32862:3: error: <md> is not allowed here.
logs\main-assembled.xml:32866:3: error: <md> is not allowed here.
logs\main-assembled.xml:32870:3: error: <md> is not allowed here.
logs\main-assembled.xml:32874:3: error: <md> is not allowed here.
logs\main-assembled.xml:32878:3: error: <md> is not allowed here.
logs\main-assembled.xml:32882:3: error: <md> is not allowed here.
logs\main-assembled.xml:32888:3: error: <md> is not allowed here.
logs\main-assembled.xml:32892:3: error: <md> is not allowed here.
logs\main-assembled.xml:32896:3: error: <md> is not allowed here.
logs\main-assembled.xml:32900:3: error: <md> is not allowed here.
logs\main-assembled.xml:32904:3: error: <md> is not allowed here.
logs\main-assembled.xml:32908:3: error: <md> is not allowed here.
logs\main-assembled.xml:32957:3: error: <md> is not allowed here.
logs\main-assembled.xml:32963:3: error: <md> is not allowed here.
logs\main-assembled.xml:32965:3: error: <md> is not allowed here.
logs\main-assembled.xml:32969:3: error: <md> is not allowed here.
logs\main-assembled.xml:32973:3: error: <md> is not allowed here.
logs\main-assembled.xml:32977:3: error: <md> is not allowed here.
logs\main-assembled.xml:32981:3: error: <md> is not allowed here.
logs\main-assembled.xml:32985:3: error: <md> is not allowed here.
logs\main-assembled.xml:32989:3: error: <md> is not allowed here.
logs\main-assembled.xml:32993:3: error: <md> is not allowed here.
logs\main-assembled.xml:32997:3: error: <md> is not allowed here.
logs\main-assembled.xml:33001:3: error: <md> is not allowed here.
logs\main-assembled.xml:33005:3: error: <md> is not allowed here.
logs\main-assembled.xml:33009:3: error: <md> is not allowed here.
logs\main-assembled.xml:33067:3: error: <md> is not allowed here.
logs\main-assembled.xml:33073:3: error: <md> is not allowed here.
logs\main-assembled.xml:33075:3: error: <md> is not allowed here.
logs\main-assembled.xml:33079:3: error: <md> is not allowed here.
logs\main-assembled.xml:33083:3: error: <md> is not allowed here.
logs\main-assembled.xml:33090:3: error: <md> is not allowed here.
logs\main-assembled.xml:33094:3: error: <md> is not allowed here.
logs\main-assembled.xml:33098:3: error: <md> is not allowed here.
logs\main-assembled.xml:33106:3: error: <md> is not allowed here.
logs\main-assembled.xml:33112:3: error: <md> is not allowed here.
logs\main-assembled.xml:33118:3: error: <md> is not allowed here.
logs\main-assembled.xml:33125:3: error: <md> is not allowed here.
logs\main-assembled.xml:33168:3: error: <subsection> is not allowed here.
logs\main-assembled.xml:33176:3: error: <md> is not allowed here.
logs\main-assembled.xml:33180:3: error: <md> is not allowed here.
logs\main-assembled.xml:33184:3: error: <md> is not allowed here.
logs\main-assembled.xml:33188:3: error: <md> is not allowed here.
logs\main-assembled.xml:33196:3: error: <md> is not allowed here.
logs\main-assembled.xml:33200:3: error: <md> is not allowed here.
logs\main-assembled.xml:33209:3: error: <md> is not allowed here.
logs\main-assembled.xml:33213:3: error: <md> is not allowed here.
logs\main-assembled.xml:33221:9: error: <md> is not allowed here.
logs\main-assembled.xml:33222:9: error: <md> is not allowed here.
logs\main-assembled.xml:33223:9: error: <md> is not allowed here.
logs\main-assembled.xml:33256:3: error: <md> is not allowed here.
logs\main-assembled.xml:33260:3: error: <md> is not allowed here.
logs\main-assembled.xml:33262:3: error: <md> is not allowed here.
logs\main-assembled.xml:33264:3: error: <md> is not allowed here.
logs\main-assembled.xml:33268:3: error: <md> is not allowed here.
logs\main-assembled.xml:33276:3: error: <subsection> is not allowed here.
logs\main-assembled.xml:33287:3: error: <md> is not allowed here.
logs\main-assembled.xml:33291:3: error: <md> is not allowed here.
logs\main-assembled.xml:33295:3: error: <md> is not allowed here.
logs\main-assembled.xml:33299:3: error: <md> is not allowed here.
logs\main-assembled.xml:33303:3: error: <md> is not allowed here.
logs\main-assembled.xml:33307:3: error: <md> is not allowed here.
logs\main-assembled.xml:33311:3: error: <md> is not allowed here.
logs\main-assembled.xml:33317:3: error: <md> is not allowed here.
logs\main-assembled.xml:33324:3: error: <md> is not allowed here.
logs\main-assembled.xml:33328:3: error: <md> is not allowed here.
logs\main-assembled.xml:33332:3: error: <md> is not allowed here.
logs\main-assembled.xml:33336:3: error: <md> is not allowed here.
logs\main-assembled.xml:33340:3: error: <md> is not allowed here.
logs\main-assembled.xml:33374:9: error: <md> is not allowed here.
logs\main-assembled.xml:33381:8: error: Missing required content. Expected one of: <p>, <blockquote>, <pre>, <image>, <video>, <audio>, <program>, <console>, <tabular>, <figure>, <table>, <listing>, … (7 more).
logs\main-assembled.xml:33402:3: error: <subsection> is not allowed here.
logs\main-assembled.xml:33410:3: error: <md> is not allowed here.
logs\main-assembled.xml:33414:3: error: <md> is not allowed here.
logs\main-assembled.xml:33418:3: error: <md> is not allowed here.
logs\main-assembled.xml:33422:3: error: <md> is not allowed here.
logs\main-assembled.xml:33428:9: error: <md> is not allowed here.
logs\main-assembled.xml:33440:8: error: Missing required content. Expected one of: <p>, <blockquote>, <pre>, <image>, <video>, <audio>, <program>, <console>, <tabular>, <figure>, <table>, <listing>, … (7 more).
logs\main-assembled.xml:33463:3: error: <subsection> is not allowed here.
logs\main-assembled.xml:33478:3: error: <md> is not allowed here.
logs\main-assembled.xml:33482:3: error: <md> is not allowed here.
logs\main-assembled.xml:33486:3: error: <md> is not allowed here.
logs\main-assembled.xml:33490:3: error: <md> is not allowed here.
logs\main-assembled.xml:33497:3: error: <md> is not allowed here.
logs\main-assembled.xml:33501:3: error: <md> is not allowed here.
logs\main-assembled.xml:33507:3: error: <md> is not allowed here.
logs\main-assembled.xml:33513:3: error: <md> is not allowed here.
logs\main-assembled.xml:33519:3: error: <md> is not allowed here.
logs\main-assembled.xml:33527:3: error: <md> is not allowed here.
logs\main-assembled.xml:33529:3: error: <md> is not allowed here.
logs\main-assembled.xml:33531:3: error: <md> is not allowed here.
logs\main-assembled.xml:33535:3: error: <md> is not allowed here.
logs\main-assembled.xml:33539:3: error: <md> is not allowed here.
logs\main-assembled.xml:33589:3: error: <md> is not allowed here.
logs\main-assembled.xml:33593:3: error: <md> is not allowed here.
logs\main-assembled.xml:33597:3: error: <md> is not allowed here.
logs\main-assembled.xml:33601:3: error: <md> is not allowed here.
logs\main-assembled.xml:33605:3: error: <md> is not allowed here.
logs\main-assembled.xml:33609:3: error: <md> is not allowed here.
logs\main-assembled.xml:33615:3: error: <md> is not allowed here.
logs\main-assembled.xml:33620:3: error: <md> is not allowed here.
logs\main-assembled.xml:33624:3: error: <md> is not allowed here.
logs\main-assembled.xml:33628:3: error: <md> is not allowed here.
logs\main-assembled.xml:33632:3: error: <md> is not allowed here.
logs\main-assembled.xml:33636:3: error: <md> is not allowed here.
logs\main-assembled.xml:33640:3: error: <md> is not allowed here.
logs\main-assembled.xml:33644:3: error: <md> is not allowed here.
logs\main-assembled.xml:33679:3: error: <md> is not allowed here.
logs\main-assembled.xml:33695:3: error: <md> is not allowed here.
logs\main-assembled.xml:33701:3: error: <md> is not allowed here.
logs\main-assembled.xml:33705:3: error: <md> is not allowed here.
logs\main-assembled.xml:33709:3: error: <md> is not allowed here.
logs\main-assembled.xml:33713:3: error: <md> is not allowed here.
logs\main-assembled.xml:33721:3: error: <md> is not allowed here.
logs\main-assembled.xml:33727:3: error: <md> is not allowed here.
logs\main-assembled.xml:33733:3: error: <md> is not allowed here.
logs\main-assembled.xml:33739:3: error: <md> is not allowed here.
logs\main-assembled.xml:33743:3: error: <md> is not allowed here.
logs\main-assembled.xml:33747:3: error: <md> is not allowed here.
logs\main-assembled.xml:33751:3: error: <md> is not allowed here.
logs\main-assembled.xml:33806:3: error: <subsection> is not allowed here.
logs\main-assembled.xml:33819:9: error: <md> is not allowed here.
logs\main-assembled.xml:33831:3: error: <md> is not allowed here.
logs\main-assembled.xml:33835:3: error: <md> is not allowed here.
logs\main-assembled.xml:33841:3: error: <md> is not allowed here.
logs\main-assembled.xml:33854:3: error: <md> is not allowed here.
logs\main-assembled.xml:33858:3: error: <md> is not allowed here.
logs\main-assembled.xml:33862:3: error: <md> is not allowed here.
logs\main-assembled.xml:33867:3: error: <md> is not allowed here.
logs\main-assembled.xml:33871:3: error: <md> is not allowed here.
logs\main-assembled.xml:33876:3: error: <md> is not allowed here.
logs\main-assembled.xml:33921:3: error: <md> is not allowed here.
logs\main-assembled.xml:33929:3: error: <md> is not allowed here.
logs\main-assembled.xml:33934:3: error: <md> is not allowed here.
logs\main-assembled.xml:33938:3: error: <subsection> is not allowed here.
logs\main-assembled.xml:33945:3: error: <md> is not allowed here.
logs\main-assembled.xml:33949:3: error: <md> is not allowed here.
logs\main-assembled.xml:33953:3: error: <md> is not allowed here.
logs\main-assembled.xml:33957:3: error: <md> is not allowed here.
logs\main-assembled.xml:33961:3: error: <md> is not allowed here.
logs\main-assembled.xml:33965:3: error: <md> is not allowed here.
logs\main-assembled.xml:33969:3: error: <md> is not allowed here.
logs\main-assembled.xml:33973:3: error: <md> is not allowed here.
logs\main-assembled.xml:33981:3: error: <md> is not allowed here.
logs\main-assembled.xml:33985:3: error: <md> is not allowed here.
logs\main-assembled.xml:34027:9: error: <md> is not allowed here.
logs\main-assembled.xml:34031:9: error: <md> is not allowed here.
logs\main-assembled.xml:34042:3: error: <md> is not allowed here.
logs\main-assembled.xml:34046:3: error: <md> is not allowed here.
logs\main-assembled.xml:34050:3: error: <md> is not allowed here.
logs\main-assembled.xml:34054:3: error: <md> is not allowed here.
logs\main-assembled.xml:34058:3: error: <md> is not allowed here.
logs\main-assembled.xml:34062:3: error: <md> is not allowed here.
logs\main-assembled.xml:34066:3: error: <md> is not allowed here.
logs\main-assembled.xml:34070:3: error: <md> is not allowed here.
logs\main-assembled.xml:34074:3: error: <md> is not allowed here.
logs\main-assembled.xml:34078:3: error: <md> is not allowed here.
logs\main-assembled.xml:34082:3: error: <md> is not allowed here.
logs\main-assembled.xml:34094:3: error: <md> is not allowed here.
logs\main-assembled.xml:34098:3: error: <md> is not allowed here.
logs\main-assembled.xml:34102:3: error: <md> is not allowed here.
logs\main-assembled.xml:34106:3: error: <md> is not allowed here.
logs\main-assembled.xml:34112:3: error: <md> is not allowed here.
logs\main-assembled.xml:34116:3: error: <md> is not allowed here.
logs\main-assembled.xml:34143:3: error: <subsection> is not allowed here.
logs\main-assembled.xml:34148:3: error: <md> is not allowed here.
logs\main-assembled.xml:34152:3: error: <md> is not allowed here.
logs\main-assembled.xml:34156:3: error: <md> is not allowed here.
logs\main-assembled.xml:34160:3: error: <md> is not allowed here.
logs\main-assembled.xml:34164:3: error: <md> is not allowed here.
logs\main-assembled.xml:34168:3: error: <md> is not allowed here.
logs\main-assembled.xml:34172:3: error: <md> is not allowed here.
logs\main-assembled.xml:34181:3: error: <md> is not allowed here.
logs\main-assembled.xml:34185:3: error: <md> is not allowed here.
logs\main-assembled.xml:34191:3: error: <md> is not allowed here.
logs\main-assembled.xml:34195:3: error: <md> is not allowed here.
logs\main-assembled.xml:34199:3: error: <md> is not allowed here.
logs\main-assembled.xml:34203:3: error: <md> is not allowed here.
logs\main-assembled.xml:34207:3: error: <md> is not allowed here.
logs\main-assembled.xml:34211:3: error: <md> is not allowed here.
logs\main-assembled.xml:34219:3: error: <md> is not allowed here.
logs\main-assembled.xml:34254:3: error: <md> is not allowed here.
logs\main-assembled.xml:34267:3: error: <md> is not allowed here.
logs\main-assembled.xml:34271:3: error: <md> is not allowed here.
logs\main-assembled.xml:34277:3: error: <md> is not allowed here.
logs\main-assembled.xml:34300:3: error: <subsection> is not allowed here.
logs\main-assembled.xml:34308:3: error: <md> is not allowed here.
logs\main-assembled.xml:34314:3: error: <md> is not allowed here.
logs\main-assembled.xml:34320:3: error: <md> is not allowed here.
logs\main-assembled.xml:34329:3: error: <md> is not allowed here.
logs\main-assembled.xml:34333:3: error: <md> is not allowed here.
logs\main-assembled.xml:34337:3: error: <md> is not allowed here.
logs\main-assembled.xml:34341:3: error: <md> is not allowed here.
logs\main-assembled.xml:34345:3: error: <md> is not allowed here.
logs\main-assembled.xml:34353:3: error: <md> is not allowed here.
logs\main-assembled.xml:34359:3: error: <md> is not allowed here.
logs\main-assembled.xml:34367:3: error: <md> is not allowed here.
logs\main-assembled.xml:34377:3: error: <md> is not allowed here.
logs\main-assembled.xml:34383:3: error: <md> is not allowed here.
logs\main-assembled.xml:34387:3: error: <md> is not allowed here.
logs\main-assembled.xml:34398:3: error: <md> is not allowed here.
logs\main-assembled.xml:34402:3: error: <md> is not allowed here.
logs\main-assembled.xml:34406:3: error: <md> is not allowed here.
logs\main-assembled.xml:34408:3: error: <md> is not allowed here.
logs\main-assembled.xml:34416:3: error: <md> is not allowed here.
logs\main-assembled.xml:34423:3: error: <md> is not allowed here.
logs\main-assembled.xml:34425:1: error: <strong> is not allowed here.
logs\main-assembled.xml:34425:32: error: <strong> is not allowed here.
logs\main-assembled.xml:34454:3: error: <subsection> is not allowed here.
logs\main-assembled.xml:34461:3: error: <md> is not allowed here.
logs\main-assembled.xml:34465:3: error: <md> is not allowed here.
logs\main-assembled.xml:34469:3: error: <md> is not allowed here.
logs\main-assembled.xml:34494:3: error: <md> is not allowed here.
logs\main-assembled.xml:34499:3: error: <md> is not allowed here.
logs\main-assembled.xml:34503:3: error: <md> is not allowed here.
logs\main-assembled.xml:34508:3: error: <md> is not allowed here.
logs\main-assembled.xml:34514:3: error: <md> is not allowed here.
logs\main-assembled.xml:34518:3: error: <md> is not allowed here.
logs\main-assembled.xml:34522:3: error: <md> is not allowed here.
logs\main-assembled.xml:34530:3: error: <md> is not allowed here.
logs\main-assembled.xml:34534:3: error: <md> is not allowed here.
logs\main-assembled.xml:34538:3: error: <md> is not allowed here.
logs\main-assembled.xml:34578:3: error: <note> is not allowed here.
logs\main-assembled.xml:34586:3: error: <md> is not allowed here.
logs\main-assembled.xml:34617:3: error: <md> is not allowed here.
logs\main-assembled.xml:34625:3: error: <subsection> is not allowed here.
logs\main-assembled.xml:34630:3: error: <md> is not allowed here.
logs\main-assembled.xml:34634:3: error: <md> is not allowed here.
logs\main-assembled.xml:34638:3: error: <md> is not allowed here.
logs\main-assembled.xml:34642:3: error: <md> is not allowed here.
logs\main-assembled.xml:34646:3: error: <md> is not allowed here.
logs\main-assembled.xml:34650:3: error: <md> is not allowed here.
logs\main-assembled.xml:34654:3: error: <md> is not allowed here.
logs\main-assembled.xml:34658:3: error: <md> is not allowed here.
logs\main-assembled.xml:34662:3: error: <md> is not allowed here.
logs\main-assembled.xml:34666:3: error: <md> is not allowed here.
logs\main-assembled.xml:34670:3: error: <md> is not allowed here.
logs\main-assembled.xml:34674:3: error: <md> is not allowed here.
logs\main-assembled.xml:34678:3: error: <md> is not allowed here.
logs\main-assembled.xml:34722:3: error: <md> is not allowed here.
logs\main-assembled.xml:34726:3: error: <md> is not allowed here.
logs\main-assembled.xml:34750:3: error: <subsection> is not allowed here.
logs\main-assembled.xml:34757:3: error: <md> is not allowed here.
logs\main-assembled.xml:34761:3: error: <md> is not allowed here.
logs\main-assembled.xml:34765:3: error: <md> is not allowed here.
logs\main-assembled.xml:34769:3: error: <md> is not allowed here.
logs\main-assembled.xml:34773:3: error: <md> is not allowed here.
logs\main-assembled.xml:34780:9: error: <md> is not allowed here.
logs\main-assembled.xml:34782:9: error: <md> is not allowed here.
logs\main-assembled.xml:34798:3: error: <md> is not allowed here.
logs\main-assembled.xml:34802:3: error: <md> is not allowed here.
logs\main-assembled.xml:34808:3: error: <md> is not allowed here.
logs\main-assembled.xml:34816:3: error: <md> is not allowed here.
logs\main-assembled.xml:34824:3: error: <md> is not allowed here.
logs\main-assembled.xml:34828:3: error: <md> is not allowed here.
logs\main-assembled.xml:34849:3: error: <md> is not allowed here.
logs\main-assembled.xml:34853:3: error: <md> is not allowed here.
logs\main-assembled.xml:34857:3: error: <md> is not allowed here.
logs\main-assembled.xml:34861:3: error: <md> is not allowed here.
logs\main-assembled.xml:34867:3: error: <md> is not allowed here.
logs\main-assembled.xml:34873:3: error: <md> is not allowed here.
logs\main-assembled.xml:34877:3: error: <md> is not allowed here.
logs\main-assembled.xml:34891:3: error: <md> is not allowed here.
logs\main-assembled.xml:34901:3: error: <subsection> is not allowed here.
logs\main-assembled.xml:34909:3: error: <md> is not allowed here.
logs\main-assembled.xml:34923:9: error: <md> is not allowed here.
logs\main-assembled.xml:34925:9: error: <md> is not allowed here.
logs\main-assembled.xml:34938:3: error: <md> is not allowed here.
logs\main-assembled.xml:34948:3: error: <md> is not allowed here.
logs\main-assembled.xml:34952:3: error: <md> is not allowed here.
logs\main-assembled.xml:34960:3: error: <md> is not allowed here.
logs\main-assembled.xml:34964:3: error: <md> is not allowed here.
logs\main-assembled.xml:34970:3: error: <md> is not allowed here.
logs\main-assembled.xml:35003:3: error: <subsection> is not allowed here.
logs\main-assembled.xml:35016:3: error: <md> is not allowed here.
logs\main-assembled.xml:35020:3: error: <md> is not allowed here.
logs\main-assembled.xml:35024:3: error: <md> is not allowed here.
logs\main-assembled.xml:35031:3: error: <md> is not allowed here.
logs\main-assembled.xml:35035:3: error: <md> is not allowed here.
logs\main-assembled.xml:35039:3: error: <md> is not allowed here.
logs\main-assembled.xml:35043:3: error: <md> is not allowed here.
logs\main-assembled.xml:35047:3: error: <md> is not allowed here.
logs\main-assembled.xml:35058:3: error: <md> is not allowed here.
logs\main-assembled.xml:35062:3: error: <md> is not allowed here.
logs\main-assembled.xml:35066:3: error: <md> is not allowed here.
logs\main-assembled.xml:35070:3: error: <md> is not allowed here.
logs\main-assembled.xml:35080:3: error: <md> is not allowed here.
logs\main-assembled.xml:35090:3: error: <md> is not allowed here.
logs\main-assembled.xml:35096:3: error: <md> is not allowed here.
logs\main-assembled.xml:35100:3: error: <md> is not allowed here.
logs\main-assembled.xml:35148:3: error: <md> is not allowed here.
logs\main-assembled.xml:35154:3: error: <md> is not allowed here.
logs\main-assembled.xml:35158:3: error: <md> is not allowed here.
logs\main-assembled.xml:35162:3: error: <md> is not allowed here.
logs\main-assembled.xml:35192:3: error: <subsection> is not allowed here.
logs\main-assembled.xml:35199:3: error: <md> is not allowed here.
logs\main-assembled.xml:35252:3: error: <md> is not allowed here.
logs\main-assembled.xml:35263:3: error: <md> is not allowed here.
logs\main-assembled.xml:35265:3: error: <subsection> is not allowed here.
logs\main-assembled.xml:35273:3: error: <md> is not allowed here.
logs\main-assembled.xml:35280:3: error: <md> is not allowed here.
logs\main-assembled.xml:35282:1: error: <strong> is not allowed here.
logs\main-assembled.xml:35282:33: error: <strong> is not allowed here.
logs\main-assembled.xml:35292:3: error: <md> is not allowed here.
logs\main-assembled.xml:35296:3: error: <md> is not allowed here.
logs\main-assembled.xml:35300:3: error: <md> is not allowed here.
logs\main-assembled.xml:35304:3: error: <md> is not allowed here.
logs\main-assembled.xml:35313:3: error: <md> is not allowed here.
logs\main-assembled.xml:35317:3: error: <md> is not allowed here.
logs\main-assembled.xml:35326:3: error: <md> is not allowed here.
logs\main-assembled.xml:35330:3: error: <md> is not allowed here.
logs\main-assembled.xml:35334:3: error: <md> is not allowed here.
logs\main-assembled.xml:35338:3: error: <md> is not allowed here.
logs\main-assembled.xml:35342:3: error: <md> is not allowed here.
logs\main-assembled.xml:35379:3: error: <note> is not allowed here.
logs\main-assembled.xml:35398:3: error: <md> is not allowed here.
logs\main-assembled.xml:35402:3: error: <md> is not allowed here.
logs\main-assembled.xml:35406:3: error: <md> is not allowed here.
logs\main-assembled.xml:35412:3: error: <md> is not allowed here.
logs\main-assembled.xml:35416:3: error: <md> is not allowed here.
logs\main-assembled.xml:35420:3: error: <md> is not allowed here.
logs\main-assembled.xml:35424:3: error: <md> is not allowed here.
logs\main-assembled.xml:35428:3: error: <md> is not allowed here.
logs\main-assembled.xml:35432:3: error: <md> is not allowed here.
logs\main-assembled.xml:35438:9: error: <md> is not allowed here.
logs\main-assembled.xml:35440:9: error: <md> is not allowed here.
logs\main-assembled.xml:35462:3: error: <subsection> is not allowed here.
logs\main-assembled.xml:35475:3: error: <md> is not allowed here.
logs\main-assembled.xml:35479:3: error: <md> is not allowed here.
logs\main-assembled.xml:35483:3: error: <md> is not allowed here.
logs\main-assembled.xml:35487:3: error: <md> is not allowed here.
logs\main-assembled.xml:35491:3: error: <md> is not allowed here.
logs\main-assembled.xml:35495:3: error: <md> is not allowed here.
logs\main-assembled.xml:35501:3: error: <md> is not allowed here.
logs\main-assembled.xml:35505:3: error: <md> is not allowed here.
logs\main-assembled.xml:35509:3: error: <md> is not allowed here.
logs\main-assembled.xml:35513:3: error: <md> is not allowed here.
logs\main-assembled.xml:35517:3: error: <md> is not allowed here.
logs\main-assembled.xml:35546:3: error: <md> is not allowed here.
logs\main-assembled.xml:35550:3: error: <md> is not allowed here.
logs\main-assembled.xml:35554:3: error: <md> is not allowed here.
logs\main-assembled.xml:35560:3: error: <md> is not allowed here.
logs\main-assembled.xml:35564:3: error: <md> is not allowed here.
logs\main-assembled.xml:35568:3: error: <md> is not allowed here.
logs\main-assembled.xml:35572:3: error: <note> is not allowed here.
logs\main-assembled.xml:35580:3: error: <note> is not allowed here.
logs\main-assembled.xml:35598:3: error: <md> is not allowed here.
logs\main-assembled.xml:35602:3: error: <md> is not allowed here.
logs\main-assembled.xml:35606:3: error: <md> is not allowed here.
logs\main-assembled.xml:35610:3: error: <md> is not allowed here.
logs\main-assembled.xml:35617:3: error: <subsection> is not allowed here.
logs\main-assembled.xml:35622:3: error: <md> is not allowed here.
logs\main-assembled.xml:35626:3: error: <md> is not allowed here.
logs\main-assembled.xml:35633:3: error: <md> is not allowed here.
logs\main-assembled.xml:35637:3: error: <md> is not allowed here.
logs\main-assembled.xml:35641:3: error: <md> is not allowed here.
logs\main-assembled.xml:35647:3: error: <md> is not allowed here.
logs\main-assembled.xml:35659:3: error: <md> is not allowed here.
logs\main-assembled.xml:35663:3: error: <md> is not allowed here.
logs\main-assembled.xml:35667:3: error: <md> is not allowed here.
logs\main-assembled.xml:35671:3: error: <md> is not allowed here.
logs\main-assembled.xml:35677:3: error: <note> is not allowed here.
logs\main-assembled.xml:35689:3: error: <md> is not allowed here.
logs\main-assembled.xml:35693:3: error: <md> is not allowed here.
logs\main-assembled.xml:35701:3: error: <subsection> is not allowed here.
logs\main-assembled.xml:35706:3: error: <md> is not allowed here.
logs\main-assembled.xml:35716:3: error: <md> is not allowed here.
logs\main-assembled.xml:35720:3: error: <md> is not allowed here.
logs\main-assembled.xml:35724:3: error: <md> is not allowed here.
logs\main-assembled.xml:35731:3: error: <md> is not allowed here.
logs\main-assembled.xml:35737:3: error: <md> is not allowed here.
logs\main-assembled.xml:35741:3: error: <md> is not allowed here.
logs\main-assembled.xml:35745:3: error: <md> is not allowed here.
logs\main-assembled.xml:35749:3: error: <md> is not allowed here.
logs\main-assembled.xml:35753:3: error: <md> is not allowed here.
logs\main-assembled.xml:35757:3: error: <md> is not allowed here.
logs\main-assembled.xml:35781:3: error: <md> is not allowed here.
logs\main-assembled.xml:35785:3: error: <md> is not allowed here.
logs\main-assembled.xml:35791:3: error: <md> is not allowed here.
logs\main-assembled.xml:35795:3: error: <md> is not allowed here.
logs\main-assembled.xml:35799:3: error: <md> is not allowed here.
logs\main-assembled.xml:35803:3: error: <md> is not allowed here.
logs\main-assembled.xml:35807:3: error: <md> is not allowed here.
logs\main-assembled.xml:35811:3: error: <md> is not allowed here.
logs\main-assembled.xml:35815:3: error: <md> is not allowed here.
logs\main-assembled.xml:35819:3: error: <md> is not allowed here.
logs\main-assembled.xml:35823:3: error: <md> is not allowed here.
logs\main-assembled.xml:35827:3: error: <md> is not allowed here.
logs\main-assembled.xml:35831:3: error: <md> is not allowed here.
logs\main-assembled.xml:35837:3: error: <md> is not allowed here.
logs\main-assembled.xml:35873:3: error: <subsection> is not allowed here.
logs\main-assembled.xml:35881:3: error: <md> is not allowed here.
logs\main-assembled.xml:35885:3: error: <md> is not allowed here.
logs\main-assembled.xml:35894:3: error: <md> is not allowed here.
logs\main-assembled.xml:35898:3: error: <md> is not allowed here.
logs\main-assembled.xml:35903:3: error: <md> is not allowed here.
logs\main-assembled.xml:35915:9: error: <md> is not allowed here.
logs\main-assembled.xml:35918:9: error: <md> is not allowed here.
logs\main-assembled.xml:35951:3: error: <md> is not allowed here.
logs\main-assembled.xml:35961:3: error: <md> is not allowed here.
logs\main-assembled.xml:35965:3: error: <subsection> is not allowed here.
logs\main-assembled.xml:35971:3: error: <md> is not allowed here.
logs\main-assembled.xml:35975:3: error: <md> is not allowed here.
logs\main-assembled.xml:35979:3: error: <md> is not allowed here.
logs\main-assembled.xml:35983:3: error: <md> is not allowed here.
logs\main-assembled.xml:35995:3: error: <md> is not allowed here.
logs\main-assembled.xml:36002:3: error: <md> is not allowed here.
logs\main-assembled.xml:36022:3: error: <subsection> is not allowed here.
logs\main-assembled.xml:36027:3: error: <md> is not allowed here.
logs\main-assembled.xml:36034:3: error: <md> is not allowed here.
logs\main-assembled.xml:36036:3: error: <md> is not allowed here.
logs\main-assembled.xml:36040:3: error: <md> is not allowed here.
logs\main-assembled.xml:36046:3: error: <md> is not allowed here.
logs\main-assembled.xml:36050:3: error: <md> is not allowed here.
logs\main-assembled.xml:36055:3: error: <md> is not allowed here.
logs\main-assembled.xml:36057:1: error: <strong> is not allowed here.
logs\main-assembled.xml:36057:59: error: <strong> is not allowed here.
logs\main-assembled.xml:36072:9: error: <md> is not allowed here.
logs\main-assembled.xml:36093:3: error: <subsection> is not allowed here.
logs\main-assembled.xml:36098:3: error: <md> is not allowed here.
logs\main-assembled.xml:36102:3: error: <md> is not allowed here.
logs\main-assembled.xml:36106:3: error: <md> is not allowed here.
logs\main-assembled.xml:36110:3: error: <md> is not allowed here.
logs\main-assembled.xml:36114:3: error: <md> is not allowed here.
logs\main-assembled.xml:36118:3: error: <md> is not allowed here.
logs\main-assembled.xml:36128:3: error: <md> is not allowed here.
logs\main-assembled.xml:36132:3: error: <md> is not allowed here.
logs\main-assembled.xml:36138:3: error: <md> is not allowed here.
logs\main-assembled.xml:36144:3: error: <md> is not allowed here.
logs\main-assembled.xml:36148:3: error: <md> is not allowed here.
logs\main-assembled.xml:36152:3: error: <md> is not allowed here.
logs\main-assembled.xml:36194:3: error: <md> is not allowed here.
logs\main-assembled.xml:36199:3: error: <md> is not allowed here.
logs\main-assembled.xml:36203:3: error: <md> is not allowed here.
logs\main-assembled.xml:36223:3: error: <subsection> is not allowed here.
logs\main-assembled.xml:36231:3: error: <md> is not allowed here.
logs\main-assembled.xml:36235:3: error: <md> is not allowed here.
logs\main-assembled.xml:36242:3: error: <md> is not allowed here.
logs\main-assembled.xml:36248:3: error: <md> is not allowed here.
logs\main-assembled.xml:36252:3: error: <md> is not allowed here.
logs\main-assembled.xml:36258:3: error: <md> is not allowed here.
logs\main-assembled.xml:36264:3: error: <md> is not allowed here.
logs\main-assembled.xml:36272:3: error: <md> is not allowed here.
logs\main-assembled.xml:36278:3: error: <md> is not allowed here.
logs\main-assembled.xml:36282:3: error: <md> is not allowed here.
logs\main-assembled.xml:36286:3: error: <md> is not allowed here.
logs\main-assembled.xml:36290:3: error: <md> is not allowed here.
logs\main-assembled.xml:36294:3: error: <md> is not allowed here.
logs\main-assembled.xml:36298:3: error: <md> is not allowed here.
logs\main-assembled.xml:36302:3: error: <md> is not allowed here.
logs\main-assembled.xml:36313:9: error: <md> is not allowed here.
logs\main-assembled.xml:36317:9: error: <md> is not allowed here.
logs\main-assembled.xml:36324:3: error: <md> is not allowed here.
logs\main-assembled.xml:36329:3: error: <md> is not allowed here.
logs\main-assembled.xml:36338:3: error: <md> is not allowed here.
logs\main-assembled.xml:36342:3: error: <md> is not allowed here.
logs\main-assembled.xml:36346:3: error: <md> is not allowed here.
logs\main-assembled.xml:36356:3: error: <md> is not allowed here.
logs\main-assembled.xml:36362:3: error: <md> is not allowed here.
logs\main-assembled.xml:36370:3: error: <md> is not allowed here.
logs\main-assembled.xml:36374:3: error: <md> is not allowed here.
logs\main-assembled.xml:36380:3: error: <md> is not allowed here.
logs\main-assembled.xml:36384:3: error: <md> is not allowed here.
logs\main-assembled.xml:36388:3: error: <md> is not allowed here.
logs\main-assembled.xml:36392:3: error: <md> is not allowed here.
logs\main-assembled.xml:36396:3: error: <md> is not allowed here.
logs\main-assembled.xml:36400:3: error: <md> is not allowed here.
logs\main-assembled.xml:36404:3: error: <md> is not allowed here.
logs\main-assembled.xml:36408:3: error: <md> is not allowed here.
logs\main-assembled.xml:36451:3: error: <subsection> is not allowed here.
logs\main-assembled.xml:36456:3: error: <md> is not allowed here.
logs\main-assembled.xml:36460:3: error: <md> is not allowed here.
logs\main-assembled.xml:36470:3: error: <md> is not allowed here.
logs\main-assembled.xml:36475:3: error: <md> is not allowed here.
logs\main-assembled.xml:36479:3: error: <md> is not allowed here.
logs\main-assembled.xml:36483:3: error: <md> is not allowed here.
logs\main-assembled.xml:36487:3: error: <md> is not allowed here.
logs\main-assembled.xml:36497:9: error: <md> is not allowed here.
logs\main-assembled.xml:36499:1: error: <strong> is not allowed here.
logs\main-assembled.xml:36501:1: error: <strong> is not allowed here.
logs\main-assembled.xml:36503:1: error: <strong> is not allowed here.
logs\main-assembled.xml:36506:8: error: Missing required content. Expected one of: <p>, <blockquote>, <pre>, <image>, <video>, <audio>, <program>, <console>, <tabular>, <figure>, <table>, <listing>, … (7 more).
logs\main-assembled.xml:36509:3: error: <subsection> is not allowed here.
logs\main-assembled.xml:36517:3: error: <md> is not allowed here.
logs\main-assembled.xml:36533:3: error: <md> is not allowed here.
logs\main-assembled.xml:36537:3: error: <md> is not allowed here.
logs\main-assembled.xml:36541:3: error: <md> is not allowed here.
logs\main-assembled.xml:36601:3: error: <md> is not allowed here.
logs\main-assembled.xml:36606:3: error: <subsection> is not allowed here.
logs\main-assembled.xml:36614:3: error: <md> is not allowed here.
logs\main-assembled.xml:36620:3: error: <md> is not allowed here.
logs\main-assembled.xml:36624:3: error: <md> is not allowed here.
logs\main-assembled.xml:36629:3: error: <md> is not allowed here.
logs\main-assembled.xml:36636:3: error: <md> is not allowed here.
logs\main-assembled.xml:36644:3: error: <md> is not allowed here.
logs\main-assembled.xml:36648:3: error: <md> is not allowed here.
logs\main-assembled.xml:36658:3: error: <md> is not allowed here.
logs\main-assembled.xml:36662:3: error: <md> is not allowed here.
logs\main-assembled.xml:36666:3: error: <md> is not allowed here.
logs\main-assembled.xml:36670:3: error: <md> is not allowed here.
logs\main-assembled.xml:36722:3: error: <md> is not allowed here.
logs\main-assembled.xml:36726:3: error: <md> is not allowed here.
logs\main-assembled.xml:36730:3: error: <md> is not allowed here.
logs\main-assembled.xml:36740:9: error: <md> is not allowed here.
logs\main-assembled.xml:36747:3: error: <md> is not allowed here.
logs\main-assembled.xml:36772:3: error: <subsection> is not allowed here.
logs\main-assembled.xml:36784:3: error: <md> is not allowed here.
logs\main-assembled.xml:36788:3: error: <md> is not allowed here.
logs\main-assembled.xml:36792:3: error: <md> is not allowed here.
logs\main-assembled.xml:36796:3: error: <md> is not allowed here.
logs\main-assembled.xml:36804:3: error: <md> is not allowed here.
logs\main-assembled.xml:36812:3: error: <md> is not allowed here.
logs\main-assembled.xml:36816:3: error: <md> is not allowed here.
logs\main-assembled.xml:36823:3: error: <md> is not allowed here.
logs\main-assembled.xml:36827:3: error: <md> is not allowed here.
logs\main-assembled.xml:36831:3: error: <md> is not allowed here.
logs\main-assembled.xml:36841:3: error: <md> is not allowed here.
logs\main-assembled.xml:36845:3: error: <md> is not allowed here.
logs\main-assembled.xml:36849:3: error: <md> is not allowed here.
logs\main-assembled.xml:36855:3: error: <md> is not allowed here.
logs\main-assembled.xml:36859:3: error: <md> is not allowed here.
logs\main-assembled.xml:36930:3: error: <md> is not allowed here.
logs\main-assembled.xml:36936:3: error: <md> is not allowed here.
logs\main-assembled.xml:36944:3: error: <md> is not allowed here.
logs\main-assembled.xml:36952:3: error: <md> is not allowed here.
logs\main-assembled.xml:36960:3: error: <md> is not allowed here.
logs\main-assembled.xml:36964:3: error: <md> is not allowed here.
logs\main-assembled.xml:36978:3: error: <md> is not allowed here.
logs\main-assembled.xml:36993:3: error: <md> is not allowed here.
logs\main-assembled.xml:36998:3: error: <subsection> is not allowed here.
logs\main-assembled.xml:37003:3: error: <md> is not allowed here.
logs\main-assembled.xml:37017:3: error: <md> is not allowed here.
logs\main-assembled.xml:37021:3: error: <md> is not allowed here.
logs\main-assembled.xml:37027:3: error: <md> is not allowed here.
logs\main-assembled.xml:37034:3: error: <md> is not allowed here.
logs\main-assembled.xml:37043:3: error: <md> is not allowed here.
logs\main-assembled.xml:37049:3: error: <md> is not allowed here.
logs\main-assembled.xml:37057:9: error: <md> is not allowed here.
logs\main-assembled.xml:37068:3: error: <md> is not allowed here.
logs\main-assembled.xml:37115:3: error: <subsection> is not allowed here.
logs\main-assembled.xml:37120:3: error: <md> is not allowed here.
logs\main-assembled.xml:37126:3: error: <md> is not allowed here.
logs\main-assembled.xml:37130:3: error: <md> is not allowed here.
logs\main-assembled.xml:37134:3: error: <md> is not allowed here.
logs\main-assembled.xml:37142:3: error: <md> is not allowed here.
logs\main-assembled.xml:37148:3: error: <md> is not allowed here.
logs\main-assembled.xml:37154:3: error: <md> is not allowed here.
logs\main-assembled.xml:37210:3: error: <subsection> is not allowed here.
logs\main-assembled.xml:37220:3: error: <md> is not allowed here.
logs\main-assembled.xml:37224:3: error: <md> is not allowed here.
logs\main-assembled.xml:37228:3: error: <md> is not allowed here.
logs\main-assembled.xml:37232:3: error: <md> is not allowed here.
logs\main-assembled.xml:37242:3: error: <md> is not allowed here.
logs\main-assembled.xml:37244:3: error: <md> is not allowed here.
logs\main-assembled.xml:37246:3: error: <md> is not allowed here.
logs\main-assembled.xml:37250:3: error: <md> is not allowed here.
logs\main-assembled.xml:37254:3: error: <md> is not allowed here.
logs\main-assembled.xml:37258:3: error: <md> is not allowed here.
logs\main-assembled.xml:37313:3: error: <subsection> is not allowed here.
logs\main-assembled.xml:37321:3: error: <md> is not allowed here.
logs\main-assembled.xml:37325:3: error: <md> is not allowed here.
logs\main-assembled.xml:37329:3: error: <md> is not allowed here.
logs\main-assembled.xml:37333:3: error: <md> is not allowed here.
logs\main-assembled.xml:37337:3: error: <md> is not allowed here.
logs\main-assembled.xml:37341:3: error: <md> is not allowed here.
logs\main-assembled.xml:37345:3: error: <md> is not allowed here.
logs\main-assembled.xml:37349:3: error: <md> is not allowed here.
logs\main-assembled.xml:37359:3: error: <md> is not allowed here.
logs\main-assembled.xml:37402:3: error: <md> is not allowed here.
logs\main-assembled.xml:37406:3: error: <md> is not allowed here.
logs\main-assembled.xml:37428:3: error: <subsection> is not allowed here.
logs\main-assembled.xml:37436:3: error: <md> is not allowed here.
logs\main-assembled.xml:37440:3: error: <md> is not allowed here.
logs\main-assembled.xml:37444:3: error: <md> is not allowed here.
logs\main-assembled.xml:37448:3: error: <md> is not allowed here.
logs\main-assembled.xml:37458:3: error: <md> is not allowed here.
logs\main-assembled.xml:37464:3: error: <md> is not allowed here.
logs\main-assembled.xml:37468:3: error: <md> is not allowed here.
logs\main-assembled.xml:37472:3: error: <md> is not allowed here.
logs\main-assembled.xml:37476:3: error: <md> is not allowed here.
logs\main-assembled.xml:37482:3: error: <md> is not allowed here.
logs\main-assembled.xml:37486:3: error: <md> is not allowed here.
logs\main-assembled.xml:37499:3: error: <subsection> is not allowed here.
logs\main-assembled.xml:37504:3: error: <md> is not allowed here.
logs\main-assembled.xml:37510:3: error: <md> is not allowed here.
logs\main-assembled.xml:37551:3: error: <md> is not allowed here.
logs\main-assembled.xml:37562:3: error: <subsection> is not allowed here.
logs\main-assembled.xml:37568:3: error: <md> is not allowed here.
logs\main-assembled.xml:37570:1: error: <strong> is not allowed here.
logs\main-assembled.xml:37570:29: error: <strong> is not allowed here.
logs\main-assembled.xml:37570:65: error: <strong> is not allowed here.
logs\main-assembled.xml:37633:9: error: <md> is not allowed here.
logs\main-assembled.xml:37634:9: error: <md> is not allowed here.
logs\main-assembled.xml:37635:9: error: <md> is not allowed here.
logs\main-assembled.xml:37636:8: error: Missing required content. Expected one of: <p>, <blockquote>, <pre>, <image>, <video>, <audio>, <program>, <console>, <tabular>, <figure>, <table>, <listing>, … (7 more).
logs\main-assembled.xml:37656:3: error: <subsection> is not allowed here.
logs\main-assembled.xml:37662:3: error: <md> is not allowed here.
logs\main-assembled.xml:37664:1: error: <strong> is not allowed here.
logs\main-assembled.xml:37664:28: error: <strong> is not allowed here.
logs\main-assembled.xml:37700:3: error: <md> is not allowed here.
logs\main-assembled.xml:37704:3: error: <md> is not allowed here.
logs\main-assembled.xml:37713:3: error: <subsection> is not allowed here.
logs\main-assembled.xml:37719:3: error: <md> is not allowed here.
logs\main-assembled.xml:37721:1: error: <strong> is not allowed here.
logs\main-assembled.xml:37721:36: error: <strong> is not allowed here.
logs\main-assembled.xml:37721:72: error: <strong> is not allowed here.
logs\main-assembled.xml:37732:3: error: <md> is not allowed here.
logs\main-assembled.xml:37751:3: error: <md> is not allowed here.
logs\main-assembled.xml:37784:3: error: <subsection> is not allowed here.
logs\main-assembled.xml:37790:5: error: <ol> is not allowed here.
logs\main-assembled.xml:37792:12: error: <strong> is not allowed here.
logs\main-assembled.xml:37794:11: error: <md> is not allowed here.
logs\main-assembled.xml:37798:12: error: <strong> is not allowed here.
logs\main-assembled.xml:37800:11: error: <md> is not allowed here.
logs\main-assembled.xml:37804:12: error: <strong> is not allowed here.
logs\main-assembled.xml:37807:11: error: <md> is not allowed here.
logs\main-assembled.xml:37811:12: error: <strong> is not allowed here.
logs\main-assembled.xml:37817:12: error: <strong> is not allowed here.
logs\main-assembled.xml:37819:11: error: <md> is not allowed here.
logs\main-assembled.xml:37824:12: error: <strong> is not allowed here.
logs\main-assembled.xml:37830:12: error: <strong> is not allowed here.
logs\main-assembled.xml:37835:12: error: <strong> is not allowed here.
logs\main-assembled.xml:37837:11: error: <md> is not allowed here.
logs\main-assembled.xml:37841:12: error: <strong> is not allowed here.
logs\main-assembled.xml:37843:11: error: <md> is not allowed here.
logs\main-assembled.xml:37847:12: error: <strong> is not allowed here.
logs\main-assembled.xml:37853:12: error: <strong> is not allowed here.
logs\main-assembled.xml:37855:11: error: <md> is not allowed here.
logs\main-assembled.xml:37861:12: error: <strong> is not allowed here.
logs\main-assembled.xml:37863:11: error: <md> is not allowed here.
logs\main-assembled.xml:37865:11: error: <md> is not allowed here.
logs\main-assembled.xml:37872:3: error: <subsection> is not allowed here.
logs\main-assembled.xml:37886:3: error: <md> is not allowed here.
logs\main-assembled.xml:37891:3: error: <md> is not allowed here.
logs\main-assembled.xml:37932:3: error: <md> is not allowed here.
logs\main-assembled.xml:37936:3: error: <md> is not allowed here.
logs\main-assembled.xml:37940:3: error: <md> is not allowed here.
logs\main-assembled.xml:37944:3: error: <md> is not allowed here.
logs\main-assembled.xml:37948:3: error: <md> is not allowed here.
logs\main-assembled.xml:37952:3: error: <md> is not allowed here.
logs\main-assembled.xml:37958:3: error: <md> is not allowed here.
logs\main-assembled.xml:37967:3: error: <md> is not allowed here.
logs\main-assembled.xml:37971:3: error: <md> is not allowed here.
logs\main-assembled.xml:37975:3: error: <md> is not allowed here.
logs\main-assembled.xml:37979:3: error: <md> is not allowed here.
logs\main-assembled.xml:37983:3: error: <md> is not allowed here.
logs\main-assembled.xml:37987:3: error: <md> is not allowed here.
logs\main-assembled.xml:37993:3: error: <md> is not allowed here.
logs\main-assembled.xml:37997:3: error: <md> is not allowed here.
logs\main-assembled.xml:38001:3: error: <md> is not allowed here.
logs\main-assembled.xml:38005:3: error: <md> is not allowed here.
logs\main-assembled.xml:38011:3: error: <md> is not allowed here.
logs\main-assembled.xml:38022:3: error: <md> is not allowed here.
logs\main-assembled.xml:38026:3: error: <md> is not allowed here.
logs\main-assembled.xml:38046:5: error: <ol> is not allowed here.
logs\main-assembled.xml:38052:11: error: <md> is not allowed here.
logs\main-assembled.xml:38058:11: error: <md> is not allowed here.
logs\main-assembled.xml:38060:11: error: <md> is not allowed here.
logs\main-assembled.xml:38077:3: error: <subsection> is not allowed here.
logs\main-assembled.xml:38085:3: error: <md> is not allowed here.
logs\main-assembled.xml:38090:3: error: <md> is not allowed here.
logs\main-assembled.xml:38094:3: error: <md> is not allowed here.
logs\main-assembled.xml:38101:3: error: <md> is not allowed here.
logs\main-assembled.xml:38105:3: error: <md> is not allowed here.
logs\main-assembled.xml:38150:3: error: <md> is not allowed here.
logs\main-assembled.xml:38154:3: error: <md> is not allowed here.
logs\main-assembled.xml:38158:3: error: <md> is not allowed here.
logs\main-assembled.xml:38162:3: error: <md> is not allowed here.
logs\main-assembled.xml:38166:3: error: <md> is not allowed here.
logs\main-assembled.xml:38170:3: error: <md> is not allowed here.
logs\main-assembled.xml:38174:3: error: <md> is not allowed here.
logs\main-assembled.xml:38178:3: error: <md> is not allowed here.
logs\main-assembled.xml:38182:3: error: <md> is not allowed here.
logs\main-assembled.xml:38188:3: error: <md> is not allowed here.
logs\main-assembled.xml:38199:3: error: <md> is not allowed here.
logs\main-assembled.xml:38203:3: error: <md> is not allowed here.
logs\main-assembled.xml:38207:3: error: <md> is not allowed here.
logs\main-assembled.xml:38218:3: error: <md> is not allowed here.
logs\main-assembled.xml:38222:3: error: <md> is not allowed here.
logs\main-assembled.xml:38226:3: error: <md> is not allowed here.
logs\main-assembled.xml:38230:3: error: <md> is not allowed here.
logs\main-assembled.xml:38236:5: error: <ol> is not allowed here.
logs\main-assembled.xml:38245:11: error: <md> is not allowed here.
logs\main-assembled.xml:38250:11: error: <md> is not allowed here.
logs\main-assembled.xml:38254:11: error: <md> is not allowed here.
logs\main-assembled.xml:38262:11: error: <md> is not allowed here.
logs\main-assembled.xml:38300:3: error: <subsection> is not allowed here.
logs\main-assembled.xml:38303:5: error: <ol> is not allowed here.
logs\main-assembled.xml:38326:11: error: <md> is not allowed here.
logs\main-assembled.xml:38331:11: error: <md> is not allowed here.
logs\main-assembled.xml:38359:3: error: <subsection> is not allowed here.
logs\main-assembled.xml:38368:3: error: <md> is not allowed here.
logs\main-assembled.xml:38372:3: error: <md> is not allowed here.
logs\main-assembled.xml:38410:3: error: <md> is not allowed here.
logs\main-assembled.xml:38414:3: error: <md> is not allowed here.
logs\main-assembled.xml:38420:3: error: <md> is not allowed here.
logs\main-assembled.xml:38422:3: error: <md> is not allowed here.
logs\main-assembled.xml:38424:3: error: <md> is not allowed here.
logs\main-assembled.xml:38426:3: error: <md> is not allowed here.
logs\main-assembled.xml:38433:3: error: <md> is not allowed here.
logs\main-assembled.xml:38437:3: error: <md> is not allowed here.
logs\main-assembled.xml:38453:3: error: <md> is not allowed here.
logs\main-assembled.xml:38457:3: error: <md> is not allowed here.
logs\main-assembled.xml:38461:3: error: <md> is not allowed here.
logs\main-assembled.xml:38465:3: error: <subsection> is not allowed here.
logs\main-assembled.xml:38470:3: error: <md> is not allowed here.
logs\main-assembled.xml:38474:3: error: <md> is not allowed here.
logs\main-assembled.xml:38480:3: error: <md> is not allowed here.
logs\main-assembled.xml:38485:3: error: <md> is not allowed here.
logs\main-assembled.xml:38489:3: error: <md> is not allowed here.
logs\main-assembled.xml:38521:3: error: <md> is not allowed here.
logs\main-assembled.xml:38525:3: error: <md> is not allowed here.
logs\main-assembled.xml:38529:3: error: <md> is not allowed here.
logs\main-assembled.xml:38535:3: error: <md> is not allowed here.
logs\main-assembled.xml:38564:3: error: <md> is not allowed here.
logs\main-assembled.xml:38568:3: error: <md> is not allowed here.
logs\main-assembled.xml:38572:3: error: <md> is not allowed here.
logs\main-assembled.xml:38582:3: error: <subsection> is not allowed here.
logs\main-assembled.xml:38591:3: error: <md> is not allowed here.
logs\main-assembled.xml:38604:3: error: <md> is not allowed here.
logs\main-assembled.xml:38610:3: error: <md> is not allowed here.
logs\main-assembled.xml:38616:3: error: <md> is not allowed here.
logs\main-assembled.xml:38622:3: error: <md> is not allowed here.
logs\main-assembled.xml:38666:3: error: <md> is not allowed here.
logs\main-assembled.xml:38676:3: error: <md> is not allowed here.
logs\main-assembled.xml:38685:3: error: <md> is not allowed here.
logs\main-assembled.xml:38699:3: error: <md> is not allowed here.
logs\main-assembled.xml:38703:3: error: <md> is not allowed here.
logs\main-assembled.xml:38710:3: error: <subsection> is not allowed here.
logs\main-assembled.xml:38718:3: error: <md> is not allowed here.
logs\main-assembled.xml:38733:3: error: <md> is not allowed here.
logs\main-assembled.xml:38737:3: error: <md> is not allowed here.
logs\main-assembled.xml:38747:3: error: <md> is not allowed here.
logs\main-assembled.xml:38751:3: error: <md> is not allowed here.
logs\main-assembled.xml:38766:9: error: <md> is not allowed here.
logs\main-assembled.xml:38773:3: error: <md> is not allowed here.
logs\main-assembled.xml:38783:3: error: <md> is not allowed here.
logs\main-assembled.xml:38789:3: error: <md> is not allowed here.
logs\main-assembled.xml:38854:3: error: <subsection> is not allowed here.
logs\main-assembled.xml:38862:3: error: <md> is not allowed here.
logs\main-assembled.xml:38864:3: error: <md> is not allowed here.
logs\main-assembled.xml:38889:3: error: <md> is not allowed here.
logs\main-assembled.xml:38901:3: error: <md> is not allowed here.
logs\main-assembled.xml:38907:3: error: <md> is not allowed here.
logs\main-assembled.xml:38913:3: error: <md> is not allowed here.
logs\main-assembled.xml:38921:3: error: <md> is not allowed here.
logs\main-assembled.xml:38963:3: error: <md> is not allowed here.
logs\main-assembled.xml:38969:3: error: <md> is not allowed here.
logs\main-assembled.xml:38975:3: error: <note> is not allowed here.
logs\main-assembled.xml:38989:3: error: <md> is not allowed here.
logs\main-assembled.xml:39008:3: error: <md> is not allowed here.
logs\main-assembled.xml:39013:3: error: <md> is not allowed here.
logs\main-assembled.xml:39019:3: error: <subsection> is not allowed here.
logs\main-assembled.xml:39024:3: error: <md> is not allowed here.
logs\main-assembled.xml:39033:3: error: <md> is not allowed here.
logs\main-assembled.xml:39037:3: error: <md> is not allowed here.
logs\main-assembled.xml:39043:3: error: <md> is not allowed here.
logs\main-assembled.xml:39047:3: error: <md> is not allowed here.
logs\main-assembled.xml:39051:3: error: <md> is not allowed here.
logs\main-assembled.xml:39057:3: error: <md> is not allowed here.
logs\main-assembled.xml:39100:3: error: <md> is not allowed here.
logs\main-assembled.xml:39118:3: error: <subsection> is not allowed here.
logs\main-assembled.xml:39127:3: error: <md> is not allowed here.
logs\main-assembled.xml:39133:3: error: <md> is not allowed here.
logs\main-assembled.xml:39137:3: error: <md> is not allowed here.
logs\main-assembled.xml:39143:3: error: <md> is not allowed here.
logs\main-assembled.xml:39151:3: error: <md> is not allowed here.
logs\main-assembled.xml:39155:3: error: <md> is not allowed here.
logs\main-assembled.xml:39159:3: error: <md> is not allowed here.
logs\main-assembled.xml:39165:3: error: <md> is not allowed here.
logs\main-assembled.xml:39171:3: error: <md> is not allowed here.
logs\main-assembled.xml:39181:3: error: <md> is not allowed here.
logs\main-assembled.xml:39192:9: error: <md> is not allowed here.
logs\main-assembled.xml:39221:3: error: <subsection> is not allowed here.
logs\main-assembled.xml:39233:3: error: <md> is not allowed here.
logs\main-assembled.xml:39235:3: error: <md> is not allowed here.
logs\main-assembled.xml:39239:3: error: <md> is not allowed here.
logs\main-assembled.xml:39245:3: error: <md> is not allowed here.
logs\main-assembled.xml:39317:3: error: <md> is not allowed here.
logs\main-assembled.xml:39321:3: error: <md> is not allowed here.
logs\main-assembled.xml:39325:3: error: <md> is not allowed here.
logs\main-assembled.xml:39329:3: error: <md> is not allowed here.
logs\main-assembled.xml:39343:3: error: <md> is not allowed here.
logs\main-assembled.xml:39347:3: error: <md> is not allowed here.
logs\main-assembled.xml:39351:3: error: <md> is not allowed here.
logs\main-assembled.xml:39355:3: error: <md> is not allowed here.
logs\main-assembled.xml:39384:3: error: <subsection> is not allowed here.
logs\main-assembled.xml:39389:3: error: <md> is not allowed here.
logs\main-assembled.xml:39397:3: error: <md> is not allowed here.
logs\main-assembled.xml:39403:3: error: <md> is not allowed here.
logs\main-assembled.xml:39408:3: error: <md> is not allowed here.
logs\main-assembled.xml:39414:3: error: <md> is not allowed here.
logs\main-assembled.xml:39418:3: error: <md> is not allowed here.
logs\main-assembled.xml:39422:3: error: <md> is not allowed here.
logs\main-assembled.xml:39431:3: error: <md> is not allowed here.
logs\main-assembled.xml:39440:3: error: <md> is not allowed here.
logs\main-assembled.xml:39444:3: error: <md> is not allowed here.
logs\main-assembled.xml:39452:3: error: <md> is not allowed here.
logs\main-assembled.xml:39456:3: error: <md> is not allowed here.
logs\main-assembled.xml:39465:3: error: <md> is not allowed here.
logs\main-assembled.xml:39474:3: error: <md> is not allowed here.
logs\main-assembled.xml:39478:3: error: <md> is not allowed here.
logs\main-assembled.xml:39486:3: error: <md> is not allowed here.
logs\main-assembled.xml:39490:3: error: <md> is not allowed here.
logs\main-assembled.xml:39536:3: error: <md> is not allowed here.
logs\main-assembled.xml:39547:3: error: <md> is not allowed here.
logs\main-assembled.xml:39584:3: error: <md> is not allowed here.
logs\main-assembled.xml:39593:3: error: <md> is not allowed here.
logs\main-assembled.xml:39598:3: error: <subsection> is not allowed here.
logs\main-assembled.xml:39603:3: error: <md> is not allowed here.
logs\main-assembled.xml:39607:3: error: <md> is not allowed here.
logs\main-assembled.xml:39613:3: error: <md> is not allowed here.
logs\main-assembled.xml:39617:3: error: <md> is not allowed here.
logs\main-assembled.xml:39621:3: error: <md> is not allowed here.
logs\main-assembled.xml:39632:9: error: <md> is not allowed here.
logs\main-assembled.xml:39646:3: error: <md> is not allowed here.
logs\main-assembled.xml:39650:3: error: <md> is not allowed here.
logs\main-assembled.xml:39654:3: error: <md> is not allowed here.
logs\main-assembled.xml:39667:3: error: <md> is not allowed here.
logs\main-assembled.xml:39671:3: error: <md> is not allowed here.
logs\main-assembled.xml:39686:3: error: <md> is not allowed here.
logs\main-assembled.xml:39694:3: error: <md> is not allowed here.
logs\main-assembled.xml:39701:3: error: <md> is not allowed here.
logs\main-assembled.xml:39713:3: error: <md> is not allowed here.
logs\main-assembled.xml:39717:3: error: <md> is not allowed here.
logs\main-assembled.xml:39721:3: error: <md> is not allowed here.
logs\main-assembled.xml:39727:3: error: <md> is not allowed here.
logs\main-assembled.xml:39748:3: error: <subsection> is not allowed here.
logs\main-assembled.xml:39753:3: error: <md> is not allowed here.
logs\main-assembled.xml:39757:3: error: <md> is not allowed here.
logs\main-assembled.xml:39761:3: error: <md> is not allowed here.
logs\main-assembled.xml:39765:3: error: <md> is not allowed here.
logs\main-assembled.xml:39771:3: error: <md> is not allowed here.
logs\main-assembled.xml:39777:3: error: <md> is not allowed here.
logs\main-assembled.xml:39781:3: error: <md> is not allowed here.
logs\main-assembled.xml:39790:3: error: <md> is not allowed here.
logs\main-assembled.xml:39794:3: error: <md> is not allowed here.
logs\main-assembled.xml:39798:3: error: <md> is not allowed here.
logs\main-assembled.xml:39804:3: error: <md> is not allowed here.
logs\main-assembled.xml:39824:3: error: <subsection> is not allowed here.
logs\main-assembled.xml:39830:3: error: <md> is not allowed here.
logs\main-assembled.xml:39834:3: error: <md> is not allowed here.
logs\main-assembled.xml:39838:3: error: <md> is not allowed here.
logs\main-assembled.xml:39842:3: error: <md> is not allowed here.
logs\main-assembled.xml:39852:3: error: <md> is not allowed here.
logs\main-assembled.xml:39856:3: error: <md> is not allowed here.
logs\main-assembled.xml:39869:3: error: <md> is not allowed here.
logs\main-assembled.xml:39873:3: error: <md> is not allowed here.
logs\main-assembled.xml:39886:3: error: <md> is not allowed here.
logs\main-assembled.xml:39890:3: error: <md> is not allowed here.
logs\main-assembled.xml:39896:3: error: <md> is not allowed here.
logs\main-assembled.xml:39901:3: error: <md> is not allowed here.
logs\main-assembled.xml:39905:3: error: <md> is not allowed here.
logs\main-assembled.xml:39911:3: error: <md> is not allowed here.
logs\main-assembled.xml:39919:3: error: <md> is not allowed here.
logs\main-assembled.xml:39928:3: error: <subsection> is not allowed here.
logs\main-assembled.xml:39936:9: error: <md> is not allowed here.
logs\main-assembled.xml:39941:9: error: <md> is not allowed here.
logs\main-assembled.xml:39947:9: error: <md> is not allowed here.
logs\main-assembled.xml:39958:3: error: <md> is not allowed here.
logs\main-assembled.xml:39962:3: error: <md> is not allowed here.
logs\main-assembled.xml:39966:3: error: <md> is not allowed here.
logs\main-assembled.xml:39970:3: error: <md> is not allowed here.
logs\main-assembled.xml:39990:3: error: <subsection> is not allowed here.
logs\main-assembled.xml:39995:3: error: <md> is not allowed here.
logs\main-assembled.xml:40002:3: error: <md> is not allowed here.
logs\main-assembled.xml:40006:3: error: <md> is not allowed here.
logs\main-assembled.xml:40010:3: error: <md> is not allowed here.
logs\main-assembled.xml:40018:3: error: <md> is not allowed here.
logs\main-assembled.xml:40022:3: error: <md> is not allowed here.
logs\main-assembled.xml:40026:3: error: <md> is not allowed here.
logs\main-assembled.xml:40034:3: error: <md> is not allowed here.
logs\main-assembled.xml:40043:3: error: <md> is not allowed here.
logs\main-assembled.xml:40050:3: error: <md> is not allowed here.
logs\main-assembled.xml:40054:3: error: <md> is not allowed here.
logs\main-assembled.xml:40058:3: error: <md> is not allowed here.
logs\main-assembled.xml:40064:3: error: <md> is not allowed here.
logs\main-assembled.xml:40068:3: error: <md> is not allowed here.
logs\main-assembled.xml:40074:3: error: <md> is not allowed here.
logs\main-assembled.xml:40083:3: error: <subsection> is not allowed here.
logs\main-assembled.xml:40088:3: error: <md> is not allowed here.
logs\main-assembled.xml:40096:3: error: <md> is not allowed here.
logs\main-assembled.xml:40100:3: error: <md> is not allowed here.
logs\main-assembled.xml:40108:3: error: <md> is not allowed here.
logs\main-assembled.xml:40116:3: error: <md> is not allowed here.
logs\main-assembled.xml:40118:1: error: <strong> is not allowed here.
logs\main-assembled.xml:40118:27: error: <strong> is not allowed here.
logs\main-assembled.xml:40138:3: error: <md> is not allowed here.
logs\main-assembled.xml:40144:3: error: <md> is not allowed here.
logs\main-assembled.xml:40148:3: error: <md> is not allowed here.
logs\main-assembled.xml:40154:3: error: <md> is not allowed here.
logs\main-assembled.xml:40160:3: error: <md> is not allowed here.
logs\main-assembled.xml:40168:3: error: <md> is not allowed here.
logs\main-assembled.xml:40178:3: error: <md> is not allowed here.
logs\main-assembled.xml:40186:3: error: <md> is not allowed here.
logs\main-assembled.xml:40194:3: error: <md> is not allowed here.
logs\main-assembled.xml:40198:3: error: <md> is not allowed here.
logs\main-assembled.xml:40208:3: error: <md> is not allowed here.
logs\main-assembled.xml:40217:3: error: <md> is not allowed here.
logs\main-assembled.xml:40237:3: error: <md> is not allowed here.
logs\main-assembled.xml:40243:3: error: <md> is not allowed here.
logs\main-assembled.xml:40255:3: error: <subsection> is not allowed here.
logs\main-assembled.xml:40262:3: error: <md> is not allowed here.
logs\main-assembled.xml:40266:3: error: <md> is not allowed here.
logs\main-assembled.xml:40270:3: error: <md> is not allowed here.
logs\main-assembled.xml:40296:3: error: <md> is not allowed here.
logs\main-assembled.xml:40306:3: error: <md> is not allowed here.
logs\main-assembled.xml:40310:3: error: <md> is not allowed here.
logs\main-assembled.xml:40318:3: error: <md> is not allowed here.
logs\main-assembled.xml:40324:3: error: <md> is not allowed here.
logs\main-assembled.xml:40328:3: error: <md> is not allowed here.
logs\main-assembled.xml:40336:3: error: <md> is not allowed here.
logs\main-assembled.xml:40340:3: error: <md> is not allowed here.
logs\main-assembled.xml:40353:3: error: <md> is not allowed here.
logs\main-assembled.xml:40359:3: error: <md> is not allowed here.
logs\main-assembled.xml:40367:3: error: <md> is not allowed here.
logs\main-assembled.xml:40376:3: error: <md> is not allowed here.
logs\main-assembled.xml:40382:3: error: <md> is not allowed here.
logs\main-assembled.xml:40389:3: error: <md> is not allowed here.
logs\main-assembled.xml:40396:3: error: <md> is not allowed here.
logs\main-assembled.xml:40400:3: error: <md> is not allowed here.
logs\main-assembled.xml:40409:3: error: <md> is not allowed here.
logs\main-assembled.xml:40416:3: error: <md> is not allowed here.
logs\main-assembled.xml:40420:3: error: <md> is not allowed here.
logs\main-assembled.xml:40439:3: error: <md> is not allowed here.
logs\main-assembled.xml:40445:3: error: <subsection> is not allowed here.
logs\main-assembled.xml:40452:3: error: <md> is not allowed here.
logs\main-assembled.xml:40456:3: error: <md> is not allowed here.
logs\main-assembled.xml:40460:3: error: <md> is not allowed here.
logs\main-assembled.xml:40470:3: error: <md> is not allowed here.
logs\main-assembled.xml:40474:3: error: <md> is not allowed here.
logs\main-assembled.xml:40480:3: error: <md> is not allowed here.
logs\main-assembled.xml:40486:3: error: <md> is not allowed here.
logs\main-assembled.xml:40492:3: error: <md> is not allowed here.
logs\main-assembled.xml:40496:3: error: <md> is not allowed here.
logs\main-assembled.xml:40500:3: error: <md> is not allowed here.
logs\main-assembled.xml:40542:3: error: <md> is not allowed here.
logs\main-assembled.xml:40546:3: error: <md> is not allowed here.
logs\main-assembled.xml:40550:3: error: <md> is not allowed here.
logs\main-assembled.xml:40572:3: error: <subsection> is not allowed here.
logs\main-assembled.xml:40577:3: error: <md> is not allowed here.
logs\main-assembled.xml:40581:3: error: <md> is not allowed here.
logs\main-assembled.xml:40585:3: error: <md> is not allowed here.
logs\main-assembled.xml:40592:9: error: <md> is not allowed here.
logs\main-assembled.xml:40594:9: error: <md> is not allowed here.
logs\main-assembled.xml:40596:9: error: <md> is not allowed here.
logs\main-assembled.xml:40611:3: error: <md> is not allowed here.
logs\main-assembled.xml:40617:3: error: <md> is not allowed here.
logs\main-assembled.xml:40621:3: error: <md> is not allowed here.
logs\main-assembled.xml:40625:3: error: <md> is not allowed here.
logs\main-assembled.xml:40629:3: error: <md> is not allowed here.
logs\main-assembled.xml:40644:3: error: <md> is not allowed here.
logs\main-assembled.xml:40660:3: error: <md> is not allowed here.
logs\main-assembled.xml:40668:3: error: <subsection> is not allowed here.
logs\main-assembled.xml:40676:9: error: <md> is not allowed here.
logs\main-assembled.xml:40678:9: error: <md> is not allowed here.
logs\main-assembled.xml:40682:9: error: <md> is not allowed here.
logs\main-assembled.xml:40692:3: error: <md> is not allowed here.
logs\main-assembled.xml:40698:3: error: <md> is not allowed here.
logs\main-assembled.xml:40704:3: error: <md> is not allowed here.
logs\main-assembled.xml:40710:3: error: <md> is not allowed here.
logs\main-assembled.xml:40714:3: error: <md> is not allowed here.
logs\main-assembled.xml:40720:3: error: <md> is not allowed here.
logs\main-assembled.xml:40729:3: error: <md> is not allowed here.
logs\main-assembled.xml:40738:3: error: <md> is not allowed here.
logs\main-assembled.xml:40762:3: error: <subsection> is not allowed here.
logs\main-assembled.xml:40768:3: error: <md> is not allowed here.
logs\main-assembled.xml:40772:3: error: <md> is not allowed here.
logs\main-assembled.xml:40777:3: error: <md> is not allowed here.
logs\main-assembled.xml:40781:3: error: <md> is not allowed here.
logs\main-assembled.xml:40795:3: error: <subsection> is not allowed here.
logs\main-assembled.xml:40800:3: error: <md> is not allowed here.
logs\main-assembled.xml:40807:3: error: <md> is not allowed here.
logs\main-assembled.xml:40813:3: error: <md> is not allowed here.
logs\main-assembled.xml:40817:3: error: <md> is not allowed here.
logs\main-assembled.xml:40821:3: error: <md> is not allowed here.
logs\main-assembled.xml:40828:3: error: <md> is not allowed here.
logs\main-assembled.xml:40836:3: error: <md> is not allowed here.
logs\main-assembled.xml:40845:3: error: <md> is not allowed here.
logs\main-assembled.xml:40851:3: error: <md> is not allowed here.
logs\main-assembled.xml:40857:3: error: <md> is not allowed here.
logs\main-assembled.xml:40865:3: error: <md> is not allowed here.
logs\main-assembled.xml:40874:3: error: <md> is not allowed here.
logs\main-assembled.xml:40882:3: error: <md> is not allowed here.
logs\main-assembled.xml:40923:3: error: <md> is not allowed here.
logs\main-assembled.xml:40930:3: error: <subsection> is not allowed here.
logs\main-assembled.xml:40949:3: error: <md> is not allowed here.
logs\main-assembled.xml:40958:3: error: <md> is not allowed here.
logs\main-assembled.xml:40965:3: error: <md> is not allowed here.
logs\main-assembled.xml:40970:3: error: <md> is not allowed here.
logs\main-assembled.xml:40972:3: error: <md> is not allowed here.
logs\main-assembled.xml:40992:3: error: <subsection> is not allowed here.
logs\main-assembled.xml:40997:3: error: <md> is not allowed here.
logs\main-assembled.xml:41017:3: error: <md> is not allowed here.
logs\main-assembled.xml:41028:3: error: <md> is not allowed here.
logs\main-assembled.xml:41037:3: error: <md> is not allowed here.
logs\main-assembled.xml:41051:3: error: <md> is not allowed here.
logs\main-assembled.xml:41059:3: error: <md> is not allowed here.
logs\main-assembled.xml:41081:3: error: <md> is not allowed here.
logs\main-assembled.xml:41113:3: error: <md> is not allowed here.
logs\main-assembled.xml:41124:3: error: <md> is not allowed here.
logs\main-assembled.xml:41135:3: error: <subsection> is not allowed here.
logs\main-assembled.xml:41140:3: error: <md> is not allowed here.
logs\main-assembled.xml:41145:3: error: <md> is not allowed here.
logs\main-assembled.xml:41152:3: error: <md> is not allowed here.
logs\main-assembled.xml:41162:3: error: <md> is not allowed here.
logs\main-assembled.xml:41184:3: error: <subsection> is not allowed here.
logs\main-assembled.xml:41189:3: error: <md> is not allowed here.
logs\main-assembled.xml:41196:3: error: <md> is not allowed here.
logs\main-assembled.xml:41200:3: error: <md> is not allowed here.
logs\main-assembled.xml:41209:3: error: <md> is not allowed here.
logs\main-assembled.xml:41214:3: error: <subsection> is not allowed here.
logs\main-assembled.xml:41219:3: error: <md> is not allowed here.
logs\main-assembled.xml:41260:3: error: <md> is not allowed here.
logs\main-assembled.xml:41264:3: error: <md> is not allowed here.
logs\main-assembled.xml:41270:3: error: <md> is not allowed here.
logs\main-assembled.xml:41274:3: error: <md> is not allowed here.
logs\main-assembled.xml:41284:3: error: <subsection> is not allowed here.
logs\main-assembled.xml:41291:3: error: <md> is not allowed here.
logs\main-assembled.xml:41296:3: error: <md> is not allowed here.
logs\main-assembled.xml:41300:3: error: <md> is not allowed here.
logs\main-assembled.xml:41338:3: error: <subsection> is not allowed here.
logs\main-assembled.xml:41343:3: error: <md> is not allowed here.
logs\main-assembled.xml:41354:3: error: <md> is not allowed here.
logs\main-assembled.xml:41358:3: error: <md> is not allowed here.
logs\main-assembled.xml:41409:3: error: <md> is not allowed here.
logs\main-assembled.xml:41417:3: error: <md> is not allowed here.
logs\main-assembled.xml:41425:3: error: <md> is not allowed here.
logs\main-assembled.xml:41433:3: error: <md> is not allowed here.
logs\main-assembled.xml:41437:3: error: <md> is not allowed here.
logs\main-assembled.xml:41455:3: error: <subsection> is not allowed here.
logs\main-assembled.xml:41465:3: error: <md> is not allowed here.
logs\main-assembled.xml:41471:3: error: <md> is not allowed here.
logs\main-assembled.xml:41477:3: error: <md> is not allowed here.
logs\main-assembled.xml:41481:3: error: <md> is not allowed here.
logs\main-assembled.xml:41485:3: error: <md> is not allowed here.
logs\main-assembled.xml:41493:3: error: <md> is not allowed here.
logs\main-assembled.xml:41497:3: error: <md> is not allowed here.
logs\main-assembled.xml:41503:9: error: <md> is not allowed here.
logs\main-assembled.xml:41510:9: error: <md> is not allowed here.
logs\main-assembled.xml:41517:8: error: Missing required content. Expected one of: <p>, <blockquote>, <pre>, <image>, <video>, <audio>, <program>, <console>, <tabular>, <figure>, <table>, <listing>, … (7 more).
logs\main-assembled.xml:41552:3: error: <md> is not allowed here.
logs\main-assembled.xml:41560:3: error: <subsection> is not allowed here.
logs\main-assembled.xml:41566:3: error: <md> is not allowed here.
logs\main-assembled.xml:41573:3: error: <md> is not allowed here.
logs\main-assembled.xml:41582:9: error: <md> is not allowed here.
logs\main-assembled.xml:41596:3: error: <md> is not allowed here.
logs\main-assembled.xml:41600:3: error: <md> is not allowed here.
logs\main-assembled.xml:41607:3: error: <md> is not allowed here.
logs\main-assembled.xml:41611:3: error: <md> is not allowed here.
logs\main-assembled.xml:41638:3: error: <md> is not allowed here.
logs\main-assembled.xml:41644:3: error: <md> is not allowed here.
logs\main-assembled.xml:41650:3: error: <md> is not allowed here.
logs\main-assembled.xml:41654:3: error: <md> is not allowed here.
logs\main-assembled.xml:41658:3: error: <md> is not allowed here.
logs\main-assembled.xml:41669:3: error: <subsection> is not allowed here.
logs\main-assembled.xml:41676:3: error: <md> is not allowed here.
logs\main-assembled.xml:41681:3: error: <md> is not allowed here.
logs\main-assembled.xml:41726:3: error: <md> is not allowed here.
logs\main-assembled.xml:41737:3: error: <subsection> is not allowed here.
logs\main-assembled.xml:41742:3: error: <md> is not allowed here.
logs\main-assembled.xml:41749:3: error: <md> is not allowed here.
logs\main-assembled.xml:41755:3: error: <md> is not allowed here.
logs\main-assembled.xml:41763:3: error: <md> is not allowed here.
logs\main-assembled.xml:41775:3: error: <md> is not allowed here.
logs\main-assembled.xml:41779:3: error: <md> is not allowed here.
logs\main-assembled.xml:41786:3: error: <md> is not allowed here.
logs\main-assembled.xml:41790:3: error: <subsection> is not allowed here.
logs\main-assembled.xml:41798:9: error: <md> is not allowed here.
logs\main-assembled.xml:41800:9: error: <md> is not allowed here.
logs\main-assembled.xml:41812:3: error: <md> is not allowed here.
logs\main-assembled.xml:41816:3: error: <md> is not allowed here.
logs\main-assembled.xml:41820:3: error: <md> is not allowed here.
logs\main-assembled.xml:41830:3: error: <md> is not allowed here.
logs\main-assembled.xml:41834:3: error: <md> is not allowed here.
logs\main-assembled.xml:41840:3: error: <md> is not allowed here.
logs\main-assembled.xml:41844:3: error: <md> is not allowed here.
logs\main-assembled.xml:41862:3: error: <md> is not allowed here.
logs\main-assembled.xml:41866:3: error: <md> is not allowed here.
logs\main-assembled.xml:41870:3: error: <md> is not allowed here.
logs\main-assembled.xml:41874:3: error: <md> is not allowed here.
logs\main-assembled.xml:41878:3: error: <md> is not allowed here.
logs\main-assembled.xml:41887:3: error: <subsection> is not allowed here.
logs\main-assembled.xml:41895:3: error: <md> is not allowed here.
logs\main-assembled.xml:41899:3: error: <md> is not allowed here.
logs\main-assembled.xml:41907:3: error: <md> is not allowed here.
logs\main-assembled.xml:41915:3: error: <md> is not allowed here.
logs\main-assembled.xml:41926:3: error: <md> is not allowed here.
logs\main-assembled.xml:41948:3: error: <subsection> is not allowed here.
logs\main-assembled.xml:41956:3: error: <md> is not allowed here.
logs\main-assembled.xml:41960:3: error: <md> is not allowed here.
logs\main-assembled.xml:41968:9: error: <md> is not allowed here.
logs\main-assembled.xml:41977:3: error: <md> is not allowed here.
logs\main-assembled.xml:41999:3: error: <md> is not allowed here.
logs\main-assembled.xml:42005:3: error: <md> is not allowed here.
logs\main-assembled.xml:42009:3: error: <md> is not allowed here.
logs\main-assembled.xml:42013:3: error: <md> is not allowed here.
logs\main-assembled.xml:42021:3: error: <md> is not allowed here.
logs\main-assembled.xml:42093:3: error: <subsection> is not allowed here.
logs\main-assembled.xml:42104:9: error: <md> is not allowed here.
logs\main-assembled.xml:42116:3: error: <md> is not allowed here.
logs\main-assembled.xml:42120:3: error: <md> is not allowed here.
logs\main-assembled.xml:42128:3: error: <md> is not allowed here.
logs\main-assembled.xml:42144:3: error: <md> is not allowed here.
logs\main-assembled.xml:42154:3: error: <md> is not allowed here.
logs\main-assembled.xml:42158:3: error: <md> is not allowed here.
logs\main-assembled.xml:42162:3: error: <md> is not allowed here.
logs\main-assembled.xml:42171:3: error: <subsection> is not allowed here.
logs\main-assembled.xml:42178:3: error: <md> is not allowed here.
logs\main-assembled.xml:42182:3: error: <md> is not allowed here.
logs\main-assembled.xml:42191:9: error: <md> is not allowed here.
logs\main-assembled.xml:42197:9: error: <md> is not allowed here.
logs\main-assembled.xml:42246:3: error: <md> is not allowed here.
logs\main-assembled.xml:42250:3: error: <md> is not allowed here.
logs\main-assembled.xml:42261:3: error: <md> is not allowed here.
logs\main-assembled.xml:42265:3: error: <md> is not allowed here.
logs\main-assembled.xml:42279:3: error: <md> is not allowed here.
logs\main-assembled.xml:42283:3: error: <md> is not allowed here.
logs\main-assembled.xml:42289:3: error: <md> is not allowed here.
logs\main-assembled.xml:42293:3: error: <md> is not allowed here.
logs\main-assembled.xml:42316:3: error: <subsection> is not allowed here.
logs\main-assembled.xml:42322:3: error: <md> is not allowed here.
logs\main-assembled.xml:42324:1: error: <strong> is not allowed here.
logs\main-assembled.xml:42324:35: error: <strong> is not allowed here.
logs\main-assembled.xml:42359:3: error: <md> is not allowed here.
logs\main-assembled.xml:42376:3: error: <md> is not allowed here.
logs\main-assembled.xml:42387:3: error: <md> is not allowed here.
logs\main-assembled.xml:42389:3: error: <subsection> is not allowed here.
logs\main-assembled.xml:42394:3: error: <md> is not allowed here.
logs\main-assembled.xml:42398:3: error: <md> is not allowed here.
logs\main-assembled.xml:42402:3: error: <md> is not allowed here.
logs\main-assembled.xml:42406:3: error: <md> is not allowed here.
logs\main-assembled.xml:42413:3: error: <md> is not allowed here.
logs\main-assembled.xml:42419:3: error: <md> is not allowed here.
logs\main-assembled.xml:42424:3: error: <md> is not allowed here.
logs\main-assembled.xml:42430:3: error: <md> is not allowed here.
logs\main-assembled.xml:42442:9: error: <md> is not allowed here.
logs\main-assembled.xml:42467:3: error: <subsection> is not allowed here.
logs\main-assembled.xml:42480:3: error: <md> is not allowed here.
logs\main-assembled.xml:42484:3: error: <md> is not allowed here.
logs\main-assembled.xml:42488:3: error: <md> is not allowed here.
logs\main-assembled.xml:42492:3: error: <md> is not allowed here.
logs\main-assembled.xml:42496:3: error: <md> is not allowed here.
logs\main-assembled.xml:42500:3: error: <md> is not allowed here.
logs\main-assembled.xml:42511:3: error: <md> is not allowed here.
logs\main-assembled.xml:42523:3: error: <md> is not allowed here.
logs\main-assembled.xml:42536:3: error: <md> is not allowed here.
logs\main-assembled.xml:42540:3: error: <md> is not allowed here.
logs\main-assembled.xml:42562:3: error: <md> is not allowed here.
logs\main-assembled.xml:42568:3: error: <md> is not allowed here.
logs\main-assembled.xml:42577:3: error: <md> is not allowed here.
logs\main-assembled.xml:42581:3: error: <md> is not allowed here.
logs\main-assembled.xml:42589:3: error: <md> is not allowed here.
logs\main-assembled.xml:42593:3: error: <md> is not allowed here.
logs\main-assembled.xml:42597:3: error: <md> is not allowed here.
logs\main-assembled.xml:42601:3: error: <md> is not allowed here.
logs\main-assembled.xml:42611:3: error: <md> is not allowed here.
logs\main-assembled.xml:42618:3: error: <md> is not allowed here.
logs\main-assembled.xml:42641:3: error: <subsection> is not allowed here.
logs\main-assembled.xml:42653:3: error: <md> is not allowed here.
logs\main-assembled.xml:42657:3: error: <md> is not allowed here.
logs\main-assembled.xml:42661:3: error: <md> is not allowed here.
logs\main-assembled.xml:42667:3: error: <md> is not allowed here.
logs\main-assembled.xml:42674:3: error: <md> is not allowed here.
logs\main-assembled.xml:42680:3: error: <md> is not allowed here.
logs\main-assembled.xml:42770:3: error: <md> is not allowed here.
logs\main-assembled.xml:42781:3: error: <md> is not allowed here.
logs\main-assembled.xml:42789:3: error: <subsection> is not allowed here.
logs\main-assembled.xml:42814:3: error: <md> is not allowed here.
logs\main-assembled.xml:42845:3: error: <md> is not allowed here.
logs\main-assembled.xml:42895:3: error: <md> is not allowed here.
logs\main-assembled.xml:42900:3: error: <md> is not allowed here.
logs\main-assembled.xml:42904:3: error: <md> is not allowed here.
logs\main-assembled.xml:42913:3: error: <note> is not allowed here.
logs\main-assembled.xml:42922:3: error: <subsection> is not allowed here.
logs\main-assembled.xml:42929:3: error: <md> is not allowed here.
logs\main-assembled.xml:42941:3: error: <md> is not allowed here.
logs\main-assembled.xml:42948:3: error: <md> is not allowed here.
logs\main-assembled.xml:42952:3: error: <md> is not allowed here.
logs\main-assembled.xml:42956:3: error: <md> is not allowed here.
logs\main-assembled.xml:42960:3: error: <md> is not allowed here.
logs\main-assembled.xml:42964:3: error: <md> is not allowed here.
logs\main-assembled.xml:43012:9: error: <md> is not allowed here.
logs\main-assembled.xml:43014:1: error: <strong> is not allowed here.
logs\main-assembled.xml:43014:40: error: <strong> is not allowed here.
logs\main-assembled.xml:43060:3: error: <md> is not allowed here.
logs\main-assembled.xml:43064:3: error: <md> is not allowed here.
logs\main-assembled.xml:43068:3: error: <md> is not allowed here.
logs\main-assembled.xml:43074:3: error: <md> is not allowed here.
logs\main-assembled.xml:43076:1: error: <strong> is not allowed here.
logs\main-assembled.xml:43076:28: error: <strong> is not allowed here.
logs\main-assembled.xml:43076:58: error: <strong> is not allowed here.
logs\main-assembled.xml:43110:3: error: <subsection> is not allowed here.
logs\main-assembled.xml:43115:3: error: <md> is not allowed here.
logs\main-assembled.xml:43122:3: error: <md> is not allowed here.
logs\main-assembled.xml:43126:3: error: <md> is not allowed here.
logs\main-assembled.xml:43130:3: error: <md> is not allowed here.
logs\main-assembled.xml:43139:3: error: <md> is not allowed here.
logs\main-assembled.xml:43146:3: error: <md> is not allowed here.
logs\main-assembled.xml:43150:3: error: <md> is not allowed here.
logs\main-assembled.xml:43154:3: error: <md> is not allowed here.
logs\main-assembled.xml:43162:3: error: <md> is not allowed here.
logs\main-assembled.xml:43171:3: error: <md> is not allowed here.
logs\main-assembled.xml:43175:3: error: <md> is not allowed here.
logs\main-assembled.xml:43179:3: error: <md> is not allowed here.
logs\main-assembled.xml:43183:3: error: <md> is not allowed here.
logs\main-assembled.xml:43189:3: error: <md> is not allowed here.
logs\main-assembled.xml:43193:3: error: <md> is not allowed here.
logs\main-assembled.xml:43201:3: error: <md> is not allowed here.
logs\main-assembled.xml:43218:5: error: <ol> is not allowed here.
logs\main-assembled.xml:43221:11: error: <md> is not allowed here.
logs\main-assembled.xml:43223:11: error: <md> is not allowed here.
logs\main-assembled.xml:43227:11: error: <md> is not allowed here.
logs\main-assembled.xml:43232:11: error: <md> is not allowed here.
logs\main-assembled.xml:43234:11: error: <md> is not allowed here.
logs\main-assembled.xml:43238:11: error: <md> is not allowed here.
logs\main-assembled.xml:43248:11: error: <md> is not allowed here.
logs\main-assembled.xml:43250:11: error: <md> is not allowed here.
logs\main-assembled.xml:43254:11: error: <md> is not allowed here.
logs\main-assembled.xml:43259:11: error: <md> is not allowed here.
logs\main-assembled.xml:43262:11: error: <md> is not allowed here.
logs\main-assembled.xml:43264:11: error: <md> is not allowed here.
logs\main-assembled.xml:43268:11: error: <md> is not allowed here.
logs\main-assembled.xml:43281:3: error: <md> is not allowed here.
logs\main-assembled.xml:43283:1: error: <strong> is not allowed here.
logs\main-assembled.xml:43283:28: error: <strong> is not allowed here.
logs\main-assembled.xml:43324:3: error: <subsection> is not allowed here.
logs\main-assembled.xml:43330:3: error: <md> is not allowed here.
logs\main-assembled.xml:43334:3: error: <md> is not allowed here.
logs\main-assembled.xml:43340:3: error: <md> is not allowed here.
logs\main-assembled.xml:43386:5: error: <ol> is not allowed here.
logs\main-assembled.xml:43389:11: error: <md> is not allowed here.
logs\main-assembled.xml:43395:11: error: <md> is not allowed here.
logs\main-assembled.xml:43400:11: error: <md> is not allowed here.
logs\main-assembled.xml:43402:11: error: <md> is not allowed here.
logs\main-assembled.xml:43446:3: error: <subsection> is not allowed here.
logs\main-assembled.xml:43453:3: error: <md> is not allowed here.
logs\main-assembled.xml:43457:3: error: <md> is not allowed here.
logs\main-assembled.xml:43459:3: error: <md> is not allowed here.
logs\main-assembled.xml:43461:3: error: <md> is not allowed here.
logs\main-assembled.xml:43466:3: error: <md> is not allowed here.
logs\main-assembled.xml:43475:3: error: <md> is not allowed here.
logs\main-assembled.xml:43482:3: error: <md> is not allowed here.
logs\main-assembled.xml:43486:3: error: <md> is not allowed here.
logs\main-assembled.xml:43490:3: error: <md> is not allowed here.
logs\main-assembled.xml:43510:5: error: <ol> is not allowed here.
logs\main-assembled.xml:43516:11: error: <md> is not allowed here.
logs\main-assembled.xml:43529:11: error: <md> is not allowed here.
logs\main-assembled.xml:43535:11: error: <md> is not allowed here.
logs\main-assembled.xml:43545:3: error: <md> is not allowed here.
logs\main-assembled.xml:43549:3: error: <md> is not allowed here.
logs\main-assembled.xml:43557:5: error: <ol> is not allowed here.
logs\main-assembled.xml:43563:11: error: <md> is not allowed here.
logs\main-assembled.xml:43568:11: error: <md> is not allowed here.
logs\main-assembled.xml:43570:11: error: <md> is not allowed here.
logs\main-assembled.xml:43583:11: error: <md> is not allowed here.
logs\main-assembled.xml:43587:11: error: <md> is not allowed here.
logs\main-assembled.xml:43609:3: error: <subsection> is not allowed here.
logs\main-assembled.xml:43617:3: error: <md> is not allowed here.
logs\main-assembled.xml:43659:3: error: <md> is not allowed here.
logs\main-assembled.xml:43666:3: error: <md> is not allowed here.
logs\main-assembled.xml:43670:3: error: <md> is not allowed here.
logs\main-assembled.xml:43674:3: error: <md> is not allowed here.
logs\main-assembled.xml:43683:3: error: <md> is not allowed here.
logs\main-assembled.xml:43715:3: error: <md> is not allowed here.
logs\main-assembled.xml:43724:3: error: <md> is not allowed here.
logs\main-assembled.xml:43743:3: error: <subsection> is not allowed here.
logs\main-assembled.xml:43748:3: error: <md> is not allowed here.
logs\main-assembled.xml:43753:3: error: <md> is not allowed here.
logs\main-assembled.xml:43762:3: error: <md> is not allowed here.
logs\main-assembled.xml:43800:3: error: <md> is not allowed here.
logs\main-assembled.xml:43804:3: error: <md> is not allowed here.
logs\main-assembled.xml:43808:3: error: <md> is not allowed here.
logs\main-assembled.xml:43812:3: error: <md> is not allowed here.
logs\main-assembled.xml:43834:3: error: <subsection> is not allowed here.
logs\main-assembled.xml:43839:3: error: <md> is not allowed here.
logs\main-assembled.xml:43848:3: error: <md> is not allowed here.
logs\main-assembled.xml:43852:3: error: <md> is not allowed here.
logs\main-assembled.xml:43862:3: error: <md> is not allowed here.
logs\main-assembled.xml:43866:3: error: <md> is not allowed here.
logs\main-assembled.xml:43870:3: error: <md> is not allowed here.
logs\main-assembled.xml:43874:3: error: <md> is not allowed here.
logs\main-assembled.xml:43885:3: error: <md> is not allowed here.
logs\main-assembled.xml:43891:3: error: <md> is not allowed here.
logs\main-assembled.xml:43898:3: error: <md> is not allowed here.
logs\main-assembled.xml:43919:3: error: <subsection> is not allowed here.
logs\main-assembled.xml:43924:3: error: <md> is not allowed here.
logs\main-assembled.xml:43928:3: error: <md> is not allowed here.
logs\main-assembled.xml:43934:3: error: <md> is not allowed here.
logs\main-assembled.xml:43940:3: error: <md> is not allowed here.
logs\main-assembled.xml:43990:3: error: <md> is not allowed here.
logs\main-assembled.xml:43998:3: error: <md> is not allowed here.
logs\main-assembled.xml:44020:3: error: <subsection> is not allowed here.
logs\main-assembled.xml:44025:3: error: <md> is not allowed here.
logs\main-assembled.xml:44031:3: error: <md> is not allowed here.
logs\main-assembled.xml:44043:3: error: <md> is not allowed here.
logs\main-assembled.xml:44049:3: error: <md> is not allowed here.
logs\main-assembled.xml:44071:3: error: <md> is not allowed here.
logs\main-assembled.xml:44075:3: error: <md> is not allowed here.
logs\main-assembled.xml:44079:3: error: <md> is not allowed here.
logs\main-assembled.xml:44087:3: error: <md> is not allowed here.
logs\main-assembled.xml:44093:3: error: <md> is not allowed here.
logs\main-assembled.xml:44099:3: error: <md> is not allowed here.
logs\main-assembled.xml:44103:3: error: <md> is not allowed here.
logs\main-assembled.xml:44107:3: error: <md> is not allowed here.
logs\main-assembled.xml:44122:3: error: <md> is not allowed here.
logs\main-assembled.xml:44131:3: error: <subsection> is not allowed here.
logs\main-assembled.xml:44138:9: error: <md> is not allowed here.
logs\main-assembled.xml:44140:9: error: <md> is not allowed here.
logs\main-assembled.xml:44148:3: error: <md> is not allowed here.
logs\main-assembled.xml:44157:3: error: <md> is not allowed here.
logs\main-assembled.xml:44177:3: error: <subsection> is not allowed here.
logs\main-assembled.xml:44185:3: error: <md> is not allowed here.
logs\main-assembled.xml:44195:3: error: <md> is not allowed here.
logs\main-assembled.xml:44200:3: error: <md> is not allowed here.
logs\main-assembled.xml:44204:3: error: <md> is not allowed here.
logs\main-assembled.xml:44208:3: error: <md> is not allowed here.
logs\main-assembled.xml:44212:3: error: <md> is not allowed here.
logs\main-assembled.xml:44289:9: error: <md> is not allowed here.
logs\main-assembled.xml:44314:3: error: <subsection> is not allowed here.
logs\main-assembled.xml:44321:3: error: <md> is not allowed here.
logs\main-assembled.xml:44325:3: error: <md> is not allowed here.
logs\main-assembled.xml:44390:3: error: <subsection> is not allowed here.
logs\main-assembled.xml:44398:3: error: <md> is not allowed here.
logs\main-assembled.xml:44402:3: error: <md> is not allowed here.
logs\main-assembled.xml:44406:3: error: <md> is not allowed here.
logs\main-assembled.xml:44410:3: error: <md> is not allowed here.
logs\main-assembled.xml:44416:3: error: <md> is not allowed here.
logs\main-assembled.xml:44420:3: error: <md> is not allowed here.
logs\main-assembled.xml:44427:3: error: <md> is not allowed here.
logs\main-assembled.xml:44433:3: error: <md> is not allowed here.
logs\main-assembled.xml:44437:3: error: <md> is not allowed here.
logs\main-assembled.xml:44443:3: error: <md> is not allowed here.
logs\main-assembled.xml:44451:3: error: <md> is not allowed here.
logs\main-assembled.xml:44461:3: error: <md> is not allowed here.
logs\main-assembled.xml:44468:3: error: <md> is not allowed here.
logs\main-assembled.xml:44474:3: error: <subsection> is not allowed here.
logs\main-assembled.xml:44485:3: error: <md> is not allowed here.
logs\main-assembled.xml:44489:3: error: <md> is not allowed here.
logs\main-assembled.xml:44493:3: error: <md> is not allowed here.
logs\main-assembled.xml:44507:3: error: <md> is not allowed here.
logs\main-assembled.xml:44511:3: error: <md> is not allowed here.
logs\main-assembled.xml:44515:3: error: <md> is not allowed here.
logs\main-assembled.xml:44519:3: error: <md> is not allowed here.
logs\main-assembled.xml:44523:3: error: <md> is not allowed here.
logs\main-assembled.xml:44527:3: error: <md> is not allowed here.
logs\main-assembled.xml:44531:3: error: <md> is not allowed here.
logs\main-assembled.xml:44545:3: error: <md> is not allowed here.
logs\main-assembled.xml:44549:3: error: <md> is not allowed here.
logs\main-assembled.xml:44553:3: error: <md> is not allowed here.
logs\main-assembled.xml:44557:3: error: <md> is not allowed here.
logs\main-assembled.xml:44571:3: error: <md> is not allowed here.
logs\main-assembled.xml:44575:3: error: <md> is not allowed here.
logs\main-assembled.xml:44583:3: error: <md> is not allowed here.
logs\main-assembled.xml:44587:3: error: <md> is not allowed here.
logs\main-assembled.xml:44591:3: error: <md> is not allowed here.
logs\main-assembled.xml:44599:3: error: <md> is not allowed here.
logs\main-assembled.xml:44605:3: error: <md> is not allowed here.
logs\main-assembled.xml:44611:3: error: <md> is not allowed here.
logs\main-assembled.xml:44618:3: error: <subsection> is not allowed here.
logs\main-assembled.xml:44623:3: error: <md> is not allowed here.
logs\main-assembled.xml:44633:3: error: <md> is not allowed here.
logs\main-assembled.xml:44641:3: error: <md> is not allowed here.
logs\main-assembled.xml:44658:3: error: <md> is not allowed here.
logs\main-assembled.xml:44663:3: error: <md> is not allowed here.
logs\main-assembled.xml:44667:3: error: <md> is not allowed here.
logs\main-assembled.xml:44697:3: error: <md> is not allowed here.
logs\main-assembled.xml:44708:3: error: <md> is not allowed here.
logs\main-assembled.xml:44714:3: error: <subsection> is not allowed here.
logs\main-assembled.xml:44719:3: error: <md> is not allowed here.
logs\main-assembled.xml:44723:3: error: <md> is not allowed here.
logs\main-assembled.xml:44728:3: error: <md> is not allowed here.
logs\main-assembled.xml:44734:3: error: <md> is not allowed here.
logs\main-assembled.xml:44738:3: error: <md> is not allowed here.
logs\main-assembled.xml:44774:3: error: <md> is not allowed here.
logs\main-assembled.xml:44778:3: error: <md> is not allowed here.
logs\main-assembled.xml:44782:3: error: <md> is not allowed here.
logs\main-assembled.xml:44786:3: error: <md> is not allowed here.
logs\main-assembled.xml:44790:3: error: <md> is not allowed here.
logs\main-assembled.xml:44794:3: error: <md> is not allowed here.
logs\main-assembled.xml:44798:3: error: <md> is not allowed here.
logs\main-assembled.xml:44807:9: error: <md> is not allowed here.
logs\main-assembled.xml:44809:9: error: <md> is not allowed here.
logs\main-assembled.xml:44830:3: error: <subsection> is not allowed here.
logs\main-assembled.xml:44838:9: error: <md> is not allowed here.
logs\main-assembled.xml:44840:9: error: <md> is not allowed here.
logs\main-assembled.xml:44848:3: error: <md> is not allowed here.
logs\main-assembled.xml:44852:3: error: <md> is not allowed here.
logs\main-assembled.xml:44858:3: error: <md> is not allowed here.
logs\main-assembled.xml:44865:3: error: <md> is not allowed here.
logs\main-assembled.xml:44869:3: error: <md> is not allowed here.
logs\main-assembled.xml:44873:3: error: <md> is not allowed here.
logs\main-assembled.xml:44883:3: error: <md> is not allowed here.
logs\main-assembled.xml:44894:3: error: <md> is not allowed here.
logs\main-assembled.xml:44898:3: error: <md> is not allowed here.
logs\main-assembled.xml:44902:3: error: <md> is not allowed here.
logs\main-assembled.xml:44908:3: error: <md> is not allowed here.
logs\main-assembled.xml:44912:3: error: <md> is not allowed here.
logs\main-assembled.xml:44916:3: error: <md> is not allowed here.
logs\main-assembled.xml:44924:3: error: <md> is not allowed here.
logs\main-assembled.xml:44934:3: error: <subsection> is not allowed here.
logs\main-assembled.xml:44944:3: error: <md> is not allowed here.
logs\main-assembled.xml:44948:3: error: <md> is not allowed here.
logs\main-assembled.xml:44952:3: error: <md> is not allowed here.
logs\main-assembled.xml:44956:3: error: <md> is not allowed here.
logs\main-assembled.xml:44960:3: error: <md> is not allowed here.
logs\main-assembled.xml:44965:3: error: <md> is not allowed here.
logs\main-assembled.xml:44971:3: error: <md> is not allowed here.
logs\main-assembled.xml:44975:3: error: <md> is not allowed here.
logs\main-assembled.xml:44979:3: error: <md> is not allowed here.
logs\main-assembled.xml:44983:3: error: <md> is not allowed here.
logs\main-assembled.xml:44987:3: error: <md> is not allowed here.
logs\main-assembled.xml:44991:3: error: <md> is not allowed here.
logs\main-assembled.xml:44999:3: error: <md> is not allowed here.
logs\main-assembled.xml:45005:3: error: <subsection> is not allowed here.
logs\main-assembled.xml:45014:3: error: <md> is not allowed here.
logs\main-assembled.xml:45018:3: error: <md> is not allowed here.
logs\main-assembled.xml:45022:3: error: <md> is not allowed here.
logs\main-assembled.xml:45030:3: error: <md> is not allowed here.
logs\main-assembled.xml:45036:3: error: <md> is not allowed here.
logs\main-assembled.xml:45050:3: error: <md> is not allowed here.
logs\main-assembled.xml:45070:3: error: <subsection> is not allowed here.
logs\main-assembled.xml:45077:3: error: <md> is not allowed here.
logs\main-assembled.xml:45081:3: error: <md> is not allowed here.
logs\main-assembled.xml:45087:3: error: <md> is not allowed here.
logs\main-assembled.xml:45097:9: error: <md> is not allowed here.
logs\main-assembled.xml:45127:3: error: <md> is not allowed here.
logs\main-assembled.xml:45131:3: error: <md> is not allowed here.
logs\main-assembled.xml:45137:3: error: <md> is not allowed here.
logs\main-assembled.xml:45141:3: error: <md> is not allowed here.
logs\main-assembled.xml:45145:3: error: <md> is not allowed here.
logs\main-assembled.xml:45155:3: error: <md> is not allowed here.
logs\main-assembled.xml:45163:3: error: <subsection> is not allowed here.
logs\main-assembled.xml:45170:3: error: <md> is not allowed here.
logs\main-assembled.xml:45196:3: error: <md> is not allowed here.
logs\main-assembled.xml:45205:3: error: <md> is not allowed here.
logs\main-assembled.xml:45209:3: error: <md> is not allowed here.
logs\main-assembled.xml:45215:3: error: <md> is not allowed here.
logs\main-assembled.xml:45221:3: error: <md> is not allowed here.
logs\main-assembled.xml:45229:3: error: <md> is not allowed here.
logs\main-assembled.xml:45233:3: error: <md> is not allowed here.
logs\main-assembled.xml:45241:3: error: <md> is not allowed here.
logs\main-assembled.xml:45245:3: error: <md> is not allowed here.
logs\main-assembled.xml:45251:3: error: <md> is not allowed here.
logs\main-assembled.xml:45255:3: error: <md> is not allowed here.
logs\main-assembled.xml:45300:3: error: <md> is not allowed here.
logs\main-assembled.xml:45304:3: error: <md> is not allowed here.
logs\main-assembled.xml:45311:3: error: <subsection> is not allowed here.
logs\main-assembled.xml:45316:3: error: <md> is not allowed here.
logs\main-assembled.xml:45318:1: error: <strong> is not allowed here.
logs\main-assembled.xml:45318:28: error: <strong> is not allowed here.
logs\main-assembled.xml:45318:59: error: <strong> is not allowed here.
logs\main-assembled.xml:45332:3: error: <md> is not allowed here.
logs\main-assembled.xml:45336:3: error: <md> is not allowed here.
logs\main-assembled.xml:45345:3: error: <md> is not allowed here.
logs\main-assembled.xml:45352:3: error: <md> is not allowed here.
logs\main-assembled.xml:45356:3: error: <md> is not allowed here.
logs\main-assembled.xml:45360:3: error: <md> is not allowed here.
logs\main-assembled.xml:45364:3: error: <md> is not allowed here.
logs\main-assembled.xml:45373:3: error: <md> is not allowed here.
logs\main-assembled.xml:45384:3: error: <md> is not allowed here.
logs\main-assembled.xml:45391:3: error: <md> is not allowed here.
logs\main-assembled.xml:45395:3: error: <md> is not allowed here.
logs\main-assembled.xml:45401:3: error: <md> is not allowed here.
logs\main-assembled.xml:45405:3: error: <md> is not allowed here.
logs\main-assembled.xml:45411:3: error: <md> is not allowed here.
logs\main-assembled.xml:45415:3: error: <md> is not allowed here.
logs\main-assembled.xml:45419:3: error: <md> is not allowed here.
logs\main-assembled.xml:45423:3: error: <md> is not allowed here.
logs\main-assembled.xml:45425:3: error: <note> is not allowed here.
logs\main-assembled.xml:45447:3: error: <md> is not allowed here.
logs\main-assembled.xml:45454:3: error: <md> is not allowed here.
logs\main-assembled.xml:45460:3: error: <md> is not allowed here.
logs\main-assembled.xml:45464:3: error: <subsection> is not allowed here.
logs\main-assembled.xml:45469:3: error: <md> is not allowed here.
logs\main-assembled.xml:45473:3: error: <md> is not allowed here.
logs\main-assembled.xml:45477:3: error: <md> is not allowed here.
logs\main-assembled.xml:45481:3: error: <md> is not allowed here.
logs\main-assembled.xml:45485:3: error: <md> is not allowed here.
logs\main-assembled.xml:45489:3: error: <md> is not allowed here.
logs\main-assembled.xml:45494:3: error: <md> is not allowed here.
logs\main-assembled.xml:45532:9: error: <md> is not allowed here.
logs\main-assembled.xml:45536:9: error: <md> is not allowed here.
logs\main-assembled.xml:45544:3: error: <md> is not allowed here.
logs\main-assembled.xml:45556:3: error: <md> is not allowed here.
logs\main-assembled.xml:45562:3: error: <md> is not allowed here.
logs\main-assembled.xml:45566:3: error: <md> is not allowed here.
logs\main-assembled.xml:45589:3: error: <subsection> is not allowed here.
logs\main-assembled.xml:45600:9: error: <md> is not allowed here.
logs\main-assembled.xml:45602:9: error: <md> is not allowed here.
logs\main-assembled.xml:45611:3: error: <md> is not allowed here.
logs\main-assembled.xml:45615:3: error: <md> is not allowed here.
logs\main-assembled.xml:45620:3: error: <md> is not allowed here.
logs\main-assembled.xml:45624:3: error: <md> is not allowed here.
logs\main-assembled.xml:45628:3: error: <md> is not allowed here.
logs\main-assembled.xml:45632:3: error: <md> is not allowed here.
logs\main-assembled.xml:45636:3: error: <md> is not allowed here.
logs\main-assembled.xml:45646:3: error: <md> is not allowed here.
logs\main-assembled.xml:45656:3: error: <md> is not allowed here.
logs\main-assembled.xml:45660:3: error: <md> is not allowed here.
logs\main-assembled.xml:45670:3: error: <md> is not allowed here.
logs\main-assembled.xml:45674:3: error: <md> is not allowed here.
logs\main-assembled.xml:45678:3: error: <md> is not allowed here.
logs\main-assembled.xml:45699:3: error: <subsection> is not allowed here.
logs\main-assembled.xml:45725:3: error: <md> is not allowed here.
logs\main-assembled.xml:45729:3: error: <md> is not allowed here.
logs\main-assembled.xml:45735:3: error: <md> is not allowed here.
logs\main-assembled.xml:45739:3: error: <md> is not allowed here.
logs\main-assembled.xml:45743:3: error: <md> is not allowed here.
logs\main-assembled.xml:45747:3: error: <md> is not allowed here.
logs\main-assembled.xml:45751:3: error: <md> is not allowed here.
logs\main-assembled.xml:45755:3: error: <md> is not allowed here.
logs\main-assembled.xml:45759:3: error: <md> is not allowed here.
logs\main-assembled.xml:45766:3: error: <note> is not allowed here.
logs\main-assembled.xml:45783:3: error: <md> is not allowed here.
logs\main-assembled.xml:45789:3: error: <md> is not allowed here.
logs\main-assembled.xml:45793:3: error: <md> is not allowed here.
logs\main-assembled.xml:45797:3: error: <md> is not allowed here.
logs\main-assembled.xml:45801:3: error: <md> is not allowed here.
logs\main-assembled.xml:45805:3: error: <md> is not allowed here.
logs\main-assembled.xml:45817:3: error: <subsection> is not allowed here.
logs\main-assembled.xml:45824:3: error: <md> is not allowed here.
logs\main-assembled.xml:45826:1: error: <strong> is not allowed here.
logs\main-assembled.xml:45826:33: error: <strong> is not allowed here.
logs\main-assembled.xml:45844:3: error: <md> is not allowed here.
logs\main-assembled.xml:45851:3: error: <md> is not allowed here.
logs\main-assembled.xml:45855:3: error: <md> is not allowed here.
logs\main-assembled.xml:45857:1: error: <strong> is not allowed here.
logs\main-assembled.xml:45857:33: error: <strong> is not allowed here.
logs\main-assembled.xml:45875:3: error: <md> is not allowed here.
logs\main-assembled.xml:45877:1: error: <strong> is not allowed here.
logs\main-assembled.xml:45877:33: error: <strong> is not allowed here.
logs\main-assembled.xml:45892:3: error: <md> is not allowed here.
logs\main-assembled.xml:45896:3: error: <md> is not allowed here.
logs\main-assembled.xml:45906:3: error: <md> is not allowed here.
logs\main-assembled.xml:45916:3: error: <md> is not allowed here.
logs\main-assembled.xml:45924:3: error: <md> is not allowed here.
logs\main-assembled.xml:45935:3: error: <md> is not allowed here.
logs\main-assembled.xml:45939:3: error: <md> is not allowed here.
logs\main-assembled.xml:45943:3: error: <md> is not allowed here.
logs\main-assembled.xml:45947:3: error: <md> is not allowed here.
logs\main-assembled.xml:45962:3: error: <md> is not allowed here.
logs\main-assembled.xml:45966:3: error: <md> is not allowed here.
logs\main-assembled.xml:45972:3: error: <md> is not allowed here.
logs\main-assembled.xml:45976:3: error: <md> is not allowed here.
logs\main-assembled.xml:45982:3: error: <md> is not allowed here.
logs\main-assembled.xml:45990:3: error: <md> is not allowed here.
logs\main-assembled.xml:45994:3: error: <md> is not allowed here.
logs\main-assembled.xml:46000:3: error: <md> is not allowed here.
logs\main-assembled.xml:46007:3: error: <subsection> is not allowed here.
logs\main-assembled.xml:46014:3: error: <md> is not allowed here.
logs\main-assembled.xml:46025:3: error: <md> is not allowed here.
logs\main-assembled.xml:46031:3: error: <md> is not allowed here.
logs\main-assembled.xml:46035:3: error: <md> is not allowed here.
logs\main-assembled.xml:46039:3: error: <md> is not allowed here.
logs\main-assembled.xml:46043:3: error: <md> is not allowed here.
logs\main-assembled.xml:46065:3: error: <subsection> is not allowed here.
logs\main-assembled.xml:46072:3: error: <md> is not allowed here.
logs\main-assembled.xml:46076:3: error: <md> is not allowed here.
logs\main-assembled.xml:46080:3: error: <md> is not allowed here.
logs\main-assembled.xml:46084:3: error: <md> is not allowed here.
logs\main-assembled.xml:46088:3: error: <md> is not allowed here.
logs\main-assembled.xml:46094:3: error: <md> is not allowed here.
logs\main-assembled.xml:46099:3: error: <md> is not allowed here.
logs\main-assembled.xml:46106:3: error: <md> is not allowed here.
logs\main-assembled.xml:46138:3: error: <md> is not allowed here.
logs\main-assembled.xml:46145:3: error: <md> is not allowed here.
logs\main-assembled.xml:46149:3: error: <md> is not allowed here.
logs\main-assembled.xml:46153:3: error: <md> is not allowed here.
logs\main-assembled.xml:46158:3: error: <md> is not allowed here.
logs\main-assembled.xml:46162:3: error: <subsection> is not allowed here.
logs\main-assembled.xml:46167:3: error: <md> is not allowed here.
logs\main-assembled.xml:46177:3: error: <md> is not allowed here.
logs\main-assembled.xml:46216:3: error: <md> is not allowed here.
logs\main-assembled.xml:46220:3: error: <md> is not allowed here.
logs\main-assembled.xml:46224:3: error: <md> is not allowed here.
logs\main-assembled.xml:46228:3: error: <md> is not allowed here.
logs\main-assembled.xml:46232:3: error: <md> is not allowed here.
logs\main-assembled.xml:46256:3: error: <md> is not allowed here.
logs\main-assembled.xml:46260:3: error: <md> is not allowed here.
logs\main-assembled.xml:46264:3: error: <md> is not allowed here.
logs\main-assembled.xml:46271:3: error: <subsection> is not allowed here.
logs\main-assembled.xml:46276:3: error: <md> is not allowed here.
logs\main-assembled.xml:46280:3: error: <md> is not allowed here.
logs\main-assembled.xml:46284:3: error: <md> is not allowed here.
logs\main-assembled.xml:46288:3: error: <md> is not allowed here.
logs\main-assembled.xml:46292:3: error: <md> is not allowed here.
logs\main-assembled.xml:46301:3: error: <md> is not allowed here.
logs\main-assembled.xml:46303:1: error: <strong> is not allowed here.
logs\main-assembled.xml:46303:33: error: <strong> is not allowed here.
logs\main-assembled.xml:46303:61: error: <strong> is not allowed here.
logs\main-assembled.xml:46335:3: error: <md> is not allowed here.
logs\main-assembled.xml:46339:3: error: <md> is not allowed here.
logs\main-assembled.xml:46343:3: error: <md> is not allowed here.
logs\main-assembled.xml:46347:3: error: <md> is not allowed here.
logs\main-assembled.xml:46351:3: error: <md> is not allowed here.
logs\main-assembled.xml:46357:3: error: <md> is not allowed here.
logs\main-assembled.xml:46365:3: error: <md> is not allowed here.
logs\main-assembled.xml:46369:3: error: <md> is not allowed here.
logs\main-assembled.xml:46373:3: error: <md> is not allowed here.
logs\main-assembled.xml:46379:3: error: <note> is not allowed here.
logs\main-assembled.xml:46388:3: error: <subsection> is not allowed here.
logs\main-assembled.xml:46395:3: error: <md> is not allowed here.
logs\main-assembled.xml:46399:3: error: <md> is not allowed here.
logs\main-assembled.xml:46403:3: error: <md> is not allowed here.
logs\main-assembled.xml:46411:3: error: <md> is not allowed here.
logs\main-assembled.xml:46438:3: error: <md> is not allowed here.
logs\main-assembled.xml:46442:3: error: <md> is not allowed here.
logs\main-assembled.xml:46446:3: error: <md> is not allowed here.
logs\main-assembled.xml:46450:3: error: <md> is not allowed here.
logs\main-assembled.xml:46454:3: error: <md> is not allowed here.
logs\main-assembled.xml:46460:3: error: <md> is not allowed here.
logs\main-assembled.xml:46510:3: error: <md> is not allowed here.
logs\main-assembled.xml:46514:3: error: <md> is not allowed here.
logs\main-assembled.xml:46518:3: error: <md> is not allowed here.
logs\main-assembled.xml:46522:3: error: <md> is not allowed here.
logs\main-assembled.xml:46526:3: error: <md> is not allowed here.
logs\main-assembled.xml:46530:3: error: <md> is not allowed here.
logs\main-assembled.xml:46534:3: error: <md> is not allowed here.
logs\main-assembled.xml:46538:3: error: <md> is not allowed here.
logs\main-assembled.xml:46545:3: error: <md> is not allowed here.
logs\main-assembled.xml:46551:3: error: <md> is not allowed here.
logs\main-assembled.xml:46557:3: error: <md> is not allowed here.
logs\main-assembled.xml:46567:3: error: <md> is not allowed here.
logs\main-assembled.xml:46569:3: error: <note> is not allowed here.
logs\main-assembled.xml:46587:3: error: <subsection> is not allowed here.
logs\main-assembled.xml:46592:3: error: <md> is not allowed here.
logs\main-assembled.xml:46598:3: error: <md> is not allowed here.
logs\main-assembled.xml:46603:3: error: <md> is not allowed here.
logs\main-assembled.xml:46608:3: error: <md> is not allowed here.
logs\main-assembled.xml:46616:3: error: <md> is not allowed here.
logs\main-assembled.xml:46620:3: error: <md> is not allowed here.
logs\main-assembled.xml:46624:3: error: <md> is not allowed here.
logs\main-assembled.xml:46630:3: error: <md> is not allowed here.
logs\main-assembled.xml:46636:3: error: <md> is not allowed here.
logs\main-assembled.xml:46640:3: error: <md> is not allowed here.
logs\main-assembled.xml:46644:3: error: <md> is not allowed here.
logs\main-assembled.xml:46671:3: error: <md> is not allowed here.
logs\main-assembled.xml:46675:3: error: <md> is not allowed here.
logs\main-assembled.xml:46679:3: error: <md> is not allowed here.
logs\main-assembled.xml:46687:3: error: <md> is not allowed here.
logs\main-assembled.xml:46691:3: error: <md> is not allowed here.
logs\main-assembled.xml:46695:3: error: <md> is not allowed here.
logs\main-assembled.xml:46702:3: error: <subsection> is not allowed here.
logs\main-assembled.xml:46708:3: error: <md> is not allowed here.
logs\main-assembled.xml:46716:3: error: <md> is not allowed here.
logs\main-assembled.xml:46722:3: error: <md> is not allowed here.
logs\main-assembled.xml:46728:3: error: <md> is not allowed here.
logs\main-assembled.xml:46746:5: error: <ul> is not allowed here.
logs\main-assembled.xml:46763:3: error: <subsection> is not allowed here.
logs\main-assembled.xml:46768:3: error: <md> is not allowed here.
logs\main-assembled.xml:46781:3: error: <md> is not allowed here.
logs\main-assembled.xml:46791:3: error: <md> is not allowed here.
logs\main-assembled.xml:46796:3: error: <md> is not allowed here.
logs\main-assembled.xml:46801:3: error: <md> is not allowed here.
logs\main-assembled.xml:46805:3: error: <md> is not allowed here.
logs\main-assembled.xml:46809:3: error: <md> is not allowed here.
logs\main-assembled.xml:46820:3: error: <md> is not allowed here.
logs\main-assembled.xml:46883:3: error: <md> is not allowed here.
logs\main-assembled.xml:46895:3: error: <md> is not allowed here.
logs\main-assembled.xml:46905:3: error: <md> is not allowed here.
logs\main-assembled.xml:46909:3: error: <md> is not allowed here.
logs\main-assembled.xml:46913:3: error: <md> is not allowed here.
logs\main-assembled.xml:46919:3: error: <md> is not allowed here.
logs\main-assembled.xml:46923:3: error: <md> is not allowed here.
logs\main-assembled.xml:46931:9: error: <md> is not allowed here.
logs\main-assembled.xml:46953:3: error: <subsection> is not allowed here.
logs\main-assembled.xml:46964:3: error: <md> is not allowed here.
logs\main-assembled.xml:46968:3: error: <md> is not allowed here.
logs\main-assembled.xml:46972:3: error: <md> is not allowed here.
logs\main-assembled.xml:46976:3: error: <md> is not allowed here.
logs\main-assembled.xml:46980:3: error: <md> is not allowed here.
logs\main-assembled.xml:46992:3: error: <md> is not allowed here.
logs\main-assembled.xml:46996:3: error: <md> is not allowed here.
logs\main-assembled.xml:47000:3: error: <md> is not allowed here.
logs\main-assembled.xml:47004:3: error: <md> is not allowed here.
logs\main-assembled.xml:47008:3: error: <md> is not allowed here.
logs\main-assembled.xml:47012:3: error: <md> is not allowed here.
logs\main-assembled.xml:47018:3: error: <md> is not allowed here.
logs\main-assembled.xml:47026:3: error: <md> is not allowed here.
logs\main-assembled.xml:47042:3: error: <md> is not allowed here.
logs\main-assembled.xml:47046:3: error: <md> is not allowed here.
logs\main-assembled.xml:47050:3: error: <md> is not allowed here.
logs\main-assembled.xml:47054:3: error: <md> is not allowed here.
logs\main-assembled.xml:47058:3: error: <md> is not allowed here.
logs\main-assembled.xml:47062:3: error: <md> is not allowed here.
logs\main-assembled.xml:47066:3: error: <md> is not allowed here.
logs\main-assembled.xml:47072:3: error: <md> is not allowed here.
logs\main-assembled.xml:47098:3: error: <subsection> is not allowed here.
logs\main-assembled.xml:47103:3: error: <md> is not allowed here.
logs\main-assembled.xml:47116:3: error: <md> is not allowed here.
logs\main-assembled.xml:47122:3: error: <md> is not allowed here.
logs\main-assembled.xml:47132:3: error: <md> is not allowed here.
logs\main-assembled.xml:47145:3: error: <md> is not allowed here.
logs\main-assembled.xml:47149:3: error: <md> is not allowed here.
logs\main-assembled.xml:47153:3: error: <md> is not allowed here.
logs\main-assembled.xml:47169:3: error: <md> is not allowed here.
logs\main-assembled.xml:47176:3: error: <md> is not allowed here.
logs\main-assembled.xml:47180:3: error: <md> is not allowed here.
logs\main-assembled.xml:47188:3: error: <md> is not allowed here.
logs\main-assembled.xml:47196:3: error: <md> is not allowed here.
logs\main-assembled.xml:47218:3: error: <subsection> is not allowed here.
logs\main-assembled.xml:47226:3: error: <md> is not allowed here.
logs\main-assembled.xml:47230:3: error: <md> is not allowed here.
logs\main-assembled.xml:47234:3: error: <md> is not allowed here.
logs\main-assembled.xml:47246:3: error: <md> is not allowed here.
logs\main-assembled.xml:47250:3: error: <md> is not allowed here.
logs\main-assembled.xml:47286:3: error: <md> is not allowed here.
logs\main-assembled.xml:47290:3: error: <md> is not allowed here.
logs\main-assembled.xml:47294:3: error: <md> is not allowed here.
logs\main-assembled.xml:47304:3: error: <md> is not allowed here.
logs\main-assembled.xml:47310:3: error: <md> is not allowed here.
logs\main-assembled.xml:47312:3: error: <md> is not allowed here.
logs\main-assembled.xml:47318:3: error: <md> is not allowed here.
logs\main-assembled.xml:47326:3: error: <md> is not allowed here.
logs\main-assembled.xml:47330:3: error: <md> is not allowed here.
logs\main-assembled.xml:47348:3: error: <subsection> is not allowed here.
logs\main-assembled.xml:47353:3: error: <md> is not allowed here.
logs\main-assembled.xml:47355:1: error: <strong> is not allowed here.
logs\main-assembled.xml:47355:31: error: <strong> is not allowed here.
logs\main-assembled.xml:47388:3: error: <md> is not allowed here.
logs\main-assembled.xml:47393:3: error: <md> is not allowed here.
logs\main-assembled.xml:47397:3: error: <md> is not allowed here.
logs\main-assembled.xml:47401:3: error: <md> is not allowed here.
logs\main-assembled.xml:47406:3: error: <subsection> is not allowed here.
logs\main-assembled.xml:47411:3: error: <md> is not allowed here.
logs\main-assembled.xml:47443:5: error: <tabular> is not allowed here.
logs\main-assembled.xml:47445:15: error: <strong> is not allowed here.
logs\main-assembled.xml:47446:15: error: <strong> is not allowed here.
logs\main-assembled.xml:47447:15: error: <strong> is not allowed here.
logs\main-assembled.xml:47499:9: error: <title> is not allowed here.
logs\main-assembled.xml:47522:3: error: <subsection> is not allowed here.
logs\main-assembled.xml:47534:5: error: <ol> is not allowed here.
logs\main-assembled.xml:47556:9: error: <p> is not allowed here.
logs\main-assembled.xml:47577:5: error: <ol> is not allowed here.
logs\main-assembled.xml:47589:9: error: <p> is not allowed here.
logs\main-assembled.xml:47617:5: error: <ol> is not allowed here.
logs\main-assembled.xml:47623:9: error: <p> is not allowed here.
logs\main-assembled.xml:47630:11: error: <md> is not allowed here.
logs\main-assembled.xml:47636:11: error: <md> is not allowed here.
logs\main-assembled.xml:47640:11: error: <md> is not allowed here.
logs\main-assembled.xml:47644:11: error: <md> is not allowed here.
logs\main-assembled.xml:47646:11: error: <md> is not allowed here.
logs\main-assembled.xml:47651:11: error: <md> is not allowed here.
logs\main-assembled.xml:47653:11: error: <md> is not allowed here.
logs\main-assembled.xml:47665:5: error: <ol> is not allowed here.
logs\main-assembled.xml:47683:9: error: <p> is not allowed here.
logs\main-assembled.xml:47693:9: error: <p> is not allowed here.
logs\main-assembled.xml:47709:5: error: <ol> is not allowed here.
logs\main-assembled.xml:47712:11: error: <md> is not allowed here.
logs\main-assembled.xml:47718:11: error: <md> is not allowed here.
logs\main-assembled.xml:47726:11: error: <md> is not allowed here.
logs\main-assembled.xml:47730:11: error: <md> is not allowed here.
logs\main-assembled.xml:47737:11: error: <md> is not allowed here.
logs\main-assembled.xml:47743:11: error: <md> is not allowed here.
logs\main-assembled.xml:47751:3: error: <subsection> is not allowed here.
logs\main-assembled.xml:47756:5: error: <ol> is not allowed here.
logs\main-assembled.xml:47759:11: error: <md> is not allowed here.
logs\main-assembled.xml:47761:11: error: <md> is not allowed here.
logs\main-assembled.xml:47765:11: error: <md> is not allowed here.
logs\main-assembled.xml:47779:11: error: <md> is not allowed here.
logs\main-assembled.xml:47781:11: error: <md> is not allowed here.
logs\main-assembled.xml:47789:11: error: <md> is not allowed here.
logs\main-assembled.xml:47793:11: error: <md> is not allowed here.
logs\main-assembled.xml:47798:11: error: <md> is not allowed here.
logs\main-assembled.xml:47800:11: error: <md> is not allowed here.
logs\main-assembled.xml:47807:11: error: <md> is not allowed here.
logs\main-assembled.xml:47812:11: error: <md> is not allowed here.
logs\main-assembled.xml:47818:11: error: <md> is not allowed here.
logs\main-assembled.xml:47823:11: error: <md> is not allowed here.
logs\main-assembled.xml:47828:3: error: <subsection> is not allowed here.
logs\main-assembled.xml:47834:5: error: <ol> is not allowed here.
logs\main-assembled.xml:47861:9: error: <p> is not allowed here.
logs\main-assembled.xml:47865:9: error: <p> is not allowed here.
logs\main-assembled.xml:47869:9: error: <p> is not allowed here.
logs\main-assembled.xml:47905:3: error: <subsection> is not allowed here.
logs\main-assembled.xml:47910:3: error: <md> is not allowed here.
logs\main-assembled.xml:47919:3: error: <md> is not allowed here.
logs\main-assembled.xml:47925:3: error: <md> is not allowed here.
logs\main-assembled.xml:47929:5: error: <ol> is not allowed here.
logs\main-assembled.xml:47932:11: error: <md> is not allowed here.
logs\main-assembled.xml:47937:11: error: <md> is not allowed here.
logs\main-assembled.xml:47943:11: error: <md> is not allowed here.
logs\main-assembled.xml:47947:11: error: <md> is not allowed here.
logs\main-assembled.xml:47951:11: error: <md> is not allowed here.
logs\main-assembled.xml:47953:11: error: <md> is not allowed here.
logs\main-assembled.xml:47958:11: error: <md> is not allowed here.
logs\main-assembled.xml:47966:11: error: <md> is not allowed here.
logs\main-assembled.xml:47973:11: error: <md> is not allowed here.
logs\main-assembled.xml:47977:11: error: <md> is not allowed here.
logs\main-assembled.xml:47979:11: error: <md> is not allowed here.
logs\main-assembled.xml:47990:3: error: <subsection> is not allowed here.
logs\main-assembled.xml:47996:3: error: <md> is not allowed here.
logs\main-assembled.xml:48007:3: error: <md> is not allowed here.
logs\main-assembled.xml:48011:3: error: <md> is not allowed here.
logs\main-assembled.xml:48015:3: error: <md> is not allowed here.
logs\main-assembled.xml:48019:3: error: <md> is not allowed here.
logs\main-assembled.xml:48021:5: error: <ol> is not allowed here.
logs\main-assembled.xml:48024:11: error: <md> is not allowed here.
logs\main-assembled.xml:48037:11: error: <md> is not allowed here.
logs\main-assembled.xml:48049:3: error: <md> is not allowed here.
logs\main-assembled.xml:48059:3: error: <md> is not allowed here.
logs\main-assembled.xml:48097:3: error: <md> is not allowed here.
logs\main-assembled.xml:48107:3: error: <md> is not allowed here.
logs\main-assembled.xml:48112:5: error: <ol> is not allowed here.
logs\main-assembled.xml:48115:11: error: <md> is not allowed here.
logs\main-assembled.xml:48165:3: error: <subsection> is not allowed here.
logs\main-assembled.xml:48172:3: error: <md> is not allowed here.
logs\main-assembled.xml:48176:3: error: <md> is not allowed here.
logs\main-assembled.xml:48183:3: error: <md> is not allowed here.
logs\main-assembled.xml:48185:1: error: <strong> is not allowed here.
logs\main-assembled.xml:48185:32: error: <strong> is not allowed here.
logs\main-assembled.xml:48185:66: error: <strong> is not allowed here.
logs\main-assembled.xml:48206:3: error: <md> is not allowed here.
logs\main-assembled.xml:48244:3: error: <md> is not allowed here.
logs\main-assembled.xml:48250:3: error: <md> is not allowed here.
logs\main-assembled.xml:48264:3: error: <md> is not allowed here.
logs\main-assembled.xml:48268:3: error: <subsection> is not allowed here.
logs\main-assembled.xml:48273:3: error: <md> is not allowed here.
logs\main-assembled.xml:48281:3: error: <md> is not allowed here.
logs\main-assembled.xml:48285:3: error: <md> is not allowed here.
logs\main-assembled.xml:48293:9: error: <md> is not allowed here.
logs\main-assembled.xml:48300:3: error: <md> is not allowed here.
logs\main-assembled.xml:48327:3: error: <md> is not allowed here.
logs\main-assembled.xml:48331:3: error: <md> is not allowed here.
logs\main-assembled.xml:48335:3: error: <md> is not allowed here.
logs\main-assembled.xml:48339:3: error: <md> is not allowed here.
logs\main-assembled.xml:48343:3: error: <md> is not allowed here.
logs\main-assembled.xml:48347:3: error: <md> is not allowed here.
logs\main-assembled.xml:48353:3: error: <md> is not allowed here.
logs\main-assembled.xml:48359:3: error: <md> is not allowed here.
logs\main-assembled.xml:48365:3: error: <md> is not allowed here.
logs\main-assembled.xml:48369:3: error: <md> is not allowed here.
logs\main-assembled.xml:48424:3: error: <subsection> is not allowed here.
logs\main-assembled.xml:48429:3: error: <md> is not allowed here.
logs\main-assembled.xml:48435:3: error: <md> is not allowed here.
logs\main-assembled.xml:48439:3: error: <md> is not allowed here.
logs\main-assembled.xml:48443:3: error: <md> is not allowed here.
logs\main-assembled.xml:48447:3: error: <md> is not allowed here.
logs\main-assembled.xml:48451:3: error: <md> is not allowed here.
logs\main-assembled.xml:48455:3: error: <md> is not allowed here.
logs\main-assembled.xml:48459:3: error: <md> is not allowed here.
logs\main-assembled.xml:48465:3: error: <md> is not allowed here.
logs\main-assembled.xml:48469:3: error: <md> is not allowed here.
logs\main-assembled.xml:48475:3: error: <md> is not allowed here.
logs\main-assembled.xml:48479:3: error: <md> is not allowed here.
logs\main-assembled.xml:48487:3: error: <md> is not allowed here.
logs\main-assembled.xml:48497:3: error: <md> is not allowed here.
logs\main-assembled.xml:48501:3: error: <md> is not allowed here.
logs\main-assembled.xml:48505:3: error: <md> is not allowed here.
logs\main-assembled.xml:48514:9: error: <md> is not allowed here.
logs\main-assembled.xml:48537:3: error: <subsection> is not allowed here.
logs\main-assembled.xml:48545:3: error: <md> is not allowed here.
logs\main-assembled.xml:48549:3: error: <md> is not allowed here.
logs\main-assembled.xml:48555:9: error: <md> is not allowed here.
logs\main-assembled.xml:48562:3: error: <md> is not allowed here.
logs\main-assembled.xml:48586:3: error: <md> is not allowed here.
logs\main-assembled.xml:48590:3: error: <md> is not allowed here.
logs\main-assembled.xml:48594:3: error: <md> is not allowed here.
logs\main-assembled.xml:48598:3: error: <md> is not allowed here.
logs\main-assembled.xml:48602:3: error: <md> is not allowed here.
logs\main-assembled.xml:48608:3: error: <md> is not allowed here.
logs\main-assembled.xml:48612:3: error: <md> is not allowed here.
logs\main-assembled.xml:48616:3: error: <md> is not allowed here.
logs\main-assembled.xml:48620:3: error: <md> is not allowed here.
logs\main-assembled.xml:48624:3: error: <md> is not allowed here.
logs\main-assembled.xml:48630:3: error: <md> is not allowed here.
logs\main-assembled.xml:48634:3: error: <md> is not allowed here.
logs\main-assembled.xml:48638:3: error: <md> is not allowed here.
logs\main-assembled.xml:48700:3: error: <subsection> is not allowed here.
logs\main-assembled.xml:48710:11: error: <ol> is not allowed here.
logs\main-assembled.xml:48727:8: error: Missing required content. Expected one of: <p>, <blockquote>, <pre>, <image>, <video>, <audio>, <program>, <console>, <tabular>, <figure>, <table>, <listing>, … (7 more).
logs\main-assembled.xml:48736:3: error: <md> is not allowed here.
logs\main-assembled.xml:48740:3: error: <md> is not allowed here.
logs\main-assembled.xml:48744:3: error: <md> is not allowed here.
logs\main-assembled.xml:48748:3: error: <md> is not allowed here.
logs\main-assembled.xml:48752:3: error: <md> is not allowed here.
logs\main-assembled.xml:48756:3: error: <md> is not allowed here.
logs\main-assembled.xml:48762:3: error: <md> is not allowed here.
logs\main-assembled.xml:48768:3: error: <md> is not allowed here.
logs\main-assembled.xml:48772:3: error: <md> is not allowed here.
logs\main-assembled.xml:48780:3: error: <md> is not allowed here.
logs\main-assembled.xml:48784:3: error: <md> is not allowed here.
logs\main-assembled.xml:48788:3: error: <md> is not allowed here.
logs\main-assembled.xml:48802:3: error: <subsection> is not allowed here.
logs\main-assembled.xml:48812:5: error: <tabular> is not allowed here.
logs\main-assembled.xml:48830:9: error: <title> is not allowed here.
logs\main-assembled.xml:48834:3: error: <md> is not allowed here.
logs\main-assembled.xml:48838:3: error: <md> is not allowed here.
logs\main-assembled.xml:48842:3: error: <md> is not allowed here.
logs\main-assembled.xml:48848:3: error: <md> is not allowed here.
logs\main-assembled.xml:48858:9: error: <md> is not allowed here.
logs\main-assembled.xml:48893:3: error: <md> is not allowed here.
logs\main-assembled.xml:48899:3: error: <subsection> is not allowed here.
logs\main-assembled.xml:48905:3: error: <md> is not allowed here.
logs\main-assembled.xml:48911:3: error: <md> is not allowed here.
logs\main-assembled.xml:48915:3: error: <md> is not allowed here.
logs\main-assembled.xml:48923:9: error: <md> is not allowed here.
logs\main-assembled.xml:48931:3: error: <md> is not allowed here.
logs\main-assembled.xml:48935:3: error: <md> is not allowed here.
logs\main-assembled.xml:49105:3: error: <md> is not allowed here.
logs\main-assembled.xml:49109:3: error: <md> is not allowed here.
logs\main-assembled.xml:49117:3: error: <md> is not allowed here.
logs\main-assembled.xml:49123:3: error: <md> is not allowed here.
logs\main-assembled.xml:49135:3: error: <md> is not allowed here.
logs\main-assembled.xml:49140:3: error: <subsection> is not allowed here.
logs\main-assembled.xml:49153:3: error: <md> is not allowed here.
logs\main-assembled.xml:49159:3: error: <md> is not allowed here.
logs\main-assembled.xml:49163:3: error: <md> is not allowed here.
logs\main-assembled.xml:49167:3: error: <md> is not allowed here.
logs\main-assembled.xml:49192:3: error: <md> is not allowed here.
logs\main-assembled.xml:49198:3: error: <md> is not allowed here.
logs\main-assembled.xml:49202:3: error: <md> is not allowed here.
logs\main-assembled.xml:49206:3: error: <md> is not allowed here.
logs\main-assembled.xml:49358:3: error: <md> is not allowed here.
logs\main-assembled.xml:49362:3: error: <md> is not allowed here.
logs\main-assembled.xml:49367:3: error: <md> is not allowed here.
logs\main-assembled.xml:49371:3: error: <md> is not allowed here.
logs\main-assembled.xml:49380:9: error: <md> is not allowed here.
logs\main-assembled.xml:49382:9: error: <md> is not allowed here.
logs\main-assembled.xml:49384:9: error: <md> is not allowed here.
logs\main-assembled.xml:49386:9: error: <md> is not allowed here.
logs\main-assembled.xml:49396:3: error: <md> is not allowed here.
logs\main-assembled.xml:49400:3: error: <md> is not allowed here.
logs\main-assembled.xml:49406:3: error: <md> is not allowed here.
logs\main-assembled.xml:49410:3: error: <md> is not allowed here.
logs\main-assembled.xml:49414:3: error: <md> is not allowed here.
logs\main-assembled.xml:49418:3: error: <md> is not allowed here.
logs\main-assembled.xml:49424:3: error: <md> is not allowed here.
logs\main-assembled.xml:49435:3: error: <md> is not allowed here.
logs\main-assembled.xml:49440:3: error: <subsection> is not allowed here.
logs\main-assembled.xml:49445:3: error: <md> is not allowed here.
logs\main-assembled.xml:49470:3: error: <md> is not allowed here.
logs\main-assembled.xml:49481:3: error: <md> is not allowed here.
logs\main-assembled.xml:49485:3: error: <md> is not allowed here.
logs\main-assembled.xml:49489:3: error: <md> is not allowed here.
logs\main-assembled.xml:49507:3: error: <md> is not allowed here.
logs\main-assembled.xml:49511:3: error: <md> is not allowed here.
logs\main-assembled.xml:49515:3: error: <md> is not allowed here.
logs\main-assembled.xml:49519:3: error: <md> is not allowed here.
logs\main-assembled.xml:49529:3: error: <md> is not allowed here.
logs\main-assembled.xml:49538:3: error: <note> is not allowed here.
logs\main-assembled.xml:49550:3: error: <subsection> is not allowed here.
logs\main-assembled.xml:49577:3: error: <md> is not allowed here.
logs\main-assembled.xml:49583:3: error: <md> is not allowed here.
logs\main-assembled.xml:49587:3: error: <md> is not allowed here.
logs\main-assembled.xml:49591:3: error: <md> is not allowed here.
logs\main-assembled.xml:49595:3: error: <md> is not allowed here.
logs\main-assembled.xml:49599:3: error: <md> is not allowed here.
logs\main-assembled.xml:49603:3: error: <md> is not allowed here.
logs\main-assembled.xml:49765:3: error: <subsection> is not allowed here.
logs\main-assembled.xml:49772:11: error: <ol> is not allowed here.
logs\main-assembled.xml:49789:8: error: Missing required content. Expected one of: <p>, <blockquote>, <pre>, <image>, <video>, <audio>, <program>, <console>, <tabular>, <figure>, <table>, <listing>, … (7 more).
logs\main-assembled.xml:49793:3: error: <md> is not allowed here.
logs\main-assembled.xml:49797:3: error: <md> is not allowed here.
logs\main-assembled.xml:49801:3: error: <md> is not allowed here.
logs\main-assembled.xml:49806:3: error: <subsection> is not allowed here.
logs\main-assembled.xml:49817:3: error: <md> is not allowed here.
logs\main-assembled.xml:49838:3: error: <md> is not allowed here.
logs\main-assembled.xml:49844:3: error: <subsection> is not allowed here.
logs\main-assembled.xml:49852:3: error: <md> is not allowed here.
logs\main-assembled.xml:49856:3: error: <md> is not allowed here.
logs\main-assembled.xml:49860:3: error: <md> is not allowed here.
logs\main-assembled.xml:49864:3: error: <md> is not allowed here.
logs\main-assembled.xml:49875:3: error: <md> is not allowed here.
logs\main-assembled.xml:49879:3: error: <md> is not allowed here.
logs\main-assembled.xml:49885:3: error: <md> is not allowed here.
logs\main-assembled.xml:49912:3: error: <subsection> is not allowed here.
logs\main-assembled.xml:49921:3: error: <md> is not allowed here.
logs\main-assembled.xml:49925:3: error: <md> is not allowed here.
logs\main-assembled.xml:49929:3: error: <md> is not allowed here.
logs\main-assembled.xml:49933:3: error: <md> is not allowed here.
logs\main-assembled.xml:49937:3: error: <md> is not allowed here.
logs\main-assembled.xml:49945:9: error: <md> is not allowed here.
logs\main-assembled.xml:49953:3: error: <md> is not allowed here.
logs\main-assembled.xml:49959:3: error: <md> is not allowed here.
logs\main-assembled.xml:49963:3: error: <md> is not allowed here.
logs\main-assembled.xml:49967:3: error: <md> is not allowed here.
logs\main-assembled.xml:49979:3: error: <md> is not allowed here.
logs\main-assembled.xml:49985:3: error: <md> is not allowed here.
logs\main-assembled.xml:49989:3: error: <md> is not allowed here.
logs\main-assembled.xml:49993:3: error: <md> is not allowed here.
logs\main-assembled.xml:49999:3: error: <md> is not allowed here.
logs\main-assembled.xml:50005:3: error: <md> is not allowed here.
logs\main-assembled.xml:50015:3: error: <md> is not allowed here.
logs\main-assembled.xml:50057:3: error: <subsection> is not allowed here.
logs\main-assembled.xml:50066:5: error: <tabular> is not allowed here.
logs\main-assembled.xml:50068:15: error: <strong> is not allowed here.
logs\main-assembled.xml:50069:15: error: <strong> is not allowed here.
logs\main-assembled.xml:50070:15: error: <strong> is not allowed here.
logs\main-assembled.xml:50093:9: error: <title> is not allowed here.
logs\main-assembled.xml:50097:3: error: <md> is not allowed here.
logs\main-assembled.xml:50101:3: error: <md> is not allowed here.
logs\main-assembled.xml:50125:3: error: <md> is not allowed here.
logs\main-assembled.xml:50131:3: error: <md> is not allowed here.
logs\main-assembled.xml:50135:3: error: <md> is not allowed here.
logs\main-assembled.xml:50179:3: error: <md> is not allowed here.
logs\main-assembled.xml:50189:3: error: <md> is not allowed here.
logs\main-assembled.xml:50197:3: error: <md> is not allowed here.
logs\main-assembled.xml:50204:3: error: <subsection> is not allowed here.
logs\main-assembled.xml:50230:3: error: <md> is not allowed here.
logs\main-assembled.xml:50234:3: error: <md> is not allowed here.
logs\main-assembled.xml:50244:3: error: <md> is not allowed here.
logs\main-assembled.xml:50248:3: error: <md> is not allowed here.
logs\main-assembled.xml:50252:3: error: <md> is not allowed here.
logs\main-assembled.xml:50256:3: error: <md> is not allowed here.
logs\main-assembled.xml:50260:3: error: <md> is not allowed here.
logs\main-assembled.xml:50270:3: error: <md> is not allowed here.
logs\main-assembled.xml:50279:3: error: <md> is not allowed here.
logs\main-assembled.xml:50285:3: error: <md> is not allowed here.
logs\main-assembled.xml:50292:3: error: <md> is not allowed here.
logs\main-assembled.xml:50298:3: error: <md> is not allowed here.
logs\main-assembled.xml:50302:3: error: <md> is not allowed here.
logs\main-assembled.xml:50306:3: error: <md> is not allowed here.
logs\main-assembled.xml:50316:3: error: <note> is not allowed here.
logs\main-assembled.xml:50326:3: error: <subsection> is not allowed here.
logs\main-assembled.xml:50338:3: error: <md> is not allowed here.
logs\main-assembled.xml:50346:3: error: <md> is not allowed here.
logs\main-assembled.xml:50350:3: error: <md> is not allowed here.
logs\main-assembled.xml:50356:3: error: <md> is not allowed here.
logs\main-assembled.xml:50380:3: error: <md> is not allowed here.
logs\main-assembled.xml:50384:3: error: <md> is not allowed here.
logs\main-assembled.xml:50390:3: error: <md> is not allowed here.
logs\main-assembled.xml:50400:3: error: <md> is not allowed here.
logs\main-assembled.xml:50404:3: error: <md> is not allowed here.
logs\main-assembled.xml:50410:3: error: <md> is not allowed here.
logs\main-assembled.xml:50412:3: error: <warning> is not allowed here.
logs\main-assembled.xml:50440:3: error: <md> is not allowed here.
logs\main-assembled.xml:50444:3: error: <md> is not allowed here.
logs\main-assembled.xml:50446:3: error: <subsection> is not allowed here.
logs\main-assembled.xml:50454:3: error: <md> is not allowed here.
logs\main-assembled.xml:50461:3: error: <md> is not allowed here.
logs\main-assembled.xml:50465:3: error: <md> is not allowed here.
logs\main-assembled.xml:50471:3: error: <md> is not allowed here.
logs\main-assembled.xml:50479:9: error: <md> is not allowed here.
logs\main-assembled.xml:50486:3: error: <md> is not allowed here.
logs\main-assembled.xml:50510:3: error: <md> is not allowed here.
logs\main-assembled.xml:50516:3: error: <md> is not allowed here.
logs\main-assembled.xml:50520:3: error: <md> is not allowed here.
logs\main-assembled.xml:50568:3: error: <subsection> is not allowed here.
logs\main-assembled.xml:50577:3: error: <md> is not allowed here.
logs\main-assembled.xml:50581:3: error: <md> is not allowed here.
logs\main-assembled.xml:50585:3: error: <md> is not allowed here.
logs\main-assembled.xml:50589:3: error: <md> is not allowed here.
logs\main-assembled.xml:50596:9: error: <md> is not allowed here.
logs\main-assembled.xml:50599:8: error: Missing required content. Expected one of: <p>, <blockquote>, <pre>, <image>, <video>, <audio>, <program>, <console>, <tabular>, <figure>, <table>, <listing>, … (7 more).
logs\main-assembled.xml:50603:3: error: <md> is not allowed here.
logs\main-assembled.xml:50607:3: error: <md> is not allowed here.
logs\main-assembled.xml:50611:3: error: <md> is not allowed here.
logs\main-assembled.xml:50615:3: error: <md> is not allowed here.
logs\main-assembled.xml:50642:3: error: <md> is not allowed here.
logs\main-assembled.xml:50646:3: error: <md> is not allowed here.
logs\main-assembled.xml:50653:3: error: <subsection> is not allowed here.
logs\main-assembled.xml:50662:3: error: <md> is not allowed here.
logs\main-assembled.xml:50666:3: error: <md> is not allowed here.
logs\main-assembled.xml:50670:3: error: <md> is not allowed here.
logs\main-assembled.xml:50676:3: error: <md> is not allowed here.
logs\main-assembled.xml:50683:3: error: <md> is not allowed here.
logs\main-assembled.xml:50687:3: error: <md> is not allowed here.
logs\main-assembled.xml:50691:3: error: <md> is not allowed here.
logs\main-assembled.xml:50719:3: error: <md> is not allowed here.
logs\main-assembled.xml:50723:3: error: <md> is not allowed here.
logs\main-assembled.xml:50727:3: error: <md> is not allowed here.
logs\main-assembled.xml:50731:3: error: <md> is not allowed here.
logs\main-assembled.xml:50737:3: error: <md> is not allowed here.
logs\main-assembled.xml:50741:3: error: <md> is not allowed here.
logs\main-assembled.xml:50751:3: error: <md> is not allowed here.
logs\main-assembled.xml:50763:3: error: <md> is not allowed here.
logs\main-assembled.xml:50767:3: error: <md> is not allowed here.
logs\main-assembled.xml:50771:3: error: <md> is not allowed here.
logs\main-assembled.xml:50775:3: error: <md> is not allowed here.
logs\main-assembled.xml:50779:3: error: <md> is not allowed here.
logs\main-assembled.xml:50783:3: error: <md> is not allowed here.
logs\main-assembled.xml:50787:3: error: <md> is not allowed here.
logs\main-assembled.xml:50791:3: error: <warning> is not allowed here.
logs\main-assembled.xml:50796:9: error: <md> is not allowed here.
logs\main-assembled.xml:50803:3: error: <subsection> is not allowed here.
logs\main-assembled.xml:50810:3: error: <md> is not allowed here.
logs\main-assembled.xml:50814:3: error: <md> is not allowed here.
logs\main-assembled.xml:50818:3: error: <md> is not allowed here.
logs\main-assembled.xml:50826:3: error: <md> is not allowed here.
logs\main-assembled.xml:50832:3: error: <md> is not allowed here.
logs\main-assembled.xml:50836:3: error: <md> is not allowed here.
logs\main-assembled.xml:50845:3: error: <subsection> is not allowed here.
logs\main-assembled.xml:50853:3: error: <md> is not allowed here.
logs\main-assembled.xml:50857:3: error: <md> is not allowed here.
logs\main-assembled.xml:50864:3: error: <md> is not allowed here.
logs\main-assembled.xml:50868:3: error: <md> is not allowed here.
logs\main-assembled.xml:50872:3: error: <md> is not allowed here.
logs\main-assembled.xml:50877:3: error: <md> is not allowed here.
logs\main-assembled.xml:50881:3: error: <md> is not allowed here.
logs\main-assembled.xml:50885:3: error: <md> is not allowed here.
logs\main-assembled.xml:50889:3: error: <md> is not allowed here.
logs\main-assembled.xml:50893:3: error: <md> is not allowed here.
logs\main-assembled.xml:50899:3: error: <md> is not allowed here.
logs\main-assembled.xml:50905:3: error: <md> is not allowed here.
logs\main-assembled.xml:50912:3: error: <md> is not allowed here.
logs\main-assembled.xml:50916:3: error: <md> is not allowed here.
logs\main-assembled.xml:50924:3: error: <md> is not allowed here.
logs\main-assembled.xml:50936:3: error: <md> is not allowed here.
logs\main-assembled.xml:50942:3: error: <md> is not allowed here.
logs\main-assembled.xml:50946:3: error: <md> is not allowed here.
logs\main-assembled.xml:50951:3: error: <md> is not allowed here.
logs\main-assembled.xml:50959:3: error: <md> is not allowed here.
logs\main-assembled.xml:50965:3: error: <md> is not allowed here.
logs\main-assembled.xml:50973:3: error: <md> is not allowed here.
logs\main-assembled.xml:50981:3: error: <md> is not allowed here.
logs\main-assembled.xml:50985:3: error: <md> is not allowed here.
logs\main-assembled.xml:50991:3: error: <md> is not allowed here.
logs\main-assembled.xml:50999:3: error: <md> is not allowed here.
logs\main-assembled.xml:51007:3: error: <md> is not allowed here.
logs\main-assembled.xml:51061:3: error: <subsection> is not allowed here.
logs\main-assembled.xml:51070:3: error: <md> is not allowed here.
logs\main-assembled.xml:51078:3: error: <md> is not allowed here.
logs\main-assembled.xml:51094:9: error: <md> is not allowed here.
logs\main-assembled.xml:51098:9: error: <md> is not allowed here.
logs\main-assembled.xml:51102:9: error: <md> is not allowed here.
logs\main-assembled.xml:51107:3: error: <md> is not allowed here.
logs\main-assembled.xml:51111:3: error: <md> is not allowed here.
logs\main-assembled.xml:51115:3: error: <md> is not allowed here.
logs\main-assembled.xml:51120:3: error: <md> is not allowed here.
logs\main-assembled.xml:51149:3: error: <md> is not allowed here.
logs\main-assembled.xml:51154:3: error: <md> is not allowed here.
logs\main-assembled.xml:51159:3: error: <subsection> is not allowed here.
logs\main-assembled.xml:51164:3: error: <md> is not allowed here.
logs\main-assembled.xml:51168:3: error: <md> is not allowed here.
logs\main-assembled.xml:51174:3: error: <md> is not allowed here.
logs\main-assembled.xml:51178:3: error: <md> is not allowed here.
logs\main-assembled.xml:51182:3: error: <md> is not allowed here.
logs\main-assembled.xml:51192:3: error: <md> is not allowed here.
logs\main-assembled.xml:51200:3: error: <md> is not allowed here.
logs\main-assembled.xml:51208:9: error: <md> is not allowed here.
logs\main-assembled.xml:51215:3: error: <md> is not allowed here.
logs\main-assembled.xml:51221:3: error: <md> is not allowed here.
logs\main-assembled.xml:51225:3: error: <md> is not allowed here.
logs\main-assembled.xml:51232:3: error: <md> is not allowed here.
logs\main-assembled.xml:51239:3: error: <md> is not allowed here.
logs\main-assembled.xml:51243:3: error: <md> is not allowed here.
logs\main-assembled.xml:51287:3: error: <md> is not allowed here.
logs\main-assembled.xml:51291:3: error: <md> is not allowed here.
logs\main-assembled.xml:51295:3: error: <md> is not allowed here.
logs\main-assembled.xml:51299:3: error: <md> is not allowed here.
logs\main-assembled.xml:51310:9: error: <md> is not allowed here.
logs\main-assembled.xml:51322:3: error: <md> is not allowed here.
logs\main-assembled.xml:51347:3: error: <subsection> is not allowed here.
logs\main-assembled.xml:51356:3: error: <md> is not allowed here.
logs\main-assembled.xml:51367:9: error: <md> is not allowed here.
logs\main-assembled.xml:51374:3: error: <md> is not allowed here.
logs\main-assembled.xml:51378:3: error: <md> is not allowed here.
logs\main-assembled.xml:51425:3: error: <md> is not allowed here.
logs\main-assembled.xml:51432:3: error: <md> is not allowed here.
logs\main-assembled.xml:51436:3: error: <md> is not allowed here.
logs\main-assembled.xml:51440:3: error: <md> is not allowed here.
logs\main-assembled.xml:51461:3: error: <md> is not allowed here.
logs\main-assembled.xml:51465:3: error: <md> is not allowed here.
logs\main-assembled.xml:51469:3: error: <md> is not allowed here.
logs\main-assembled.xml:51475:3: error: <md> is not allowed here.
logs\main-assembled.xml:51482:3: error: <warning> is not allowed here.
logs\main-assembled.xml:51493:3: error: <subsection> is not allowed here.
logs\main-assembled.xml:51507:3: error: <md> is not allowed here.
logs\main-assembled.xml:51513:3: error: <md> is not allowed here.
logs\main-assembled.xml:51517:3: error: <md> is not allowed here.
logs\main-assembled.xml:51521:3: error: <md> is not allowed here.
logs\main-assembled.xml:51525:3: error: <md> is not allowed here.
logs\main-assembled.xml:51529:3: error: <md> is not allowed here.
logs\main-assembled.xml:51533:3: error: <md> is not allowed here.
logs\main-assembled.xml:51579:3: error: <md> is not allowed here.
logs\main-assembled.xml:51585:3: error: <md> is not allowed here.
logs\main-assembled.xml:51589:3: error: <md> is not allowed here.
logs\main-assembled.xml:51605:3: error: <md> is not allowed here.
logs\main-assembled.xml:51609:3: error: <md> is not allowed here.
logs\main-assembled.xml:51619:3: error: <md> is not allowed here.
logs\main-assembled.xml:51623:3: error: <md> is not allowed here.
logs\main-assembled.xml:51642:3: error: <subsection> is not allowed here.
logs\main-assembled.xml:51650:3: error: <md> is not allowed here.
logs\main-assembled.xml:51654:3: error: <md> is not allowed here.
logs\main-assembled.xml:51658:3: error: <md> is not allowed here.
logs\main-assembled.xml:51662:3: error: <md> is not allowed here.
logs\main-assembled.xml:51668:3: error: <md> is not allowed here.
logs\main-assembled.xml:51672:3: error: <md> is not allowed here.
logs\main-assembled.xml:51676:3: error: <md> is not allowed here.
logs\main-assembled.xml:51680:3: error: <md> is not allowed here.
logs\main-assembled.xml:51684:3: error: <md> is not allowed here.
logs\main-assembled.xml:51713:3: error: <md> is not allowed here.
logs\main-assembled.xml:51717:3: error: <md> is not allowed here.
logs\main-assembled.xml:51723:3: error: <md> is not allowed here.
logs\main-assembled.xml:51727:3: error: <md> is not allowed here.
logs\main-assembled.xml:51731:3: error: <md> is not allowed here.
logs\main-assembled.xml:51735:3: error: <md> is not allowed here.
logs\main-assembled.xml:51739:3: error: <md> is not allowed here.
logs\main-assembled.xml:51747:3: error: <md> is not allowed here.
logs\main-assembled.xml:51751:3: error: <md> is not allowed here.
logs\main-assembled.xml:51800:3: error: <md> is not allowed here.
logs\main-assembled.xml:51804:3: error: <md> is not allowed here.
logs\main-assembled.xml:51808:3: error: <md> is not allowed here.
logs\main-assembled.xml:51812:3: error: <md> is not allowed here.
logs\main-assembled.xml:51820:3: error: <md> is not allowed here.
logs\main-assembled.xml:51824:3: error: <md> is not allowed here.
logs\main-assembled.xml:51828:3: error: <md> is not allowed here.
logs\main-assembled.xml:51832:3: error: <md> is not allowed here.
logs\main-assembled.xml:51838:3: error: <md> is not allowed here.
logs\main-assembled.xml:51846:3: error: <md> is not allowed here.
logs\main-assembled.xml:51852:3: error: <md> is not allowed here.
logs\main-assembled.xml:51858:3: error: <note> is not allowed here.
logs\main-assembled.xml:51886:3: error: <subsection> is not allowed here.
logs\main-assembled.xml:51900:3: error: <md> is not allowed here.
logs\main-assembled.xml:51909:3: error: <md> is not allowed here.
logs\main-assembled.xml:51936:3: error: <md> is not allowed here.
logs\main-assembled.xml:51943:3: error: <md> is not allowed here.
logs\main-assembled.xml:51945:3: error: <subsection> is not allowed here.
logs\main-assembled.xml:51950:3: error: <md> is not allowed here.
logs\main-assembled.xml:51954:3: error: <md> is not allowed here.
logs\main-assembled.xml:51958:3: error: <md> is not allowed here.
logs\main-assembled.xml:51962:3: error: <md> is not allowed here.
logs\main-assembled.xml:51966:3: error: <md> is not allowed here.
logs\main-assembled.xml:51975:3: error: <md> is not allowed here.
logs\main-assembled.xml:51979:3: error: <md> is not allowed here.
logs\main-assembled.xml:51983:3: error: <md> is not allowed here.
logs\main-assembled.xml:51989:9: error: <md> is not allowed here.
logs\main-assembled.xml:52018:3: error: <md> is not allowed here.
logs\main-assembled.xml:52022:3: error: <md> is not allowed here.
logs\main-assembled.xml:52028:3: error: <md> is not allowed here.
logs\main-assembled.xml:52034:3: error: <note> is not allowed here.
logs\main-assembled.xml:52044:3: error: <subsection> is not allowed here.
logs\main-assembled.xml:52073:3: error: <md> is not allowed here.
logs\main-assembled.xml:52077:3: error: <md> is not allowed here.
logs\main-assembled.xml:52081:3: error: <md> is not allowed here.
logs\main-assembled.xml:52085:3: error: <md> is not allowed here.
logs\main-assembled.xml:52089:3: error: <md> is not allowed here.
logs\main-assembled.xml:52093:3: error: <md> is not allowed here.
logs\main-assembled.xml:52097:3: error: <md> is not allowed here.
logs\main-assembled.xml:52103:3: error: <md> is not allowed here.
logs\main-assembled.xml:52147:3: error: <md> is not allowed here.
logs\main-assembled.xml:52151:3: error: <md> is not allowed here.
logs\main-assembled.xml:52155:3: error: <md> is not allowed here.
logs\main-assembled.xml:52157:3: error: <note> is not allowed here.
logs\main-assembled.xml:52172:3: error: <subsection> is not allowed here.
logs\main-assembled.xml:52181:3: error: <md> is not allowed here.
logs\main-assembled.xml:52196:3: error: <md> is not allowed here.
logs\main-assembled.xml:52200:3: error: <md> is not allowed here.
logs\main-assembled.xml:52204:3: error: <md> is not allowed here.
logs\main-assembled.xml:52210:3: error: <md> is not allowed here.
logs\main-assembled.xml:52216:3: error: <md> is not allowed here.
logs\main-assembled.xml:52224:3: error: <md> is not allowed here.
logs\main-assembled.xml:52274:3: error: <md> is not allowed here.
logs\main-assembled.xml:52278:3: error: <md> is not allowed here.
logs\main-assembled.xml:52282:3: error: <md> is not allowed here.
logs\main-assembled.xml:52290:3: error: <md> is not allowed here.
logs\main-assembled.xml:52324:3: error: <subsection> is not allowed here.
logs\main-assembled.xml:52356:3: error: <md> is not allowed here.
logs\main-assembled.xml:52360:3: error: <md> is not allowed here.
logs\main-assembled.xml:52364:3: error: <md> is not allowed here.
logs\main-assembled.xml:52368:3: error: <md> is not allowed here.
logs\main-assembled.xml:52372:3: error: <md> is not allowed here.
logs\main-assembled.xml:52376:3: error: <md> is not allowed here.
logs\main-assembled.xml:52380:3: error: <md> is not allowed here.
logs\main-assembled.xml:52397:3: error: <md> is not allowed here.
logs\main-assembled.xml:52402:3: error: <md> is not allowed here.
logs\main-assembled.xml:52406:3: error: <md> is not allowed here.
logs\main-assembled.xml:52413:3: error: <md> is not allowed here.
logs\main-assembled.xml:52427:3: error: <md> is not allowed here.
logs\main-assembled.xml:52431:3: error: <md> is not allowed here.
logs\main-assembled.xml:52435:3: error: <md> is not allowed here.
logs\main-assembled.xml:52441:3: error: <md> is not allowed here.
logs\main-assembled.xml:52450:3: error: <md> is not allowed here.
logs\main-assembled.xml:52454:3: error: <md> is not allowed here.
logs\main-assembled.xml:52458:3: error: <md> is not allowed here.
logs\main-assembled.xml:52462:3: error: <md> is not allowed here.
logs\main-assembled.xml:52466:3: error: <md> is not allowed here.
logs\main-assembled.xml:52470:3: error: <md> is not allowed here.
logs\main-assembled.xml:52479:3: error: <md> is not allowed here.
logs\main-assembled.xml:52483:3: error: <md> is not allowed here.
logs\main-assembled.xml:52530:3: error: <subsection> is not allowed here.
logs\main-assembled.xml:52537:3: error: <md> is not allowed here.
logs\main-assembled.xml:52541:3: error: <md> is not allowed here.
logs\main-assembled.xml:52545:3: error: <md> is not allowed here.
logs\main-assembled.xml:52549:3: error: <md> is not allowed here.
logs\main-assembled.xml:52553:3: error: <md> is not allowed here.
logs\main-assembled.xml:52557:3: error: <md> is not allowed here.
logs\main-assembled.xml:52561:3: error: <md> is not allowed here.
logs\main-assembled.xml:52565:3: error: <md> is not allowed here.
logs\main-assembled.xml:52572:3: error: <md> is not allowed here.
logs\main-assembled.xml:52586:3: error: <md> is not allowed here.
logs\main-assembled.xml:52590:3: error: <md> is not allowed here.
logs\main-assembled.xml:52604:3: error: <md> is not allowed here.
logs\main-assembled.xml:52608:3: error: <subsection> is not allowed here.
logs\main-assembled.xml:52613:3: error: <md> is not allowed here.
logs\main-assembled.xml:52617:3: error: <md> is not allowed here.
logs\main-assembled.xml:52626:3: error: <md> is not allowed here.
logs\main-assembled.xml:52630:3: error: <md> is not allowed here.
logs\main-assembled.xml:52634:3: error: <md> is not allowed here.
logs\main-assembled.xml:52638:3: error: <md> is not allowed here.
logs\main-assembled.xml:52642:3: error: <md> is not allowed here.
logs\main-assembled.xml:52649:3: error: <md> is not allowed here.
logs\main-assembled.xml:52653:3: error: <md> is not allowed here.
logs\main-assembled.xml:52661:3: error: <md> is not allowed here.
logs\main-assembled.xml:52690:3: error: <md> is not allowed here.
logs\main-assembled.xml:52694:3: error: <md> is not allowed here.
logs\main-assembled.xml:52698:3: error: <md> is not allowed here.
logs\main-assembled.xml:52704:3: error: <md> is not allowed here.
logs\main-assembled.xml:52716:3: error: <md> is not allowed here.
logs\main-assembled.xml:52764:3: error: <md> is not allowed here.
logs\main-assembled.xml:52768:3: error: <md> is not allowed here.
logs\main-assembled.xml:52774:3: error: <md> is not allowed here.
logs\main-assembled.xml:52778:3: error: <md> is not allowed here.
logs\main-assembled.xml:52785:3: error: <md> is not allowed here.
logs\main-assembled.xml:52798:3: error: <md> is not allowed here.
logs\main-assembled.xml:52805:3: error: <md> is not allowed here.
logs\main-assembled.xml:52812:3: error: <md> is not allowed here.
logs\main-assembled.xml:52816:3: error: <md> is not allowed here.
logs\main-assembled.xml:52824:3: error: <md> is not allowed here.
logs\main-assembled.xml:52830:3: error: <md> is not allowed here.
logs\main-assembled.xml:52836:3: error: <md> is not allowed here.
logs\main-assembled.xml:52840:3: error: <md> is not allowed here.
logs\main-assembled.xml:52850:3: error: <md> is not allowed here.
logs\main-assembled.xml:52858:3: error: <subsection> is not allowed here.
logs\main-assembled.xml:52863:3: error: <md> is not allowed here.
logs\main-assembled.xml:52867:3: error: <md> is not allowed here.
logs\main-assembled.xml:52878:9: error: <md> is not allowed here.
logs\main-assembled.xml:52886:3: error: <md> is not allowed here.
logs\main-assembled.xml:52898:3: error: <md> is not allowed here.
logs\main-assembled.xml:52902:3: error: <md> is not allowed here.
logs\main-assembled.xml:52906:3: error: <md> is not allowed here.
logs\main-assembled.xml:52923:3: error: <md> is not allowed here.
logs\main-assembled.xml:52933:3: error: <md> is not allowed here.
logs\main-assembled.xml:52937:3: error: <md> is not allowed here.
logs\main-assembled.xml:52948:9: error: <md> is not allowed here.
logs\main-assembled.xml:52970:3: error: <subsection> is not allowed here.
logs\main-assembled.xml:52979:3: error: <md> is not allowed here.
logs\main-assembled.xml:52983:3: error: <md> is not allowed here.
logs\main-assembled.xml:52987:3: error: <md> is not allowed here.
logs\main-assembled.xml:52998:9: error: <md> is not allowed here.
logs\main-assembled.xml:53000:9: error: <md> is not allowed here.
logs\main-assembled.xml:53005:9: error: <md> is not allowed here.
logs\main-assembled.xml:53017:3: error: <md> is not allowed here.
logs\main-assembled.xml:53022:3: error: <md> is not allowed here.
logs\main-assembled.xml:53030:3: error: <md> is not allowed here.
logs\main-assembled.xml:53036:3: error: <md> is not allowed here.
logs\main-assembled.xml:53040:3: error: <md> is not allowed here.
logs\main-assembled.xml:53050:3: error: <md> is not allowed here.
logs\main-assembled.xml:53054:3: error: <md> is not allowed here.
logs\main-assembled.xml:53097:3: error: <md> is not allowed here.
logs\main-assembled.xml:53102:3: error: <md> is not allowed here.
logs\main-assembled.xml:53109:3: error: <md> is not allowed here.
logs\main-assembled.xml:53140:3: error: <subsection> is not allowed here.
logs\main-assembled.xml:53147:3: error: <md> is not allowed here.
logs\main-assembled.xml:53155:3: error: <md> is not allowed here.
logs\main-assembled.xml:53159:3: error: <md> is not allowed here.
logs\main-assembled.xml:53166:9: error: <md> is not allowed here.
logs\main-assembled.xml:53194:3: error: <md> is not allowed here.
logs\main-assembled.xml:53199:3: error: <md> is not allowed here.
logs\main-assembled.xml:53203:3: error: <md> is not allowed here.
logs\main-assembled.xml:53211:3: error: <md> is not allowed here.
logs\main-assembled.xml:53215:3: error: <md> is not allowed here.
logs\main-assembled.xml:53230:3: error: <md> is not allowed here.
logs\main-assembled.xml:53235:3: error: <md> is not allowed here.
logs\main-assembled.xml:53239:3: error: <md> is not allowed here.
logs\main-assembled.xml:53248:3: error: <note> is not allowed here.
logs\main-assembled.xml:53262:3: error: <subsection> is not allowed here.
logs\main-assembled.xml:53270:3: error: <md> is not allowed here.
logs\main-assembled.xml:53279:3: error: <md> is not allowed here.
logs\main-assembled.xml:53285:3: error: <md> is not allowed here.
logs\main-assembled.xml:53321:3: error: <md> is not allowed here.
logs\main-assembled.xml:53330:3: error: <md> is not allowed here.
logs\main-assembled.xml:53340:3: error: <md> is not allowed here.
logs\main-assembled.xml:53347:3: error: <md> is not allowed here.
logs\main-assembled.xml:53378:3: error: <md> is not allowed here.
logs\main-assembled.xml:53382:3: error: <subsection> is not allowed here.
logs\main-assembled.xml:53387:3: error: <md> is not allowed here.
logs\main-assembled.xml:53392:3: error: <md> is not allowed here.
logs\main-assembled.xml:53396:3: error: <md> is not allowed here.
logs\main-assembled.xml:53402:3: error: <md> is not allowed here.
logs\main-assembled.xml:53406:3: error: <md> is not allowed here.
logs\main-assembled.xml:53410:3: error: <md> is not allowed here.
logs\main-assembled.xml:53414:3: error: <md> is not allowed here.
logs\main-assembled.xml:53418:3: error: <md> is not allowed here.
logs\main-assembled.xml:53424:3: error: <md> is not allowed here.
logs\main-assembled.xml:53428:3: error: <md> is not allowed here.
logs\main-assembled.xml:53432:3: error: <md> is not allowed here.
logs\main-assembled.xml:53488:3: error: <subsection> is not allowed here.
logs\main-assembled.xml:53496:9: error: <md> is not allowed here.
logs\main-assembled.xml:53499:9: error: <md> is not allowed here.
logs\main-assembled.xml:53506:3: error: <md> is not allowed here.
logs\main-assembled.xml:53512:3: error: <md> is not allowed here.
logs\main-assembled.xml:53521:3: error: <md> is not allowed here.
logs\main-assembled.xml:53527:3: error: <md> is not allowed here.
logs\main-assembled.xml:53531:3: error: <md> is not allowed here.
logs\main-assembled.xml:53535:3: error: <md> is not allowed here.
logs\main-assembled.xml:53539:3: error: <md> is not allowed here.
logs\main-assembled.xml:53543:3: error: <md> is not allowed here.
logs\main-assembled.xml:53547:3: error: <md> is not allowed here.
logs\main-assembled.xml:53551:3: error: <md> is not allowed here.
logs\main-assembled.xml:53555:3: error: <md> is not allowed here.
logs\main-assembled.xml:53568:3: error: <md> is not allowed here.
logs\main-assembled.xml:53574:3: error: <md> is not allowed here.
logs\main-assembled.xml:53578:3: error: <md> is not allowed here.
logs\main-assembled.xml:53582:3: error: <md> is not allowed here.
logs\main-assembled.xml:53586:3: error: <md> is not allowed here.
logs\main-assembled.xml:53590:3: error: <md> is not allowed here.
logs\main-assembled.xml:53594:3: error: <md> is not allowed here.
logs\main-assembled.xml:53598:3: error: <md> is not allowed here.
logs\main-assembled.xml:53604:3: error: <md> is not allowed here.
logs\main-assembled.xml:53608:3: error: <md> is not allowed here.
logs\main-assembled.xml:53617:3: error: <md> is not allowed here.
logs\main-assembled.xml:53623:3: error: <md> is not allowed here.
logs\main-assembled.xml:53627:3: error: <md> is not allowed here.
logs\main-assembled.xml:53635:3: error: <md> is not allowed here.
logs\main-assembled.xml:53642:9: error: <md> is not allowed here.
logs\main-assembled.xml:53663:3: error: <subsection> is not allowed here.
logs\main-assembled.xml:53675:3: error: <md> is not allowed here.
logs\main-assembled.xml:53680:3: error: <md> is not allowed here.
logs\main-assembled.xml:53684:3: error: <md> is not allowed here.
logs\main-assembled.xml:53688:3: error: <md> is not allowed here.
logs\main-assembled.xml:53692:3: error: <md> is not allowed here.
logs\main-assembled.xml:53696:3: error: <md> is not allowed here.
logs\main-assembled.xml:53704:9: error: <md> is not allowed here.
logs\main-assembled.xml:53707:9: error: <md> is not allowed here.
logs\main-assembled.xml:53714:3: error: <md> is not allowed here.
logs\main-assembled.xml:53722:3: error: <md> is not allowed here.
logs\main-assembled.xml:53758:3: error: <md> is not allowed here.
logs\main-assembled.xml:53780:3: error: <subsection> is not allowed here.
logs\main-assembled.xml:53786:3: error: <md> is not allowed here.
logs\main-assembled.xml:53795:3: error: <md> is not allowed here.
logs\main-assembled.xml:53799:3: error: <md> is not allowed here.
logs\main-assembled.xml:53803:3: error: <md> is not allowed here.
logs\main-assembled.xml:53811:3: error: <md> is not allowed here.
logs\main-assembled.xml:53821:3: error: <md> is not allowed here.
logs\main-assembled.xml:53828:3: error: <md> is not allowed here.
logs\main-assembled.xml:53832:3: error: <md> is not allowed here.
logs\main-assembled.xml:53838:3: error: <md> is not allowed here.
logs\main-assembled.xml:53844:3: error: <md> is not allowed here.
logs\main-assembled.xml:53848:3: error: <md> is not allowed here.
logs\main-assembled.xml:53857:3: error: <subsection> is not allowed here.
logs\main-assembled.xml:53862:3: error: <md> is not allowed here.
logs\main-assembled.xml:53869:3: error: <md> is not allowed here.
logs\main-assembled.xml:53873:3: error: <md> is not allowed here.
logs\main-assembled.xml:53881:3: error: <md> is not allowed here.
logs\main-assembled.xml:53887:3: error: <md> is not allowed here.
logs\main-assembled.xml:53896:3: error: <md> is not allowed here.
logs\main-assembled.xml:53902:3: error: <md> is not allowed here.
logs\main-assembled.xml:53944:3: error: <md> is not allowed here.
logs\main-assembled.xml:53949:3: error: <subsection> is not allowed here.
logs\main-assembled.xml:53957:3: error: <md> is not allowed here.
logs\main-assembled.xml:53961:3: error: <md> is not allowed here.
logs\main-assembled.xml:53967:3: error: <md> is not allowed here.
logs\main-assembled.xml:53972:3: error: <md> is not allowed here.
logs\main-assembled.xml:54008:3: error: <md> is not allowed here.
logs\main-assembled.xml:54012:3: error: <md> is not allowed here.
logs\main-assembled.xml:54031:3: error: <md> is not allowed here.
logs\main-assembled.xml:54066:3: error: <md> is not allowed here.
logs\main-assembled.xml:54070:3: error: <md> is not allowed here.
logs\main-assembled.xml:54077:3: error: <md> is not allowed here.
logs\main-assembled.xml:54083:3: error: <subsection> is not allowed here.
logs\main-assembled.xml:54090:5: error: <tabular> is not allowed here.
logs\main-assembled.xml:54092:15: error: <strong> is not allowed here.
logs\main-assembled.xml:54093:15: error: <strong> is not allowed here.
logs\main-assembled.xml:54094:15: error: <strong> is not allowed here.
logs\main-assembled.xml:54163:9: error: <title> is not allowed here.
logs\main-assembled.xml:54168:3: error: <md> is not allowed here.
logs\main-assembled.xml:54188:3: error: <subsection> is not allowed here.
logs\main-assembled.xml:54198:11: error: <ol> is not allowed here.
logs\main-assembled.xml:54219:8: error: Missing required content. Expected one of: <p>, <blockquote>, <pre>, <image>, <video>, <audio>, <program>, <console>, <tabular>, <figure>, <table>, <listing>, … (7 more).
logs\main-assembled.xml:54225:3: error: <md> is not allowed here.
logs\main-assembled.xml:54230:3: error: <md> is not allowed here.
logs\main-assembled.xml:54250:3: error: <subsection> is not allowed here.
logs\main-assembled.xml:54256:5: error: <tabular> is not allowed here.
logs\main-assembled.xml:54258:15: error: <strong> is not allowed here.
logs\main-assembled.xml:54259:15: error: <strong> is not allowed here.
logs\main-assembled.xml:54302:9: error: <title> is not allowed here.
logs\main-assembled.xml:54307:3: error: <subsection> is not allowed here.
logs\main-assembled.xml:54312:3: error: <md> is not allowed here.
logs\main-assembled.xml:54316:3: error: <md> is not allowed here.
logs\main-assembled.xml:54359:3: error: <md> is not allowed here.
logs\main-assembled.xml:54363:3: error: <md> is not allowed here.
logs\main-assembled.xml:54367:3: error: <md> is not allowed here.
logs\main-assembled.xml:54379:3: error: <md> is not allowed here.
logs\main-assembled.xml:54383:3: error: <md> is not allowed here.
logs\main-assembled.xml:54387:3: error: <md> is not allowed here.
logs\main-assembled.xml:54393:3: error: <md> is not allowed here.
logs\main-assembled.xml:54399:3: error: <md> is not allowed here.
logs\main-assembled.xml:54412:3: error: <md> is not allowed here.
logs\main-assembled.xml:54416:3: error: <md> is not allowed here.
logs\main-assembled.xml:54430:3: error: <md> is not allowed here.
logs\main-assembled.xml:54434:3: error: <md> is not allowed here.
logs\main-assembled.xml:54438:3: error: <md> is not allowed here.
logs\main-assembled.xml:54442:3: error: <md> is not allowed here.
logs\main-assembled.xml:54446:3: error: <md> is not allowed here.
logs\main-assembled.xml:54450:3: error: <md> is not allowed here.
logs\main-assembled.xml:54463:3: error: <md> is not allowed here.
logs\main-assembled.xml:54469:3: error: <md> is not allowed here.
logs\main-assembled.xml:54477:3: error: <md> is not allowed here.
logs\main-assembled.xml:54498:3: error: <subsection> is not allowed here.
logs\main-assembled.xml:54501:5: error: <ol> is not allowed here.
logs\main-assembled.xml:54504:11: error: <md> is not allowed here.
logs\main-assembled.xml:54506:11: error: <md> is not allowed here.
logs\main-assembled.xml:54510:11: error: <md> is not allowed here.
logs\main-assembled.xml:54512:11: error: <md> is not allowed here.
logs\main-assembled.xml:54534:11: error: <md> is not allowed here.
logs\main-assembled.xml:54538:11: error: <md> is not allowed here.
logs\main-assembled.xml:54545:14: error: Missing required content. Expected one of: <p>, <blockquote>, <pre>, <image>, <video>, <audio>, <program>, <console>, <tabular>, <figure>, <table>, <listing>, … (51 more).
logs\main-assembled.xml:54547:3: error: <subsection> is not allowed here.
logs\main-assembled.xml:54553:5: error: <ol> is not allowed here.
logs\main-assembled.xml:54556:11: error: <md> is not allowed here.
logs\main-assembled.xml:54563:11: error: <md> is not allowed here.
logs\main-assembled.xml:54570:11: error: <md> is not allowed here.
logs\main-assembled.xml:54580:11: error: <md> is not allowed here.
logs\main-assembled.xml:54588:11: error: <md> is not allowed here.
logs\main-assembled.xml:54605:11: error: <md> is not allowed here.
logs\main-assembled.xml:54612:11: error: <md> is not allowed here.
logs\main-assembled.xml:54617:11: error: <md> is not allowed here.
logs\main-assembled.xml:54624:3: error: <subsection> is not allowed here.
logs\main-assembled.xml:54632:3: error: <md> is not allowed here.
logs\main-assembled.xml:54636:3: error: <md> is not allowed here.
logs\main-assembled.xml:54640:3: error: <md> is not allowed here.
logs\main-assembled.xml:54645:5: error: <ol> is not allowed here.
logs\main-assembled.xml:54651:11: error: <md> is not allowed here.
logs\main-assembled.xml:54656:11: error: <md> is not allowed here.
logs\main-assembled.xml:54660:11: error: <md> is not allowed here.
logs\main-assembled.xml:54665:11: error: <md> is not allowed here.
logs\main-assembled.xml:54668:14: error: Missing required content. Expected one of: <p>, <blockquote>, <pre>, <image>, <video>, <audio>, <program>, <console>, <tabular>, <figure>, <table>, <listing>, … (47 more).
logs\main-assembled.xml:54673:5: error: <ol> is not allowed here.
logs\main-assembled.xml:54676:11: error: <md> is not allowed here.
logs\main-assembled.xml:54680:11: error: <md> is not allowed here.
logs\main-assembled.xml:54682:11: error: <md> is not allowed here.
logs\main-assembled.xml:54686:11: error: <md> is not allowed here.
logs\main-assembled.xml:54689:14: error: Missing required content. Expected one of: <p>, <blockquote>, <pre>, <image>, <video>, <audio>, <program>, <console>, <tabular>, <figure>, <table>, <listing>, … (47 more).
logs\main-assembled.xml:54696:5: error: <ol> is not allowed here.
logs\main-assembled.xml:54721:3: error: <subsection> is not allowed here.
logs\main-assembled.xml:54732:5: error: <tabular> is not allowed here.
logs\main-assembled.xml:54758:9: error: <title> is not allowed here.
logs\main-assembled.xml:54762:3: error: <md> is not allowed here.
logs\main-assembled.xml:54768:3: error: <md> is not allowed here.
logs\main-assembled.xml:54772:3: error: <md> is not allowed here.
logs\main-assembled.xml:54776:3: error: <md> is not allowed here.
logs\main-assembled.xml:54780:3: error: <md> is not allowed here.
logs\main-assembled.xml:54791:3: error: <md> is not allowed here.
logs\main-assembled.xml:54795:3: error: <md> is not allowed here.
logs\main-assembled.xml:54800:5: error: <tabular> is not allowed here.
logs\main-assembled.xml:54826:9: error: <title> is not allowed here.
logs\main-assembled.xml:54830:3: error: <md> is not allowed here.
logs\main-assembled.xml:54836:3: error: <md> is not allowed here.
logs\main-assembled.xml:54844:3: error: <md> is not allowed here.
logs\main-assembled.xml:54852:5: error: <ol> is not allowed here.
logs\main-assembled.xml:54855:11: error: <md> is not allowed here.
logs\main-assembled.xml:54879:9: error: <md> is not allowed here.
logs\main-assembled.xml:54885:3: error: <subsection> is not allowed here.
logs\main-assembled.xml:54897:3: error: <md> is not allowed here.
logs\main-assembled.xml:54911:3: error: <md> is not allowed here.
logs\main-assembled.xml:54941:3: error: <md> is not allowed here.
logs\main-assembled.xml:54948:3: error: <md> is not allowed here.
logs\main-assembled.xml:54963:3: error: <md> is not allowed here.
logs\main-assembled.xml:54967:3: error: <subsection> is not allowed here.
logs\main-assembled.xml:54972:3: error: <md> is not allowed here.
logs\main-assembled.xml:54978:3: error: <md> is not allowed here.
logs\main-assembled.xml:54985:3: error: <md> is not allowed here.
logs\main-assembled.xml:54989:3: error: <md> is not allowed here.
logs\main-assembled.xml:54993:3: error: <md> is not allowed here.
logs\main-assembled.xml:54997:3: error: <md> is not allowed here.
logs\main-assembled.xml:55006:9: error: <md> is not allowed here.
logs\main-assembled.xml:55010:9: error: <md> is not allowed here.
logs\main-assembled.xml:55025:3: error: <md> is not allowed here.
logs\main-assembled.xml:55032:3: error: <md> is not allowed here.
logs\main-assembled.xml:55038:3: error: <md> is not allowed here.
logs\main-assembled.xml:55044:3: error: <md> is not allowed here.
logs\main-assembled.xml:55050:3: error: <md> is not allowed here.
logs\main-assembled.xml:55058:3: error: <md> is not allowed here.
logs\main-assembled.xml:55083:3: error: <subsection> is not allowed here.
logs\main-assembled.xml:55088:3: error: <md> is not allowed here.
logs\main-assembled.xml:55098:3: error: <md> is not allowed here.
logs\main-assembled.xml:55102:3: error: <md> is not allowed here.
logs\main-assembled.xml:55108:3: error: <md> is not allowed here.
logs\main-assembled.xml:55114:3: error: <md> is not allowed here.
logs\main-assembled.xml:55120:3: error: <md> is not allowed here.
logs\main-assembled.xml:55126:3: error: <md> is not allowed here.
logs\main-assembled.xml:55136:5: error: <tabular> is not allowed here.
logs\main-assembled.xml:55138:15: error: <strong> is not allowed here.
logs\main-assembled.xml:55139:15: error: <strong> is not allowed here.
logs\main-assembled.xml:55151:9: error: <title> is not allowed here.
logs\main-assembled.xml:55175:3: error: <md> is not allowed here.
logs\main-assembled.xml:55180:3: error: <md> is not allowed here.
logs\main-assembled.xml:55184:3: error: <md> is not allowed here.
logs\main-assembled.xml:55190:3: error: <md> is not allowed here.
logs\main-assembled.xml:55196:3: error: <md> is not allowed here.
logs\main-assembled.xml:55202:3: error: <md> is not allowed here.
logs\main-assembled.xml:55208:3: error: <md> is not allowed here.
logs\main-assembled.xml:55222:3: error: <md> is not allowed here.
logs\main-assembled.xml:55226:3: error: <md> is not allowed here.
logs\main-assembled.xml:55232:3: error: <md> is not allowed here.
logs\main-assembled.xml:55238:3: error: <md> is not allowed here.
logs\main-assembled.xml:55244:3: error: <md> is not allowed here.
logs\main-assembled.xml:55248:3: error: <md> is not allowed here.
logs\main-assembled.xml:55255:3: error: <md> is not allowed here.
logs\main-assembled.xml:55264:3: error: <subsection> is not allowed here.
logs\main-assembled.xml:55275:3: error: <md> is not allowed here.
logs\main-assembled.xml:55279:3: error: <md> is not allowed here.
logs\main-assembled.xml:55285:3: error: <md> is not allowed here.
logs\main-assembled.xml:55291:3: error: <md> is not allowed here.
logs\main-assembled.xml:55297:3: error: <md> is not allowed here.
logs\main-assembled.xml:55301:3: error: <md> is not allowed here.
logs\main-assembled.xml:55307:3: error: <md> is not allowed here.
logs\main-assembled.xml:55313:3: error: <md> is not allowed here.
logs\main-assembled.xml:55332:3: error: <md> is not allowed here.
logs\main-assembled.xml:55336:3: error: <md> is not allowed here.
logs\main-assembled.xml:55342:3: error: <md> is not allowed here.
logs\main-assembled.xml:55348:3: error: <md> is not allowed here.
logs\main-assembled.xml:55352:3: error: <md> is not allowed here.
logs\main-assembled.xml:55356:3: error: <md> is not allowed here.
logs\main-assembled.xml:55362:3: error: <md> is not allowed here.
logs\main-assembled.xml:55368:3: error: <md> is not allowed here.
logs\main-assembled.xml:55372:3: error: <md> is not allowed here.
logs\main-assembled.xml:55376:3: error: <md> is not allowed here.
logs\main-assembled.xml:55382:3: error: <md> is not allowed here.
logs\main-assembled.xml:55386:3: error: <md> is not allowed here.
logs\main-assembled.xml:55412:3: error: <subsection> is not allowed here.
logs\main-assembled.xml:55421:9: error: <md> is not allowed here.
logs\main-assembled.xml:55427:9: error: <md> is not allowed here.
logs\main-assembled.xml:55433:3: error: <md> is not allowed here.
logs\main-assembled.xml:55458:3: error: <md> is not allowed here.
logs\main-assembled.xml:55462:3: error: <md> is not allowed here.
logs\main-assembled.xml:55468:3: error: <md> is not allowed here.
logs\main-assembled.xml:55474:3: error: <md> is not allowed here.
logs\main-assembled.xml:55480:3: error: <md> is not allowed here.
logs\main-assembled.xml:55484:3: error: <md> is not allowed here.
logs\main-assembled.xml:55488:3: error: <md> is not allowed here.
logs\main-assembled.xml:55501:3: error: <md> is not allowed here.
logs\main-assembled.xml:55505:3: error: <md> is not allowed here.
logs\main-assembled.xml:55511:3: error: <md> is not allowed here.
logs\main-assembled.xml:55517:3: error: <md> is not allowed here.
logs\main-assembled.xml:55523:3: error: <md> is not allowed here.
logs\main-assembled.xml:55531:3: error: <md> is not allowed here.
logs\main-assembled.xml:55539:3: error: <md> is not allowed here.
logs\main-assembled.xml:55545:3: error: <note> is not allowed here.
logs\main-assembled.xml:55573:3: error: <md> is not allowed here.
logs\main-assembled.xml:55579:3: error: <md> is not allowed here.
logs\main-assembled.xml:55581:3: error: <md> is not allowed here.
logs\main-assembled.xml:55586:3: error: <subsection> is not allowed here.
logs\main-assembled.xml:55591:3: error: <md> is not allowed here.
logs\main-assembled.xml:55602:3: error: <md> is not allowed here.
logs\main-assembled.xml:55606:3: error: <md> is not allowed here.
logs\main-assembled.xml:55610:3: error: <md> is not allowed here.
logs\main-assembled.xml:55614:3: error: <md> is not allowed here.
logs\main-assembled.xml:55620:3: error: <md> is not allowed here.
logs\main-assembled.xml:55626:3: error: <md> is not allowed here.
logs\main-assembled.xml:55630:3: error: <md> is not allowed here.
logs\main-assembled.xml:55638:3: error: <md> is not allowed here.
logs\main-assembled.xml:55651:3: error: <md> is not allowed here.
logs\main-assembled.xml:55655:3: error: <md> is not allowed here.
logs\main-assembled.xml:55659:3: error: <md> is not allowed here.
logs\main-assembled.xml:55663:3: error: <md> is not allowed here.
logs\main-assembled.xml:55669:3: error: <md> is not allowed here.
logs\main-assembled.xml:55675:3: error: <md> is not allowed here.
logs\main-assembled.xml:55679:3: error: <md> is not allowed here.
logs\main-assembled.xml:55685:3: error: <md> is not allowed here.
logs\main-assembled.xml:55693:3: error: <md> is not allowed here.
logs\main-assembled.xml:55700:3: error: <md> is not allowed here.
logs\main-assembled.xml:55724:3: error: <md> is not allowed here.
logs\main-assembled.xml:55728:3: error: <md> is not allowed here.
logs\main-assembled.xml:55732:3: error: <md> is not allowed here.
logs\main-assembled.xml:55738:3: error: <md> is not allowed here.
logs\main-assembled.xml:55742:3: error: <md> is not allowed here.
logs\main-assembled.xml:55748:3: error: <md> is not allowed here.
logs\main-assembled.xml:55754:3: error: <md> is not allowed here.
logs\main-assembled.xml:55760:3: error: <note> is not allowed here.
logs\main-assembled.xml:55792:3: error: <subsection> is not allowed here.
logs\main-assembled.xml:55797:3: error: <md> is not allowed here.
logs\main-assembled.xml:55801:3: error: <md> is not allowed here.
logs\main-assembled.xml:55805:3: error: <md> is not allowed here.
logs\main-assembled.xml:55809:3: error: <md> is not allowed here.
logs\main-assembled.xml:55813:3: error: <md> is not allowed here.
logs\main-assembled.xml:55842:3: error: <md> is not allowed here.
logs\main-assembled.xml:55846:3: error: <md> is not allowed here.
logs\main-assembled.xml:55850:3: error: <md> is not allowed here.
logs\main-assembled.xml:55856:3: error: <md> is not allowed here.
logs\main-assembled.xml:55860:3: error: <md> is not allowed here.
logs\main-assembled.xml:55866:3: error: <md> is not allowed here.
logs\main-assembled.xml:55872:3: error: <md> is not allowed here.
logs\main-assembled.xml:55882:3: error: <md> is not allowed here.
logs\main-assembled.xml:55886:3: error: <md> is not allowed here.
logs\main-assembled.xml:55897:3: error: <md> is not allowed here.
logs\main-assembled.xml:55901:3: error: <md> is not allowed here.
logs\main-assembled.xml:55907:3: error: <md> is not allowed here.
logs\main-assembled.xml:55911:3: error: <md> is not allowed here.
logs\main-assembled.xml:55915:3: error: <md> is not allowed here.
logs\main-assembled.xml:55921:3: error: <md> is not allowed here.
logs\main-assembled.xml:55927:3: error: <md> is not allowed here.
logs\main-assembled.xml:55937:3: error: <md> is not allowed here.
logs\main-assembled.xml:55943:3: error: <md> is not allowed here.
logs\main-assembled.xml:55955:3: error: <md> is not allowed here.
logs\main-assembled.xml:55959:3: error: <md> is not allowed here.
logs\main-assembled.xml:55965:3: error: <md> is not allowed here.
logs\main-assembled.xml:55971:3: error: <md> is not allowed here.
logs\main-assembled.xml:55977:3: error: <md> is not allowed here.
logs\main-assembled.xml:55981:3: error: <md> is not allowed here.
logs\main-assembled.xml:55985:3: error: <md> is not allowed here.
logs\main-assembled.xml:55991:3: error: <md> is not allowed here.
logs\main-assembled.xml:55997:3: error: <md> is not allowed here.
logs\main-assembled.xml:56001:3: error: <md> is not allowed here.
logs\main-assembled.xml:56005:3: error: <md> is not allowed here.
logs\main-assembled.xml:56009:3: error: <md> is not allowed here.
logs\main-assembled.xml:56015:3: error: <md> is not allowed here.
logs\main-assembled.xml:56019:3: error: <md> is not allowed here.
logs\main-assembled.xml:56023:3: error: <md> is not allowed here.
logs\main-assembled.xml:56029:3: error: <md> is not allowed here.
logs\main-assembled.xml:56033:3: error: <md> is not allowed here.
logs\main-assembled.xml:56044:3: error: <subsection> is not allowed here.
logs\main-assembled.xml:56049:3: error: <md> is not allowed here.
logs\main-assembled.xml:56056:3: error: <md> is not allowed here.
logs\main-assembled.xml:56060:3: error: <md> is not allowed here.
logs\main-assembled.xml:56066:3: error: <md> is not allowed here.
logs\main-assembled.xml:56090:3: error: <md> is not allowed here.
logs\main-assembled.xml:56094:3: error: <md> is not allowed here.
logs\main-assembled.xml:56100:3: error: <md> is not allowed here.
logs\main-assembled.xml:56106:3: error: <md> is not allowed here.
logs\main-assembled.xml:56112:3: error: <md> is not allowed here.
logs\main-assembled.xml:56118:3: error: <md> is not allowed here.
logs\main-assembled.xml:56130:3: error: <subsection> is not allowed here.
logs\main-assembled.xml:56139:5: error: <tabular> is not allowed here.
logs\main-assembled.xml:56141:15: error: <strong> is not allowed here.
logs\main-assembled.xml:56142:15: error: <strong> is not allowed here.
logs\main-assembled.xml:56169:9: error: <title> is not allowed here.
logs\main-assembled.xml:56174:3: error: <md> is not allowed here.
logs\main-assembled.xml:56186:3: error: <md> is not allowed here.
logs\main-assembled.xml:56191:3: error: <md> is not allowed here.
logs\main-assembled.xml:56195:3: error: <md> is not allowed here.
logs\main-assembled.xml:56199:3: error: <md> is not allowed here.
logs\main-assembled.xml:56205:3: error: <md> is not allowed here.
logs\main-assembled.xml:56211:3: error: <md> is not allowed here.
logs\main-assembled.xml:56217:3: error: <md> is not allowed here.
logs\main-assembled.xml:56221:3: error: <md> is not allowed here.
logs\main-assembled.xml:56227:3: error: <md> is not allowed here.
logs\main-assembled.xml:56242:3: error: <md> is not allowed here.
logs\main-assembled.xml:56250:3: error: <md> is not allowed here.
logs\main-assembled.xml:56289:3: error: <md> is not allowed here.
logs\main-assembled.xml:56298:3: error: <md> is not allowed here.
logs\main-assembled.xml:56300:3: error: <md> is not allowed here.
logs\main-assembled.xml:56302:3: error: <md> is not allowed here.
logs\main-assembled.xml:56308:3: error: <subsection> is not allowed here.
logs\main-assembled.xml:56313:3: error: <md> is not allowed here.
logs\main-assembled.xml:56317:3: error: <md> is not allowed here.
logs\main-assembled.xml:56321:3: error: <md> is not allowed here.
logs\main-assembled.xml:56325:3: error: <md> is not allowed here.
logs\main-assembled.xml:56329:3: error: <md> is not allowed here.
logs\main-assembled.xml:56339:3: error: <md> is not allowed here.
logs\main-assembled.xml:56345:3: error: <md> is not allowed here.
logs\main-assembled.xml:56349:3: error: <md> is not allowed here.
logs\main-assembled.xml:56359:3: error: <md> is not allowed here.
logs\main-assembled.xml:56363:3: error: <md> is not allowed here.
logs\main-assembled.xml:56369:3: error: <md> is not allowed here.
logs\main-assembled.xml:56373:3: error: <md> is not allowed here.
logs\main-assembled.xml:56377:3: error: <md> is not allowed here.
logs\main-assembled.xml:56383:3: error: <md> is not allowed here.
logs\main-assembled.xml:56389:3: error: <md> is not allowed here.
logs\main-assembled.xml:56393:3: error: <md> is not allowed here.
logs\main-assembled.xml:56399:3: error: <md> is not allowed here.
logs\main-assembled.xml:56405:3: error: <md> is not allowed here.
logs\main-assembled.xml:56409:3: error: <md> is not allowed here.
logs\main-assembled.xml:56413:3: error: <md> is not allowed here.
logs\main-assembled.xml:56417:3: error: <md> is not allowed here.
logs\main-assembled.xml:56421:3: error: <md> is not allowed here.
logs\main-assembled.xml:56425:3: error: <md> is not allowed here.
logs\main-assembled.xml:56433:3: error: <md> is not allowed here.
logs\main-assembled.xml:56441:3: error: <md> is not allowed here.
logs\main-assembled.xml:56470:3: error: <subsection> is not allowed here.
logs\main-assembled.xml:56476:5: error: <tabular> is not allowed here.
logs\main-assembled.xml:56478:15: error: <strong> is not allowed here.
logs\main-assembled.xml:56479:15: error: <strong> is not allowed here.
logs\main-assembled.xml:56480:15: error: <strong> is not allowed here.
logs\main-assembled.xml:56481:15: error: <strong> is not allowed here.
logs\main-assembled.xml:56504:9: error: <title> is not allowed here.
logs\main-assembled.xml:56509:3: error: <md> is not allowed here.
logs\main-assembled.xml:56513:3: error: <md> is not allowed here.
logs\main-assembled.xml:56519:3: error: <md> is not allowed here.
logs\main-assembled.xml:56523:3: error: <md> is not allowed here.
logs\main-assembled.xml:56527:3: error: <md> is not allowed here.
logs\main-assembled.xml:56596:3: error: <md> is not allowed here.
logs\main-assembled.xml:56600:3: error: <md> is not allowed here.
logs\main-assembled.xml:56604:3: error: <md> is not allowed here.
logs\main-assembled.xml:56608:3: error: <md> is not allowed here.
logs\main-assembled.xml:56612:3: error: <md> is not allowed here.
logs\main-assembled.xml:56624:3: error: <md> is not allowed here.
logs\main-assembled.xml:56632:3: error: <md> is not allowed here.
logs\main-assembled.xml:56638:3: error: <md> is not allowed here.
logs\main-assembled.xml:56642:3: error: <md> is not allowed here.
logs\main-assembled.xml:56646:3: error: <md> is not allowed here.
logs\main-assembled.xml:56653:3: error: <md> is not allowed here.
logs\main-assembled.xml:56666:3: error: <md> is not allowed here.
logs\main-assembled.xml:56671:3: error: <md> is not allowed here.
logs\main-assembled.xml:56675:3: error: <md> is not allowed here.
logs\main-assembled.xml:56681:3: error: <md> is not allowed here.
logs\main-assembled.xml:56685:3: error: <md> is not allowed here.
logs\main-assembled.xml:56695:3: error: <md> is not allowed here.
logs\main-assembled.xml:56702:3: error: <md> is not allowed here.
logs\main-assembled.xml:56708:3: error: <md> is not allowed here.
logs\main-assembled.xml:56712:3: error: <md> is not allowed here.
logs\main-assembled.xml:56718:3: error: <md> is not allowed here.
logs\main-assembled.xml:56724:3: error: <md> is not allowed here.
logs\main-assembled.xml:56728:3: error: <md> is not allowed here.
logs\main-assembled.xml:56734:3: error: <md> is not allowed here.
logs\main-assembled.xml:56738:3: error: <md> is not allowed here.
logs\main-assembled.xml:56742:3: error: <md> is not allowed here.
logs\main-assembled.xml:56750:3: error: <md> is not allowed here.
logs\main-assembled.xml:56768:3: error: <subsection> is not allowed here.
logs\main-assembled.xml:56779:5: error: <tabular> is not allowed here.
logs\main-assembled.xml:56781:15: error: <strong> is not allowed here.
logs\main-assembled.xml:56782:15: error: <strong> is not allowed here.
logs\main-assembled.xml:56794:9: error: <title> is not allowed here.
logs\main-assembled.xml:56809:3: error: <md> is not allowed here.
logs\main-assembled.xml:56813:3: error: <md> is not allowed here.
logs\main-assembled.xml:56817:3: error: <md> is not allowed here.
logs\main-assembled.xml:56821:3: error: <md> is not allowed here.
logs\main-assembled.xml:56829:3: error: <md> is not allowed here.
logs\main-assembled.xml:56833:3: error: <md> is not allowed here.
logs\main-assembled.xml:56837:3: error: <md> is not allowed here.
logs\main-assembled.xml:56841:3: error: <md> is not allowed here.
logs\main-assembled.xml:56845:3: error: <md> is not allowed here.
logs\main-assembled.xml:56849:3: error: <md> is not allowed here.
logs\main-assembled.xml:56855:3: error: <md> is not allowed here.
logs\main-assembled.xml:56862:3: error: <md> is not allowed here.
logs\main-assembled.xml:56876:9: error: <md> is not allowed here.
logs\main-assembled.xml:56902:3: error: <subsection> is not allowed here.
logs\main-assembled.xml:56909:3: error: <md> is not allowed here.
logs\main-assembled.xml:56913:3: error: <md> is not allowed here.
logs\main-assembled.xml:56918:3: error: <md> is not allowed here.
logs\main-assembled.xml:56924:3: error: <md> is not allowed here.
logs\main-assembled.xml:56928:3: error: <md> is not allowed here.
logs\main-assembled.xml:56934:3: error: <md> is not allowed here.
logs\main-assembled.xml:56938:3: error: <md> is not allowed here.
logs\main-assembled.xml:56942:3: error: <md> is not allowed here.
logs\main-assembled.xml:56946:3: error: <md> is not allowed here.
logs\main-assembled.xml:56950:3: error: <md> is not allowed here.
logs\main-assembled.xml:56954:3: error: <md> is not allowed here.
logs\main-assembled.xml:56958:3: error: <md> is not allowed here.
logs\main-assembled.xml:56962:3: error: <md> is not allowed here.
logs\main-assembled.xml:56986:3: error: <md> is not allowed here.
logs\main-assembled.xml:56990:3: error: <md> is not allowed here.
logs\main-assembled.xml:56994:3: error: <md> is not allowed here.
logs\main-assembled.xml:56998:3: error: <md> is not allowed here.
logs\main-assembled.xml:57008:3: error: <md> is not allowed here.
logs\main-assembled.xml:57018:3: error: <md> is not allowed here.
logs\main-assembled.xml:57022:3: error: <md> is not allowed here.
logs\main-assembled.xml:57026:3: error: <md> is not allowed here.
logs\main-assembled.xml:57034:3: error: <md> is not allowed here.
logs\main-assembled.xml:57038:3: error: <md> is not allowed here.
logs\main-assembled.xml:57063:3: error: <md> is not allowed here.
logs\main-assembled.xml:57067:3: error: <md> is not allowed here.
logs\main-assembled.xml:57073:3: error: <md> is not allowed here.
logs\main-assembled.xml:57080:3: error: <md> is not allowed here.
logs\main-assembled.xml:57084:3: error: <subsection> is not allowed here.
logs\main-assembled.xml:57092:9: error: <md> is not allowed here.
logs\main-assembled.xml:57094:9: error: <md> is not allowed here.
logs\main-assembled.xml:57104:3: error: <md> is not allowed here.
logs\main-assembled.xml:57108:3: error: <md> is not allowed here.
logs\main-assembled.xml:57112:3: error: <md> is not allowed here.
logs\main-assembled.xml:57116:3: error: <md> is not allowed here.
logs\main-assembled.xml:57122:3: error: <md> is not allowed here.
logs\main-assembled.xml:57126:3: error: <md> is not allowed here.
logs\main-assembled.xml:57130:3: error: <md> is not allowed here.
logs\main-assembled.xml:57136:3: error: <md> is not allowed here.
logs\main-assembled.xml:57145:3: error: <note> is not allowed here.
logs\main-assembled.xml:57155:3: error: <subsection> is not allowed here.
logs\main-assembled.xml:57163:3: error: <md> is not allowed here.
logs\main-assembled.xml:57167:3: error: <md> is not allowed here.
logs\main-assembled.xml:57178:3: error: <md> is not allowed here.
logs\main-assembled.xml:57182:3: error: <md> is not allowed here.
logs\main-assembled.xml:57188:3: error: <md> is not allowed here.
logs\main-assembled.xml:57192:3: error: <md> is not allowed here.
logs\main-assembled.xml:57199:3: error: <md> is not allowed here.
logs\main-assembled.xml:57203:3: error: <md> is not allowed here.
logs\main-assembled.xml:57207:3: error: <md> is not allowed here.
logs\main-assembled.xml:57211:3: error: <md> is not allowed here.
logs\main-assembled.xml:57215:3: error: <md> is not allowed here.
logs\main-assembled.xml:57223:3: error: <md> is not allowed here.
logs\main-assembled.xml:57231:3: error: <md> is not allowed here.
logs\main-assembled.xml:57246:9: error: <md> is not allowed here.
logs\main-assembled.xml:57248:9: error: <md> is not allowed here.
logs\main-assembled.xml:57281:3: error: <md> is not allowed here.
logs\main-assembled.xml:57285:3: error: <md> is not allowed here.
logs\main-assembled.xml:57291:3: error: <md> is not allowed here.
logs\main-assembled.xml:57295:3: error: <md> is not allowed here.
logs\main-assembled.xml:57299:3: error: <md> is not allowed here.
logs\main-assembled.xml:57303:3: error: <md> is not allowed here.
logs\main-assembled.xml:57307:3: error: <md> is not allowed here.
logs\main-assembled.xml:57311:3: error: <md> is not allowed here.
logs\main-assembled.xml:57319:3: error: <md> is not allowed here.
logs\main-assembled.xml:57331:3: error: <subsection> is not allowed here.
logs\main-assembled.xml:57338:3: error: <md> is not allowed here.
logs\main-assembled.xml:57342:3: error: <md> is not allowed here.
logs\main-assembled.xml:57348:3: error: <md> is not allowed here.
logs\main-assembled.xml:57352:3: error: <md> is not allowed here.
logs\main-assembled.xml:57363:9: error: <md> is not allowed here.
logs\main-assembled.xml:57365:9: error: <md> is not allowed here.
logs\main-assembled.xml:57392:3: error: <md> is not allowed here.
logs\main-assembled.xml:57396:3: error: <md> is not allowed here.
logs\main-assembled.xml:57406:3: error: <md> is not allowed here.
logs\main-assembled.xml:57412:3: error: <md> is not allowed here.
logs\main-assembled.xml:57416:3: error: <md> is not allowed here.
logs\main-assembled.xml:57420:3: error: <md> is not allowed here.
logs\main-assembled.xml:57424:3: error: <md> is not allowed here.
logs\main-assembled.xml:57429:3: error: <md> is not allowed here.
logs\main-assembled.xml:57433:3: error: <md> is not allowed here.
logs\main-assembled.xml:57437:3: error: <md> is not allowed here.
logs\main-assembled.xml:57447:3: error: <md> is not allowed here.
logs\main-assembled.xml:57457:3: error: <md> is not allowed here.
logs\main-assembled.xml:57463:3: error: <md> is not allowed here.
logs\main-assembled.xml:57474:3: error: <note> is not allowed here.
logs\main-assembled.xml:57487:3: error: <subsection> is not allowed here.
logs\main-assembled.xml:57492:3: error: <md> is not allowed here.
logs\main-assembled.xml:57498:3: error: <md> is not allowed here.
logs\main-assembled.xml:57506:9: error: <md> is not allowed here.
logs\main-assembled.xml:57508:9: error: <md> is not allowed here.
logs\main-assembled.xml:57532:3: error: <md> is not allowed here.
logs\main-assembled.xml:57536:3: error: <md> is not allowed here.
logs\main-assembled.xml:57544:3: error: <md> is not allowed here.
logs\main-assembled.xml:57548:3: error: <md> is not allowed here.
logs\main-assembled.xml:57554:3: error: <md> is not allowed here.
logs\main-assembled.xml:57562:3: error: <md> is not allowed here.
logs\main-assembled.xml:57566:3: error: <md> is not allowed here.
logs\main-assembled.xml:57570:3: error: <md> is not allowed here.
logs\main-assembled.xml:57574:3: error: <md> is not allowed here.
logs\main-assembled.xml:57582:3: error: <md> is not allowed here.
logs\main-assembled.xml:57590:3: error: <md> is not allowed here.
logs\main-assembled.xml:57598:3: error: <md> is not allowed here.
logs\main-assembled.xml:57600:3: error: <md> is not allowed here.
logs\main-assembled.xml:57604:3: error: <md> is not allowed here.
logs\main-assembled.xml:57608:3: error: <md> is not allowed here.
logs\main-assembled.xml:57625:3: error: <subsection> is not allowed here.
logs\main-assembled.xml:57632:3: error: <md> is not allowed here.
logs\main-assembled.xml:57636:3: error: <md> is not allowed here.
logs\main-assembled.xml:57643:3: error: <md> is not allowed here.
logs\main-assembled.xml:57647:3: error: <md> is not allowed here.
logs\main-assembled.xml:57651:3: error: <md> is not allowed here.
logs\main-assembled.xml:57655:3: error: <md> is not allowed here.
logs\main-assembled.xml:57661:3: error: <md> is not allowed here.
logs\main-assembled.xml:57669:3: error: <md> is not allowed here.
logs\main-assembled.xml:57675:3: error: <md> is not allowed here.
logs\main-assembled.xml:57679:3: error: <md> is not allowed here.
logs\main-assembled.xml:57685:3: error: <md> is not allowed here.
logs\main-assembled.xml:57689:3: error: <md> is not allowed here.
logs\main-assembled.xml:57693:3: error: <md> is not allowed here.
logs\main-assembled.xml:57701:3: error: <md> is not allowed here.
logs\main-assembled.xml:57707:3: error: <md> is not allowed here.
logs\main-assembled.xml:57723:3: error: <subsection> is not allowed here.
logs\main-assembled.xml:57731:5: error: <tabular> is not allowed here.
logs\main-assembled.xml:57733:15: error: <strong> is not allowed here.
logs\main-assembled.xml:57734:15: error: <strong> is not allowed here.
logs\main-assembled.xml:57761:9: error: <title> is not allowed here.
logs\main-assembled.xml:57766:3: error: <md> is not allowed here.
logs\main-assembled.xml:57768:3: error: <md> is not allowed here.
logs\main-assembled.xml:57773:3: error: <md> is not allowed here.
logs\main-assembled.xml:57777:3: error: <md> is not allowed here.
logs\main-assembled.xml:57789:3: error: <md> is not allowed here.
logs\main-assembled.xml:57796:3: error: <md> is not allowed here.
logs\main-assembled.xml:57806:3: error: <md> is not allowed here.
logs\main-assembled.xml:57816:3: error: <md> is not allowed here.
logs\main-assembled.xml:57820:3: error: <md> is not allowed here.
logs\main-assembled.xml:57824:3: error: <md> is not allowed here.
logs\main-assembled.xml:57828:3: error: <md> is not allowed here.
logs\main-assembled.xml:57832:3: error: <md> is not allowed here.
logs\main-assembled.xml:57836:3: error: <md> is not allowed here.
logs\main-assembled.xml:57840:3: error: <md> is not allowed here.
logs\main-assembled.xml:57844:3: error: <md> is not allowed here.
logs\main-assembled.xml:57848:3: error: <md> is not allowed here.
logs\main-assembled.xml:57852:3: error: <md> is not allowed here.
logs\main-assembled.xml:57856:3: error: <md> is not allowed here.
logs\main-assembled.xml:57860:3: error: <md> is not allowed here.
logs\main-assembled.xml:57870:3: error: <md> is not allowed here.
logs\main-assembled.xml:57881:3: error: <md> is not allowed here.
logs\main-assembled.xml:57921:3: error: <md> is not allowed here.
logs\main-assembled.xml:57923:3: error: <md> is not allowed here.
logs\main-assembled.xml:57930:3: error: <md> is not allowed here.
logs\main-assembled.xml:57934:3: error: <subsection> is not allowed here.
logs\main-assembled.xml:57941:3: error: <md> is not allowed here.
logs\main-assembled.xml:57946:3: error: <md> is not allowed here.
logs\main-assembled.xml:57955:3: error: <md> is not allowed here.
logs\main-assembled.xml:57961:3: error: <md> is not allowed here.
logs\main-assembled.xml:57969:3: error: <md> is not allowed here.
logs\main-assembled.xml:57973:3: error: <md> is not allowed here.
logs\main-assembled.xml:57978:5: error: <tabular> is not allowed here.
logs\main-assembled.xml:57980:15: error: <strong> is not allowed here.
logs\main-assembled.xml:57981:15: error: <strong> is not allowed here.
logs\main-assembled.xml:58013:9: error: <title> is not allowed here.
logs\main-assembled.xml:58038:3: error: <md> is not allowed here.
logs\main-assembled.xml:58042:3: error: <md> is not allowed here.
logs\main-assembled.xml:58046:3: error: <md> is not allowed here.
logs\main-assembled.xml:58050:3: error: <md> is not allowed here.
logs\main-assembled.xml:58056:3: error: <md> is not allowed here.
logs\main-assembled.xml:58064:3: error: <md> is not allowed here.
logs\main-assembled.xml:58072:3: error: <md> is not allowed here.
logs\main-assembled.xml:58083:3: error: <md> is not allowed here.
logs\main-assembled.xml:58088:3: error: <md> is not allowed here.
logs\main-assembled.xml:58094:3: error: <md> is not allowed here.
logs\main-assembled.xml:58100:3: error: <md> is not allowed here.
logs\main-assembled.xml:58106:3: error: <md> is not allowed here.
logs\main-assembled.xml:58117:3: error: <md> is not allowed here.
logs\main-assembled.xml:58121:3: error: <md> is not allowed here.
logs\main-assembled.xml:58125:3: error: <md> is not allowed here.
logs\main-assembled.xml:58131:3: error: <md> is not allowed here.
logs\main-assembled.xml:58135:3: error: <md> is not allowed here.
logs\main-assembled.xml:58141:3: error: <md> is not allowed here.
logs\main-assembled.xml:58147:3: error: <md> is not allowed here.
logs\main-assembled.xml:58155:3: error: <md> is not allowed here.
logs\main-assembled.xml:58166:3: error: <subsection> is not allowed here.
logs\main-assembled.xml:58174:3: error: <md> is not allowed here.
logs\main-assembled.xml:58201:3: error: <md> is not allowed here.
logs\main-assembled.xml:58205:3: error: <md> is not allowed here.
logs\main-assembled.xml:58209:3: error: <md> is not allowed here.
logs\main-assembled.xml:58213:3: error: <md> is not allowed here.
logs\main-assembled.xml:58219:3: error: <md> is not allowed here.
logs\main-assembled.xml:58223:3: error: <md> is not allowed here.
logs\main-assembled.xml:58231:3: error: <md> is not allowed here.
logs\main-assembled.xml:58247:3: error: <md> is not allowed here.
logs\main-assembled.xml:58255:3: error: <md> is not allowed here.
logs\main-assembled.xml:58259:3: error: <md> is not allowed here.
logs\main-assembled.xml:58273:3: error: <md> is not allowed here.
logs\main-assembled.xml:58279:3: error: <md> is not allowed here.
logs\main-assembled.xml:58283:3: error: <md> is not allowed here.
logs\main-assembled.xml:58289:3: error: <md> is not allowed here.
logs\main-assembled.xml:58295:3: error: <md> is not allowed here.
logs\main-assembled.xml:58301:3: error: <md> is not allowed here.
logs\main-assembled.xml:58307:3: error: <md> is not allowed here.
logs\main-assembled.xml:58316:3: error: <note> is not allowed here.
logs\main-assembled.xml:58329:3: error: <subsection> is not allowed here.
logs\main-assembled.xml:58357:3: error: <md> is not allowed here.
logs\main-assembled.xml:58361:3: error: <md> is not allowed here.
logs\main-assembled.xml:58365:3: error: <md> is not allowed here.
logs\main-assembled.xml:58369:3: error: <md> is not allowed here.
logs\main-assembled.xml:58375:3: error: <md> is not allowed here.
logs\main-assembled.xml:58392:3: error: <md> is not allowed here.
logs\main-assembled.xml:58397:3: error: <md> is not allowed here.
logs\main-assembled.xml:58401:3: error: <md> is not allowed here.
logs\main-assembled.xml:58407:3: error: <md> is not allowed here.
logs\main-assembled.xml:58411:3: error: <md> is not allowed here.
logs\main-assembled.xml:58415:3: error: <md> is not allowed here.
logs\main-assembled.xml:58421:3: error: <md> is not allowed here.
logs\main-assembled.xml:58440:3: error: <md> is not allowed here.
logs\main-assembled.xml:58445:3: error: <md> is not allowed here.
logs\main-assembled.xml:58451:3: error: <md> is not allowed here.
logs\main-assembled.xml:58455:3: error: <md> is not allowed here.
logs\main-assembled.xml:58461:3: error: <md> is not allowed here.
logs\main-assembled.xml:58467:3: error: <md> is not allowed here.
logs\main-assembled.xml:58473:3: error: <md> is not allowed here.
logs\main-assembled.xml:58479:3: error: <md> is not allowed here.
logs\main-assembled.xml:58490:3: error: <note> is not allowed here.
logs\main-assembled.xml:58501:3: error: <subsection> is not allowed here.
logs\main-assembled.xml:58542:3: error: <md> is not allowed here.
logs\main-assembled.xml:58547:3: error: <md> is not allowed here.
logs\main-assembled.xml:58551:3: error: <md> is not allowed here.
logs\main-assembled.xml:58555:3: error: <md> is not allowed here.
logs\main-assembled.xml:58561:3: error: <md> is not allowed here.
logs\main-assembled.xml:58565:3: error: <md> is not allowed here.
logs\main-assembled.xml:58569:3: error: <md> is not allowed here.
logs\main-assembled.xml:58575:3: error: <md> is not allowed here.
logs\main-assembled.xml:58579:3: error: <md> is not allowed here.
logs\main-assembled.xml:58585:3: error: <md> is not allowed here.
logs\main-assembled.xml:58591:3: error: <md> is not allowed here.
logs\main-assembled.xml:58610:3: error: <md> is not allowed here.
logs\main-assembled.xml:58614:3: error: <md> is not allowed here.
logs\main-assembled.xml:58618:3: error: <md> is not allowed here.
logs\main-assembled.xml:58623:3: error: <md> is not allowed here.
logs\main-assembled.xml:58629:3: error: <note> is not allowed here.
logs\main-assembled.xml:58639:3: error: <subsection> is not allowed here.
logs\main-assembled.xml:58646:3: error: <md> is not allowed here.
logs\main-assembled.xml:58660:3: error: <md> is not allowed here.
logs\main-assembled.xml:58662:3: error: <md> is not allowed here.
logs\main-assembled.xml:58664:3: error: <md> is not allowed here.
logs\main-assembled.xml:58668:3: error: <md> is not allowed here.
logs\main-assembled.xml:58678:3: error: <md> is not allowed here.
logs\main-assembled.xml:58682:3: error: <md> is not allowed here.
logs\main-assembled.xml:58686:3: error: <md> is not allowed here.
logs\main-assembled.xml:58691:3: error: <md> is not allowed here.
logs\main-assembled.xml:58704:3: error: <md> is not allowed here.
logs\main-assembled.xml:58708:3: error: <md> is not allowed here.
logs\main-assembled.xml:58715:3: error: <md> is not allowed here.
logs\main-assembled.xml:58736:3: error: <subsection> is not allowed here.
logs\main-assembled.xml:58746:5: error: <tabular> is not allowed here.
logs\main-assembled.xml:58748:15: error: <strong> is not allowed here.
logs\main-assembled.xml:58749:15: error: <strong> is not allowed here.
logs\main-assembled.xml:58791:9: error: <title> is not allowed here.
logs\main-assembled.xml:58796:3: error: <md> is not allowed here.
logs\main-assembled.xml:58802:3: error: <md> is not allowed here.
logs\main-assembled.xml:58829:3: error: <md> is not allowed here.
logs\main-assembled.xml:58833:3: error: <subsection> is not allowed here.
logs\main-assembled.xml:58840:3: error: <md> is not allowed here.
logs\main-assembled.xml:58844:3: error: <md> is not allowed here.
logs\main-assembled.xml:58868:3: error: <md> is not allowed here.
logs\main-assembled.xml:58872:3: error: <md> is not allowed here.
logs\main-assembled.xml:58882:3: error: <md> is not allowed here.
logs\main-assembled.xml:58895:3: error: <md> is not allowed here.
logs\main-assembled.xml:58901:3: error: <md> is not allowed here.
logs\main-assembled.xml:58905:3: error: <md> is not allowed here.
logs\main-assembled.xml:58911:3: error: <md> is not allowed here.
logs\main-assembled.xml:58917:3: error: <md> is not allowed here.
logs\main-assembled.xml:58925:3: error: <md> is not allowed here.
logs\main-assembled.xml:58929:3: error: <md> is not allowed here.
logs\main-assembled.xml:58937:3: error: <md> is not allowed here.
logs\main-assembled.xml:58944:3: error: <md> is not allowed here.
logs\main-assembled.xml:58952:3: error: <note> is not allowed here.
logs\main-assembled.xml:58994:3: error: <subsection> is not allowed here.
logs\main-assembled.xml:59000:3: error: <md> is not allowed here.
logs\main-assembled.xml:59026:3: error: <md> is not allowed here.
logs\main-assembled.xml:59032:3: error: <md> is not allowed here.
logs\main-assembled.xml:59038:3: error: <md> is not allowed here.
logs\main-assembled.xml:59042:3: error: <md> is not allowed here.
logs\main-assembled.xml:59050:3: error: <md> is not allowed here.
logs\main-assembled.xml:59065:3: error: <md> is not allowed here.
logs\main-assembled.xml:59071:3: error: <md> is not allowed here.
logs\main-assembled.xml:59077:3: error: <md> is not allowed here.
logs\main-assembled.xml:59093:3: error: <md> is not allowed here.
logs\main-assembled.xml:59097:3: error: <md> is not allowed here.
logs\main-assembled.xml:59101:3: error: <md> is not allowed here.
logs\main-assembled.xml:59105:3: error: <md> is not allowed here.
logs\main-assembled.xml:59109:3: error: <md> is not allowed here.
logs\main-assembled.xml:59117:3: error: <md> is not allowed here.
logs\main-assembled.xml:59121:3: error: <md> is not allowed here.
logs\main-assembled.xml:59127:3: error: <note> is not allowed here.
logs\main-assembled.xml:59137:3: error: <subsection> is not allowed here.
logs\main-assembled.xml:59165:3: error: <md> is not allowed here.
logs\main-assembled.xml:59169:3: error: <md> is not allowed here.
logs\main-assembled.xml:59173:3: error: <md> is not allowed here.
logs\main-assembled.xml:59177:3: error: <md> is not allowed here.
logs\main-assembled.xml:59181:3: error: <md> is not allowed here.
logs\main-assembled.xml:59185:3: error: <md> is not allowed here.
logs\main-assembled.xml:59189:3: error: <md> is not allowed here.
logs\main-assembled.xml:59205:3: error: <md> is not allowed here.
logs\main-assembled.xml:59209:3: error: <md> is not allowed here.
logs\main-assembled.xml:59215:3: error: <md> is not allowed here.
logs\main-assembled.xml:59223:3: error: <md> is not allowed here.
logs\main-assembled.xml:59231:3: error: <md> is not allowed here.
logs\main-assembled.xml:59235:3: error: <md> is not allowed here.
logs\main-assembled.xml:59239:3: error: <md> is not allowed here.
logs\main-assembled.xml:59245:3: error: <md> is not allowed here.
logs\main-assembled.xml:59249:3: error: <md> is not allowed here.
logs\main-assembled.xml:59253:3: error: <md> is not allowed here.
logs\main-assembled.xml:59265:3: error: <md> is not allowed here.
logs\main-assembled.xml:59271:3: error: <md> is not allowed here.
logs\main-assembled.xml:59275:3: error: <md> is not allowed here.
logs\main-assembled.xml:59281:3: error: <md> is not allowed here.
logs\main-assembled.xml:59285:3: error: <md> is not allowed here.
logs\main-assembled.xml:59289:3: error: <md> is not allowed here.
logs\main-assembled.xml:59291:3: error: <md> is not allowed here.
logs\main-assembled.xml:59293:3: error: <md> is not allowed here.
logs\main-assembled.xml:59298:3: error: <warning> is not allowed here.
logs\main-assembled.xml:59302:9: error: <md> is not allowed here.
logs\main-assembled.xml:59303:9: error: <md> is not allowed here.
logs\main-assembled.xml:59309:3: error: <subsection> is not allowed here.
logs\main-assembled.xml:59317:3: error: <md> is not allowed here.
logs\main-assembled.xml:59329:3: error: <md> is not allowed here.
logs\main-assembled.xml:59333:3: error: <md> is not allowed here.
logs\main-assembled.xml:59337:3: error: <md> is not allowed here.
logs\main-assembled.xml:59343:3: error: <md> is not allowed here.
logs\main-assembled.xml:59347:3: error: <md> is not allowed here.
logs\main-assembled.xml:59351:3: error: <md> is not allowed here.
logs\main-assembled.xml:59357:3: error: <md> is not allowed here.
logs\main-assembled.xml:59363:3: error: <md> is not allowed here.
logs\main-assembled.xml:59378:3: error: <md> is not allowed here.
logs\main-assembled.xml:59387:3: error: <md> is not allowed here.
logs\main-assembled.xml:59391:3: error: <md> is not allowed here.
logs\main-assembled.xml:59395:3: error: <md> is not allowed here.
logs\main-assembled.xml:59403:3: error: <md> is not allowed here.
logs\main-assembled.xml:59409:3: error: <md> is not allowed here.
logs\main-assembled.xml:59417:3: error: <md> is not allowed here.
logs\main-assembled.xml:59426:3: error: <md> is not allowed here.
logs\main-assembled.xml:59441:3: error: <subsection> is not allowed here.
logs\main-assembled.xml:59449:3: error: <md> is not allowed here.
logs\main-assembled.xml:59460:3: error: <md> is not allowed here.
logs\main-assembled.xml:59464:3: error: <md> is not allowed here.
logs\main-assembled.xml:59468:3: error: <md> is not allowed here.
logs\main-assembled.xml:59474:3: error: <md> is not allowed here.
logs\main-assembled.xml:59486:3: error: <md> is not allowed here.
logs\main-assembled.xml:59492:3: error: <md> is not allowed here.
logs\main-assembled.xml:59499:3: error: <md> is not allowed here.
logs\main-assembled.xml:59503:3: error: <md> is not allowed here.
logs\main-assembled.xml:59511:9: error: <md> is not allowed here.
logs\main-assembled.xml:59533:3: error: <subsection> is not allowed here.
logs\main-assembled.xml:59541:3: error: <md> is not allowed here.
logs\main-assembled.xml:59545:3: error: <md> is not allowed here.
logs\main-assembled.xml:59550:3: error: <md> is not allowed here.
logs\main-assembled.xml:59555:5: error: <tabular> is not allowed here.
logs\main-assembled.xml:59557:15: error: <strong> is not allowed here.
logs\main-assembled.xml:59558:15: error: <strong> is not allowed here.
logs\main-assembled.xml:59575:9: error: <title> is not allowed here.
logs\main-assembled.xml:59580:3: error: <md> is not allowed here.
logs\main-assembled.xml:59585:3: error: <subsection> is not allowed here.
logs\main-assembled.xml:59593:5: error: <tabular> is not allowed here.
logs\main-assembled.xml:59595:15: error: <strong> is not allowed here.
logs\main-assembled.xml:59596:15: error: <strong> is not allowed here.
logs\main-assembled.xml:59633:9: error: <title> is not allowed here.
logs\main-assembled.xml:59643:3: error: <md> is not allowed here.
logs\main-assembled.xml:59647:3: error: <md> is not allowed here.
logs\main-assembled.xml:59653:3: error: <md> is not allowed here.
logs\main-assembled.xml:59678:3: error: <md> is not allowed here.
logs\main-assembled.xml:59687:3: error: <subsection> is not allowed here.
logs\main-assembled.xml:59694:3: error: <md> is not allowed here.
logs\main-assembled.xml:59699:3: error: <md> is not allowed here.
logs\main-assembled.xml:59705:3: error: <md> is not allowed here.
logs\main-assembled.xml:59715:3: error: <md> is not allowed here.
logs\main-assembled.xml:59719:3: error: <md> is not allowed here.
logs\main-assembled.xml:59727:3: error: <md> is not allowed here.
logs\main-assembled.xml:59731:3: error: <md> is not allowed here.
logs\main-assembled.xml:59739:3: error: <md> is not allowed here.
logs\main-assembled.xml:59743:3: error: <md> is not allowed here.
logs\main-assembled.xml:59750:3: error: <md> is not allowed here.
logs\main-assembled.xml:59816:9: error: <md> is not allowed here.
logs\main-assembled.xml:59828:3: error: <md> is not allowed here.
logs\main-assembled.xml:59838:3: error: <md> is not allowed here.
logs\main-assembled.xml:59869:3: error: <md> is not allowed here.
logs\main-assembled.xml:59873:3: error: <md> is not allowed here.
logs\main-assembled.xml:59881:3: error: <md> is not allowed here.
logs\main-assembled.xml:59887:3: error: <md> is not allowed here.
logs\main-assembled.xml:59891:3: error: <md> is not allowed here.
logs\main-assembled.xml:59899:3: error: <md> is not allowed here.
logs\main-assembled.xml:59905:3: error: <md> is not allowed here.
logs\main-assembled.xml:59913:3: error: <md> is not allowed here.
logs\main-assembled.xml:59923:3: error: <subsection> is not allowed here.
logs\main-assembled.xml:59930:3: error: <md> is not allowed here.
logs\main-assembled.xml:59934:3: error: <md> is not allowed here.
logs\main-assembled.xml:59940:3: error: <md> is not allowed here.
logs\main-assembled.xml:59946:3: error: <md> is not allowed here.
logs\main-assembled.xml:59954:3: error: <md> is not allowed here.
logs\main-assembled.xml:59958:3: error: <md> is not allowed here.
logs\main-assembled.xml:59966:3: error: <md> is not allowed here.
logs\main-assembled.xml:59970:3: error: <md> is not allowed here.
logs\main-assembled.xml:59976:3: error: <md> is not allowed here.
logs\main-assembled.xml:59984:3: error: <md> is not allowed here.
logs\main-assembled.xml:59988:3: error: <md> is not allowed here.
logs\main-assembled.xml:60027:9: error: <md> is not allowed here.
logs\main-assembled.xml:60034:9: error: <md> is not allowed here.
logs\main-assembled.xml:60043:3: error: <md> is not allowed here.
logs\main-assembled.xml:60071:3: error: <md> is not allowed here.
logs\main-assembled.xml:60077:3: error: <md> is not allowed here.
logs\main-assembled.xml:60085:3: error: <md> is not allowed here.
logs\main-assembled.xml:60089:3: error: <md> is not allowed here.
logs\main-assembled.xml:60093:3: error: <md> is not allowed here.
logs\main-assembled.xml:60103:3: error: <md> is not allowed here.
logs\main-assembled.xml:60110:3: error: <subsection> is not allowed here.
logs\main-assembled.xml:60120:3: error: <md> is not allowed here.
logs\main-assembled.xml:60124:3: error: <md> is not allowed here.
logs\main-assembled.xml:60133:3: error: <md> is not allowed here.
logs\main-assembled.xml:60137:3: error: <md> is not allowed here.
logs\main-assembled.xml:60141:3: error: <md> is not allowed here.
logs\main-assembled.xml:60165:3: error: <md> is not allowed here.
logs\main-assembled.xml:60169:3: error: <md> is not allowed here.
logs\main-assembled.xml:60175:3: error: <md> is not allowed here.
logs\main-assembled.xml:60183:3: error: <md> is not allowed here.
logs\main-assembled.xml:60187:3: error: <md> is not allowed here.
logs\main-assembled.xml:60200:3: error: <md> is not allowed here.
logs\main-assembled.xml:60204:3: error: <md> is not allowed here.
logs\main-assembled.xml:60210:3: error: <md> is not allowed here.
logs\main-assembled.xml:60216:3: error: <md> is not allowed here.
logs\main-assembled.xml:60222:3: error: <md> is not allowed here.
logs\main-assembled.xml:60228:3: error: <md> is not allowed here.
logs\main-assembled.xml:60234:3: error: <md> is not allowed here.
logs\main-assembled.xml:60238:3: error: <md> is not allowed here.
logs\main-assembled.xml:60242:3: error: <md> is not allowed here.
logs\main-assembled.xml:60253:3: error: <subsection> is not allowed here.
logs\main-assembled.xml:60261:3: error: <md> is not allowed here.
logs\main-assembled.xml:60265:3: error: <md> is not allowed here.
logs\main-assembled.xml:60269:3: error: <md> is not allowed here.
logs\main-assembled.xml:60273:3: error: <md> is not allowed here.
logs\main-assembled.xml:60282:9: error: <md> is not allowed here.
logs\main-assembled.xml:60285:9: error: <md> is not allowed here.
logs\main-assembled.xml:60287:9: error: <md> is not allowed here.
logs\main-assembled.xml:60290:9: error: <md> is not allowed here.
logs\main-assembled.xml:60292:9: error: <md> is not allowed here.
logs\main-assembled.xml:60294:9: error: <md> is not allowed here.
logs\main-assembled.xml:60322:3: error: <md> is not allowed here.
logs\main-assembled.xml:60328:3: error: <md> is not allowed here.
logs\main-assembled.xml:60332:3: error: <md> is not allowed here.
logs\main-assembled.xml:60336:3: error: <md> is not allowed here.
logs\main-assembled.xml:60340:3: error: <md> is not allowed here.
logs\main-assembled.xml:60344:3: error: <md> is not allowed here.
logs\main-assembled.xml:60348:3: error: <md> is not allowed here.
logs\main-assembled.xml:60362:3: error: <md> is not allowed here.
logs\main-assembled.xml:60368:3: error: <md> is not allowed here.
logs\main-assembled.xml:60372:3: error: <md> is not allowed here.
logs\main-assembled.xml:60376:3: error: <md> is not allowed here.
logs\main-assembled.xml:60382:3: error: <md> is not allowed here.
logs\main-assembled.xml:60387:3: error: <md> is not allowed here.
logs\main-assembled.xml:60395:3: error: <note> is not allowed here.
logs\main-assembled.xml:60418:3: error: <md> is not allowed here.
logs\main-assembled.xml:60424:3: error: <md> is not allowed here.
logs\main-assembled.xml:60428:3: error: <md> is not allowed here.
logs\main-assembled.xml:60432:3: error: <md> is not allowed here.
logs\main-assembled.xml:60440:3: error: <md> is not allowed here.
logs\main-assembled.xml:60447:3: error: <md> is not allowed here.
logs\main-assembled.xml:60451:3: error: <md> is not allowed here.
logs\main-assembled.xml:60455:3: error: <md> is not allowed here.
logs\main-assembled.xml:60467:3: error: <md> is not allowed here.
logs\main-assembled.xml:60473:3: error: <md> is not allowed here.
logs\main-assembled.xml:60481:3: error: <md> is not allowed here.
logs\main-assembled.xml:60485:3: error: <md> is not allowed here.
logs\main-assembled.xml:60495:3: error: <md> is not allowed here.
logs\main-assembled.xml:60499:3: error: <md> is not allowed here.
logs\main-assembled.xml:60507:3: error: <subsection> is not allowed here.
logs\main-assembled.xml:60512:3: error: <md> is not allowed here.
logs\main-assembled.xml:60518:3: error: <md> is not allowed here.
logs\main-assembled.xml:60522:3: error: <md> is not allowed here.
logs\main-assembled.xml:60530:3: error: <md> is not allowed here.
logs\main-assembled.xml:60536:3: error: <md> is not allowed here.
logs\main-assembled.xml:60542:3: error: <md> is not allowed here.
logs\main-assembled.xml:60548:3: error: <md> is not allowed here.
logs\main-assembled.xml:60554:3: error: <md> is not allowed here.
logs\main-assembled.xml:60561:3: error: <md> is not allowed here.
logs\main-assembled.xml:60565:3: error: <md> is not allowed here.
logs\main-assembled.xml:60573:3: error: <md> is not allowed here.
logs\main-assembled.xml:60579:3: error: <md> is not allowed here.
logs\main-assembled.xml:60587:3: error: <md> is not allowed here.
logs\main-assembled.xml:60593:3: error: <md> is not allowed here.
logs\main-assembled.xml:60599:5: error: <tabular> is not allowed here.
logs\main-assembled.xml:60601:15: error: <strong> is not allowed here.
logs\main-assembled.xml:60602:15: error: <strong> is not allowed here.
logs\main-assembled.xml:60603:15: error: <strong> is not allowed here.
logs\main-assembled.xml:60617:9: error: <title> is not allowed here.
logs\main-assembled.xml:60623:3: error: <md> is not allowed here.
logs\main-assembled.xml:60630:3: error: <md> is not allowed here.
logs\main-assembled.xml:60639:3: error: <md> is not allowed here.
logs\main-assembled.xml:60645:3: error: <md> is not allowed here.
logs\main-assembled.xml:60651:3: error: <md> is not allowed here.
logs\main-assembled.xml:60655:3: error: <md> is not allowed here.
logs\main-assembled.xml:60666:3: error: <md> is not allowed here.
logs\main-assembled.xml:60672:3: error: <md> is not allowed here.
logs\main-assembled.xml:60676:3: error: <md> is not allowed here.
logs\main-assembled.xml:60687:3: error: <md> is not allowed here.
logs\main-assembled.xml:60693:3: error: <md> is not allowed here.
logs\main-assembled.xml:60697:3: error: <md> is not allowed here.
logs\main-assembled.xml:60701:3: error: <md> is not allowed here.
logs\main-assembled.xml:60705:3: error: <md> is not allowed here.
logs\main-assembled.xml:60735:3: error: <subsection> is not allowed here.
logs\main-assembled.xml:60740:3: error: <md> is not allowed here.
logs\main-assembled.xml:60744:3: error: <md> is not allowed here.
logs\main-assembled.xml:60754:3: error: <md> is not allowed here.
logs\main-assembled.xml:60761:3: error: <md> is not allowed here.
logs\main-assembled.xml:60769:3: error: <md> is not allowed here.
logs\main-assembled.xml:60775:3: error: <md> is not allowed here.
logs\main-assembled.xml:60783:3: error: <md> is not allowed here.
logs\main-assembled.xml:60787:3: error: <md> is not allowed here.
logs\main-assembled.xml:60791:3: error: <md> is not allowed here.
logs\main-assembled.xml:60802:9: error: <md> is not allowed here.
logs\main-assembled.xml:60822:3: error: <subsection> is not allowed here.
logs\main-assembled.xml:60830:3: error: <md> is not allowed here.
logs\main-assembled.xml:60835:3: error: <md> is not allowed here.
logs\main-assembled.xml:60846:3: error: <md> is not allowed here.
logs\main-assembled.xml:60854:3: error: <md> is not allowed here.
logs\main-assembled.xml:60864:3: error: <md> is not allowed here.
logs\main-assembled.xml:60874:3: error: <md> is not allowed here.
logs\main-assembled.xml:60881:3: error: <md> is not allowed here.
logs\main-assembled.xml:60946:3: error: <subsection> is not allowed here.
logs\main-assembled.xml:60954:3: error: <md> is not allowed here.
logs\main-assembled.xml:60958:3: error: <md> is not allowed here.
logs\main-assembled.xml:60962:3: error: <md> is not allowed here.
logs\main-assembled.xml:60968:3: error: <md> is not allowed here.
logs\main-assembled.xml:60972:3: error: <md> is not allowed here.
logs\main-assembled.xml:60976:3: error: <md> is not allowed here.
logs\main-assembled.xml:60982:3: error: <md> is not allowed here.
logs\main-assembled.xml:60986:3: error: <md> is not allowed here.
logs\main-assembled.xml:60990:3: error: <md> is not allowed here.
logs\main-assembled.xml:60994:3: error: <md> is not allowed here.
logs\main-assembled.xml:61002:3: error: <md> is not allowed here.
logs\main-assembled.xml:61010:3: error: <md> is not allowed here.
logs\main-assembled.xml:61015:3: error: <md> is not allowed here.
logs\main-assembled.xml:61021:3: error: <md> is not allowed here.
logs\main-assembled.xml:61025:3: error: <md> is not allowed here.
logs\main-assembled.xml:61029:3: error: <md> is not allowed here.
logs\main-assembled.xml:61062:3: error: <subsection> is not allowed here.
logs\main-assembled.xml:61070:3: error: <md> is not allowed here.
logs\main-assembled.xml:61079:3: error: <md> is not allowed here.
logs\main-assembled.xml:61085:3: error: <md> is not allowed here.
logs\main-assembled.xml:61089:3: error: <md> is not allowed here.
logs\main-assembled.xml:61097:3: error: <md> is not allowed here.
logs\main-assembled.xml:61101:3: error: <md> is not allowed here.
logs\main-assembled.xml:61109:3: error: <md> is not allowed here.
logs\main-assembled.xml:61117:3: error: <md> is not allowed here.
logs\main-assembled.xml:61125:3: error: <md> is not allowed here.
logs\main-assembled.xml:61131:3: error: <md> is not allowed here.
logs\main-assembled.xml:61139:3: error: <md> is not allowed here.
logs\main-assembled.xml:61148:3: error: <md> is not allowed here.
logs\main-assembled.xml:61163:3: error: <md> is not allowed here.
logs\main-assembled.xml:61200:9: error: <md> is not allowed here.
logs\main-assembled.xml:61214:3: error: <md> is not allowed here.
logs\main-assembled.xml:61244:3: error: <md> is not allowed here.
logs\main-assembled.xml:61256:3: error: <md> is not allowed here.
logs\main-assembled.xml:61260:3: error: <subsection> is not allowed here.
logs\main-assembled.xml:61266:5: error: <tabular> is not allowed here.
logs\main-assembled.xml:61268:15: error: <strong> is not allowed here.
logs\main-assembled.xml:61269:15: error: <strong> is not allowed here.
logs\main-assembled.xml:61270:15: error: <strong> is not allowed here.
logs\main-assembled.xml:61314:9: error: <title> is not allowed here.
logs\main-assembled.xml:61363:3: error: <subsection> is not allowed here.
logs\main-assembled.xml:61369:3: error: <md> is not allowed here.
logs\main-assembled.xml:61375:3: error: <md> is not allowed here.
logs\main-assembled.xml:61381:3: error: <md> is not allowed here.
logs\main-assembled.xml:61389:3: error: <md> is not allowed here.
logs\main-assembled.xml:61391:3: error: <md> is not allowed here.
logs\main-assembled.xml:61393:3: error: <md> is not allowed here.
logs\main-assembled.xml:61399:3: error: <md> is not allowed here.
logs\main-assembled.xml:61401:3: error: <md> is not allowed here.
logs\main-assembled.xml:61405:3: error: <md> is not allowed here.
logs\main-assembled.xml:61411:3: error: <md> is not allowed here.
logs\main-assembled.xml:61415:3: error: <md> is not allowed here.
logs\main-assembled.xml:61419:3: error: <md> is not allowed here.
logs\main-assembled.xml:61425:3: error: <md> is not allowed here.
logs\main-assembled.xml:61429:3: error: <md> is not allowed here.
logs\main-assembled.xml:61433:3: error: <md> is not allowed here.
logs\main-assembled.xml:61443:3: error: <md> is not allowed here.
logs\main-assembled.xml:61453:3: error: <md> is not allowed here.
logs\main-assembled.xml:61463:3: error: <md> is not allowed here.
logs\main-assembled.xml:61473:3: error: <md> is not allowed here.
logs\main-assembled.xml:61481:3: error: <md> is not allowed here.
logs\main-assembled.xml:61491:3: error: <md> is not allowed here.
logs\main-assembled.xml:61498:3: error: <md> is not allowed here.
logs\main-assembled.xml:61505:3: error: <subsection> is not allowed here.
logs\main-assembled.xml:61510:5: error: <ol> is not allowed here.
logs\main-assembled.xml:61516:11: error: <md> is not allowed here.
logs\main-assembled.xml:61521:11: error: <md> is not allowed here.
logs\main-assembled.xml:61533:11: error: <md> is not allowed here.
logs\main-assembled.xml:61535:11: error: <md> is not allowed here.
logs\main-assembled.xml:61546:11: error: <md> is not allowed here.
logs\main-assembled.xml:61551:11: error: <md> is not allowed here.
logs\main-assembled.xml:61557:3: error: <subsection> is not allowed here.
logs\main-assembled.xml:61563:5: error: <ol> is not allowed here.
logs\main-assembled.xml:61603:3: error: <subsection> is not allowed here.
logs\main-assembled.xml:61608:5: error: <ol> is not allowed here.
logs\main-assembled.xml:61673:3: error: <subsection> is not allowed here.
logs\main-assembled.xml:61679:5: error: <ol> is not allowed here.
logs\main-assembled.xml:61707:3: error: <subsection> is not allowed here.
logs\main-assembled.xml:61713:5: error: <ol> is not allowed here.
logs\main-assembled.xml:61768:3: error: <subsection> is not allowed here.
logs\main-assembled.xml:61773:5: error: <ol> is not allowed here.
logs\main-assembled.xml:61776:11: error: <md> is not allowed here.
logs\main-assembled.xml:61783:11: error: <md> is not allowed here.
logs\main-assembled.xml:61785:11: error: <md> is not allowed here.
logs\main-assembled.xml:61790:11: error: <md> is not allowed here.
logs\main-assembled.xml:61799:11: error: <md> is not allowed here.
logs\main-assembled.xml:61807:11: error: <md> is not allowed here.
logs\main-assembled.xml:61809:11: error: <md> is not allowed here.
logs\main-assembled.xml:61818:11: error: <md> is not allowed here.
logs\main-assembled.xml:61820:11: error: <md> is not allowed here.
logs\main-assembled.xml:61826:3: error: <subsection> is not allowed here.
logs\main-assembled.xml:61833:3: error: <md> is not allowed here.
logs\main-assembled.xml:61835:3: error: <md> is not allowed here.
logs\main-assembled.xml:61839:3: error: <md> is not allowed here.
logs\main-assembled.xml:61845:3: error: <md> is not allowed here.
logs\main-assembled.xml:61851:3: error: <md> is not allowed here.
logs\main-assembled.xml:61857:3: error: <md> is not allowed here.
logs\main-assembled.xml:61865:5: error: <ol> is not allowed here.
logs\main-assembled.xml:61894:3: error: <subsection> is not allowed here.
logs\main-assembled.xml:61903:5: error: <tabular> is not allowed here.
logs\main-assembled.xml:61905:15: error: <strong> is not allowed here.
logs\main-assembled.xml:61906:15: error: <strong> is not allowed here.
logs\main-assembled.xml:61933:9: error: <title> is not allowed here.
logs\main-assembled.xml:61937:5: error: <ol> is not allowed here.
logs\main-assembled.xml:61963:9: error: <md> is not allowed here.
logs\main-assembled.xml:61964:9: error: <md> is not allowed here.
logs\main-assembled.xml:61965:9: error: <md> is not allowed here.
logs\main-assembled.xml:61969:3: error: <subsection> is not allowed here.
logs\main-assembled.xml:61974:5: error: <ol> is not allowed here.
logs\main-assembled.xml:61977:11: error: <md> is not allowed here.
logs\main-assembled.xml:61982:11: error: <md> is not allowed here.
logs\main-assembled.xml:61987:11: error: <md> is not allowed here.
logs\main-assembled.xml:61992:11: error: <md> is not allowed here.
logs\main-assembled.xml:61997:11: error: <md> is not allowed here.
logs\main-assembled.xml:62002:11: error: <md> is not allowed here.
logs\main-assembled.xml:62007:11: error: <md> is not allowed here.
logs\main-assembled.xml:62013:11: error: <md> is not allowed here.
logs\main-assembled.xml:62019:11: error: <md> is not allowed here.
logs\main-assembled.xml:62026:11: error: <md> is not allowed here.
logs\main-assembled.xml:62033:3: error: <subsection> is not allowed here.
logs\main-assembled.xml:62040:3: error: <md> is not allowed here.
logs\main-assembled.xml:62046:3: error: <md> is not allowed here.
logs\main-assembled.xml:62055:3: error: <md> is not allowed here.
logs\main-assembled.xml:62059:3: error: <md> is not allowed here.
logs\main-assembled.xml:62065:3: error: <md> is not allowed here.
logs\main-assembled.xml:62071:3: error: <md> is not allowed here.
logs\main-assembled.xml:62114:3: error: <md> is not allowed here.
logs\main-assembled.xml:62121:3: error: <md> is not allowed here.
logs\main-assembled.xml:62125:3: error: <md> is not allowed here.
logs\main-assembled.xml:62138:3: error: <subsection> is not allowed here.
logs\main-assembled.xml:62143:3: error: <md> is not allowed here.
logs\main-assembled.xml:62151:5: error: <tabular> is not allowed here.
logs\main-assembled.xml:62169:9: error: <title> is not allowed here.
logs\main-assembled.xml:62173:3: error: <md> is not allowed here.
logs\main-assembled.xml:62177:3: error: <md> is not allowed here.
logs\main-assembled.xml:62187:3: error: <md> is not allowed here.
logs\main-assembled.xml:62219:3: error: <subsection> is not allowed here.
logs\main-assembled.xml:62227:3: error: <md> is not allowed here.
logs\main-assembled.xml:62231:3: error: <md> is not allowed here.
logs\main-assembled.xml:62267:3: error: <md> is not allowed here.
logs\main-assembled.xml:62275:3: error: <md> is not allowed here.
logs\main-assembled.xml:62303:3: error: <subsection> is not allowed here.
logs\main-assembled.xml:62308:3: error: <md> is not allowed here.
logs\main-assembled.xml:62315:3: error: <md> is not allowed here.
logs\main-assembled.xml:62330:3: error: <md> is not allowed here.
logs\main-assembled.xml:62334:3: error: <md> is not allowed here.
logs\main-assembled.xml:62354:3: error: <subsection> is not allowed here.
logs\main-assembled.xml:62359:3: error: <md> is not allowed here.
logs\main-assembled.xml:62365:3: error: <md> is not allowed here.
logs\main-assembled.xml:62371:3: error: <md> is not allowed here.
logs\main-assembled.xml:62378:3: error: <md> is not allowed here.
logs\main-assembled.xml:62388:9: error: <md> is not allowed here.
logs\main-assembled.xml:62390:9: error: <md> is not allowed here.
logs\main-assembled.xml:62422:3: error: <md> is not allowed here.
logs\main-assembled.xml:62427:5: error: <tabular> is not allowed here.
logs\main-assembled.xml:62429:15: error: <strong> is not allowed here.
logs\main-assembled.xml:62430:15: error: <strong> is not allowed here.
logs\main-assembled.xml:62449:9: error: <title> is not allowed here.
logs\main-assembled.xml:62453:3: error: <md> is not allowed here.
logs\main-assembled.xml:62477:3: error: <md> is not allowed here.
logs\main-assembled.xml:62481:3: error: <md> is not allowed here.
logs\main-assembled.xml:62485:3: error: <subsection> is not allowed here.
logs\main-assembled.xml:62490:3: error: <md> is not allowed here.
logs\main-assembled.xml:62495:3: error: <md> is not allowed here.
logs\main-assembled.xml:62501:3: error: <md> is not allowed here.
logs\main-assembled.xml:62561:3: error: <md> is not allowed here.
logs\main-assembled.xml:62565:3: error: <md> is not allowed here.
logs\main-assembled.xml:62573:3: error: <md> is not allowed here.
logs\main-assembled.xml:62577:3: error: <md> is not allowed here.
logs\main-assembled.xml:62587:3: error: <subsection> is not allowed here.
logs\main-assembled.xml:62592:3: error: <md> is not allowed here.
logs\main-assembled.xml:62601:3: error: <md> is not allowed here.
logs\main-assembled.xml:62605:3: error: <md> is not allowed here.
logs\main-assembled.xml:62671:3: error: <subsection> is not allowed here.
logs\main-assembled.xml:62679:3: error: <md> is not allowed here.
logs\main-assembled.xml:62683:3: error: <md> is not allowed here.
logs\main-assembled.xml:62687:3: error: <md> is not allowed here.
logs\main-assembled.xml:62691:9: error: <md> is not allowed here.
logs\main-assembled.xml:62695:9: error: <md> is not allowed here.
logs\main-assembled.xml:62705:9: error: <md> is not allowed here.
logs\main-assembled.xml:62712:9: error: <md> is not allowed here.
logs\main-assembled.xml:62752:3: error: <subsection> is not allowed here.
logs\main-assembled.xml:62757:3: error: <md> is not allowed here.
logs\main-assembled.xml:62763:3: error: <md> is not allowed here.
logs\main-assembled.xml:62767:3: error: <md> is not allowed here.
logs\main-assembled.xml:62771:3: error: <md> is not allowed here.
logs\main-assembled.xml:62776:5: error: <tabular> is not allowed here.
logs\main-assembled.xml:62778:15: error: <strong> is not allowed here.
logs\main-assembled.xml:62781:15: error: <strong> is not allowed here.
logs\main-assembled.xml:62808:9: error: <title> is not allowed here.
logs\main-assembled.xml:62812:3: error: <md> is not allowed here.
logs\main-assembled.xml:62821:3: error: <md> is not allowed here.
logs\main-assembled.xml:62827:3: error: <md> is not allowed here.
logs\main-assembled.xml:62838:3: error: <md> is not allowed here.
logs\main-assembled.xml:62844:3: error: <md> is not allowed here.
logs\main-assembled.xml:62848:3: error: <md> is not allowed here.
logs\main-assembled.xml:62854:3: error: <subsection> is not allowed here.
logs\main-assembled.xml:62864:3: error: <md> is not allowed here.
logs\main-assembled.xml:62877:3: error: <md> is not allowed here.
logs\main-assembled.xml:62881:3: error: <md> is not allowed here.
logs\main-assembled.xml:62885:3: error: <md> is not allowed here.
logs\main-assembled.xml:62889:3: error: <md> is not allowed here.
logs\main-assembled.xml:62893:3: error: <md> is not allowed here.
logs\main-assembled.xml:62899:3: error: <md> is not allowed here.
logs\main-assembled.xml:62903:3: error: <md> is not allowed here.
logs\main-assembled.xml:62914:3: error: <md> is not allowed here.
logs\main-assembled.xml:62918:3: error: <md> is not allowed here.
logs\main-assembled.xml:62922:3: error: <md> is not allowed here.
logs\main-assembled.xml:62926:3: error: <md> is not allowed here.
logs\main-assembled.xml:62930:3: error: <md> is not allowed here.
logs\main-assembled.xml:62988:3: error: <note> is not allowed here.
logs\main-assembled.xml:63023:3: error: <md> is not allowed here.
logs\main-assembled.xml:63027:3: error: <md> is not allowed here.
logs\main-assembled.xml:63031:3: error: <md> is not allowed here.
logs\main-assembled.xml:63055:3: error: <subsection> is not allowed here.
logs\main-assembled.xml:63068:9: error: <md> is not allowed here.
logs\main-assembled.xml:63071:9: error: <md> is not allowed here.
logs\main-assembled.xml:63073:9: error: <md> is not allowed here.
logs\main-assembled.xml:63077:9: error: <md> is not allowed here.
logs\main-assembled.xml:63084:3: error: <md> is not allowed here.
logs\main-assembled.xml:63098:3: error: <md> is not allowed here.
logs\main-assembled.xml:63102:3: error: <md> is not allowed here.
logs\main-assembled.xml:63106:3: error: <md> is not allowed here.
logs\main-assembled.xml:63110:3: error: <md> is not allowed here.
logs\main-assembled.xml:63127:3: error: <md> is not allowed here.
logs\main-assembled.xml:63131:3: error: <md> is not allowed here.
logs\main-assembled.xml:63135:3: error: <md> is not allowed here.
logs\main-assembled.xml:63139:3: error: <md> is not allowed here.
logs\main-assembled.xml:63143:3: error: <md> is not allowed here.
logs\main-assembled.xml:63147:3: error: <md> is not allowed here.
logs\main-assembled.xml:63151:3: error: <md> is not allowed here.
logs\main-assembled.xml:63161:3: error: <md> is not allowed here.
logs\main-assembled.xml:63165:3: error: <md> is not allowed here.
logs\main-assembled.xml:63169:3: error: <md> is not allowed here.
logs\main-assembled.xml:63173:3: error: <md> is not allowed here.
logs\main-assembled.xml:63177:3: error: <md> is not allowed here.
logs\main-assembled.xml:63196:3: error: <md> is not allowed here.
logs\main-assembled.xml:63200:3: error: <md> is not allowed here.
logs\main-assembled.xml:63204:3: error: <md> is not allowed here.
logs\main-assembled.xml:63212:3: error: <md> is not allowed here.
logs\main-assembled.xml:63228:3: error: <md> is not allowed here.
logs\main-assembled.xml:63266:3: error: <md> is not allowed here.
logs\main-assembled.xml:63273:3: error: <subsection> is not allowed here.
logs\main-assembled.xml:63280:3: error: <md> is not allowed here.
logs\main-assembled.xml:63284:3: error: <md> is not allowed here.
logs\main-assembled.xml:63292:3: error: <md> is not allowed here.
logs\main-assembled.xml:63296:3: error: <md> is not allowed here.
logs\main-assembled.xml:63343:3: error: <md> is not allowed here.
logs\main-assembled.xml:63359:3: error: <md> is not allowed here.
logs\main-assembled.xml:63363:3: error: <md> is not allowed here.
logs\main-assembled.xml:63367:3: error: <md> is not allowed here.
logs\main-assembled.xml:63371:3: error: <md> is not allowed here.
logs\main-assembled.xml:63375:3: error: <md> is not allowed here.
logs\main-assembled.xml:63379:3: error: <md> is not allowed here.
logs\main-assembled.xml:63383:3: error: <md> is not allowed here.
logs\main-assembled.xml:63387:3: error: <md> is not allowed here.
logs\main-assembled.xml:63391:3: error: <md> is not allowed here.
logs\main-assembled.xml:63397:3: error: <md> is not allowed here.
logs\main-assembled.xml:63401:3: error: <md> is not allowed here.
logs\main-assembled.xml:63407:3: error: <md> is not allowed here.
logs\main-assembled.xml:63411:3: error: <md> is not allowed here.
logs\main-assembled.xml:63415:3: error: <md> is not allowed here.
logs\main-assembled.xml:63421:3: error: <md> is not allowed here.
logs\main-assembled.xml:63427:3: error: <md> is not allowed here.
logs\main-assembled.xml:63434:3: error: <md> is not allowed here.
logs\main-assembled.xml:63446:9: error: <md> is not allowed here.
logs\main-assembled.xml:63448:9: error: <md> is not allowed here.
logs\main-assembled.xml:63480:3: error: <md> is not allowed here.
logs\main-assembled.xml:63484:3: error: <md> is not allowed here.
logs\main-assembled.xml:63488:3: error: <md> is not allowed here.
logs\main-assembled.xml:63492:3: error: <md> is not allowed here.
logs\main-assembled.xml:63496:3: error: <md> is not allowed here.
logs\main-assembled.xml:63500:3: error: <md> is not allowed here.
logs\main-assembled.xml:63515:3: error: <subsection> is not allowed here.
logs\main-assembled.xml:63523:3: error: <md> is not allowed here.
logs\main-assembled.xml:63527:3: error: <md> is not allowed here.
logs\main-assembled.xml:63534:3: error: <md> is not allowed here.
logs\main-assembled.xml:63538:3: error: <md> is not allowed here.
logs\main-assembled.xml:63547:3: error: <md> is not allowed here.
logs\main-assembled.xml:63560:9: error: <md> is not allowed here.
logs\main-assembled.xml:63575:9: error: <md> is not allowed here.
logs\main-assembled.xml:63580:3: error: <md> is not allowed here.
logs\main-assembled.xml:63626:3: error: <subsection> is not allowed here.
logs\main-assembled.xml:63631:3: error: <md> is not allowed here.
logs\main-assembled.xml:63637:3: error: <md> is not allowed here.
logs\main-assembled.xml:63641:3: error: <md> is not allowed here.
logs\main-assembled.xml:63645:3: error: <md> is not allowed here.
logs\main-assembled.xml:63655:3: error: <md> is not allowed here.
logs\main-assembled.xml:63659:3: error: <md> is not allowed here.
logs\main-assembled.xml:63672:3: error: <md> is not allowed here.
logs\main-assembled.xml:63682:3: error: <md> is not allowed here.
logs\main-assembled.xml:63686:3: error: <md> is not allowed here.
logs\main-assembled.xml:63694:3: error: <md> is not allowed here.
logs\main-assembled.xml:63699:5: error: <tabular> is not allowed here.
logs\main-assembled.xml:63701:15: error: <strong> is not allowed here.
logs\main-assembled.xml:63702:15: error: <strong> is not allowed here.
logs\main-assembled.xml:63717:9: error: <title> is not allowed here.
logs\main-assembled.xml:63723:3: error: <subsection> is not allowed here.
logs\main-assembled.xml:63729:3: error: <md> is not allowed here.
logs\main-assembled.xml:63735:3: error: <md> is not allowed here.
logs\main-assembled.xml:63742:3: error: <md> is not allowed here.
logs\main-assembled.xml:63750:3: error: <md> is not allowed here.
logs\main-assembled.xml:63754:3: error: <md> is not allowed here.
logs\main-assembled.xml:63758:3: error: <md> is not allowed here.
logs\main-assembled.xml:63762:3: error: <md> is not allowed here.
logs\main-assembled.xml:63766:3: error: <md> is not allowed here.
logs\main-assembled.xml:63770:3: error: <md> is not allowed here.
logs\main-assembled.xml:63774:3: error: <md> is not allowed here.
logs\main-assembled.xml:63778:3: error: <md> is not allowed here.
logs\main-assembled.xml:63783:3: error: <md> is not allowed here.
logs\main-assembled.xml:63800:3: error: <md> is not allowed here.
logs\main-assembled.xml:63809:3: error: <md> is not allowed here.
logs\main-assembled.xml:63813:3: error: <md> is not allowed here.
logs\main-assembled.xml:63817:3: error: <md> is not allowed here.
logs\main-assembled.xml:63825:3: error: <md> is not allowed here.
logs\main-assembled.xml:63853:3: error: <subsection> is not allowed here.
logs\main-assembled.xml:63865:9: error: <md> is not allowed here.
logs\main-assembled.xml:63869:9: error: <md> is not allowed here.
logs\main-assembled.xml:63880:3: error: <md> is not allowed here.
logs\main-assembled.xml:63884:3: error: <md> is not allowed here.
logs\main-assembled.xml:63894:3: error: <md> is not allowed here.
logs\main-assembled.xml:63900:3: error: <md> is not allowed here.
logs\main-assembled.xml:63904:3: error: <md> is not allowed here.
logs\main-assembled.xml:63908:3: error: <md> is not allowed here.
logs\main-assembled.xml:63912:3: error: <md> is not allowed here.
logs\main-assembled.xml:63916:3: error: <md> is not allowed here.
logs\main-assembled.xml:63924:3: error: <md> is not allowed here.
logs\main-assembled.xml:63928:3: error: <md> is not allowed here.
logs\main-assembled.xml:63932:3: error: <md> is not allowed here.
logs\main-assembled.xml:63936:3: error: <md> is not allowed here.
logs\main-assembled.xml:63940:3: error: <md> is not allowed here.
logs\main-assembled.xml:63946:3: error: <md> is not allowed here.
logs\main-assembled.xml:63950:3: error: <note> is not allowed here.
logs\main-assembled.xml:63966:3: error: <md> is not allowed here.
logs\main-assembled.xml:63970:3: error: <md> is not allowed here.
logs\main-assembled.xml:63978:3: error: <md> is not allowed here.
logs\main-assembled.xml:64025:3: error: <md> is not allowed here.
logs\main-assembled.xml:64031:3: error: <subsection> is not allowed here.
logs\main-assembled.xml:64036:3: error: <md> is not allowed here.
logs\main-assembled.xml:64040:3: error: <md> is not allowed here.
logs\main-assembled.xml:64050:9: error: <md> is not allowed here.
logs\main-assembled.xml:64054:9: error: <md> is not allowed here.
logs\main-assembled.xml:64058:9: error: <md> is not allowed here.
logs\main-assembled.xml:64125:3: error: <md> is not allowed here.
logs\main-assembled.xml:64131:3: error: <md> is not allowed here.
logs\main-assembled.xml:64135:3: error: <md> is not allowed here.
logs\main-assembled.xml:64141:3: error: <md> is not allowed here.
logs\main-assembled.xml:64151:3: error: <md> is not allowed here.
logs\main-assembled.xml:64161:3: error: <md> is not allowed here.
logs\main-assembled.xml:64170:5: error: <tabular> is not allowed here.
logs\main-assembled.xml:64172:15: error: <strong> is not allowed here.
logs\main-assembled.xml:64173:15: error: <strong> is not allowed here.
logs\main-assembled.xml:64174:15: error: <strong> is not allowed here.
logs\main-assembled.xml:64192:9: error: <title> is not allowed here.
logs\main-assembled.xml:64200:3: error: <subsection> is not allowed here.
logs\main-assembled.xml:64210:3: error: <md> is not allowed here.
logs\main-assembled.xml:64216:3: error: <md> is not allowed here.
logs\main-assembled.xml:64222:3: error: <md> is not allowed here.
logs\main-assembled.xml:64230:3: error: <md> is not allowed here.
logs\main-assembled.xml:64236:3: error: <md> is not allowed here.
logs\main-assembled.xml:64242:3: error: <md> is not allowed here.
logs\main-assembled.xml:64250:3: error: <md> is not allowed here.
logs\main-assembled.xml:64256:3: error: <md> is not allowed here.
logs\main-assembled.xml:64262:3: error: <md> is not allowed here.
logs\main-assembled.xml:64271:9: error: <md> is not allowed here.
logs\main-assembled.xml:64275:9: error: <md> is not allowed here.
logs\main-assembled.xml:64302:3: error: <md> is not allowed here.
logs\main-assembled.xml:64306:3: error: <md> is not allowed here.
logs\main-assembled.xml:64310:3: error: <md> is not allowed here.
logs\main-assembled.xml:64314:3: error: <md> is not allowed here.
logs\main-assembled.xml:64318:3: error: <md> is not allowed here.
logs\main-assembled.xml:64322:3: error: <md> is not allowed here.
logs\main-assembled.xml:64326:3: error: <md> is not allowed here.
logs\main-assembled.xml:64333:3: error: <subsection> is not allowed here.
logs\main-assembled.xml:64338:3: error: <md> is not allowed here.
logs\main-assembled.xml:64348:3: error: <md> is not allowed here.
logs\main-assembled.xml:64355:3: error: <md> is not allowed here.
logs\main-assembled.xml:64359:3: error: <md> is not allowed here.
logs\main-assembled.xml:64364:3: error: <md> is not allowed here.
logs\main-assembled.xml:64368:3: error: <md> is not allowed here.
logs\main-assembled.xml:64379:3: error: <md> is not allowed here.
logs\main-assembled.xml:64385:3: error: <md> is not allowed here.
logs\main-assembled.xml:64401:3: error: <md> is not allowed here.
logs\main-assembled.xml:64408:3: error: <subsection> is not allowed here.
logs\main-assembled.xml:64415:3: error: <md> is not allowed here.
logs\main-assembled.xml:64419:3: error: <md> is not allowed here.
logs\main-assembled.xml:64423:3: error: <md> is not allowed here.
logs\main-assembled.xml:64434:3: error: <md> is not allowed here.
logs\main-assembled.xml:64438:3: error: <md> is not allowed here.
logs\main-assembled.xml:64466:3: error: <subsection> is not allowed here.
logs\main-assembled.xml:64471:3: error: <md> is not allowed here.
logs\main-assembled.xml:64483:3: error: <md> is not allowed here.
logs\main-assembled.xml:64491:3: error: <md> is not allowed here.
logs\main-assembled.xml:64498:3: error: <md> is not allowed here.
logs\main-assembled.xml:64504:3: error: <md> is not allowed here.
logs\main-assembled.xml:64509:5: error: <tabular> is not allowed here.
logs\main-assembled.xml:64511:15: error: <strong> is not allowed here.
logs\main-assembled.xml:64512:15: error: <strong> is not allowed here.
logs\main-assembled.xml:64513:15: error: <strong> is not allowed here.
logs\main-assembled.xml:64531:9: error: <title> is not allowed here.
logs\main-assembled.xml:64537:3: error: <subsection> is not allowed here.
logs\main-assembled.xml:64545:3: error: <md> is not allowed here.
logs\main-assembled.xml:64551:3: error: <md> is not allowed here.
logs\main-assembled.xml:64557:3: error: <md> is not allowed here.
logs\main-assembled.xml:64561:3: error: <md> is not allowed here.
logs\main-assembled.xml:64565:3: error: <md> is not allowed here.
logs\main-assembled.xml:64636:3: error: <subsection> is not allowed here.
logs\main-assembled.xml:64652:3: error: <md> is not allowed here.
logs\main-assembled.xml:64654:3: error: <md> is not allowed here.
logs\main-assembled.xml:64656:3: error: <md> is not allowed here.
logs\main-assembled.xml:64673:3: error: <md> is not allowed here.
logs\main-assembled.xml:64678:3: error: <md> is not allowed here.
logs\main-assembled.xml:64684:3: error: <md> is not allowed here.
logs\main-assembled.xml:64686:3: error: <md> is not allowed here.
logs\main-assembled.xml:64688:3: error: <md> is not allowed here.
logs\main-assembled.xml:64690:3: error: <md> is not allowed here.
logs\main-assembled.xml:64695:3: error: <subsection> is not allowed here.
logs\main-assembled.xml:64700:3: error: <md> is not allowed here.
logs\main-assembled.xml:64708:3: error: <md> is not allowed here.
logs\main-assembled.xml:64714:3: error: <md> is not allowed here.
logs\main-assembled.xml:64725:3: error: <md> is not allowed here.
logs\main-assembled.xml:64729:3: error: <md> is not allowed here.
logs\main-assembled.xml:64737:3: error: <md> is not allowed here.
logs\main-assembled.xml:64742:5: error: <tabular> is not allowed here.
logs\main-assembled.xml:64780:9: error: <title> is not allowed here.
logs\main-assembled.xml:64785:3: error: <note> is not allowed here.
logs\main-assembled.xml:64796:3: error: <md> is not allowed here.
logs\main-assembled.xml:64815:3: error: <md> is not allowed here.
logs\main-assembled.xml:64819:3: error: <md> is not allowed here.
logs\main-assembled.xml:64823:3: error: <md> is not allowed here.
logs\main-assembled.xml:64831:3: error: <md> is not allowed here.
logs\main-assembled.xml:64863:3: error: <subsection> is not allowed here.
logs\main-assembled.xml:64868:3: error: <md> is not allowed here.
logs\main-assembled.xml:64876:3: error: <md> is not allowed here.
logs\main-assembled.xml:64880:3: error: <md> is not allowed here.
logs\main-assembled.xml:64884:3: error: <md> is not allowed here.
logs\main-assembled.xml:64888:3: error: <md> is not allowed here.
logs\main-assembled.xml:64892:3: error: <md> is not allowed here.
logs\main-assembled.xml:64919:3: error: <md> is not allowed here.
logs\main-assembled.xml:64923:3: error: <md> is not allowed here.
logs\main-assembled.xml:64927:3: error: <md> is not allowed here.
logs\main-assembled.xml:64931:3: error: <md> is not allowed here.
logs\main-assembled.xml:64935:3: error: <md> is not allowed here.
logs\main-assembled.xml:64939:3: error: <md> is not allowed here.
logs\main-assembled.xml:64947:3: error: <md> is not allowed here.
logs\main-assembled.xml:64957:3: error: <subsection> is not allowed here.
logs\main-assembled.xml:64962:3: error: <md> is not allowed here.
logs\main-assembled.xml:64966:3: error: <md> is not allowed here.
logs\main-assembled.xml:64970:3: error: <md> is not allowed here.
logs\main-assembled.xml:64982:3: error: <md> is not allowed here.
logs\main-assembled.xml:64988:3: error: <md> is not allowed here.
logs\main-assembled.xml:65007:3: error: <subsection> is not allowed here.
logs\main-assembled.xml:65013:3: error: <md> is not allowed here.
logs\main-assembled.xml:65019:3: error: <md> is not allowed here.
logs\main-assembled.xml:65044:3: error: <md> is not allowed here.
logs\main-assembled.xml:65048:3: error: <md> is not allowed here.
logs\main-assembled.xml:65052:3: error: <md> is not allowed here.
logs\main-assembled.xml:65056:3: error: <md> is not allowed here.
logs\main-assembled.xml:65060:3: error: <md> is not allowed here.
logs\main-assembled.xml:65066:3: error: <md> is not allowed here.
logs\main-assembled.xml:65072:3: error: <md> is not allowed here.
logs\main-assembled.xml:65079:5: error: <tabular> is not allowed here.
logs\main-assembled.xml:65111:9: error: <title> is not allowed here.
logs\main-assembled.xml:65151:3: error: <md> is not allowed here.
logs\main-assembled.xml:65155:3: error: <md> is not allowed here.
logs\main-assembled.xml:65159:3: error: <md> is not allowed here.
logs\main-assembled.xml:65167:3: error: <md> is not allowed here.
logs\main-assembled.xml:65173:3: error: <md> is not allowed here.
logs\main-assembled.xml:65180:3: error: <warning> is not allowed here.
logs\main-assembled.xml:65190:3: error: <md> is not allowed here.
logs\main-assembled.xml:65196:3: error: <md> is not allowed here.
logs\main-assembled.xml:65207:3: error: <subsection> is not allowed here.
logs\main-assembled.xml:65212:3: error: <md> is not allowed here.
logs\main-assembled.xml:65216:3: error: <md> is not allowed here.
logs\main-assembled.xml:65246:3: error: <md> is not allowed here.
logs\main-assembled.xml:65252:3: error: <md> is not allowed here.
logs\main-assembled.xml:65256:3: error: <md> is not allowed here.
logs\main-assembled.xml:65262:3: error: <md> is not allowed here.
logs\main-assembled.xml:65272:3: error: <md> is not allowed here.
logs\main-assembled.xml:65276:3: error: <md> is not allowed here.
logs\main-assembled.xml:65282:3: error: <md> is not allowed here.
logs\main-assembled.xml:65286:3: error: <md> is not allowed here.
logs\main-assembled.xml:65293:3: error: <md> is not allowed here.
logs\main-assembled.xml:65329:3: error: <warning> is not allowed here.
logs\main-assembled.xml:65342:3: error: <subsection> is not allowed here.
logs\main-assembled.xml:65347:5: error: <ol> is not allowed here.
logs\main-assembled.xml:65356:11: error: <md> is not allowed here.
logs\main-assembled.xml:65394:3: error: <md> is not allowed here.
logs\main-assembled.xml:65398:3: error: <subsection> is not allowed here.
logs\main-assembled.xml:65405:3: error: <md> is not allowed here.
logs\main-assembled.xml:65409:3: error: <md> is not allowed here.
logs\main-assembled.xml:65417:3: error: <md> is not allowed here.
logs\main-assembled.xml:65423:3: error: <md> is not allowed here.
logs\main-assembled.xml:65427:3: error: <md> is not allowed here.
logs\main-assembled.xml:65432:5: error: <tabular> is not allowed here.
logs\main-assembled.xml:65464:9: error: <title> is not allowed here.
logs\main-assembled.xml:65468:3: error: <md> is not allowed here.
logs\main-assembled.xml:65478:5: error: <ol> is not allowed here.
logs\main-assembled.xml:65484:11: error: <md> is not allowed here.
logs\main-assembled.xml:65501:11: error: <md> is not allowed here.
logs\main-assembled.xml:65527:3: error: <subsection> is not allowed here.
logs\main-assembled.xml:65534:3: error: <md> is not allowed here.
logs\main-assembled.xml:65540:3: error: <md> is not allowed here.
logs\main-assembled.xml:65551:5: error: <tabular> is not allowed here.
logs\main-assembled.xml:65573:9: error: <title> is not allowed here.
logs\main-assembled.xml:65577:3: error: <md> is not allowed here.
logs\main-assembled.xml:65619:5: error: <ol> is not allowed here.
logs\main-assembled.xml:65622:11: error: <md> is not allowed here.
logs\main-assembled.xml:65627:11: error: <md> is not allowed here.
logs\main-assembled.xml:65631:11: error: <md> is not allowed here.
logs\main-assembled.xml:65637:11: error: <md> is not allowed here.
logs\main-assembled.xml:65642:11: error: <md> is not allowed here.
logs\main-assembled.xml:65645:11: error: <md> is not allowed here.
logs\main-assembled.xml:65654:3: error: <subsection> is not allowed here.
logs\main-assembled.xml:65665:3: error: <md> is not allowed here.
logs\main-assembled.xml:65669:3: error: <md> is not allowed here.
logs\main-assembled.xml:65674:3: error: <md> is not allowed here.
logs\main-assembled.xml:65682:3: error: <md> is not allowed here.
logs\main-assembled.xml:65686:3: error: <md> is not allowed here.
logs\main-assembled.xml:65691:5: error: <tabular> is not allowed here.
logs\main-assembled.xml:65718:9: error: <title> is not allowed here.
logs\main-assembled.xml:65780:5: error: <ol> is not allowed here.
logs\main-assembled.xml:65787:11: error: <md> is not allowed here.
logs\main-assembled.xml:65789:11: error: <md> is not allowed here.
logs\main-assembled.xml:65803:11: error: <md> is not allowed here.
logs\main-assembled.xml:65813:3: error: <md> is not allowed here.
logs\main-assembled.xml:65834:3: error: <subsection> is not allowed here.
logs\main-assembled.xml:65846:3: error: <md> is not allowed here.
logs\main-assembled.xml:65849:14: error: Missing required content. Expected one of: <p>, <blockquote>, <pre>, <image>, <video>, <audio>, <program>, <console>, <tabular>, <figure>, <table>, <listing>, … (47 more).
logs\main-assembled.xml:65854:3: error: <md> is not allowed here.
logs\main-assembled.xml:65857:14: error: Missing required content. Expected one of: <p>, <blockquote>, <pre>, <image>, <video>, <audio>, <program>, <console>, <tabular>, <figure>, <table>, <listing>, … (47 more).
logs\main-assembled.xml:65864:3: error: <md> is not allowed here.
logs\main-assembled.xml:65924:5: error: <tabular> is not allowed here.
logs\main-assembled.xml:65926:15: error: <strong> is not allowed here.
logs\main-assembled.xml:65927:15: error: <strong> is not allowed here.
logs\main-assembled.xml:65928:15: error: <strong> is not allowed here.
logs\main-assembled.xml:65960:9: error: <title> is not allowed here.
logs\main-assembled.xml:65972:5: error: <ol> is not allowed here.
logs\main-assembled.xml:65978:11: error: <md> is not allowed here.
logs\main-assembled.xml:65983:11: error: <md> is not allowed here.
logs\main-assembled.xml:65988:11: error: <md> is not allowed here.
logs\main-assembled.xml:66012:9: error: <md> is not allowed here.
logs\main-assembled.xml:66013:9: error: <md> is not allowed here.
logs\main-assembled.xml:66014:9: error: <md> is not allowed here.
logs\main-assembled.xml:66015:9: error: <md> is not allowed here.
logs\main-assembled.xml:66035:3: error: <subsection> is not allowed here.
logs\main-assembled.xml:66043:5: error: <ol> is not allowed here.
logs\main-assembled.xml:66066:3: error: <md> is not allowed here.
logs\main-assembled.xml:66099:3: error: <md> is not allowed here.
logs\main-assembled.xml:66106:3: error: <md> is not allowed here.
logs\main-assembled.xml:66113:3: error: <md> is not allowed here.
logs\main-assembled.xml:66115:3: error: <md> is not allowed here.
logs\main-assembled.xml:66117:3: error: <md> is not allowed here.
logs\main-assembled.xml:66122:3: error: <md> is not allowed here.
logs\main-assembled.xml:66124:3: error: <subsection> is not allowed here.
logs\main-assembled.xml:66128:5: error: <tabular> is not allowed here.
logs\main-assembled.xml:66130:15: error: <strong> is not allowed here.
logs\main-assembled.xml:66131:15: error: <strong> is not allowed here.
logs\main-assembled.xml:66132:15: error: <strong> is not allowed here.
logs\main-assembled.xml:66160:9: error: <title> is not allowed here.
logs\main-assembled.xml:66187:3: error: <subsection> is not allowed here.
logs\main-assembled.xml:66192:3: error: <md> is not allowed here.
logs\main-assembled.xml:66198:3: error: <md> is not allowed here.
logs\main-assembled.xml:66203:3: error: <md> is not allowed here.
logs\main-assembled.xml:66206:14: error: Missing required content. Expected one of: <p>, <blockquote>, <pre>, <image>, <video>, <audio>, <program>, <console>, <tabular>, <figure>, <table>, <listing>, … (47 more).
logs\main-assembled.xml:66211:3: error: <md> is not allowed here.
logs\main-assembled.xml:66217:14: error: Missing required content. Expected one of: <p>, <blockquote>, <pre>, <image>, <video>, <audio>, <program>, <console>, <tabular>, <figure>, <table>, <listing>, … (47 more).
logs\main-assembled.xml:66224:3: error: <md> is not allowed here.
logs\main-assembled.xml:66240:3: error: <md> is not allowed here.
logs\main-assembled.xml:66248:3: error: <md> is not allowed here.
logs\main-assembled.xml:66252:3: error: <md> is not allowed here.
logs\main-assembled.xml:66260:3: error: <md> is not allowed here.
logs\main-assembled.xml:66268:3: error: <md> is not allowed here.
logs\main-assembled.xml:66272:3: error: <md> is not allowed here.
logs\main-assembled.xml:66280:3: error: <md> is not allowed here.
logs\main-assembled.xml:66284:3: error: <md> is not allowed here.
logs\main-assembled.xml:66294:3: error: <md> is not allowed here.
logs\main-assembled.xml:66300:3: error: <md> is not allowed here.
logs\main-assembled.xml:66306:3: error: <md> is not allowed here.
logs\main-assembled.xml:66314:3: error: <md> is not allowed here.
logs\main-assembled.xml:66316:3: error: <md> is not allowed here.
logs\main-assembled.xml:66320:3: error: <md> is not allowed here.
logs\main-assembled.xml:66331:3: error: <md> is not allowed here.
logs\main-assembled.xml:66335:3: error: <md> is not allowed here.
logs\main-assembled.xml:66341:3: error: <md> is not allowed here.
logs\main-assembled.xml:66345:3: error: <md> is not allowed here.
logs\main-assembled.xml:66351:3: error: <md> is not allowed here.
logs\main-assembled.xml:66355:3: error: <md> is not allowed here.
logs\main-assembled.xml:66361:3: error: <md> is not allowed here.
logs\main-assembled.xml:66367:3: error: <subsection> is not allowed here.
logs\main-assembled.xml:66371:5: error: <tabular> is not allowed here.
logs\main-assembled.xml:66373:15: error: <strong> is not allowed here.
logs\main-assembled.xml:66374:15: error: <strong> is not allowed here.
logs\main-assembled.xml:66405:9: error: <title> is not allowed here.
logs\main-assembled.xml:66423:3: error: <subsection> is not allowed here.
logs\main-assembled.xml:66426:5: error: <ol> is not allowed here.
logs\main-assembled.xml:66429:11: error: <md> is not allowed here.
logs\main-assembled.xml:66434:11: error: <md> is not allowed here.
logs\main-assembled.xml:66436:11: error: <md> is not allowed here.
logs\main-assembled.xml:66440:11: error: <md> is not allowed here.
logs\main-assembled.xml:66445:11: error: <md> is not allowed here.
logs\main-assembled.xml:66447:11: error: <md> is not allowed here.
logs\main-assembled.xml:66452:11: error: <md> is not allowed here.
logs\main-assembled.xml:66460:11: error: <md> is not allowed here.
logs\main-assembled.xml:66465:11: error: <md> is not allowed here.
logs\main-assembled.xml:66476:11: error: <md> is not allowed here.
logs\main-assembled.xml:66479:11: error: <md> is not allowed here.
logs\main-assembled.xml:66483:11: error: <md> is not allowed here.
logs\main-assembled.xml:66489:11: error: <md> is not allowed here.
logs\main-assembled.xml:66495:11: error: <md> is not allowed here.
logs\main-assembled.xml:66500:11: error: <md> is not allowed here.
logs\main-assembled.xml:66502:11: error: <md> is not allowed here.
logs\main-assembled.xml:66506:11: error: <md> is not allowed here.
logs\main-assembled.xml:66511:11: error: <md> is not allowed here.
logs\main-assembled.xml:66516:11: error: <md> is not allowed here.
logs\main-assembled.xml:66521:11: error: <md> is not allowed here.
logs\main-assembled.xml:66527:11: error: <md> is not allowed here.
logs\main-assembled.xml:66531:11: error: <md> is not allowed here.
logs\main-assembled.xml:66533:11: error: <md> is not allowed here.
logs\main-assembled.xml:66539:11: error: <md> is not allowed here.
logs\main-assembled.xml:66541:11: error: <md> is not allowed here.
logs\main-assembled.xml:66546:11: error: <md> is not allowed here.
logs\main-assembled.xml:66552:11: error: <md> is not allowed here.
logs\main-assembled.xml:66558:11: error: <md> is not allowed here.
logs\main-assembled.xml:66560:11: error: <md> is not allowed here.
logs\main-assembled.xml:66565:11: error: <md> is not allowed here.
logs\main-assembled.xml:66570:11: error: <md> is not allowed here.
logs\main-assembled.xml:66572:11: error: <md> is not allowed here.
logs\main-assembled.xml:66577:11: error: <md> is not allowed here.
logs\main-assembled.xml:66583:11: error: <md> is not allowed here.
logs\main-assembled.xml:66585:11: error: <md> is not allowed here.
logs\main-assembled.xml:66590:11: error: <md> is not allowed here.
logs\main-assembled.xml:66596:11: error: <md> is not allowed here.
logs\main-assembled.xml:66617:3: error: <subsection> is not allowed here.
logs\main-assembled.xml:66620:5: error: <ol> is not allowed here.
logs\main-assembled.xml:66629:11: error: <md> is not allowed here.
logs\main-assembled.xml:66706:3: error: <subsection> is not allowed here.
logs\main-assembled.xml:66709:5: error: <ol> is not allowed here.
logs\main-assembled.xml:66711:12: error: <strong> is not allowed here.
logs\main-assembled.xml:66713:11: error: <md> is not allowed here.
logs\main-assembled.xml:66715:11: error: <md> is not allowed here.
logs\main-assembled.xml:66717:11: error: <md> is not allowed here.
logs\main-assembled.xml:66722:12: error: <strong> is not allowed here.
logs\main-assembled.xml:66724:11: error: <md> is not allowed here.
logs\main-assembled.xml:66729:12: error: <strong> is not allowed here.
logs\main-assembled.xml:66731:11: error: <md> is not allowed here.
logs\main-assembled.xml:66733:11: error: <md> is not allowed here.
logs\main-assembled.xml:66740:12: error: <strong> is not allowed here.
logs\main-assembled.xml:66742:11: error: <md> is not allowed here.
logs\main-assembled.xml:66747:12: error: <strong> is not allowed here.
logs\main-assembled.xml:66750:11: error: <md> is not allowed here.
logs\main-assembled.xml:66755:12: error: <strong> is not allowed here.
logs\main-assembled.xml:66757:11: error: <md> is not allowed here.
logs\main-assembled.xml:66764:12: error: <strong> is not allowed here.
logs\main-assembled.xml:66767:11: error: <md> is not allowed here.
logs\main-assembled.xml:66771:12: error: <strong> is not allowed here.
logs\main-assembled.xml:66773:11: error: <md> is not allowed here.
logs\main-assembled.xml:66775:11: error: <md> is not allowed here.
logs\main-assembled.xml:66780:12: error: <strong> is not allowed here.
logs\main-assembled.xml:66782:11: error: <md> is not allowed here.
logs\main-assembled.xml:66787:12: error: <strong> is not allowed here.
logs\main-assembled.xml:66789:11: error: <md> is not allowed here.
logs\main-assembled.xml:66791:11: error: <md> is not allowed here.
logs\main-assembled.xml:66795:12: error: <strong> is not allowed here.
logs\main-assembled.xml:66798:11: error: <md> is not allowed here.
logs\main-assembled.xml:66799:11: error: <md> is not allowed here.
logs\main-assembled.xml:66800:11: error: <md> is not allowed here.
logs\main-assembled.xml:66801:11: error: <md> is not allowed here.
logs\main-assembled.xml:66803:11: error: <md> is not allowed here.
logs\main-assembled.xml:66806:12: error: <strong> is not allowed here.
logs\main-assembled.xml:66815:9: error: <md> is not allowed here.
logs\main-assembled.xml:66816:9: error: <md> is not allowed here.
logs\main-assembled.xml:66817:9: error: <md> is not allowed here.
logs\main-assembled.xml:66818:9: error: <md> is not allowed here.
logs\main-assembled.xml:66851:3: error: <md> is not allowed here.
logs\main-assembled.xml:66857:3: error: <md> is not allowed here.
logs\main-assembled.xml:66861:3: error: <md> is not allowed here.
logs\main-assembled.xml:66865:3: error: <md> is not allowed here.
logs\main-assembled.xml:66877:3: error: <md> is not allowed here.
logs\main-assembled.xml:66887:3: error: <subsection> is not allowed here.
logs\main-assembled.xml:66895:3: error: <md> is not allowed here.
logs\main-assembled.xml:66899:3: error: <md> is not allowed here.
logs\main-assembled.xml:66903:3: error: <md> is not allowed here.
logs\main-assembled.xml:66907:3: error: <md> is not allowed here.
logs\main-assembled.xml:66911:3: error: <md> is not allowed here.
logs\main-assembled.xml:66919:3: error: <md> is not allowed here.
logs\main-assembled.xml:66923:3: error: <md> is not allowed here.
logs\main-assembled.xml:66927:3: error: <md> is not allowed here.
logs\main-assembled.xml:66931:3: error: <md> is not allowed here.
logs\main-assembled.xml:66935:3: error: <md> is not allowed here.
logs\main-assembled.xml:66939:3: error: <md> is not allowed here.
logs\main-assembled.xml:66941:3: error: <md> is not allowed here.
logs\main-assembled.xml:66945:3: error: <md> is not allowed here.
logs\main-assembled.xml:66949:3: error: <md> is not allowed here.
logs\main-assembled.xml:66958:9: error: <md> is not allowed here.
logs\main-assembled.xml:66984:3: error: <subsection> is not allowed here.
logs\main-assembled.xml:66991:3: error: <md> is not allowed here.
logs\main-assembled.xml:67008:3: error: <md> is not allowed here.
logs\main-assembled.xml:67012:3: error: <md> is not allowed here.
logs\main-assembled.xml:67016:3: error: <md> is not allowed here.
logs\main-assembled.xml:67020:3: error: <md> is not allowed here.
logs\main-assembled.xml:67024:3: error: <md> is not allowed here.
logs\main-assembled.xml:67030:3: error: <md> is not allowed here.
logs\main-assembled.xml:67036:3: error: <md> is not allowed here.
logs\main-assembled.xml:67045:3: error: <md> is not allowed here.
logs\main-assembled.xml:67051:3: error: <md> is not allowed here.
logs\main-assembled.xml:67055:3: error: <md> is not allowed here.
logs\main-assembled.xml:67059:3: error: <md> is not allowed here.
logs\main-assembled.xml:67065:3: error: <note> is not allowed here.
logs\main-assembled.xml:67082:3: error: <md> is not allowed here.
logs\main-assembled.xml:67086:3: error: <md> is not allowed here.
logs\main-assembled.xml:67090:3: error: <md> is not allowed here.
logs\main-assembled.xml:67094:3: error: <md> is not allowed here.
logs\main-assembled.xml:67098:3: error: <md> is not allowed here.
logs\main-assembled.xml:67102:3: error: <md> is not allowed here.
logs\main-assembled.xml:67106:3: error: <md> is not allowed here.
logs\main-assembled.xml:67127:3: error: <subsection> is not allowed here.
logs\main-assembled.xml:67135:3: error: <md> is not allowed here.
logs\main-assembled.xml:67139:3: error: <md> is not allowed here.
logs\main-assembled.xml:67143:3: error: <md> is not allowed here.
logs\main-assembled.xml:67147:3: error: <md> is not allowed here.
logs\main-assembled.xml:67151:3: error: <md> is not allowed here.
logs\main-assembled.xml:67155:3: error: <md> is not allowed here.
logs\main-assembled.xml:67159:3: error: <md> is not allowed here.
logs\main-assembled.xml:67163:3: error: <md> is not allowed here.
logs\main-assembled.xml:67167:3: error: <md> is not allowed here.
logs\main-assembled.xml:67173:3: error: <md> is not allowed here.
logs\main-assembled.xml:67177:3: error: <md> is not allowed here.
logs\main-assembled.xml:67181:3: error: <md> is not allowed here.
logs\main-assembled.xml:67185:3: error: <md> is not allowed here.
logs\main-assembled.xml:67193:9: error: <md> is not allowed here.
logs\main-assembled.xml:67253:3: error: <subsection> is not allowed here.
logs\main-assembled.xml:67262:11: error: <ol> is not allowed here.
logs\main-assembled.xml:67287:3: error: <md> is not allowed here.
logs\main-assembled.xml:67292:3: error: <md> is not allowed here.
logs\main-assembled.xml:67298:3: error: <md> is not allowed here.
logs\main-assembled.xml:67302:3: error: <md> is not allowed here.
logs\main-assembled.xml:67310:3: error: <md> is not allowed here.
logs\main-assembled.xml:67314:3: error: <md> is not allowed here.
logs\main-assembled.xml:67318:3: error: <md> is not allowed here.
logs\main-assembled.xml:67331:3: error: <md> is not allowed here.
logs\main-assembled.xml:67335:3: error: <md> is not allowed here.
logs\main-assembled.xml:67339:3: error: <md> is not allowed here.
logs\main-assembled.xml:67353:3: error: <md> is not allowed here.
logs\main-assembled.xml:67383:3: error: <md> is not allowed here.
logs\main-assembled.xml:67388:3: error: <md> is not allowed here.
logs\main-assembled.xml:67393:3: error: <subsection> is not allowed here.
logs\main-assembled.xml:67398:3: error: <md> is not allowed here.
logs\main-assembled.xml:67402:3: error: <md> is not allowed here.
logs\main-assembled.xml:67408:3: error: <md> is not allowed here.
logs\main-assembled.xml:67414:3: error: <md> is not allowed here.
logs\main-assembled.xml:67482:9: error: <md> is not allowed here.
logs\main-assembled.xml:67507:3: error: <subsection> is not allowed here.
logs\main-assembled.xml:67514:3: error: <md> is not allowed here.
logs\main-assembled.xml:67518:3: error: <md> is not allowed here.
logs\main-assembled.xml:67522:3: error: <md> is not allowed here.
logs\main-assembled.xml:67526:3: error: <md> is not allowed here.
logs\main-assembled.xml:67535:9: error: <md> is not allowed here.
logs\main-assembled.xml:67538:9: error: <md> is not allowed here.
logs\main-assembled.xml:67540:9: error: <md> is not allowed here.
logs\main-assembled.xml:67546:3: error: <md> is not allowed here.
logs\main-assembled.xml:67550:3: error: <md> is not allowed here.
logs\main-assembled.xml:67574:3: error: <subsection> is not allowed here.
logs\main-assembled.xml:67581:3: error: <md> is not allowed here.
logs\main-assembled.xml:67586:5: error: <tabular> is not allowed here.
logs\main-assembled.xml:67588:15: error: <strong> is not allowed here.
logs\main-assembled.xml:67589:15: error: <strong> is not allowed here.
logs\main-assembled.xml:67590:15: error: <strong> is not allowed here.
logs\main-assembled.xml:67608:9: error: <title> is not allowed here.
logs\main-assembled.xml:67612:3: error: <md> is not allowed here.
logs\main-assembled.xml:67640:3: error: <md> is not allowed here.
logs\main-assembled.xml:67648:3: error: <md> is not allowed here.
logs\main-assembled.xml:67652:3: error: <md> is not allowed here.
logs\main-assembled.xml:67661:5: error: <tabular> is not allowed here.
logs\main-assembled.xml:67663:15: error: <strong> is not allowed here.
logs\main-assembled.xml:67664:15: error: <strong> is not allowed here.
logs\main-assembled.xml:67665:15: error: <strong> is not allowed here.
logs\main-assembled.xml:67683:9: error: <title> is not allowed here.
logs\main-assembled.xml:67687:3: error: <md> is not allowed here.
logs\main-assembled.xml:67691:3: error: <md> is not allowed here.
logs\main-assembled.xml:67697:3: error: <md> is not allowed here.
logs\main-assembled.xml:67703:3: error: <md> is not allowed here.
logs\main-assembled.xml:67746:3: error: <subsection> is not allowed here.
logs\main-assembled.xml:67753:3: error: <md> is not allowed here.
logs\main-assembled.xml:67757:3: error: <md> is not allowed here.
logs\main-assembled.xml:67764:3: error: <md> is not allowed here.
logs\main-assembled.xml:67768:3: error: <md> is not allowed here.
logs\main-assembled.xml:67774:3: error: <md> is not allowed here.
logs\main-assembled.xml:67789:3: error: <md> is not allowed here.
logs\main-assembled.xml:67793:3: error: <md> is not allowed here.
logs\main-assembled.xml:67809:3: error: <md> is not allowed here.
logs\main-assembled.xml:67815:3: error: <md> is not allowed here.
logs\main-assembled.xml:67821:3: error: <md> is not allowed here.
logs\main-assembled.xml:67832:3: error: <md> is not allowed here.
logs\main-assembled.xml:67836:3: error: <md> is not allowed here.
logs\main-assembled.xml:67888:3: error: <md> is not allowed here.
logs\main-assembled.xml:67892:3: error: <md> is not allowed here.
logs\main-assembled.xml:67896:3: error: <md> is not allowed here.
logs\main-assembled.xml:67900:3: error: <md> is not allowed here.
logs\main-assembled.xml:67904:3: error: <subsection> is not allowed here.
logs\main-assembled.xml:67909:3: error: <md> is not allowed here.
logs\main-assembled.xml:67921:3: error: <md> is not allowed here.
logs\main-assembled.xml:67925:3: error: <md> is not allowed here.
logs\main-assembled.xml:67929:3: error: <md> is not allowed here.
logs\main-assembled.xml:67933:3: error: <md> is not allowed here.
logs\main-assembled.xml:67937:3: error: <md> is not allowed here.
logs\main-assembled.xml:67941:3: error: <md> is not allowed here.
logs\main-assembled.xml:67945:3: error: <md> is not allowed here.
logs\main-assembled.xml:67949:3: error: <md> is not allowed here.
logs\main-assembled.xml:67953:3: error: <md> is not allowed here.
logs\main-assembled.xml:67957:3: error: <md> is not allowed here.
logs\main-assembled.xml:67961:3: error: <md> is not allowed here.
logs\main-assembled.xml:67968:5: error: <tabular> is not allowed here.
logs\main-assembled.xml:67970:15: error: <strong> is not allowed here.
logs\main-assembled.xml:68005:9: error: <title> is not allowed here.
logs\main-assembled.xml:68009:3: error: <md> is not allowed here.
logs\main-assembled.xml:68077:3: error: <md> is not allowed here.
logs\main-assembled.xml:68083:3: error: <md> is not allowed here.
logs\main-assembled.xml:68087:3: error: <md> is not allowed here.
logs\main-assembled.xml:68091:3: error: <md> is not allowed here.
logs\main-assembled.xml:68100:9: error: <md> is not allowed here.
logs\main-assembled.xml:68104:9: error: <md> is not allowed here.
logs\main-assembled.xml:68106:9: error: <md> is not allowed here.
logs\main-assembled.xml:68110:9: error: <md> is not allowed here.
logs\main-assembled.xml:68133:3: error: <subsection> is not allowed here.
logs\main-assembled.xml:68142:3: error: <md> is not allowed here.
logs\main-assembled.xml:68148:3: error: <md> is not allowed here.
logs\main-assembled.xml:68151:5: error: <tabular> is not allowed here.
logs\main-assembled.xml:68153:15: error: <strong> is not allowed here.
logs\main-assembled.xml:68154:15: error: <strong> is not allowed here.
logs\main-assembled.xml:68155:15: error: <strong> is not allowed here.
logs\main-assembled.xml:68156:15: error: <strong> is not allowed here.
logs\main-assembled.xml:68189:9: error: <title> is not allowed here.
logs\main-assembled.xml:68196:3: error: <md> is not allowed here.
logs\main-assembled.xml:68202:3: error: <md> is not allowed here.
logs\main-assembled.xml:68208:3: error: <md> is not allowed here.
logs\main-assembled.xml:68220:3: error: <md> is not allowed here.
logs\main-assembled.xml:68226:3: error: <md> is not allowed here.
logs\main-assembled.xml:68232:3: error: <md> is not allowed here.
logs\main-assembled.xml:68236:3: error: <md> is not allowed here.
logs\main-assembled.xml:68240:3: error: <md> is not allowed here.
logs\main-assembled.xml:68244:3: error: <md> is not allowed here.
logs\main-assembled.xml:68277:3: error: <subsection> is not allowed here.
logs\main-assembled.xml:68285:3: error: <md> is not allowed here.
logs\main-assembled.xml:68293:3: error: <md> is not allowed here.
logs\main-assembled.xml:68297:3: error: <md> is not allowed here.
logs\main-assembled.xml:68301:3: error: <md> is not allowed here.
logs\main-assembled.xml:68305:3: error: <md> is not allowed here.
logs\main-assembled.xml:68309:3: error: <md> is not allowed here.
logs\main-assembled.xml:68313:3: error: <md> is not allowed here.
logs\main-assembled.xml:68322:9: error: <md> is not allowed here.
logs\main-assembled.xml:68326:9: error: <md> is not allowed here.
logs\main-assembled.xml:68327:9: error: <md> is not allowed here.
logs\main-assembled.xml:68328:9: error: <md> is not allowed here.
logs\main-assembled.xml:68330:9: error: <md> is not allowed here.
logs\main-assembled.xml:68359:3: error: <md> is not allowed here.
logs\main-assembled.xml:68366:5: error: <tabular> is not allowed here.
logs\main-assembled.xml:68368:15: error: <strong> is not allowed here.
logs\main-assembled.xml:68408:9: error: <title> is not allowed here.
logs\main-assembled.xml:68412:3: error: <md> is not allowed here.
logs\main-assembled.xml:68416:3: error: <md> is not allowed here.
logs\main-assembled.xml:68420:3: error: <md> is not allowed here.
logs\main-assembled.xml:68430:3: error: <subsection> is not allowed here.
logs\main-assembled.xml:68435:3: error: <md> is not allowed here.
logs\main-assembled.xml:68439:3: error: <md> is not allowed here.
logs\main-assembled.xml:68449:3: error: <md> is not allowed here.
logs\main-assembled.xml:68453:3: error: <md> is not allowed here.
logs\main-assembled.xml:68463:3: error: <md> is not allowed here.
logs\main-assembled.xml:68473:9: error: <md> is not allowed here.
logs\main-assembled.xml:68512:3: error: <md> is not allowed here.
logs\main-assembled.xml:68518:3: error: <subsection> is not allowed here.
logs\main-assembled.xml:68523:3: error: <md> is not allowed here.
logs\main-assembled.xml:68530:3: error: <md> is not allowed here.
logs\main-assembled.xml:68534:3: error: <md> is not allowed here.
logs\main-assembled.xml:68538:3: error: <md> is not allowed here.
logs\main-assembled.xml:68542:3: error: <md> is not allowed here.
logs\main-assembled.xml:68546:3: error: <md> is not allowed here.
logs\main-assembled.xml:68550:3: error: <md> is not allowed here.
logs\main-assembled.xml:68554:3: error: <md> is not allowed here.
logs\main-assembled.xml:68558:3: error: <md> is not allowed here.
logs\main-assembled.xml:68562:3: error: <md> is not allowed here.
logs\main-assembled.xml:68566:3: error: <md> is not allowed here.
logs\main-assembled.xml:68572:3: error: <md> is not allowed here.
logs\main-assembled.xml:68581:9: error: <md> is not allowed here.
logs\main-assembled.xml:68583:9: error: <md> is not allowed here.
logs\main-assembled.xml:68585:9: error: <md> is not allowed here.
logs\main-assembled.xml:68595:3: error: <md> is not allowed here.
logs\main-assembled.xml:68599:3: error: <md> is not allowed here.
logs\main-assembled.xml:68603:3: error: <md> is not allowed here.
logs\main-assembled.xml:68607:3: error: <md> is not allowed here.
logs\main-assembled.xml:68619:3: error: <md> is not allowed here.
logs\main-assembled.xml:68628:5: error: <ol> is not allowed here.
logs\main-assembled.xml:68631:11: error: <md> is not allowed here.
logs\main-assembled.xml:68635:11: error: <md> is not allowed here.
logs\main-assembled.xml:68659:3: error: <md> is not allowed here.
logs\main-assembled.xml:68663:3: error: <md> is not allowed here.
logs\main-assembled.xml:68667:3: error: <md> is not allowed here.
logs\main-assembled.xml:68673:3: error: <md> is not allowed here.
logs\main-assembled.xml:68679:3: error: <md> is not allowed here.
logs\main-assembled.xml:68683:3: error: <md> is not allowed here.
logs\main-assembled.xml:68712:3: error: <subsection> is not allowed here.
logs\main-assembled.xml:68717:3: error: <md> is not allowed here.
logs\main-assembled.xml:68723:3: error: <md> is not allowed here.
logs\main-assembled.xml:68727:3: error: <md> is not allowed here.
logs\main-assembled.xml:68732:3: error: <md> is not allowed here.
logs\main-assembled.xml:68736:3: error: <md> is not allowed here.
logs\main-assembled.xml:68740:3: error: <md> is not allowed here.
logs\main-assembled.xml:68744:3: error: <md> is not allowed here.
logs\main-assembled.xml:68748:3: error: <md> is not allowed here.
logs\main-assembled.xml:68754:3: error: <md> is not allowed here.
logs\main-assembled.xml:68759:5: error: <tabular> is not allowed here.
logs\main-assembled.xml:68761:15: error: <strong> is not allowed here.
logs\main-assembled.xml:68762:15: error: <strong> is not allowed here.
logs\main-assembled.xml:68763:15: error: <strong> is not allowed here.
logs\main-assembled.xml:68781:9: error: <title> is not allowed here.
logs\main-assembled.xml:68803:3: error: <md> is not allowed here.
logs\main-assembled.xml:68809:3: error: <md> is not allowed here.
logs\main-assembled.xml:68815:3: error: <md> is not allowed here.
logs\main-assembled.xml:68819:3: error: <md> is not allowed here.
logs\main-assembled.xml:68823:3: error: <md> is not allowed here.
logs\main-assembled.xml:68827:3: error: <md> is not allowed here.
logs\main-assembled.xml:68831:3: error: <md> is not allowed here.
logs\main-assembled.xml:68835:3: error: <md> is not allowed here.
logs\main-assembled.xml:68848:3: error: <md> is not allowed here.
logs\main-assembled.xml:68854:3: error: <md> is not allowed here.
logs\main-assembled.xml:68858:3: error: <md> is not allowed here.
logs\main-assembled.xml:68862:3: error: <md> is not allowed here.
logs\main-assembled.xml:68866:3: error: <md> is not allowed here.
logs\main-assembled.xml:68873:3: error: <md> is not allowed here.
logs\main-assembled.xml:68877:3: error: <md> is not allowed here.
logs\main-assembled.xml:68884:3: error: <subsection> is not allowed here.
logs\main-assembled.xml:68892:3: error: <md> is not allowed here.
logs\main-assembled.xml:68899:3: error: <md> is not allowed here.
logs\main-assembled.xml:68903:3: error: <md> is not allowed here.
logs\main-assembled.xml:68907:3: error: <md> is not allowed here.
logs\main-assembled.xml:68911:3: error: <md> is not allowed here.
logs\main-assembled.xml:68915:3: error: <md> is not allowed here.
logs\main-assembled.xml:68919:3: error: <md> is not allowed here.
logs\main-assembled.xml:68931:3: error: <md> is not allowed here.
logs\main-assembled.xml:68955:3: error: <md> is not allowed here.
logs\main-assembled.xml:68959:3: error: <md> is not allowed here.
logs\main-assembled.xml:68963:3: error: <md> is not allowed here.
logs\main-assembled.xml:68969:3: error: <md> is not allowed here.
logs\main-assembled.xml:68973:3: error: <md> is not allowed here.
logs\main-assembled.xml:68981:3: error: <md> is not allowed here.
logs\main-assembled.xml:68985:3: error: <md> is not allowed here.
logs\main-assembled.xml:68989:3: error: <md> is not allowed here.
logs\main-assembled.xml:68993:3: error: <md> is not allowed here.
logs\main-assembled.xml:68997:3: error: <md> is not allowed here.
logs\main-assembled.xml:69001:3: error: <md> is not allowed here.
logs\main-assembled.xml:69048:3: error: <md> is not allowed here.
logs\main-assembled.xml:69052:3: error: <md> is not allowed here.
logs\main-assembled.xml:69058:3: error: <md> is not allowed here.
logs\main-assembled.xml:69066:3: error: <md> is not allowed here.
logs\main-assembled.xml:69070:3: error: <md> is not allowed here.
logs\main-assembled.xml:69074:3: error: <md> is not allowed here.
logs\main-assembled.xml:69078:3: error: <md> is not allowed here.
logs\main-assembled.xml:69086:3: error: <md> is not allowed here.
logs\main-assembled.xml:69090:3: error: <md> is not allowed here.
logs\main-assembled.xml:69094:3: error: <md> is not allowed here.
logs\main-assembled.xml:69098:3: error: <md> is not allowed here.
logs\main-assembled.xml:69105:3: error: <note> is not allowed here.
logs\main-assembled.xml:69122:3: error: <subsection> is not allowed here.
logs\main-assembled.xml:69127:3: error: <md> is not allowed here.
logs\main-assembled.xml:69134:3: error: <md> is not allowed here.
logs\main-assembled.xml:69140:3: error: <md> is not allowed here.
logs\main-assembled.xml:69144:3: error: <md> is not allowed here.
logs\main-assembled.xml:69148:3: error: <md> is not allowed here.
logs\main-assembled.xml:69152:3: error: <md> is not allowed here.
logs\main-assembled.xml:69156:3: error: <md> is not allowed here.
logs\main-assembled.xml:69160:3: error: <md> is not allowed here.
logs\main-assembled.xml:69170:3: error: <md> is not allowed here.
logs\main-assembled.xml:69176:3: error: <md> is not allowed here.
logs\main-assembled.xml:69180:3: error: <md> is not allowed here.
logs\main-assembled.xml:69184:3: error: <md> is not allowed here.
logs\main-assembled.xml:69201:3: error: <md> is not allowed here.
logs\main-assembled.xml:69207:3: error: <md> is not allowed here.
logs\main-assembled.xml:69211:3: error: <md> is not allowed here.
logs\main-assembled.xml:69215:3: error: <md> is not allowed here.
logs\main-assembled.xml:69219:3: error: <md> is not allowed here.
logs\main-assembled.xml:69223:3: error: <md> is not allowed here.
logs\main-assembled.xml:69227:3: error: <md> is not allowed here.
logs\main-assembled.xml:69233:3: error: <md> is not allowed here.
logs\main-assembled.xml:69237:3: error: <md> is not allowed here.
logs\main-assembled.xml:69241:3: error: <md> is not allowed here.
logs\main-assembled.xml:69247:3: error: <md> is not allowed here.
logs\main-assembled.xml:69263:3: error: <md> is not allowed here.
logs\main-assembled.xml:69267:3: error: <md> is not allowed here.
logs\main-assembled.xml:69271:3: error: <md> is not allowed here.
logs\main-assembled.xml:69275:3: error: <md> is not allowed here.
logs\main-assembled.xml:69283:9: error: <md> is not allowed here.
logs\main-assembled.xml:69324:3: error: <md> is not allowed here.
logs\main-assembled.xml:69332:3: error: <subsection> is not allowed here.
logs\main-assembled.xml:69337:3: error: <md> is not allowed here.
logs\main-assembled.xml:69348:3: error: <md> is not allowed here.
logs\main-assembled.xml:69352:3: error: <md> is not allowed here.
logs\main-assembled.xml:69356:3: error: <md> is not allowed here.
logs\main-assembled.xml:69360:3: error: <md> is not allowed here.
logs\main-assembled.xml:69364:3: error: <md> is not allowed here.
logs\main-assembled.xml:69370:3: error: <md> is not allowed here.
logs\main-assembled.xml:69377:3: error: <md> is not allowed here.
logs\main-assembled.xml:69381:3: error: <md> is not allowed here.
logs\main-assembled.xml:69390:3: error: <md> is not allowed here.
logs\main-assembled.xml:69396:3: error: <md> is not allowed here.
logs\main-assembled.xml:69400:3: error: <md> is not allowed here.
logs\main-assembled.xml:69404:3: error: <md> is not allowed here.
logs\main-assembled.xml:69410:3: error: <md> is not allowed here.
logs\main-assembled.xml:69416:3: error: <md> is not allowed here.
logs\main-assembled.xml:69422:3: error: <md> is not allowed here.
logs\main-assembled.xml:69426:3: error: <md> is not allowed here.
logs\main-assembled.xml:69430:3: error: <md> is not allowed here.
logs\main-assembled.xml:69434:3: error: <md> is not allowed here.
logs\main-assembled.xml:69438:3: error: <md> is not allowed here.
logs\main-assembled.xml:69442:3: error: <md> is not allowed here.
logs\main-assembled.xml:69446:3: error: <md> is not allowed here.
logs\main-assembled.xml:69452:3: error: <md> is not allowed here.
logs\main-assembled.xml:69457:3: error: <md> is not allowed here.
logs\main-assembled.xml:69461:3: error: <md> is not allowed here.
logs\main-assembled.xml:69465:3: error: <md> is not allowed here.
logs\main-assembled.xml:69471:3: error: <md> is not allowed here.
logs\main-assembled.xml:69478:3: error: <md> is not allowed here.
logs\main-assembled.xml:69505:3: error: <md> is not allowed here.
logs\main-assembled.xml:69511:3: error: <md> is not allowed here.
logs\main-assembled.xml:69519:3: error: <md> is not allowed here.
logs\main-assembled.xml:69523:3: error: <md> is not allowed here.
logs\main-assembled.xml:69531:3: error: <md> is not allowed here.
logs\main-assembled.xml:69535:3: error: <md> is not allowed here.
logs\main-assembled.xml:69539:3: error: <md> is not allowed here.
logs\main-assembled.xml:69543:3: error: <md> is not allowed here.
logs\main-assembled.xml:69547:3: error: <md> is not allowed here.
logs\main-assembled.xml:69551:3: error: <md> is not allowed here.
logs\main-assembled.xml:69555:3: error: <md> is not allowed here.
logs\main-assembled.xml:69601:3: error: <md> is not allowed here.
logs\main-assembled.xml:69607:3: error: <md> is not allowed here.
logs\main-assembled.xml:69616:3: error: <subsection> is not allowed here.
logs\main-assembled.xml:69621:3: error: <md> is not allowed here.
logs\main-assembled.xml:69630:3: error: <md> is not allowed here.
logs\main-assembled.xml:69634:3: error: <md> is not allowed here.
logs\main-assembled.xml:69638:3: error: <md> is not allowed here.
logs\main-assembled.xml:69646:3: error: <md> is not allowed here.
logs\main-assembled.xml:69650:3: error: <md> is not allowed here.
logs\main-assembled.xml:69654:3: error: <md> is not allowed here.
logs\main-assembled.xml:69693:3: error: <md> is not allowed here.
logs\main-assembled.xml:69699:3: error: <md> is not allowed here.
logs\main-assembled.xml:69705:3: error: <md> is not allowed here.
logs\main-assembled.xml:69711:3: error: <md> is not allowed here.
logs\main-assembled.xml:69717:3: error: <md> is not allowed here.
logs\main-assembled.xml:69725:9: error: <md> is not allowed here.
logs\main-assembled.xml:69743:3: error: <md> is not allowed here.
logs\main-assembled.xml:69749:3: error: <md> is not allowed here.
logs\main-assembled.xml:69753:3: error: <md> is not allowed here.
logs\main-assembled.xml:69760:3: error: <md> is not allowed here.
logs\main-assembled.xml:69764:3: error: <md> is not allowed here.
logs\main-assembled.xml:69768:3: error: <md> is not allowed here.
logs\main-assembled.xml:69772:3: error: <md> is not allowed here.
logs\main-assembled.xml:69814:3: error: <md> is not allowed here.
logs\main-assembled.xml:69820:3: error: <md> is not allowed here.
logs\main-assembled.xml:69826:3: error: <md> is not allowed here.
logs\main-assembled.xml:69850:3: error: <subsection> is not allowed here.
logs\main-assembled.xml:69858:3: error: <md> is not allowed here.
logs\main-assembled.xml:69862:3: error: <md> is not allowed here.
logs\main-assembled.xml:69876:3: error: <md> is not allowed here.
logs\main-assembled.xml:69886:3: error: <md> is not allowed here.
logs\main-assembled.xml:69891:3: error: <md> is not allowed here.
logs\main-assembled.xml:69897:3: error: <md> is not allowed here.
logs\main-assembled.xml:69930:3: error: <subsection> is not allowed here.
logs\main-assembled.xml:69936:3: error: <md> is not allowed here.
logs\main-assembled.xml:69942:3: error: <md> is not allowed here.
logs\main-assembled.xml:69946:3: error: <md> is not allowed here.
logs\main-assembled.xml:69952:3: error: <md> is not allowed here.
logs\main-assembled.xml:69959:3: error: <md> is not allowed here.
logs\main-assembled.xml:69963:3: error: <md> is not allowed here.
logs\main-assembled.xml:69967:3: error: <md> is not allowed here.
logs\main-assembled.xml:69975:3: error: <md> is not allowed here.
logs\main-assembled.xml:70023:3: error: <md> is not allowed here.
logs\main-assembled.xml:70029:3: error: <md> is not allowed here.
logs\main-assembled.xml:70033:3: error: <md> is not allowed here.
logs\main-assembled.xml:70037:3: error: <md> is not allowed here.
logs\main-assembled.xml:70041:3: error: <md> is not allowed here.
logs\main-assembled.xml:70045:3: error: <md> is not allowed here.
logs\main-assembled.xml:70049:3: error: <md> is not allowed here.
logs\main-assembled.xml:70053:3: error: <md> is not allowed here.
logs\main-assembled.xml:70057:3: error: <md> is not allowed here.
logs\main-assembled.xml:70063:3: error: <md> is not allowed here.
logs\main-assembled.xml:70067:3: error: <md> is not allowed here.
logs\main-assembled.xml:70071:3: error: <md> is not allowed here.
logs\main-assembled.xml:70075:3: error: <md> is not allowed here.
logs\main-assembled.xml:70091:5: error: <tabular> is not allowed here.
logs\main-assembled.xml:70093:15: error: <strong> is not allowed here.
logs\main-assembled.xml:70094:15: error: <strong> is not allowed here.
logs\main-assembled.xml:70095:15: error: <strong> is not allowed here.
logs\main-assembled.xml:70115:9: error: <title> is not allowed here.
logs\main-assembled.xml:70119:3: error: <md> is not allowed here.
logs\main-assembled.xml:70123:3: error: <md> is not allowed here.
logs\main-assembled.xml:70127:3: error: <md> is not allowed here.
logs\main-assembled.xml:70131:3: error: <md> is not allowed here.
logs\main-assembled.xml:70135:3: error: <md> is not allowed here.
logs\main-assembled.xml:70144:9: error: <md> is not allowed here.
logs\main-assembled.xml:70190:3: error: <md> is not allowed here.
logs\main-assembled.xml:70198:3: error: <subsection> is not allowed here.
logs\main-assembled.xml:70206:3: error: <md> is not allowed here.
logs\main-assembled.xml:70212:3: error: <md> is not allowed here.
logs\main-assembled.xml:70221:9: error: <md> is not allowed here.
logs\main-assembled.xml:70231:3: error: <md> is not allowed here.
logs\main-assembled.xml:70235:3: error: <md> is not allowed here.
logs\main-assembled.xml:70241:3: error: <md> is not allowed here.
logs\main-assembled.xml:70245:3: error: <md> is not allowed here.
logs\main-assembled.xml:70254:3: error: <md> is not allowed here.
logs\main-assembled.xml:70261:3: error: <md> is not allowed here.
logs\main-assembled.xml:70265:3: error: <md> is not allowed here.
logs\main-assembled.xml:70269:3: error: <md> is not allowed here.
logs\main-assembled.xml:70279:3: error: <md> is not allowed here.
logs\main-assembled.xml:70283:3: error: <md> is not allowed here.
logs\main-assembled.xml:70287:3: error: <md> is not allowed here.
logs\main-assembled.xml:70297:3: error: <md> is not allowed here.
logs\main-assembled.xml:70301:3: error: <md> is not allowed here.
logs\main-assembled.xml:70305:3: error: <md> is not allowed here.
logs\main-assembled.xml:70309:3: error: <md> is not allowed here.
logs\main-assembled.xml:70315:3: error: <md> is not allowed here.
logs\main-assembled.xml:70319:3: error: <md> is not allowed here.
logs\main-assembled.xml:70323:3: error: <md> is not allowed here.
logs\main-assembled.xml:70327:3: error: <md> is not allowed here.
logs\main-assembled.xml:70351:3: error: <subsection> is not allowed here.
logs\main-assembled.xml:70356:3: error: <md> is not allowed here.
logs\main-assembled.xml:70360:3: error: <md> is not allowed here.
logs\main-assembled.xml:70364:3: error: <md> is not allowed here.
logs\main-assembled.xml:70368:3: error: <md> is not allowed here.
logs\main-assembled.xml:70372:3: error: <md> is not allowed here.
logs\main-assembled.xml:70376:3: error: <md> is not allowed here.
logs\main-assembled.xml:70380:3: error: <md> is not allowed here.
logs\main-assembled.xml:70384:3: error: <md> is not allowed here.
logs\main-assembled.xml:70393:9: error: <md> is not allowed here.
logs\main-assembled.xml:70395:9: error: <md> is not allowed here.
logs\main-assembled.xml:70399:9: error: <md> is not allowed here.
logs\main-assembled.xml:70401:9: error: <md> is not allowed here.
logs\main-assembled.xml:70412:3: error: <md> is not allowed here.
logs\main-assembled.xml:70418:3: error: <md> is not allowed here.
logs\main-assembled.xml:70424:3: error: <md> is not allowed here.
logs\main-assembled.xml:70428:3: error: <md> is not allowed here.
logs\main-assembled.xml:70432:3: error: <md> is not allowed here.
logs\main-assembled.xml:70436:3: error: <md> is not allowed here.
logs\main-assembled.xml:70440:3: error: <md> is not allowed here.
logs\main-assembled.xml:70444:3: error: <md> is not allowed here.
logs\main-assembled.xml:70448:3: error: <md> is not allowed here.
logs\main-assembled.xml:70452:3: error: <md> is not allowed here.
logs\main-assembled.xml:70456:3: error: <md> is not allowed here.
logs\main-assembled.xml:70467:3: error: <md> is not allowed here.
logs\main-assembled.xml:70471:3: error: <md> is not allowed here.
logs\main-assembled.xml:70479:3: error: <md> is not allowed here.
logs\main-assembled.xml:70483:3: error: <md> is not allowed here.
logs\main-assembled.xml:70487:3: error: <md> is not allowed here.
logs\main-assembled.xml:70491:3: error: <md> is not allowed here.
logs\main-assembled.xml:70512:3: error: <subsection> is not allowed here.
logs\main-assembled.xml:70538:3: error: <md> is not allowed here.
logs\main-assembled.xml:70545:3: error: <md> is not allowed here.
logs\main-assembled.xml:70549:3: error: <md> is not allowed here.
logs\main-assembled.xml:70555:3: error: <md> is not allowed here.
logs\main-assembled.xml:70559:3: error: <md> is not allowed here.
logs\main-assembled.xml:70565:3: error: <md> is not allowed here.
logs\main-assembled.xml:70569:3: error: <md> is not allowed here.
logs\main-assembled.xml:70575:3: error: <md> is not allowed here.
logs\main-assembled.xml:70579:3: error: <md> is not allowed here.
logs\main-assembled.xml:70583:3: error: <md> is not allowed here.
logs\main-assembled.xml:70587:3: error: <md> is not allowed here.
logs\main-assembled.xml:70591:3: error: <md> is not allowed here.
logs\main-assembled.xml:70595:3: error: <md> is not allowed here.
logs\main-assembled.xml:70599:3: error: <md> is not allowed here.
logs\main-assembled.xml:70603:3: error: <md> is not allowed here.
logs\main-assembled.xml:70607:3: error: <md> is not allowed here.
logs\main-assembled.xml:70611:3: error: <md> is not allowed here.
logs\main-assembled.xml:70617:3: error: <md> is not allowed here.
logs\main-assembled.xml:70623:3: error: <md> is not allowed here.
logs\main-assembled.xml:70662:3: error: <md> is not allowed here.
logs\main-assembled.xml:70666:3: error: <md> is not allowed here.
logs\main-assembled.xml:70670:3: error: <md> is not allowed here.
logs\main-assembled.xml:70674:3: error: <md> is not allowed here.
logs\main-assembled.xml:70678:3: error: <md> is not allowed here.
logs\main-assembled.xml:70682:3: error: <md> is not allowed here.
logs\main-assembled.xml:70686:3: error: <md> is not allowed here.
logs\main-assembled.xml:70690:3: error: <md> is not allowed here.
logs\main-assembled.xml:70694:3: error: <md> is not allowed here.
logs\main-assembled.xml:70698:3: error: <md> is not allowed here.
logs\main-assembled.xml:70702:3: error: <md> is not allowed here.
logs\main-assembled.xml:70706:3: error: <md> is not allowed here.
logs\main-assembled.xml:70710:3: error: <md> is not allowed here.
logs\main-assembled.xml:70718:3: error: <md> is not allowed here.
logs\main-assembled.xml:70722:3: error: <md> is not allowed here.
logs\main-assembled.xml:70726:3: error: <md> is not allowed here.
logs\main-assembled.xml:70730:3: error: <md> is not allowed here.
logs\main-assembled.xml:70734:3: error: <md> is not allowed here.
logs\main-assembled.xml:70738:3: error: <md> is not allowed here.
logs\main-assembled.xml:70742:3: error: <md> is not allowed here.
logs\main-assembled.xml:70751:3: error: <md> is not allowed here.
logs\main-assembled.xml:70755:3: error: <md> is not allowed here.
logs\main-assembled.xml:70759:3: error: <md> is not allowed here.
logs\main-assembled.xml:70763:3: error: <md> is not allowed here.
logs\main-assembled.xml:70770:3: error: <subsection> is not allowed here.
logs\main-assembled.xml:70777:3: error: <md> is not allowed here.
logs\main-assembled.xml:70781:3: error: <md> is not allowed here.
logs\main-assembled.xml:70785:3: error: <md> is not allowed here.
logs\main-assembled.xml:70789:3: error: <md> is not allowed here.
logs\main-assembled.xml:70793:3: error: <md> is not allowed here.
logs\main-assembled.xml:70797:3: error: <md> is not allowed here.
logs\main-assembled.xml:70801:3: error: <md> is not allowed here.
logs\main-assembled.xml:70809:3: error: <md> is not allowed here.
logs\main-assembled.xml:70813:3: error: <md> is not allowed here.
logs\main-assembled.xml:70818:3: error: <md> is not allowed here.
logs\main-assembled.xml:70824:3: error: <md> is not allowed here.
logs\main-assembled.xml:70829:9: error: <md> is not allowed here.
logs\main-assembled.xml:70831:9: error: <md> is not allowed here.
logs\main-assembled.xml:70839:3: error: <md> is not allowed here.
logs\main-assembled.xml:70845:3: error: <md> is not allowed here.
logs\main-assembled.xml:70849:3: error: <md> is not allowed here.
logs\main-assembled.xml:70853:3: error: <md> is not allowed here.
logs\main-assembled.xml:70857:3: error: <md> is not allowed here.
logs\main-assembled.xml:70861:3: error: <md> is not allowed here.
logs\main-assembled.xml:70867:3: error: <md> is not allowed here.
logs\main-assembled.xml:70873:3: error: <md> is not allowed here.
logs\main-assembled.xml:70884:3: error: <md> is not allowed here.
logs\main-assembled.xml:70897:3: error: <md> is not allowed here.
logs\main-assembled.xml:70901:3: error: <md> is not allowed here.
logs\main-assembled.xml:70905:3: error: <md> is not allowed here.
logs\main-assembled.xml:70909:3: error: <md> is not allowed here.
logs\main-assembled.xml:70913:3: error: <md> is not allowed here.
logs\main-assembled.xml:70917:3: error: <md> is not allowed here.
logs\main-assembled.xml:70921:3: error: <md> is not allowed here.
logs\main-assembled.xml:70925:3: error: <md> is not allowed here.
logs\main-assembled.xml:70929:3: error: <md> is not allowed here.
logs\main-assembled.xml:70933:3: error: <md> is not allowed here.
logs\main-assembled.xml:70954:3: error: <md> is not allowed here.
logs\main-assembled.xml:70989:3: error: <md> is not allowed here.
logs\main-assembled.xml:70997:3: error: <subsection> is not allowed here.
logs\main-assembled.xml:71005:3: error: <md> is not allowed here.
logs\main-assembled.xml:71009:3: error: <md> is not allowed here.
logs\main-assembled.xml:71016:3: error: <md> is not allowed here.
logs\main-assembled.xml:71025:3: error: <md> is not allowed here.
logs\main-assembled.xml:71029:3: error: <md> is not allowed here.
logs\main-assembled.xml:71033:3: error: <md> is not allowed here.
logs\main-assembled.xml:71037:3: error: <md> is not allowed here.
logs\main-assembled.xml:71041:3: error: <md> is not allowed here.
logs\main-assembled.xml:71045:3: error: <md> is not allowed here.
logs\main-assembled.xml:71049:3: error: <md> is not allowed here.
logs\main-assembled.xml:71055:3: error: <md> is not allowed here.
logs\main-assembled.xml:71081:3: error: <md> is not allowed here.
logs\main-assembled.xml:71085:3: error: <md> is not allowed here.
logs\main-assembled.xml:71089:3: error: <md> is not allowed here.
logs\main-assembled.xml:71093:3: error: <md> is not allowed here.
logs\main-assembled.xml:71097:3: error: <md> is not allowed here.
logs\main-assembled.xml:71105:3: error: <md> is not allowed here.
logs\main-assembled.xml:71113:3: error: <md> is not allowed here.
logs\main-assembled.xml:71117:3: error: <md> is not allowed here.
logs\main-assembled.xml:71155:3: error: <md> is not allowed here.
logs\main-assembled.xml:71161:3: error: <md> is not allowed here.
logs\main-assembled.xml:71166:3: error: <subsection> is not allowed here.
logs\main-assembled.xml:71171:3: error: <md> is not allowed here.
logs\main-assembled.xml:71175:3: error: <md> is not allowed here.
logs\main-assembled.xml:71177:3: error: <md> is not allowed here.
logs\main-assembled.xml:71181:3: error: <md> is not allowed here.
logs\main-assembled.xml:71185:3: error: <md> is not allowed here.
logs\main-assembled.xml:71189:3: error: <md> is not allowed here.
logs\main-assembled.xml:71193:3: error: <md> is not allowed here.
logs\main-assembled.xml:71197:3: error: <md> is not allowed here.
logs\main-assembled.xml:71206:9: error: <md> is not allowed here.
logs\main-assembled.xml:71211:9: error: <md> is not allowed here.
logs\main-assembled.xml:71221:3: error: <md> is not allowed here.
logs\main-assembled.xml:71227:3: error: <md> is not allowed here.
logs\main-assembled.xml:71231:3: error: <md> is not allowed here.
logs\main-assembled.xml:71235:3: error: <md> is not allowed here.
logs\main-assembled.xml:71239:3: error: <md> is not allowed here.
logs\main-assembled.xml:71243:3: error: <md> is not allowed here.
logs\main-assembled.xml:71247:3: error: <md> is not allowed here.
logs\main-assembled.xml:71251:3: error: <md> is not allowed here.
logs\main-assembled.xml:71259:3: error: <md> is not allowed here.
logs\main-assembled.xml:71268:3: error: <md> is not allowed here.
logs\main-assembled.xml:71276:3: error: <md> is not allowed here.
logs\main-assembled.xml:71282:3: error: <md> is not allowed here.
logs\main-assembled.xml:71286:3: error: <md> is not allowed here.
logs\main-assembled.xml:71290:3: error: <md> is not allowed here.
logs\main-assembled.xml:71294:3: error: <md> is not allowed here.
logs\main-assembled.xml:71298:3: error: <md> is not allowed here.
logs\main-assembled.xml:71302:3: error: <md> is not allowed here.
logs\main-assembled.xml:71306:3: error: <md> is not allowed here.
logs\main-assembled.xml:71319:3: error: <md> is not allowed here.
logs\main-assembled.xml:71323:3: error: <md> is not allowed here.
logs\main-assembled.xml:71329:3: error: <md> is not allowed here.
logs\main-assembled.xml:71335:3: error: <md> is not allowed here.
logs\main-assembled.xml:71339:3: error: <md> is not allowed here.
logs\main-assembled.xml:71343:3: error: <md> is not allowed here.
logs\main-assembled.xml:71347:3: error: <md> is not allowed here.
logs\main-assembled.xml:71371:3: error: <subsection> is not allowed here.
logs\main-assembled.xml:71381:3: error: <md> is not allowed here.
logs\main-assembled.xml:71386:3: error: <md> is not allowed here.
logs\main-assembled.xml:71390:3: error: <md> is not allowed here.
logs\main-assembled.xml:71394:3: error: <md> is not allowed here.
logs\main-assembled.xml:71401:3: error: <md> is not allowed here.
logs\main-assembled.xml:71408:9: error: <md> is not allowed here.
logs\main-assembled.xml:71412:9: error: <md> is not allowed here.
logs\main-assembled.xml:71420:3: error: <md> is not allowed here.
logs\main-assembled.xml:71424:3: error: <md> is not allowed here.
logs\main-assembled.xml:71428:3: error: <md> is not allowed here.
logs\main-assembled.xml:71437:3: error: <md> is not allowed here.
logs\main-assembled.xml:71441:3: error: <md> is not allowed here.
logs\main-assembled.xml:71445:3: error: <md> is not allowed here.
logs\main-assembled.xml:71449:3: error: <md> is not allowed here.
logs\main-assembled.xml:71453:3: error: <md> is not allowed here.
logs\main-assembled.xml:71457:3: error: <md> is not allowed here.
logs\main-assembled.xml:71459:3: error: <md> is not allowed here.
logs\main-assembled.xml:71465:3: error: <md> is not allowed here.
logs\main-assembled.xml:71469:3: error: <md> is not allowed here.
logs\main-assembled.xml:71514:3: error: <md> is not allowed here.
logs\main-assembled.xml:71518:3: error: <md> is not allowed here.
logs\main-assembled.xml:71522:3: error: <md> is not allowed here.
logs\main-assembled.xml:71526:3: error: <md> is not allowed here.
logs\main-assembled.xml:71530:3: error: <md> is not allowed here.
logs\main-assembled.xml:71534:3: error: <md> is not allowed here.
logs\main-assembled.xml:71538:3: error: <md> is not allowed here.
logs\main-assembled.xml:71562:3: error: <subsection> is not allowed here.
logs\main-assembled.xml:71570:3: error: <md> is not allowed here.
logs\main-assembled.xml:71578:3: error: <md> is not allowed here.
logs\main-assembled.xml:71582:3: error: <md> is not allowed here.
logs\main-assembled.xml:71588:3: error: <md> is not allowed here.
logs\main-assembled.xml:71592:3: error: <md> is not allowed here.
logs\main-assembled.xml:71596:3: error: <md> is not allowed here.
logs\main-assembled.xml:71600:3: error: <md> is not allowed here.
logs\main-assembled.xml:71606:3: error: <md> is not allowed here.
logs\main-assembled.xml:71610:3: error: <md> is not allowed here.
logs\main-assembled.xml:71614:3: error: <md> is not allowed here.
logs\main-assembled.xml:71620:3: error: <md> is not allowed here.
logs\main-assembled.xml:71627:3: error: <md> is not allowed here.
logs\main-assembled.xml:71640:3: error: <md> is not allowed here.
logs\main-assembled.xml:71644:3: error: <md> is not allowed here.
logs\main-assembled.xml:71687:9: error: <md> is not allowed here.
logs\main-assembled.xml:71722:3: error: <md> is not allowed here.
logs\main-assembled.xml:71729:3: error: <md> is not allowed here.
logs\main-assembled.xml:71733:3: error: <md> is not allowed here.
logs\main-assembled.xml:71737:3: error: <subsection> is not allowed here.
logs\main-assembled.xml:71742:3: error: <md> is not allowed here.
logs\main-assembled.xml:71749:3: error: <md> is not allowed here.
logs\main-assembled.xml:71753:3: error: <md> is not allowed here.
logs\main-assembled.xml:71759:3: error: <md> is not allowed here.
logs\main-assembled.xml:71763:3: error: <md> is not allowed here.
logs\main-assembled.xml:71769:3: error: <md> is not allowed here.
logs\main-assembled.xml:71774:3: error: <md> is not allowed here.
logs\main-assembled.xml:71789:9: error: <md> is not allowed here.
logs\main-assembled.xml:71794:9: error: <md> is not allowed here.
logs\main-assembled.xml:71807:3: error: <md> is not allowed here.
logs\main-assembled.xml:71813:3: error: <md> is not allowed here.
logs\main-assembled.xml:71817:3: error: <md> is not allowed here.
logs\main-assembled.xml:71821:3: error: <md> is not allowed here.
logs\main-assembled.xml:71827:3: error: <md> is not allowed here.
logs\main-assembled.xml:71831:3: error: <md> is not allowed here.
logs\main-assembled.xml:71835:3: error: <md> is not allowed here.
logs\main-assembled.xml:71841:3: error: <md> is not allowed here.
logs\main-assembled.xml:71845:3: error: <md> is not allowed here.
logs\main-assembled.xml:71849:3: error: <md> is not allowed here.
logs\main-assembled.xml:71853:3: error: <md> is not allowed here.
logs\main-assembled.xml:71874:3: error: <subsection> is not allowed here.
logs\main-assembled.xml:71879:3: error: <md> is not allowed here.
logs\main-assembled.xml:71883:3: error: <md> is not allowed here.
logs\main-assembled.xml:71891:3: error: <md> is not allowed here.
logs\main-assembled.xml:71899:3: error: <md> is not allowed here.
logs\main-assembled.xml:71906:3: error: <md> is not allowed here.
logs\main-assembled.xml:71910:3: error: <md> is not allowed here.
logs\main-assembled.xml:71916:3: error: <md> is not allowed here.
logs\main-assembled.xml:71920:3: error: <md> is not allowed here.
logs\main-assembled.xml:71924:3: error: <md> is not allowed here.
logs\main-assembled.xml:71928:3: error: <md> is not allowed here.
logs\main-assembled.xml:71932:3: error: <md> is not allowed here.
logs\main-assembled.xml:71936:3: error: <md> is not allowed here.
logs\main-assembled.xml:71940:3: error: <md> is not allowed here.
logs\main-assembled.xml:71944:3: error: <md> is not allowed here.
logs\main-assembled.xml:71948:3: error: <md> is not allowed here.
logs\main-assembled.xml:71950:1: error: <strong> is not allowed here.
logs\main-assembled.xml:71950:30: error: <strong> is not allowed here.
logs\main-assembled.xml:71950:67: error: <strong> is not allowed here.
logs\main-assembled.xml:71950:104: error: <strong> is not allowed here.
logs\main-assembled.xml:72018:3: error: <md> is not allowed here.
logs\main-assembled.xml:72024:3: error: <md> is not allowed here.
logs\main-assembled.xml:72028:3: error: <md> is not allowed here.
logs\main-assembled.xml:72032:3: error: <md> is not allowed here.
logs\main-assembled.xml:72039:3: error: <md> is not allowed here.
logs\main-assembled.xml:72043:3: error: <md> is not allowed here.
logs\main-assembled.xml:72047:3: error: <md> is not allowed here.
logs\main-assembled.xml:72057:9: error: <md> is not allowed here.
logs\main-assembled.xml:72062:9: error: <md> is not allowed here.
logs\main-assembled.xml:72088:3: error: <subsection> is not allowed here.
logs\main-assembled.xml:72095:3: error: <md> is not allowed here.
logs\main-assembled.xml:72099:3: error: <md> is not allowed here.
logs\main-assembled.xml:72103:3: error: <md> is not allowed here.
logs\main-assembled.xml:72110:3: error: <md> is not allowed here.
logs\main-assembled.xml:72115:3: error: <md> is not allowed here.
logs\main-assembled.xml:72123:3: error: <md> is not allowed here.
logs\main-assembled.xml:72127:3: error: <md> is not allowed here.
logs\main-assembled.xml:72131:3: error: <md> is not allowed here.
logs\main-assembled.xml:72135:3: error: <md> is not allowed here.
logs\main-assembled.xml:72139:3: error: <md> is not allowed here.
logs\main-assembled.xml:72146:3: error: <md> is not allowed here.
logs\main-assembled.xml:72152:3: error: <md> is not allowed here.
logs\main-assembled.xml:72159:3: error: <md> is not allowed here.
logs\main-assembled.xml:72163:3: error: <md> is not allowed here.
logs\main-assembled.xml:72167:3: error: <md> is not allowed here.
logs\main-assembled.xml:72171:3: error: <md> is not allowed here.
logs\main-assembled.xml:72175:3: error: <md> is not allowed here.
logs\main-assembled.xml:72235:9: error: <md> is not allowed here.
logs\main-assembled.xml:72275:3: error: <md> is not allowed here.
logs\main-assembled.xml:72290:3: error: <md> is not allowed here.
logs\main-assembled.xml:72294:3: error: <md> is not allowed here.
logs\main-assembled.xml:72298:3: error: <md> is not allowed here.
logs\main-assembled.xml:72302:3: error: <subsection> is not allowed here.
logs\main-assembled.xml:72311:3: error: <md> is not allowed here.
logs\main-assembled.xml:72315:3: error: <md> is not allowed here.
logs\main-assembled.xml:72319:3: error: <md> is not allowed here.
logs\main-assembled.xml:72323:3: error: <md> is not allowed here.
logs\main-assembled.xml:72327:3: error: <md> is not allowed here.
logs\main-assembled.xml:72331:3: error: <md> is not allowed here.
logs\main-assembled.xml:72337:3: error: <md> is not allowed here.
logs\main-assembled.xml:72341:3: error: <md> is not allowed here.
logs\main-assembled.xml:72345:3: error: <md> is not allowed here.
logs\main-assembled.xml:72355:3: error: <md> is not allowed here.
logs\main-assembled.xml:72359:3: error: <md> is not allowed here.
logs\main-assembled.xml:72363:3: error: <md> is not allowed here.
logs\main-assembled.xml:72367:3: error: <md> is not allowed here.
logs\main-assembled.xml:72371:3: error: <md> is not allowed here.
logs\main-assembled.xml:72377:3: error: <md> is not allowed here.
logs\main-assembled.xml:72416:3: error: <md> is not allowed here.
logs\main-assembled.xml:72420:3: error: <md> is not allowed here.
logs\main-assembled.xml:72426:3: error: <md> is not allowed here.
logs\main-assembled.xml:72430:3: error: <md> is not allowed here.
logs\main-assembled.xml:72439:9: error: <md> is not allowed here.
logs\main-assembled.xml:72465:3: error: <subsection> is not allowed here.
logs\main-assembled.xml:72470:3: error: <md> is not allowed here.
logs\main-assembled.xml:72478:3: error: <md> is not allowed here.
logs\main-assembled.xml:72484:3: error: <md> is not allowed here.
logs\main-assembled.xml:72492:3: error: <md> is not allowed here.
logs\main-assembled.xml:72496:3: error: <md> is not allowed here.
logs\main-assembled.xml:72500:3: error: <md> is not allowed here.
logs\main-assembled.xml:72506:3: error: <md> is not allowed here.
logs\main-assembled.xml:72510:3: error: <md> is not allowed here.
logs\main-assembled.xml:72514:3: error: <md> is not allowed here.
logs\main-assembled.xml:72518:3: error: <md> is not allowed here.
logs\main-assembled.xml:72524:5: error: <tabular> is not allowed here.
logs\main-assembled.xml:72526:15: error: <strong> is not allowed here.
logs\main-assembled.xml:72528:15: error: <strong> is not allowed here.
logs\main-assembled.xml:72529:15: error: <strong> is not allowed here.
logs\main-assembled.xml:72562:9: error: <title> is not allowed here.
logs\main-assembled.xml:72600:3: error: <md> is not allowed here.
logs\main-assembled.xml:72605:3: error: <md> is not allowed here.
logs\main-assembled.xml:72609:3: error: <md> is not allowed here.
logs\main-assembled.xml:72613:3: error: <md> is not allowed here.
logs\main-assembled.xml:72617:3: error: <md> is not allowed here.
logs\main-assembled.xml:72621:3: error: <md> is not allowed here.
logs\main-assembled.xml:72635:3: error: <md> is not allowed here.
logs\main-assembled.xml:72639:3: error: <md> is not allowed here.
logs\main-assembled.xml:72666:3: error: <subsection> is not allowed here.
logs\main-assembled.xml:72673:3: error: <md> is not allowed here.
logs\main-assembled.xml:72677:3: error: <md> is not allowed here.
logs\main-assembled.xml:72685:3: error: <md> is not allowed here.
logs\main-assembled.xml:72689:3: error: <md> is not allowed here.
logs\main-assembled.xml:72693:3: error: <md> is not allowed here.
logs\main-assembled.xml:72697:3: error: <md> is not allowed here.
logs\main-assembled.xml:72705:3: error: <md> is not allowed here.
logs\main-assembled.xml:72709:3: error: <md> is not allowed here.
logs\main-assembled.xml:72713:3: error: <md> is not allowed here.
logs\main-assembled.xml:72717:3: error: <md> is not allowed here.
logs\main-assembled.xml:72725:3: error: <md> is not allowed here.
logs\main-assembled.xml:72729:3: error: <md> is not allowed here.
logs\main-assembled.xml:72733:3: error: <md> is not allowed here.
logs\main-assembled.xml:72779:3: error: <md> is not allowed here.
logs\main-assembled.xml:72783:3: error: <md> is not allowed here.
logs\main-assembled.xml:72787:3: error: <md> is not allowed here.
logs\main-assembled.xml:72791:3: error: <md> is not allowed here.
logs\main-assembled.xml:72795:3: error: <md> is not allowed here.
logs\main-assembled.xml:72799:3: error: <md> is not allowed here.
logs\main-assembled.xml:72803:3: error: <md> is not allowed here.
logs\main-assembled.xml:72807:3: error: <md> is not allowed here.
logs\main-assembled.xml:72811:3: error: <md> is not allowed here.
logs\main-assembled.xml:72845:3: error: <subsection> is not allowed here.
logs\main-assembled.xml:72851:5: error: <tabular> is not allowed here.
logs\main-assembled.xml:72853:15: error: <strong> is not allowed here.
logs\main-assembled.xml:72854:15: error: <strong> is not allowed here.
logs\main-assembled.xml:72871:9: error: <title> is not allowed here.
logs\main-assembled.xml:72889:3: error: <md> is not allowed here.
logs\main-assembled.xml:72900:3: error: <md> is not allowed here.
logs\main-assembled.xml:72904:3: error: <subsection> is not allowed here.
logs\main-assembled.xml:72911:5: error: <tabular> is not allowed here.
logs\main-assembled.xml:72913:15: error: <strong> is not allowed here.
logs\main-assembled.xml:72914:15: error: <strong> is not allowed here.
logs\main-assembled.xml:72915:15: error: <strong> is not allowed here.
logs\main-assembled.xml:72953:9: error: <title> is not allowed here.
logs\main-assembled.xml:72977:3: error: <md> is not allowed here.
logs\main-assembled.xml:72983:3: error: <md> is not allowed here.
logs\main-assembled.xml:72987:3: error: <md> is not allowed here.
logs\main-assembled.xml:72991:3: error: <md> is not allowed here.
logs\main-assembled.xml:72995:3: error: <md> is not allowed here.
logs\main-assembled.xml:73001:3: error: <md> is not allowed here.
logs\main-assembled.xml:73010:3: error: <md> is not allowed here.
logs\main-assembled.xml:73016:3: error: <md> is not allowed here.
logs\main-assembled.xml:73020:3: error: <md> is not allowed here.
logs\main-assembled.xml:73024:3: error: <md> is not allowed here.
logs\main-assembled.xml:73038:3: error: <md> is not allowed here.
logs\main-assembled.xml:73044:3: error: <md> is not allowed here.
logs\main-assembled.xml:73050:3: error: <md> is not allowed here.
logs\main-assembled.xml:73054:3: error: <md> is not allowed here.
logs\main-assembled.xml:73058:3: error: <md> is not allowed here.
logs\main-assembled.xml:73062:3: error: <md> is not allowed here.
logs\main-assembled.xml:73066:3: error: <md> is not allowed here.
logs\main-assembled.xml:73070:3: error: <md> is not allowed here.
logs\main-assembled.xml:73074:3: error: <md> is not allowed here.
logs\main-assembled.xml:73078:3: error: <md> is not allowed here.
logs\main-assembled.xml:73082:3: error: <md> is not allowed here.
logs\main-assembled.xml:73093:3: error: <md> is not allowed here.
logs\main-assembled.xml:73097:3: error: <md> is not allowed here.
logs\main-assembled.xml:73103:3: error: <md> is not allowed here.
logs\main-assembled.xml:73107:3: error: <md> is not allowed here.
logs\main-assembled.xml:73111:3: error: <md> is not allowed here.
logs\main-assembled.xml:73115:3: error: <md> is not allowed here.
logs\main-assembled.xml:73119:3: error: <md> is not allowed here.
logs\main-assembled.xml:73124:3: error: <note> is not allowed here.
logs\main-assembled.xml:73149:3: error: <subsection> is not allowed here.
logs\main-assembled.xml:73154:5: error: <ol> is not allowed here.
logs\main-assembled.xml:73161:11: error: <md> is not allowed here.
logs\main-assembled.xml:73169:11: error: <md> is not allowed here.
logs\main-assembled.xml:73174:11: error: <md> is not allowed here.
logs\main-assembled.xml:73194:3: error: <subsection> is not allowed here.
logs\main-assembled.xml:73199:5: error: <ol> is not allowed here.
logs\main-assembled.xml:73202:11: error: <md> is not allowed here.
logs\main-assembled.xml:73204:11: error: <md> is not allowed here.
logs\main-assembled.xml:73210:11: error: <md> is not allowed here.
logs\main-assembled.xml:73216:11: error: <md> is not allowed here.
logs\main-assembled.xml:73222:11: error: <md> is not allowed here.
logs\main-assembled.xml:73229:11: error: <md> is not allowed here.
logs\main-assembled.xml:73242:11: error: <md> is not allowed here.
logs\main-assembled.xml:73248:11: error: <md> is not allowed here.
logs\main-assembled.xml:73254:11: error: <md> is not allowed here.
logs\main-assembled.xml:73260:11: error: <md> is not allowed here.
logs\main-assembled.xml:73267:11: error: <md> is not allowed here.
logs\main-assembled.xml:73273:11: error: <md> is not allowed here.
logs\main-assembled.xml:73279:11: error: <md> is not allowed here.
logs\main-assembled.xml:73281:11: error: <md> is not allowed here.
logs\main-assembled.xml:73286:11: error: <md> is not allowed here.
logs\main-assembled.xml:73307:3: error: <subsection> is not allowed here.
logs\main-assembled.xml:73310:5: error: <ol> is not allowed here.
logs\main-assembled.xml:73313:11: error: <md> is not allowed here.
logs\main-assembled.xml:73319:11: error: <md> is not allowed here.
logs\main-assembled.xml:73325:11: error: <md> is not allowed here.
logs\main-assembled.xml:73331:11: error: <md> is not allowed here.
logs\main-assembled.xml:73333:11: error: <md> is not allowed here.
logs\main-assembled.xml:73335:11: error: <md> is not allowed here.
logs\main-assembled.xml:73339:11: error: <md> is not allowed here.
logs\main-assembled.xml:73344:11: error: <md> is not allowed here.
logs\main-assembled.xml:73350:11: error: <md> is not allowed here.
logs\main-assembled.xml:73355:11: error: <md> is not allowed here.
logs\main-assembled.xml:73362:14: error: Missing required content. Expected one of: <p>, <blockquote>, <pre>, <image>, <video>, <audio>, <program>, <console>, <tabular>, <figure>, <table>, <listing>, … (51 more).
logs\main-assembled.xml:73364:3: error: <subsection> is not allowed here.
logs\main-assembled.xml:73369:3: error: <md> is not allowed here.
logs\main-assembled.xml:73375:3: error: <md> is not allowed here.
logs\main-assembled.xml:73386:5: error: <ol> is not allowed here.
logs\main-assembled.xml:73407:3: error: <md> is not allowed here.
logs\main-assembled.xml:73411:3: error: <md> is not allowed here.
logs\main-assembled.xml:73415:3: error: <md> is not allowed here.
logs\main-assembled.xml:73419:3: error: <md> is not allowed here.
logs\main-assembled.xml:73425:5: error: <ol> is not allowed here.
logs\main-assembled.xml:73458:3: error: <subsection> is not allowed here.
logs\main-assembled.xml:73463:3: error: <md> is not allowed here.
logs\main-assembled.xml:73472:3: error: <md> is not allowed here.
logs\main-assembled.xml:73478:3: error: <md> is not allowed here.
logs\main-assembled.xml:73482:3: error: <md> is not allowed here.
logs\main-assembled.xml:73489:5: error: <tabular> is not allowed here.
logs\main-assembled.xml:73491:15: error: <strong> is not allowed here.
logs\main-assembled.xml:73492:15: error: <strong> is not allowed here.
logs\main-assembled.xml:73493:15: error: <strong> is not allowed here.
logs\main-assembled.xml:73494:15: error: <strong> is not allowed here.
logs\main-assembled.xml:73515:9: error: <title> is not allowed here.
logs\main-assembled.xml:73519:5: error: <ol> is not allowed here.
logs\main-assembled.xml:73537:3: error: <md> is not allowed here.
logs\main-assembled.xml:73543:3: error: <md> is not allowed here.
logs\main-assembled.xml:73547:3: error: <md> is not allowed here.
logs\main-assembled.xml:73553:5: error: <ol> is not allowed here.
logs\main-assembled.xml:73562:11: error: <md> is not allowed here.
logs\main-assembled.xml:73564:11: error: <md> is not allowed here.
logs\main-assembled.xml:73575:3: error: <md> is not allowed here.
logs\main-assembled.xml:73577:3: error: <md> is not allowed here.
logs\main-assembled.xml:73579:3: error: <md> is not allowed here.
logs\main-assembled.xml:73581:3: error: <md> is not allowed here.
logs\main-assembled.xml:73609:3: error: <subsection> is not allowed here.
logs\main-assembled.xml:73614:3: error: <md> is not allowed here.
logs\main-assembled.xml:73620:3: error: <md> is not allowed here.
logs\main-assembled.xml:73640:9: error: <md> is not allowed here.
logs\main-assembled.xml:73648:3: error: <md> is not allowed here.
logs\main-assembled.xml:73652:3: error: <md> is not allowed here.
logs\main-assembled.xml:73658:3: error: <md> is not allowed here.
logs\main-assembled.xml:73693:3: error: <md> is not allowed here.
logs\main-assembled.xml:73699:3: error: <md> is not allowed here.
logs\main-assembled.xml:73710:3: error: <md> is not allowed here.
logs\main-assembled.xml:73728:3: error: <md> is not allowed here.
logs\main-assembled.xml:73732:3: error: <subsection> is not allowed here.
logs\main-assembled.xml:73737:3: error: <md> is not allowed here.
logs\main-assembled.xml:73743:3: error: <md> is not allowed here.
logs\main-assembled.xml:73747:3: error: <md> is not allowed here.
logs\main-assembled.xml:73751:3: error: <md> is not allowed here.
logs\main-assembled.xml:73755:3: error: <md> is not allowed here.
logs\main-assembled.xml:73759:3: error: <md> is not allowed here.
logs\main-assembled.xml:73808:9: error: <md> is not allowed here.
logs\main-assembled.xml:73812:9: error: <md> is not allowed here.
logs\main-assembled.xml:73820:3: error: <md> is not allowed here.
logs\main-assembled.xml:73830:3: error: <md> is not allowed here.
logs\main-assembled.xml:73856:3: error: <subsection> is not allowed here.
logs\main-assembled.xml:73864:3: error: <md> is not allowed here.
logs\main-assembled.xml:73870:3: error: <md> is not allowed here.
logs\main-assembled.xml:73874:3: error: <md> is not allowed here.
logs\main-assembled.xml:73886:3: error: <md> is not allowed here.
logs\main-assembled.xml:73894:3: error: <md> is not allowed here.
logs\main-assembled.xml:73898:3: error: <md> is not allowed here.
logs\main-assembled.xml:73902:3: error: <md> is not allowed here.
logs\main-assembled.xml:73906:3: error: <md> is not allowed here.
logs\main-assembled.xml:73910:3: error: <md> is not allowed here.
logs\main-assembled.xml:73954:3: error: <md> is not allowed here.
logs\main-assembled.xml:73962:3: error: <md> is not allowed here.
logs\main-assembled.xml:73970:3: error: <md> is not allowed here.
logs\main-assembled.xml:74013:3: error: <subsection> is not allowed here.
logs\main-assembled.xml:74020:3: error: <md> is not allowed here.
logs\main-assembled.xml:74022:3: error: <md> is not allowed here.
logs\main-assembled.xml:74026:3: error: <md> is not allowed here.
logs\main-assembled.xml:74030:3: error: <md> is not allowed here.
logs\main-assembled.xml:74037:5: error: <tabular> is not allowed here.
logs\main-assembled.xml:74039:15: error: <strong> is not allowed here.
logs\main-assembled.xml:74040:15: error: <strong> is not allowed here.
logs\main-assembled.xml:74041:15: error: <strong> is not allowed here.
logs\main-assembled.xml:74061:9: error: <title> is not allowed here.
logs\main-assembled.xml:74065:3: error: <md> is not allowed here.
logs\main-assembled.xml:74089:9: error: <md> is not allowed here.
logs\main-assembled.xml:74104:3: error: <md> is not allowed here.
logs\main-assembled.xml:74112:3: error: <md> is not allowed here.
logs\main-assembled.xml:74116:3: error: <md> is not allowed here.
logs\main-assembled.xml:74120:3: error: <md> is not allowed here.
logs\main-assembled.xml:74124:3: error: <md> is not allowed here.
logs\main-assembled.xml:74128:3: error: <md> is not allowed here.
logs\main-assembled.xml:74138:3: error: <subsection> is not allowed here.
logs\main-assembled.xml:74146:3: error: <md> is not allowed here.
logs\main-assembled.xml:74156:3: error: <md> is not allowed here.
logs\main-assembled.xml:74167:3: error: <md> is not allowed here.
logs\main-assembled.xml:74175:3: error: <md> is not allowed here.
logs\main-assembled.xml:74188:3: error: <md> is not allowed here.
logs\main-assembled.xml:74222:3: error: <subsection> is not allowed here.
logs\main-assembled.xml:74227:3: error: <md> is not allowed here.
logs\main-assembled.xml:74235:3: error: <md> is not allowed here.
logs\main-assembled.xml:74245:3: error: <md> is not allowed here.
logs\main-assembled.xml:74251:3: error: <md> is not allowed here.
logs\main-assembled.xml:74257:3: error: <md> is not allowed here.
logs\main-assembled.xml:74283:3: error: <md> is not allowed here.
logs\main-assembled.xml:74289:3: error: <md> is not allowed here.
logs\main-assembled.xml:74295:3: error: <md> is not allowed here.
logs\main-assembled.xml:74305:3: error: <md> is not allowed here.
logs\main-assembled.xml:74311:3: error: <md> is not allowed here.
logs\main-assembled.xml:74317:3: error: <md> is not allowed here.
logs\main-assembled.xml:74331:3: error: <md> is not allowed here.
logs\main-assembled.xml:74338:3: error: <md> is not allowed here.
logs\main-assembled.xml:74361:3: error: <md> is not allowed here.
logs\main-assembled.xml:74369:3: error: <md> is not allowed here.
logs\main-assembled.xml:74373:3: error: <md> is not allowed here.
logs\main-assembled.xml:74377:3: error: <md> is not allowed here.
logs\main-assembled.xml:74381:3: error: <subsection> is not allowed here.
logs\main-assembled.xml:74386:3: error: <md> is not allowed here.
logs\main-assembled.xml:74392:3: error: <md> is not allowed here.
logs\main-assembled.xml:74396:3: error: <md> is not allowed here.
logs\main-assembled.xml:74402:3: error: <md> is not allowed here.
logs\main-assembled.xml:74409:3: error: <md> is not allowed here.
logs\main-assembled.xml:74415:3: error: <md> is not allowed here.
logs\main-assembled.xml:74420:9: error: <md> is not allowed here.
logs\main-assembled.xml:74422:9: error: <md> is not allowed here.
logs\main-assembled.xml:74436:3: error: <md> is not allowed here.
logs\main-assembled.xml:74442:3: error: <md> is not allowed here.
logs\main-assembled.xml:74446:3: error: <md> is not allowed here.
logs\main-assembled.xml:74475:3: error: <md> is not allowed here.
logs\main-assembled.xml:74481:3: error: <md> is not allowed here.
logs\main-assembled.xml:74491:3: error: <md> is not allowed here.
logs\main-assembled.xml:74495:3: error: <md> is not allowed here.
logs\main-assembled.xml:74499:3: error: <md> is not allowed here.
logs\main-assembled.xml:74503:3: error: <md> is not allowed here.
logs\main-assembled.xml:74553:3: error: <md> is not allowed here.
logs\main-assembled.xml:74559:3: error: <md> is not allowed here.
logs\main-assembled.xml:74565:3: error: <md> is not allowed here.
logs\main-assembled.xml:74575:3: error: <md> is not allowed here.
logs\main-assembled.xml:74579:3: error: <md> is not allowed here.
logs\main-assembled.xml:74587:3: error: <subsection> is not allowed here.
logs\main-assembled.xml:74592:3: error: <md> is not allowed here.
logs\main-assembled.xml:74600:3: error: <md> is not allowed here.
logs\main-assembled.xml:74604:3: error: <md> is not allowed here.
logs\main-assembled.xml:74608:3: error: <md> is not allowed here.
logs\main-assembled.xml:74612:3: error: <md> is not allowed here.
logs\main-assembled.xml:74617:9: error: <md> is not allowed here.
logs\main-assembled.xml:74620:9: error: <md> is not allowed here.
logs\main-assembled.xml:74632:3: error: <md> is not allowed here.
logs\main-assembled.xml:74638:3: error: <md> is not allowed here.
logs\main-assembled.xml:74644:3: error: <md> is not allowed here.
logs\main-assembled.xml:74648:3: error: <md> is not allowed here.
logs\main-assembled.xml:74652:3: error: <md> is not allowed here.
logs\main-assembled.xml:74656:3: error: <md> is not allowed here.
logs\main-assembled.xml:74662:3: error: <md> is not allowed here.
logs\main-assembled.xml:74666:3: error: <md> is not allowed here.
logs\main-assembled.xml:74670:3: error: <md> is not allowed here.
logs\main-assembled.xml:74674:3: error: <md> is not allowed here.
logs\main-assembled.xml:74722:3: error: <md> is not allowed here.
logs\main-assembled.xml:74729:3: error: <md> is not allowed here.
logs\main-assembled.xml:74735:3: error: <md> is not allowed here.
logs\main-assembled.xml:74741:3: error: <md> is not allowed here.
logs\main-assembled.xml:74747:3: error: <md> is not allowed here.
logs\main-assembled.xml:74781:3: error: <subsection> is not allowed here.
logs\main-assembled.xml:74788:3: error: <md> is not allowed here.
logs\main-assembled.xml:74795:3: error: <md> is not allowed here.
logs\main-assembled.xml:74803:3: error: <md> is not allowed here.
logs\main-assembled.xml:74811:3: error: <md> is not allowed here.
logs\main-assembled.xml:74837:3: error: <md> is not allowed here.
logs\main-assembled.xml:74843:3: error: <md> is not allowed here.
logs\main-assembled.xml:74849:3: error: <md> is not allowed here.
logs\main-assembled.xml:74857:3: error: <md> is not allowed here.
logs\main-assembled.xml:74861:3: error: <md> is not allowed here.
logs\main-assembled.xml:74873:3: error: <md> is not allowed here.
logs\main-assembled.xml:74877:3: error: <md> is not allowed here.
logs\main-assembled.xml:74881:3: error: <md> is not allowed here.
logs\main-assembled.xml:74892:3: error: <md> is not allowed here.
logs\main-assembled.xml:74900:3: error: <md> is not allowed here.
logs\main-assembled.xml:74904:3: error: <md> is not allowed here.
logs\main-assembled.xml:74908:3: error: <md> is not allowed here.
logs\main-assembled.xml:74912:3: error: <md> is not allowed here.
logs\main-assembled.xml:74920:3: error: <md> is not allowed here.
logs\main-assembled.xml:74924:3: error: <md> is not allowed here.
logs\main-assembled.xml:74928:3: error: <md> is not allowed here.
logs\main-assembled.xml:74930:3: error: <note> is not allowed here.
logs\main-assembled.xml:74952:3: error: <subsection> is not allowed here.
logs\main-assembled.xml:74960:3: error: <md> is not allowed here.
logs\main-assembled.xml:74964:3: error: <md> is not allowed here.
logs\main-assembled.xml:74970:3: error: <md> is not allowed here.
logs\main-assembled.xml:74974:3: error: <md> is not allowed here.
logs\main-assembled.xml:74978:3: error: <md> is not allowed here.
logs\main-assembled.xml:74984:3: error: <md> is not allowed here.
logs\main-assembled.xml:75011:3: error: <md> is not allowed here.
logs\main-assembled.xml:75013:3: error: <md> is not allowed here.
logs\main-assembled.xml:75019:3: error: <md> is not allowed here.
logs\main-assembled.xml:75028:3: error: <md> is not allowed here.
logs\main-assembled.xml:75034:3: error: <md> is not allowed here.
logs\main-assembled.xml:75040:3: error: <md> is not allowed here.
logs\main-assembled.xml:75048:3: error: <md> is not allowed here.
logs\main-assembled.xml:75052:3: error: <md> is not allowed here.
logs\main-assembled.xml:75056:3: error: <md> is not allowed here.
logs\main-assembled.xml:75060:3: error: <md> is not allowed here.
logs\main-assembled.xml:75066:3: error: <md> is not allowed here.
logs\main-assembled.xml:75070:3: error: <md> is not allowed here.
logs\main-assembled.xml:75074:3: error: <md> is not allowed here.
logs\main-assembled.xml:75078:3: error: <md> is not allowed here.
logs\main-assembled.xml:75127:3: error: <md> is not allowed here.
logs\main-assembled.xml:75133:3: error: <md> is not allowed here.
logs\main-assembled.xml:75143:3: error: <subsection> is not allowed here.
logs\main-assembled.xml:75148:3: error: <md> is not allowed here.
logs\main-assembled.xml:75154:3: error: <md> is not allowed here.
logs\main-assembled.xml:75165:3: error: <md> is not allowed here.
logs\main-assembled.xml:75173:3: error: <md> is not allowed here.
logs\main-assembled.xml:75186:3: error: <md> is not allowed here.
logs\main-assembled.xml:75195:3: error: <subsection> is not allowed here.
logs\main-assembled.xml:75200:3: error: <md> is not allowed here.
logs\main-assembled.xml:75207:3: error: <md> is not allowed here.
logs\main-assembled.xml:75213:3: error: <md> is not allowed here.
logs\main-assembled.xml:75219:3: error: <md> is not allowed here.
logs\main-assembled.xml:75225:3: error: <md> is not allowed here.
logs\main-assembled.xml:75235:9: error: <md> is not allowed here.
logs\main-assembled.xml:75239:9: error: <md> is not allowed here.
logs\main-assembled.xml:75245:9: error: <md> is not allowed here.
logs\main-assembled.xml:75258:3: error: <md> is not allowed here.
logs\main-assembled.xml:75266:3: error: <md> is not allowed here.
logs\main-assembled.xml:75270:3: error: <md> is not allowed here.
logs\main-assembled.xml:75274:3: error: <md> is not allowed here.
logs\main-assembled.xml:75280:3: error: <md> is not allowed here.
logs\main-assembled.xml:75284:3: error: <md> is not allowed here.
logs\main-assembled.xml:75288:3: error: <md> is not allowed here.
logs\main-assembled.xml:75303:3: error: <md> is not allowed here.
logs\main-assembled.xml:75311:3: error: <md> is not allowed here.
logs\main-assembled.xml:75317:3: error: <md> is not allowed here.
logs\main-assembled.xml:75323:3: error: <md> is not allowed here.
logs\main-assembled.xml:75360:3: error: <md> is not allowed here.
logs\main-assembled.xml:75366:3: error: <md> is not allowed here.
logs\main-assembled.xml:75374:3: error: <md> is not allowed here.
logs\main-assembled.xml:75380:3: error: <md> is not allowed here.
logs\main-assembled.xml:75388:9: error: <md> is not allowed here.
logs\main-assembled.xml:75412:3: error: <subsection> is not allowed here.
logs\main-assembled.xml:75417:3: error: <md> is not allowed here.
logs\main-assembled.xml:75423:3: error: <md> is not allowed here.
logs\main-assembled.xml:75433:3: error: <md> is not allowed here.
logs\main-assembled.xml:75439:3: error: <md> is not allowed here.
logs\main-assembled.xml:75443:3: error: <md> is not allowed here.
logs\main-assembled.xml:75449:3: error: <md> is not allowed here.
logs\main-assembled.xml:75459:9: error: <md> is not allowed here.
logs\main-assembled.xml:75463:9: error: <md> is not allowed here.
logs\main-assembled.xml:75474:3: error: <md> is not allowed here.
logs\main-assembled.xml:75504:3: error: <md> is not allowed here.
logs\main-assembled.xml:75514:3: error: <md> is not allowed here.
logs\main-assembled.xml:75521:3: error: <md> is not allowed here.
logs\main-assembled.xml:75526:3: error: <md> is not allowed here.
logs\main-assembled.xml:75530:3: error: <md> is not allowed here.
logs\main-assembled.xml:75534:3: error: <md> is not allowed here.
logs\main-assembled.xml:75589:3: error: <warning> is not allowed here.
logs\main-assembled.xml:75600:3: error: <subsection> is not allowed here.
logs\main-assembled.xml:75607:3: error: <md> is not allowed here.
logs\main-assembled.xml:75611:3: error: <md> is not allowed here.
logs\main-assembled.xml:75617:3: error: <md> is not allowed here.
logs\main-assembled.xml:75622:3: error: <md> is not allowed here.
logs\main-assembled.xml:75628:3: error: <md> is not allowed here.
logs\main-assembled.xml:75652:3: error: <md> is not allowed here.
logs\main-assembled.xml:75660:3: error: <md> is not allowed here.
logs\main-assembled.xml:75664:3: error: <md> is not allowed here.
logs\main-assembled.xml:75668:3: error: <md> is not allowed here.
logs\main-assembled.xml:75672:3: error: <md> is not allowed here.
logs\main-assembled.xml:75679:3: error: <md> is not allowed here.
logs\main-assembled.xml:75695:3: error: <md> is not allowed here.
logs\main-assembled.xml:75699:3: error: <md> is not allowed here.
logs\main-assembled.xml:75703:3: error: <md> is not allowed here.
logs\main-assembled.xml:75719:9: error: <md> is not allowed here.
logs\main-assembled.xml:75737:3: error: <md> is not allowed here.
logs\main-assembled.xml:75741:3: error: <md> is not allowed here.
logs\main-assembled.xml:75751:3: error: <md> is not allowed here.
logs\main-assembled.xml:75757:3: error: <md> is not allowed here.
logs\main-assembled.xml:75763:3: error: <md> is not allowed here.
logs\main-assembled.xml:75769:3: error: <md> is not allowed here.
logs\main-assembled.xml:75777:3: error: <md> is not allowed here.
logs\main-assembled.xml:75786:3: error: <md> is not allowed here.
logs\main-assembled.xml:75824:3: error: <warning> is not allowed here.
logs\main-assembled.xml:75836:3: error: <subsection> is not allowed here.
logs\main-assembled.xml:75847:3: error: <md> is not allowed here.
logs\main-assembled.xml:75851:3: error: <md> is not allowed here.
logs\main-assembled.xml:75855:3: error: <md> is not allowed here.
logs\main-assembled.xml:75859:3: error: <md> is not allowed here.
logs\main-assembled.xml:75867:3: error: <md> is not allowed here.
logs\main-assembled.xml:75871:3: error: <md> is not allowed here.
logs\main-assembled.xml:75875:3: error: <md> is not allowed here.
logs\main-assembled.xml:75916:3: error: <md> is not allowed here.
logs\main-assembled.xml:75922:3: error: <md> is not allowed here.
logs\main-assembled.xml:75926:3: error: <md> is not allowed here.
logs\main-assembled.xml:75932:3: error: <md> is not allowed here.
logs\main-assembled.xml:75940:3: error: <md> is not allowed here.
logs\main-assembled.xml:75944:3: error: <md> is not allowed here.
logs\main-assembled.xml:75948:3: error: <md> is not allowed here.
logs\main-assembled.xml:75952:3: error: <md> is not allowed here.
logs\main-assembled.xml:75956:3: error: <md> is not allowed here.
logs\main-assembled.xml:75960:3: error: <md> is not allowed here.
logs\main-assembled.xml:75966:3: error: <md> is not allowed here.
logs\main-assembled.xml:75983:3: error: <md> is not allowed here.
logs\main-assembled.xml:75987:3: error: <md> is not allowed here.
logs\main-assembled.xml:75991:3: error: <md> is not allowed here.
logs\main-assembled.xml:75997:3: error: <md> is not allowed here.
logs\main-assembled.xml:76001:3: error: <md> is not allowed here.
logs\main-assembled.xml:76007:3: error: <md> is not allowed here.
logs\main-assembled.xml:76009:3: error: <md> is not allowed here.
logs\main-assembled.xml:76013:3: error: <md> is not allowed here.
logs\main-assembled.xml:76017:3: error: <md> is not allowed here.
logs\main-assembled.xml:76024:9: error: <md> is not allowed here.
logs\main-assembled.xml:76030:9: error: <md> is not allowed here.
logs\main-assembled.xml:76037:3: error: <md> is not allowed here.
logs\main-assembled.xml:76074:3: error: <md> is not allowed here.
logs\main-assembled.xml:76080:3: error: <md> is not allowed here.
logs\main-assembled.xml:76086:3: error: <subsection> is not allowed here.
logs\main-assembled.xml:76091:3: error: <md> is not allowed here.
logs\main-assembled.xml:76095:3: error: <md> is not allowed here.
logs\main-assembled.xml:76099:3: error: <md> is not allowed here.
logs\main-assembled.xml:76142:3: error: <md> is not allowed here.
logs\main-assembled.xml:76152:3: error: <md> is not allowed here.
logs\main-assembled.xml:76156:3: error: <md> is not allowed here.
logs\main-assembled.xml:76162:3: error: <md> is not allowed here.
logs\main-assembled.xml:76166:3: error: <md> is not allowed here.
logs\main-assembled.xml:76173:3: error: <md> is not allowed here.
logs\main-assembled.xml:76177:3: error: <md> is not allowed here.
logs\main-assembled.xml:76181:3: error: <md> is not allowed here.
logs\main-assembled.xml:76185:3: error: <md> is not allowed here.
logs\main-assembled.xml:76189:3: error: <md> is not allowed here.
logs\main-assembled.xml:76197:9: error: <md> is not allowed here.
logs\main-assembled.xml:76218:3: error: <subsection> is not allowed here.
logs\main-assembled.xml:76225:3: error: <md> is not allowed here.
logs\main-assembled.xml:76233:3: error: <md> is not allowed here.
logs\main-assembled.xml:76239:3: error: <md> is not allowed here.
logs\main-assembled.xml:76265:3: error: <md> is not allowed here.
logs\main-assembled.xml:76271:3: error: <md> is not allowed here.
logs\main-assembled.xml:76277:3: error: <md> is not allowed here.
logs\main-assembled.xml:76281:3: error: <md> is not allowed here.
logs\main-assembled.xml:76285:3: error: <md> is not allowed here.
logs\main-assembled.xml:76296:3: error: <md> is not allowed here.
logs\main-assembled.xml:76302:3: error: <md> is not allowed here.
logs\main-assembled.xml:76306:3: error: <md> is not allowed here.
logs\main-assembled.xml:76310:3: error: <md> is not allowed here.
logs\main-assembled.xml:76314:3: error: <md> is not allowed here.
logs\main-assembled.xml:76318:3: error: <md> is not allowed here.
logs\main-assembled.xml:76324:3: error: <md> is not allowed here.
logs\main-assembled.xml:76328:3: error: <md> is not allowed here.
logs\main-assembled.xml:76337:3: error: <md> is not allowed here.
logs\main-assembled.xml:76343:3: error: <md> is not allowed here.
logs\main-assembled.xml:76347:3: error: <md> is not allowed here.
logs\main-assembled.xml:76351:3: error: <md> is not allowed here.
logs\main-assembled.xml:76355:3: error: <md> is not allowed here.
logs\main-assembled.xml:76359:3: error: <md> is not allowed here.
logs\main-assembled.xml:76361:3: error: <md> is not allowed here.
logs\main-assembled.xml:76365:3: error: <md> is not allowed here.
logs\main-assembled.xml:76381:3: error: <md> is not allowed here.
logs\main-assembled.xml:76385:3: error: <md> is not allowed here.
logs\main-assembled.xml:76389:3: error: <md> is not allowed here.
logs\main-assembled.xml:76397:3: error: <subsection> is not allowed here.
logs\main-assembled.xml:76402:3: error: <md> is not allowed here.
logs\main-assembled.xml:76406:3: error: <md> is not allowed here.
logs\main-assembled.xml:76410:3: error: <md> is not allowed here.
logs\main-assembled.xml:76414:3: error: <md> is not allowed here.
logs\main-assembled.xml:76430:3: error: <md> is not allowed here.
logs\main-assembled.xml:76435:3: error: <md> is not allowed here.
logs\main-assembled.xml:76439:3: error: <md> is not allowed here.
logs\main-assembled.xml:76452:3: error: <md> is not allowed here.
logs\main-assembled.xml:76460:3: error: <md> is not allowed here.
logs\main-assembled.xml:76464:3: error: <md> is not allowed here.
logs\main-assembled.xml:76468:3: error: <md> is not allowed here.
logs\main-assembled.xml:76472:3: error: <md> is not allowed here.
logs\main-assembled.xml:76479:3: error: <md> is not allowed here.
logs\main-assembled.xml:76541:5: error: <tabular> is not allowed here.
logs\main-assembled.xml:76543:15: error: <strong> is not allowed here.
logs\main-assembled.xml:76544:15: error: <strong> is not allowed here.
logs\main-assembled.xml:76566:9: error: <title> is not allowed here.
logs\main-assembled.xml:76575:9: error: <md> is not allowed here.
logs\main-assembled.xml:76595:3: error: <subsection> is not allowed here.
logs\main-assembled.xml:76604:3: error: <md> is not allowed here.
logs\main-assembled.xml:76610:3: error: <md> is not allowed here.
logs\main-assembled.xml:76614:3: error: <md> is not allowed here.
logs\main-assembled.xml:76618:3: error: <md> is not allowed here.
logs\main-assembled.xml:76622:3: error: <md> is not allowed here.
logs\main-assembled.xml:76626:3: error: <md> is not allowed here.
logs\main-assembled.xml:76664:3: error: <md> is not allowed here.
logs\main-assembled.xml:76670:3: error: <md> is not allowed here.
logs\main-assembled.xml:76674:3: error: <md> is not allowed here.
logs\main-assembled.xml:76686:3: error: <md> is not allowed here.
logs\main-assembled.xml:76694:3: error: <md> is not allowed here.
logs\main-assembled.xml:76752:5: error: <tabular> is not allowed here.
logs\main-assembled.xml:76754:15: error: <strong> is not allowed here.
logs\main-assembled.xml:76755:15: error: <strong> is not allowed here.
logs\main-assembled.xml:76767:9: error: <title> is not allowed here.
logs\main-assembled.xml:76777:3: error: <md> is not allowed here.
logs\main-assembled.xml:76786:3: error: <md> is not allowed here.
logs\main-assembled.xml:76790:3: error: <md> is not allowed here.
logs\main-assembled.xml:76794:3: error: <md> is not allowed here.
logs\main-assembled.xml:76798:3: error: <md> is not allowed here.
logs\main-assembled.xml:76802:3: error: <md> is not allowed here.
logs\main-assembled.xml:76849:3: error: <md> is not allowed here.
logs\main-assembled.xml:76853:3: error: <md> is not allowed here.
logs\main-assembled.xml:76884:3: error: <md> is not allowed here.
logs\main-assembled.xml:76888:3: error: <md> is not allowed here.
logs\main-assembled.xml:76900:3: error: <subsection> is not allowed here.
logs\main-assembled.xml:76905:3: error: <md> is not allowed here.
logs\main-assembled.xml:76911:3: error: <md> is not allowed here.
logs\main-assembled.xml:76917:3: error: <md> is not allowed here.
logs\main-assembled.xml:76921:3: error: <md> is not allowed here.
logs\main-assembled.xml:76927:3: error: <md> is not allowed here.
logs\main-assembled.xml:76933:3: error: <md> is not allowed here.
logs\main-assembled.xml:76939:3: error: <md> is not allowed here.
logs\main-assembled.xml:76946:3: error: <md> is not allowed here.
logs\main-assembled.xml:76950:3: error: <md> is not allowed here.
logs\main-assembled.xml:76954:3: error: <md> is not allowed here.
logs\main-assembled.xml:76960:3: error: <md> is not allowed here.
logs\main-assembled.xml:77008:3: error: <md> is not allowed here.
logs\main-assembled.xml:77012:3: error: <md> is not allowed here.
logs\main-assembled.xml:77016:3: error: <md> is not allowed here.
logs\main-assembled.xml:77022:3: error: <md> is not allowed here.
logs\main-assembled.xml:77028:3: error: <md> is not allowed here.
logs\main-assembled.xml:77034:3: error: <md> is not allowed here.
logs\main-assembled.xml:77046:9: error: <md> is not allowed here.
logs\main-assembled.xml:77048:9: error: <md> is not allowed here.
logs\main-assembled.xml:77055:9: error: <md> is not allowed here.
logs\main-assembled.xml:77057:9: error: <md> is not allowed here.
logs\main-assembled.xml:77067:3: error: <md> is not allowed here.
logs\main-assembled.xml:77071:3: error: <md> is not allowed here.
logs\main-assembled.xml:77075:3: error: <md> is not allowed here.
logs\main-assembled.xml:77079:3: error: <md> is not allowed here.
logs\main-assembled.xml:77085:3: error: <md> is not allowed here.
logs\main-assembled.xml:77091:3: error: <md> is not allowed here.
logs\main-assembled.xml:77099:3: error: <md> is not allowed here.
logs\main-assembled.xml:77105:3: error: <md> is not allowed here.
logs\main-assembled.xml:77113:3: error: <md> is not allowed here.
logs\main-assembled.xml:77121:3: error: <md> is not allowed here.
logs\main-assembled.xml:77125:3: error: <md> is not allowed here.
logs\main-assembled.xml:77131:3: error: <md> is not allowed here.
logs\main-assembled.xml:77135:3: error: <md> is not allowed here.
logs\main-assembled.xml:77184:3: error: <md> is not allowed here.
logs\main-assembled.xml:77188:3: error: <md> is not allowed here.
logs\main-assembled.xml:77192:3: error: <md> is not allowed here.
logs\main-assembled.xml:77198:3: error: <md> is not allowed here.
logs\main-assembled.xml:77202:3: error: <md> is not allowed here.
logs\main-assembled.xml:77206:3: error: <md> is not allowed here.
logs\main-assembled.xml:77210:3: error: <md> is not allowed here.
logs\main-assembled.xml:77216:3: error: <md> is not allowed here.
logs\main-assembled.xml:77221:9: error: <md> is not allowed here.
logs\main-assembled.xml:77232:3: error: <md> is not allowed here.
logs\main-assembled.xml:77236:3: error: <md> is not allowed here.
logs\main-assembled.xml:77242:3: error: <md> is not allowed here.
logs\main-assembled.xml:77266:3: error: <subsection> is not allowed here.
logs\main-assembled.xml:77271:3: error: <md> is not allowed here.
logs\main-assembled.xml:77278:3: error: <md> is not allowed here.
logs\main-assembled.xml:77283:3: error: <md> is not allowed here.
logs\main-assembled.xml:77290:9: error: <md> is not allowed here.
logs\main-assembled.xml:77294:9: error: <md> is not allowed here.
logs\main-assembled.xml:77301:3: error: <md> is not allowed here.
logs\main-assembled.xml:77347:3: error: <md> is not allowed here.
logs\main-assembled.xml:77351:3: error: <md> is not allowed here.
logs\main-assembled.xml:77357:3: error: <md> is not allowed here.
logs\main-assembled.xml:77361:3: error: <md> is not allowed here.
logs\main-assembled.xml:77385:3: error: <md> is not allowed here.
logs\main-assembled.xml:77389:3: error: <md> is not allowed here.
logs\main-assembled.xml:77393:3: error: <md> is not allowed here.
logs\main-assembled.xml:77397:3: error: <md> is not allowed here.
logs\main-assembled.xml:77408:3: error: <md> is not allowed here.
logs\main-assembled.xml:77412:3: error: <md> is not allowed here.
logs\main-assembled.xml:77416:3: error: <md> is not allowed here.
logs\main-assembled.xml:77420:3: error: <md> is not allowed here.
logs\main-assembled.xml:77424:3: error: <md> is not allowed here.
logs\main-assembled.xml:77431:3: error: <md> is not allowed here.
logs\main-assembled.xml:77433:3: error: <md> is not allowed here.
logs\main-assembled.xml:77437:3: error: <md> is not allowed here.
logs\main-assembled.xml:77441:3: error: <md> is not allowed here.
logs\main-assembled.xml:77487:3: error: <md> is not allowed here.
logs\main-assembled.xml:77491:3: error: <md> is not allowed here.
logs\main-assembled.xml:77495:3: error: <md> is not allowed here.
logs\main-assembled.xml:77499:3: error: <md> is not allowed here.
logs\main-assembled.xml:77506:3: error: <md> is not allowed here.
logs\main-assembled.xml:77521:3: error: <md> is not allowed here.
logs\main-assembled.xml:77525:3: error: <md> is not allowed here.
logs\main-assembled.xml:77529:3: error: <md> is not allowed here.
logs\main-assembled.xml:77533:3: error: <md> is not allowed here.
logs\main-assembled.xml:77537:3: error: <md> is not allowed here.
logs\main-assembled.xml:77541:3: error: <md> is not allowed here.
logs\main-assembled.xml:77545:3: error: <md> is not allowed here.
logs\main-assembled.xml:77551:3: error: <md> is not allowed here.
logs\main-assembled.xml:77555:3: error: <md> is not allowed here.
logs\main-assembled.xml:77559:3: error: <md> is not allowed here.
logs\main-assembled.xml:77565:3: error: <md> is not allowed here.
logs\main-assembled.xml:77567:3: error: <warning> is not allowed here.
logs\main-assembled.xml:77570:9: error: <md> is not allowed here.
logs\main-assembled.xml:77578:3: error: <subsection> is not allowed here.
logs\main-assembled.xml:77583:3: error: <md> is not allowed here.
logs\main-assembled.xml:77589:3: error: <md> is not allowed here.
logs\main-assembled.xml:77595:3: error: <md> is not allowed here.
logs\main-assembled.xml:77601:3: error: <md> is not allowed here.
logs\main-assembled.xml:77607:3: error: <md> is not allowed here.
logs\main-assembled.xml:77613:3: error: <md> is not allowed here.
logs\main-assembled.xml:77615:3: error: <md> is not allowed here.
logs\main-assembled.xml:77620:3: error: <md> is not allowed here.
logs\main-assembled.xml:77626:3: error: <md> is not allowed here.
logs\main-assembled.xml:77630:3: error: <md> is not allowed here.
logs\main-assembled.xml:77638:9: error: <md> is not allowed here.
logs\main-assembled.xml:77642:9: error: <md> is not allowed here.
logs\main-assembled.xml:77672:3: error: <md> is not allowed here.
logs\main-assembled.xml:77676:3: error: <md> is not allowed here.
logs\main-assembled.xml:77680:3: error: <md> is not allowed here.
logs\main-assembled.xml:77693:3: error: <md> is not allowed here.
logs\main-assembled.xml:77699:3: error: <md> is not allowed here.
logs\main-assembled.xml:77703:3: error: <md> is not allowed here.
logs\main-assembled.xml:77709:3: error: <md> is not allowed here.
logs\main-assembled.xml:77717:3: error: <md> is not allowed here.
logs\main-assembled.xml:77721:3: error: <md> is not allowed here.
logs\main-assembled.xml:77727:3: error: <md> is not allowed here.
logs\main-assembled.xml:77733:3: error: <md> is not allowed here.
logs\main-assembled.xml:77739:3: error: <md> is not allowed here.
logs\main-assembled.xml:77746:3: error: <md> is not allowed here.
logs\main-assembled.xml:77752:3: error: <md> is not allowed here.
logs\main-assembled.xml:77756:3: error: <md> is not allowed here.
logs\main-assembled.xml:77764:3: error: <md> is not allowed here.
logs\main-assembled.xml:77768:3: error: <warning> is not allowed here.
logs\main-assembled.xml:77771:9: error: <md> is not allowed here.
logs\main-assembled.xml:77773:9: error: <md> is not allowed here.
logs\main-assembled.xml:77781:3: error: <subsection> is not allowed here.
logs\main-assembled.xml:77793:5: error: <tabular> is not allowed here.
logs\main-assembled.xml:77795:15: error: <strong> is not allowed here.
logs\main-assembled.xml:77796:15: error: <strong> is not allowed here.
logs\main-assembled.xml:77813:9: error: <title> is not allowed here.
logs\main-assembled.xml:77820:3: error: <md> is not allowed here.
logs\main-assembled.xml:77824:3: error: <md> is not allowed here.
logs\main-assembled.xml:77828:3: error: <md> is not allowed here.
logs\main-assembled.xml:77832:3: error: <md> is not allowed here.
logs\main-assembled.xml:77836:3: error: <md> is not allowed here.
logs\main-assembled.xml:77840:3: error: <md> is not allowed here.
logs\main-assembled.xml:77844:3: error: <md> is not allowed here.
logs\main-assembled.xml:77848:3: error: <md> is not allowed here.
logs\main-assembled.xml:77852:3: error: <md> is not allowed here.
logs\main-assembled.xml:77860:3: error: <md> is not allowed here.
logs\main-assembled.xml:77864:3: error: <md> is not allowed here.
logs\main-assembled.xml:77868:3: error: <md> is not allowed here.
logs\main-assembled.xml:77872:3: error: <md> is not allowed here.
logs\main-assembled.xml:77876:3: error: <md> is not allowed here.
logs\main-assembled.xml:77880:3: error: <md> is not allowed here.
logs\main-assembled.xml:77929:3: error: <md> is not allowed here.
logs\main-assembled.xml:77933:3: error: <md> is not allowed here.
logs\main-assembled.xml:77939:3: error: <md> is not allowed here.
logs\main-assembled.xml:77945:3: error: <md> is not allowed here.
logs\main-assembled.xml:77949:3: error: <md> is not allowed here.
logs\main-assembled.xml:77955:3: error: <md> is not allowed here.
logs\main-assembled.xml:77961:3: error: <md> is not allowed here.
logs\main-assembled.xml:77965:3: error: <md> is not allowed here.
logs\main-assembled.xml:77976:11: error: <ol> is not allowed here.
logs\main-assembled.xml:78035:3: error: <md> is not allowed here.
logs\main-assembled.xml:78044:3: error: <subsection> is not allowed here.
logs\main-assembled.xml:78051:3: error: <md> is not allowed here.
logs\main-assembled.xml:78056:3: error: <md> is not allowed here.
logs\main-assembled.xml:78063:3: error: <md> is not allowed here.
logs\main-assembled.xml:78067:3: error: <md> is not allowed here.
logs\main-assembled.xml:78073:3: error: <md> is not allowed here.
logs\main-assembled.xml:78077:3: error: <md> is not allowed here.
logs\main-assembled.xml:78081:3: error: <md> is not allowed here.
logs\main-assembled.xml:78085:3: error: <md> is not allowed here.
logs\main-assembled.xml:78089:3: error: <md> is not allowed here.
logs\main-assembled.xml:78153:9: error: <md> is not allowed here.
logs\main-assembled.xml:78163:5: error: <tabular> is not allowed here.
logs\main-assembled.xml:78165:15: error: <strong> is not allowed here.
logs\main-assembled.xml:78166:15: error: <strong> is not allowed here.
logs\main-assembled.xml:78181:9: error: <title> is not allowed here.
logs\main-assembled.xml:78192:3: error: <md> is not allowed here.
logs\main-assembled.xml:78198:3: error: <md> is not allowed here.
logs\main-assembled.xml:78202:3: error: <md> is not allowed here.
logs\main-assembled.xml:78209:3: error: <md> is not allowed here.
logs\main-assembled.xml:78213:3: error: <md> is not allowed here.
logs\main-assembled.xml:78235:3: error: <subsection> is not allowed here.
logs\main-assembled.xml:78245:3: error: <md> is not allowed here.
logs\main-assembled.xml:78251:3: error: <md> is not allowed here.
logs\main-assembled.xml:78261:3: error: <md> is not allowed here.
logs\main-assembled.xml:78267:3: error: <md> is not allowed here.
logs\main-assembled.xml:78293:3: error: <md> is not allowed here.
logs\main-assembled.xml:78297:3: error: <md> is not allowed here.
logs\main-assembled.xml:78301:3: error: <md> is not allowed here.
logs\main-assembled.xml:78307:3: error: <md> is not allowed here.
logs\main-assembled.xml:78311:3: error: <md> is not allowed here.
logs\main-assembled.xml:78320:3: error: <md> is not allowed here.
logs\main-assembled.xml:78328:3: error: <md> is not allowed here.
logs\main-assembled.xml:78332:3: error: <md> is not allowed here.
logs\main-assembled.xml:78336:3: error: <md> is not allowed here.
logs\main-assembled.xml:78340:3: error: <md> is not allowed here.
logs\main-assembled.xml:78346:3: error: <md> is not allowed here.
logs\main-assembled.xml:78352:3: error: <md> is not allowed here.
logs\main-assembled.xml:78363:3: error: <md> is not allowed here.
logs\main-assembled.xml:78367:3: error: <md> is not allowed here.
logs\main-assembled.xml:78373:3: error: <md> is not allowed here.
logs\main-assembled.xml:78379:3: error: <md> is not allowed here.
logs\main-assembled.xml:78383:3: error: <md> is not allowed here.
logs\main-assembled.xml:78387:3: error: <md> is not allowed here.
logs\main-assembled.xml:78391:3: error: <md> is not allowed here.
logs\main-assembled.xml:78400:3: error: <md> is not allowed here.
logs\main-assembled.xml:78406:3: error: <md> is not allowed here.
logs\main-assembled.xml:78410:3: error: <md> is not allowed here.
logs\main-assembled.xml:78414:3: error: <md> is not allowed here.
logs\main-assembled.xml:78420:3: error: <md> is not allowed here.
logs\main-assembled.xml:78426:3: error: <md> is not allowed here.
logs\main-assembled.xml:78430:3: error: <md> is not allowed here.
logs\main-assembled.xml:78441:3: error: <md> is not allowed here.
logs\main-assembled.xml:78445:3: error: <md> is not allowed here.
logs\main-assembled.xml:78451:3: error: <md> is not allowed here.
logs\main-assembled.xml:78457:3: error: <md> is not allowed here.
logs\main-assembled.xml:78461:3: error: <md> is not allowed here.
logs\main-assembled.xml:78465:3: error: <md> is not allowed here.
logs\main-assembled.xml:78469:3: error: <md> is not allowed here.
logs\main-assembled.xml:78473:3: error: <md> is not allowed here.
logs\main-assembled.xml:78476:5: error: <tabular> is not allowed here.
logs\main-assembled.xml:78478:15: error: <strong> is not allowed here.
logs\main-assembled.xml:78479:15: error: <strong> is not allowed here.
logs\main-assembled.xml:78480:15: error: <strong> is not allowed here.
logs\main-assembled.xml:78481:15: error: <strong> is not allowed here.
logs\main-assembled.xml:78504:9: error: <title> is not allowed here.
logs\main-assembled.xml:78569:3: error: <subsection> is not allowed here.
logs\main-assembled.xml:78577:3: error: <md> is not allowed here.
logs\main-assembled.xml:78582:3: error: <md> is not allowed here.
logs\main-assembled.xml:78586:3: error: <md> is not allowed here.
logs\main-assembled.xml:78591:3: error: <md> is not allowed here.
logs\main-assembled.xml:78595:3: error: <md> is not allowed here.
logs\main-assembled.xml:78599:3: error: <md> is not allowed here.
logs\main-assembled.xml:78603:3: error: <md> is not allowed here.
logs\main-assembled.xml:78607:3: error: <md> is not allowed here.
logs\main-assembled.xml:78611:3: error: <md> is not allowed here.
logs\main-assembled.xml:78615:3: error: <md> is not allowed here.
logs\main-assembled.xml:78619:3: error: <md> is not allowed here.
logs\main-assembled.xml:78625:3: error: <md> is not allowed here.
logs\main-assembled.xml:78629:3: error: <md> is not allowed here.
logs\main-assembled.xml:78636:3: error: <md> is not allowed here.
logs\main-assembled.xml:78642:3: error: <md> is not allowed here.
logs\main-assembled.xml:78649:5: error: <tabular> is not allowed here.
logs\main-assembled.xml:78651:15: error: <strong> is not allowed here.
logs\main-assembled.xml:78652:15: error: <strong> is not allowed here.
logs\main-assembled.xml:78667:9: error: <title> is not allowed here.
logs\main-assembled.xml:78689:3: error: <md> is not allowed here.
logs\main-assembled.xml:78693:3: error: <md> is not allowed here.
logs\main-assembled.xml:78701:3: error: <md> is not allowed here.
logs\main-assembled.xml:78707:3: error: <md> is not allowed here.
logs\main-assembled.xml:78718:3: error: <md> is not allowed here.
logs\main-assembled.xml:78722:3: error: <md> is not allowed here.
logs\main-assembled.xml:78728:3: error: <md> is not allowed here.
logs\main-assembled.xml:78732:3: error: <md> is not allowed here.
logs\main-assembled.xml:78736:3: error: <md> is not allowed here.
logs\main-assembled.xml:78740:3: error: <md> is not allowed here.
logs\main-assembled.xml:78744:3: error: <md> is not allowed here.
logs\main-assembled.xml:78748:3: error: <md> is not allowed here.
logs\main-assembled.xml:78752:3: error: <md> is not allowed here.
logs\main-assembled.xml:78756:3: error: <md> is not allowed here.
logs\main-assembled.xml:78760:3: error: <md> is not allowed here.
logs\main-assembled.xml:78764:3: error: <md> is not allowed here.
logs\main-assembled.xml:78813:3: error: <md> is not allowed here.
logs\main-assembled.xml:78817:3: error: <md> is not allowed here.
logs\main-assembled.xml:78821:3: error: <md> is not allowed here.
logs\main-assembled.xml:78827:3: error: <md> is not allowed here.
logs\main-assembled.xml:78831:3: error: <md> is not allowed here.
logs\main-assembled.xml:78837:3: error: <md> is not allowed here.
logs\main-assembled.xml:78841:3: error: <md> is not allowed here.
logs\main-assembled.xml:78851:3: error: <subsection> is not allowed here.
logs\main-assembled.xml:78858:3: error: <md> is not allowed here.
logs\main-assembled.xml:78865:3: error: <md> is not allowed here.
logs\main-assembled.xml:78872:3: error: <md> is not allowed here.
logs\main-assembled.xml:78876:3: error: <md> is not allowed here.
logs\main-assembled.xml:78882:3: error: <md> is not allowed here.
logs\main-assembled.xml:78887:5: error: <tabular> is not allowed here.
logs\main-assembled.xml:78889:15: error: <strong> is not allowed here.
logs\main-assembled.xml:78890:15: error: <strong> is not allowed here.
logs\main-assembled.xml:78891:15: error: <strong> is not allowed here.
logs\main-assembled.xml:78917:9: error: <title> is not allowed here.
logs\main-assembled.xml:79002:3: error: <md> is not allowed here.
logs\main-assembled.xml:79040:3: error: <md> is not allowed here.
logs\main-assembled.xml:79050:3: error: <subsection> is not allowed here.
logs\main-assembled.xml:79055:3: error: <md> is not allowed here.
logs\main-assembled.xml:79065:3: error: <md> is not allowed here.
logs\main-assembled.xml:79074:3: error: <md> is not allowed here.
logs\main-assembled.xml:79078:3: error: <md> is not allowed here.
logs\main-assembled.xml:79082:3: error: <md> is not allowed here.
logs\main-assembled.xml:79086:3: error: <md> is not allowed here.
logs\main-assembled.xml:79091:3: error: <md> is not allowed here.
logs\main-assembled.xml:79095:3: error: <md> is not allowed here.
logs\main-assembled.xml:79099:3: error: <md> is not allowed here.
logs\main-assembled.xml:79105:3: error: <md> is not allowed here.
logs\main-assembled.xml:79109:3: error: <md> is not allowed here.
logs\main-assembled.xml:79115:3: error: <md> is not allowed here.
logs\main-assembled.xml:79119:3: error: <md> is not allowed here.
logs\main-assembled.xml:79125:3: error: <md> is not allowed here.
logs\main-assembled.xml:79149:3: error: <md> is not allowed here.
logs\main-assembled.xml:79153:3: error: <md> is not allowed here.
logs\main-assembled.xml:79157:3: error: <md> is not allowed here.
logs\main-assembled.xml:79161:3: error: <md> is not allowed here.
logs\main-assembled.xml:79167:3: error: <md> is not allowed here.
logs\main-assembled.xml:79171:3: error: <md> is not allowed here.
logs\main-assembled.xml:79175:3: error: <md> is not allowed here.
logs\main-assembled.xml:79232:3: error: <subsection> is not allowed here.
logs\main-assembled.xml:79246:3: error: <md> is not allowed here.
logs\main-assembled.xml:79250:3: error: <md> is not allowed here.
logs\main-assembled.xml:79257:3: error: <md> is not allowed here.
logs\main-assembled.xml:79261:3: error: <md> is not allowed here.
logs\main-assembled.xml:79269:3: error: <md> is not allowed here.
logs\main-assembled.xml:79277:3: error: <md> is not allowed here.
logs\main-assembled.xml:79283:3: error: <md> is not allowed here.
logs\main-assembled.xml:79290:3: error: <md> is not allowed here.
logs\main-assembled.xml:79295:3: error: <md> is not allowed here.
logs\main-assembled.xml:79321:3: error: <md> is not allowed here.
logs\main-assembled.xml:79325:3: error: <md> is not allowed here.
logs\main-assembled.xml:79329:3: error: <md> is not allowed here.
logs\main-assembled.xml:79333:3: error: <md> is not allowed here.
logs\main-assembled.xml:79337:3: error: <md> is not allowed here.
logs\main-assembled.xml:79343:3: error: <md> is not allowed here.
logs\main-assembled.xml:79355:3: error: <note> is not allowed here.
logs\main-assembled.xml:79371:3: error: <subsection> is not allowed here.
logs\main-assembled.xml:79389:3: error: <md> is not allowed here.
logs\main-assembled.xml:79393:3: error: <md> is not allowed here.
logs\main-assembled.xml:79400:3: error: <md> is not allowed here.
logs\main-assembled.xml:79405:3: error: <md> is not allowed here.
logs\main-assembled.xml:79413:3: error: <md> is not allowed here.
logs\main-assembled.xml:79422:3: error: <md> is not allowed here.
logs\main-assembled.xml:79426:3: error: <md> is not allowed here.
logs\main-assembled.xml:79430:3: error: <md> is not allowed here.
logs\main-assembled.xml:79434:3: error: <md> is not allowed here.
logs\main-assembled.xml:79440:3: error: <md> is not allowed here.
logs\main-assembled.xml:79444:3: error: <md> is not allowed here.
logs\main-assembled.xml:79450:3: error: <md> is not allowed here.
logs\main-assembled.xml:79460:9: error: <md> is not allowed here.
logs\main-assembled.xml:79483:3: error: <subsection> is not allowed here.
logs\main-assembled.xml:79488:3: error: <md> is not allowed here.
logs\main-assembled.xml:79492:3: error: <md> is not allowed here.
logs\main-assembled.xml:79496:3: error: <md> is not allowed here.
logs\main-assembled.xml:79504:3: error: <md> is not allowed here.
logs\main-assembled.xml:79510:3: error: <md> is not allowed here.
logs\main-assembled.xml:79514:3: error: <md> is not allowed here.
logs\main-assembled.xml:79530:3: error: <md> is not allowed here.
logs\main-assembled.xml:79535:3: error: <md> is not allowed here.
logs\main-assembled.xml:79569:3: error: <md> is not allowed here.
logs\main-assembled.xml:79575:3: error: <subsection> is not allowed here.
logs\main-assembled.xml:79580:3: error: <md> is not allowed here.
logs\main-assembled.xml:79584:3: error: <md> is not allowed here.
logs\main-assembled.xml:79590:3: error: <md> is not allowed here.
logs\main-assembled.xml:79594:3: error: <md> is not allowed here.
logs\main-assembled.xml:79598:3: error: <md> is not allowed here.
logs\main-assembled.xml:79635:3: error: <md> is not allowed here.
logs\main-assembled.xml:79644:3: error: <md> is not allowed here.
logs\main-assembled.xml:79650:3: error: <md> is not allowed here.
logs\main-assembled.xml:79656:3: error: <md> is not allowed here.
logs\main-assembled.xml:79682:3: error: <md> is not allowed here.
logs\main-assembled.xml:79688:3: error: <md> is not allowed here.
logs\main-assembled.xml:79692:3: error: <md> is not allowed here.
logs\main-assembled.xml:79696:3: error: <md> is not allowed here.
logs\main-assembled.xml:79700:3: error: <md> is not allowed here.
logs\main-assembled.xml:79708:3: error: <md> is not allowed here.
logs\main-assembled.xml:79715:3: error: <subsection> is not allowed here.
logs\main-assembled.xml:79722:3: error: <md> is not allowed here.
logs\main-assembled.xml:79726:3: error: <md> is not allowed here.
logs\main-assembled.xml:79730:3: error: <md> is not allowed here.
logs\main-assembled.xml:79736:3: error: <md> is not allowed here.
logs\main-assembled.xml:79742:3: error: <md> is not allowed here.
logs\main-assembled.xml:79746:3: error: <md> is not allowed here.
logs\main-assembled.xml:79750:3: error: <md> is not allowed here.
logs\main-assembled.xml:79761:9: error: <md> is not allowed here.
logs\main-assembled.xml:79765:9: error: <md> is not allowed here.
logs\main-assembled.xml:79772:3: error: <md> is not allowed here.
logs\main-assembled.xml:79776:3: error: <md> is not allowed here.
logs\main-assembled.xml:79798:3: error: <md> is not allowed here.
logs\main-assembled.xml:79805:3: error: <md> is not allowed here.
logs\main-assembled.xml:79809:3: error: <md> is not allowed here.
logs\main-assembled.xml:79813:3: error: <md> is not allowed here.
logs\main-assembled.xml:79854:3: error: <md> is not allowed here.
logs\main-assembled.xml:79858:3: error: <md> is not allowed here.
logs\main-assembled.xml:79862:3: error: <md> is not allowed here.
logs\main-assembled.xml:79869:3: error: <md> is not allowed here.
logs\main-assembled.xml:79877:3: error: <md> is not allowed here.
logs\main-assembled.xml:79885:3: error: <md> is not allowed here.
logs\main-assembled.xml:79889:3: error: <md> is not allowed here.
logs\main-assembled.xml:79896:3: error: <subsection> is not allowed here.
logs\main-assembled.xml:79901:3: error: <md> is not allowed here.
logs\main-assembled.xml:79907:3: error: <md> is not allowed here.
logs\main-assembled.xml:79917:3: error: <md> is not allowed here.
logs\main-assembled.xml:79921:3: error: <md> is not allowed here.
logs\main-assembled.xml:79927:3: error: <md> is not allowed here.
logs\main-assembled.xml:79933:3: error: <md> is not allowed here.
logs\main-assembled.xml:79940:9: error: <md> is not allowed here.
logs\main-assembled.xml:79949:3: error: <md> is not allowed here.
logs\main-assembled.xml:79953:3: error: <md> is not allowed here.
logs\main-assembled.xml:79957:3: error: <md> is not allowed here.
logs\main-assembled.xml:79961:3: error: <md> is not allowed here.
logs\main-assembled.xml:79965:3: error: <md> is not allowed here.
logs\main-assembled.xml:79969:3: error: <md> is not allowed here.
logs\main-assembled.xml:79973:3: error: <md> is not allowed here.
logs\main-assembled.xml:79979:3: error: <md> is not allowed here.
logs\main-assembled.xml:80000:3: error: <subsection> is not allowed here.
logs\main-assembled.xml:80007:3: error: <md> is not allowed here.
logs\main-assembled.xml:80011:3: error: <md> is not allowed here.
logs\main-assembled.xml:80015:3: error: <md> is not allowed here.
logs\main-assembled.xml:80019:3: error: <md> is not allowed here.
logs\main-assembled.xml:80057:3: error: <md> is not allowed here.
logs\main-assembled.xml:80061:3: error: <md> is not allowed here.
logs\main-assembled.xml:80067:3: error: <md> is not allowed here.
logs\main-assembled.xml:80073:3: error: <md> is not allowed here.
logs\main-assembled.xml:80079:3: error: <md> is not allowed here.
logs\main-assembled.xml:80085:3: error: <md> is not allowed here.
logs\main-assembled.xml:80089:3: error: <md> is not allowed here.
logs\main-assembled.xml:80093:3: error: <md> is not allowed here.
logs\main-assembled.xml:80099:3: error: <md> is not allowed here.
logs\main-assembled.xml:80103:3: error: <md> is not allowed here.
logs\main-assembled.xml:80107:3: error: <md> is not allowed here.
logs\main-assembled.xml:80111:3: error: <md> is not allowed here.
logs\main-assembled.xml:80115:3: error: <md> is not allowed here.
logs\main-assembled.xml:80120:9: error: <md> is not allowed here.
logs\main-assembled.xml:80122:9: error: <md> is not allowed here.
logs\main-assembled.xml:80160:3: error: <md> is not allowed here.
logs\main-assembled.xml:80162:3: error: <md> is not allowed here.
logs\main-assembled.xml:80166:3: error: <md> is not allowed here.
logs\main-assembled.xml:80176:3: error: <md> is not allowed here.
logs\main-assembled.xml:80180:3: error: <subsection> is not allowed here.
logs\main-assembled.xml:80187:3: error: <md> is not allowed here.
logs\main-assembled.xml:80193:3: error: <md> is not allowed here.
logs\main-assembled.xml:80197:3: error: <md> is not allowed here.
logs\main-assembled.xml:80201:3: error: <md> is not allowed here.
logs\main-assembled.xml:80208:3: error: <md> is not allowed here.
logs\main-assembled.xml:80214:3: error: <md> is not allowed here.
logs\main-assembled.xml:80225:3: error: <md> is not allowed here.
logs\main-assembled.xml:80233:3: error: <md> is not allowed here.
logs\main-assembled.xml:80237:3: error: <md> is not allowed here.
logs\main-assembled.xml:80241:3: error: <md> is not allowed here.
logs\main-assembled.xml:80289:9: error: <md> is not allowed here.
logs\main-assembled.xml:80315:3: error: <subsection> is not allowed here.
logs\main-assembled.xml:80321:3: error: <md> is not allowed here.
logs\main-assembled.xml:80327:3: error: <md> is not allowed here.
logs\main-assembled.xml:80331:3: error: <md> is not allowed here.
logs\main-assembled.xml:80335:3: error: <md> is not allowed here.
logs\main-assembled.xml:80339:3: error: <md> is not allowed here.
logs\main-assembled.xml:80345:3: error: <md> is not allowed here.
logs\main-assembled.xml:80349:3: error: <md> is not allowed here.
logs\main-assembled.xml:80353:3: error: <md> is not allowed here.
logs\main-assembled.xml:80406:3: error: <md> is not allowed here.
logs\main-assembled.xml:80411:3: error: <md> is not allowed here.
logs\main-assembled.xml:80419:3: error: <md> is not allowed here.
logs\main-assembled.xml:80425:3: error: <md> is not allowed here.
logs\main-assembled.xml:80430:3: error: <md> is not allowed here.
logs\main-assembled.xml:80440:9: error: <md> is not allowed here.
logs\main-assembled.xml:80464:3: error: <subsection> is not allowed here.
logs\main-assembled.xml:80469:3: error: <md> is not allowed here.
logs\main-assembled.xml:80475:3: error: <md> is not allowed here.
logs\main-assembled.xml:80479:3: error: <md> is not allowed here.
logs\main-assembled.xml:80483:3: error: <md> is not allowed here.
logs\main-assembled.xml:80487:3: error: <md> is not allowed here.
logs\main-assembled.xml:80495:3: error: <md> is not allowed here.
logs\main-assembled.xml:80501:3: error: <md> is not allowed here.
logs\main-assembled.xml:80503:3: error: <md> is not allowed here.
logs\main-assembled.xml:80505:3: error: <md> is not allowed here.
logs\main-assembled.xml:80509:3: error: <md> is not allowed here.
logs\main-assembled.xml:80518:3: error: <md> is not allowed here.
logs\main-assembled.xml:80524:3: error: <md> is not allowed here.
logs\main-assembled.xml:80535:3: error: <md> is not allowed here.
logs\main-assembled.xml:80544:3: error: <md> is not allowed here.
logs\main-assembled.xml:80550:3: error: <md> is not allowed here.
logs\main-assembled.xml:80642:3: error: <md> is not allowed here.
logs\main-assembled.xml:80648:3: error: <md> is not allowed here.
logs\main-assembled.xml:80671:3: error: <subsection> is not allowed here.
logs\main-assembled.xml:80677:5: error: <tabular> is not allowed here.
logs\main-assembled.xml:80679:15: error: <strong> is not allowed here.
logs\main-assembled.xml:80680:15: error: <strong> is not allowed here.
logs\main-assembled.xml:80717:9: error: <title> is not allowed here.
logs\main-assembled.xml:80750:3: error: <md> is not allowed here.
logs\main-assembled.xml:80765:3: error: <md> is not allowed here.
logs\main-assembled.xml:80769:3: error: <subsection> is not allowed here.
logs\main-assembled.xml:80773:5: error: <tabular> is not allowed here.
logs\main-assembled.xml:80775:15: error: <strong> is not allowed here.
logs\main-assembled.xml:80776:15: error: <strong> is not allowed here.
logs\main-assembled.xml:80798:9: error: <title> is not allowed here.
logs\main-assembled.xml:80804:3: error: <subsection> is not allowed here.
logs\main-assembled.xml:80811:3: error: <md> is not allowed here.
logs\main-assembled.xml:80817:3: error: <md> is not allowed here.
logs\main-assembled.xml:80823:3: error: <md> is not allowed here.
logs\main-assembled.xml:80829:3: error: <md> is not allowed here.
logs\main-assembled.xml:80839:3: error: <md> is not allowed here.
logs\main-assembled.xml:80847:3: error: <md> is not allowed here.
logs\main-assembled.xml:80855:3: error: <md> is not allowed here.
logs\main-assembled.xml:80865:3: error: <md> is not allowed here.
logs\main-assembled.xml:80875:3: error: <md> is not allowed here.
logs\main-assembled.xml:80879:3: error: <md> is not allowed here.
logs\main-assembled.xml:80885:3: error: <md> is not allowed here.
logs\main-assembled.xml:80894:3: error: <md> is not allowed here.
logs\main-assembled.xml:80900:3: error: <md> is not allowed here.
logs\main-assembled.xml:80910:3: error: <md> is not allowed here.
logs\main-assembled.xml:80917:5: error: <tabular> is not allowed here.
logs\main-assembled.xml:80919:15: error: <strong> is not allowed here.
logs\main-assembled.xml:80920:15: error: <strong> is not allowed here.
logs\main-assembled.xml:80937:9: error: <title> is not allowed here.
logs\main-assembled.xml:80941:3: error: <md> is not allowed here.
logs\main-assembled.xml:80947:3: error: <md> is not allowed here.
logs\main-assembled.xml:80953:3: error: <md> is not allowed here.
logs\main-assembled.xml:80961:3: error: <md> is not allowed here.
logs\main-assembled.xml:80965:3: error: <md> is not allowed here.
logs\main-assembled.xml:80969:3: error: <md> is not allowed here.
logs\main-assembled.xml:80975:3: error: <md> is not allowed here.
logs\main-assembled.xml:80981:3: error: <md> is not allowed here.
logs\main-assembled.xml:80987:3: error: <md> is not allowed here.
logs\main-assembled.xml:80995:3: error: <md> is not allowed here.
logs\main-assembled.xml:81000:3: error: <subsection> is not allowed here.
logs\main-assembled.xml:81005:5: error: <ol> is not allowed here.
logs\main-assembled.xml:81017:11: error: <md> is not allowed here.
logs\main-assembled.xml:81038:11: error: <md> is not allowed here.
logs\main-assembled.xml:81043:11: error: <md> is not allowed here.
logs\main-assembled.xml:81076:3: error: <subsection> is not allowed here.
logs\main-assembled.xml:81079:5: error: <ol> is not allowed here.
logs\main-assembled.xml:81082:11: error: <md> is not allowed here.
logs\main-assembled.xml:81091:11: error: <md> is not allowed here.
logs\main-assembled.xml:81095:11: error: <md> is not allowed here.
logs\main-assembled.xml:81100:11: error: <md> is not allowed here.
logs\main-assembled.xml:81109:11: error: <md> is not allowed here.
logs\main-assembled.xml:81118:11: error: <md> is not allowed here.
logs\main-assembled.xml:81127:11: error: <md> is not allowed here.
logs\main-assembled.xml:81132:11: error: <md> is not allowed here.
logs\main-assembled.xml:81137:11: error: <md> is not allowed here.
logs\main-assembled.xml:81139:11: error: <md> is not allowed here.
logs\main-assembled.xml:81143:11: error: <md> is not allowed here.
logs\main-assembled.xml:81147:11: error: <md> is not allowed here.
logs\main-assembled.xml:81152:11: error: <md> is not allowed here.
logs\main-assembled.xml:81157:11: error: <md> is not allowed here.
logs\main-assembled.xml:81162:11: error: <md> is not allowed here.
logs\main-assembled.xml:81167:11: error: <md> is not allowed here.
logs\main-assembled.xml:81173:11: error: <md> is not allowed here.
logs\main-assembled.xml:81200:3: error: <subsection> is not allowed here.
logs\main-assembled.xml:81208:3: error: <md> is not allowed here.
logs\main-assembled.xml:81214:3: error: <md> is not allowed here.
logs\main-assembled.xml:81218:3: error: <md> is not allowed here.
logs\main-assembled.xml:81222:3: error: <md> is not allowed here.
logs\main-assembled.xml:81227:5: error: <ol> is not allowed here.
logs\main-assembled.xml:81230:11: error: <md> is not allowed here.
logs\main-assembled.xml:81236:11: error: <md> is not allowed here.
logs\main-assembled.xml:81244:11: error: <md> is not allowed here.
logs\main-assembled.xml:81246:11: error: <md> is not allowed here.
logs\main-assembled.xml:81251:11: error: <md> is not allowed here.
logs\main-assembled.xml:81256:11: error: <md> is not allowed here.
logs\main-assembled.xml:81259:14: error: Missing required content. Expected one of: <p>, <blockquote>, <pre>, <image>, <video>, <audio>, <program>, <console>, <tabular>, <figure>, <table>, <listing>, … (47 more).
logs\main-assembled.xml:81321:3: error: <subsection> is not allowed here.
logs\main-assembled.xml:81335:3: error: <md> is not allowed here.
logs\main-assembled.xml:81343:5: error: <ol> is not allowed here.
logs\main-assembled.xml:81346:11: error: <md> is not allowed here.
logs\main-assembled.xml:81348:11: error: <md> is not allowed here.
logs\main-assembled.xml:81358:11: error: <md> is not allowed here.
logs\main-assembled.xml:81360:11: error: <md> is not allowed here.
logs\main-assembled.xml:81362:11: error: <md> is not allowed here.
logs\main-assembled.xml:81364:11: error: <md> is not allowed here.
logs\main-assembled.xml:81369:11: error: <md> is not allowed here.
logs\main-assembled.xml:81373:11: error: <md> is not allowed here.
logs\main-assembled.xml:81379:11: error: <md> is not allowed here.
logs\main-assembled.xml:81385:11: error: <md> is not allowed here.
logs\main-assembled.xml:81398:14: error: Missing required content. Expected one of: <p>, <blockquote>, <pre>, <image>, <video>, <audio>, <program>, <console>, <tabular>, <figure>, <table>, <listing>, … (47 more).
logs\main-assembled.xml:81423:3: error: <subsection> is not allowed here.
logs\main-assembled.xml:81428:3: error: <md> is not allowed here.
logs\main-assembled.xml:81438:3: error: <md> is not allowed here.
logs\main-assembled.xml:81442:3: error: <md> is not allowed here.
logs\main-assembled.xml:81477:3: error: <md> is not allowed here.
logs\main-assembled.xml:81483:3: error: <md> is not allowed here.
logs\main-assembled.xml:81490:3: error: <md> is not allowed here.
logs\main-assembled.xml:81496:3: error: <md> is not allowed here.
logs\main-assembled.xml:81517:3: error: <md> is not allowed here.
logs\main-assembled.xml:81521:3: error: <md> is not allowed here.
logs\main-assembled.xml:81525:3: error: <subsection> is not allowed here.
logs\main-assembled.xml:81530:3: error: <md> is not allowed here.
logs\main-assembled.xml:81534:3: error: <md> is not allowed here.
logs\main-assembled.xml:81541:9: error: <md> is not allowed here.
logs\main-assembled.xml:81543:9: error: <md> is not allowed here.
logs\main-assembled.xml:81549:3: error: <md> is not allowed here.
logs\main-assembled.xml:81553:3: error: <md> is not allowed here.
logs\main-assembled.xml:81575:3: error: <md> is not allowed here.
logs\main-assembled.xml:81580:3: error: <md> is not allowed here.
logs\main-assembled.xml:81591:3: error: <md> is not allowed here.
logs\main-assembled.xml:81596:3: error: <md> is not allowed here.
logs\main-assembled.xml:81608:3: error: <md> is not allowed here.
logs\main-assembled.xml:81613:3: error: <md> is not allowed here.
logs\main-assembled.xml:81666:3: error: <md> is not allowed here.
logs\main-assembled.xml:81672:3: error: <md> is not allowed here.
logs\main-assembled.xml:81678:3: error: <md> is not allowed here.
logs\main-assembled.xml:81690:3: error: <subsection> is not allowed here.
logs\main-assembled.xml:81695:3: error: <md> is not allowed here.
logs\main-assembled.xml:81699:3: error: <md> is not allowed here.
logs\main-assembled.xml:81703:3: error: <md> is not allowed here.
logs\main-assembled.xml:81714:9: error: <md> is not allowed here.
logs\main-assembled.xml:81716:9: error: <md> is not allowed here.
logs\main-assembled.xml:81729:9: error: <md> is not allowed here.
logs\main-assembled.xml:81731:9: error: <md> is not allowed here.
logs\main-assembled.xml:81733:9: error: <md> is not allowed here.
logs\main-assembled.xml:81739:3: error: <md> is not allowed here.
logs\main-assembled.xml:81766:3: error: <md> is not allowed here.
logs\main-assembled.xml:81770:3: error: <md> is not allowed here.
logs\main-assembled.xml:81774:3: error: <md> is not allowed here.
logs\main-assembled.xml:81778:3: error: <md> is not allowed here.
logs\main-assembled.xml:81782:3: error: <md> is not allowed here.
logs\main-assembled.xml:81786:3: error: <md> is not allowed here.
logs\main-assembled.xml:81790:3: error: <md> is not allowed here.
logs\main-assembled.xml:81794:3: error: <md> is not allowed here.
logs\main-assembled.xml:81808:3: error: <md> is not allowed here.
logs\main-assembled.xml:81812:3: error: <md> is not allowed here.
logs\main-assembled.xml:81816:3: error: <md> is not allowed here.
logs\main-assembled.xml:81824:3: error: <md> is not allowed here.
logs\main-assembled.xml:81835:3: error: <md> is not allowed here.
logs\main-assembled.xml:81839:3: error: <md> is not allowed here.
logs\main-assembled.xml:81850:3: error: <md> is not allowed here.
logs\main-assembled.xml:81861:3: error: <md> is not allowed here.
logs\main-assembled.xml:81865:3: error: <md> is not allowed here.
logs\main-assembled.xml:81869:3: error: <md> is not allowed here.
logs\main-assembled.xml:81874:3: error: <note> is not allowed here.
logs\main-assembled.xml:81888:3: error: <subsection> is not allowed here.
logs\main-assembled.xml:81896:9: error: <md> is not allowed here.
logs\main-assembled.xml:81900:9: error: <md> is not allowed here.
logs\main-assembled.xml:81901:9: error: <md> is not allowed here.
logs\main-assembled.xml:81902:9: error: <md> is not allowed here.
logs\main-assembled.xml:81904:9: error: <md> is not allowed here.
logs\main-assembled.xml:81906:9: error: <md> is not allowed here.
logs\main-assembled.xml:81916:3: error: <md> is not allowed here.
logs\main-assembled.xml:81920:3: error: <md> is not allowed here.
logs\main-assembled.xml:81926:3: error: <md> is not allowed here.
logs\main-assembled.xml:81932:3: error: <md> is not allowed here.
logs\main-assembled.xml:81945:3: error: <md> is not allowed here.
logs\main-assembled.xml:81949:3: error: <md> is not allowed here.
logs\main-assembled.xml:81955:3: error: <md> is not allowed here.
logs\main-assembled.xml:81969:3: error: <md> is not allowed here.
logs\main-assembled.xml:81973:3: error: <md> is not allowed here.
logs\main-assembled.xml:81977:3: error: <md> is not allowed here.
logs\main-assembled.xml:81998:3: error: <subsection> is not allowed here.
logs\main-assembled.xml:82005:3: error: <md> is not allowed here.
logs\main-assembled.xml:82009:3: error: <md> is not allowed here.
logs\main-assembled.xml:82019:9: error: <md> is not allowed here.
logs\main-assembled.xml:82022:9: error: <md> is not allowed here.
logs\main-assembled.xml:82032:9: error: <md> is not allowed here.
logs\main-assembled.xml:82035:9: error: <md> is not allowed here.
logs\main-assembled.xml:82060:3: error: <md> is not allowed here.
logs\main-assembled.xml:82066:3: error: <md> is not allowed here.
logs\main-assembled.xml:82070:3: error: <theorem> is not allowed here.
logs\main-assembled.xml:82089:3: error: <md> is not allowed here.
logs\main-assembled.xml:82096:3: error: <md> is not allowed here.
logs\main-assembled.xml:82103:3: error: <md> is not allowed here.
logs\main-assembled.xml:82107:3: error: <md> is not allowed here.
logs\main-assembled.xml:82119:3: error: <md> is not allowed here.
logs\main-assembled.xml:82125:3: error: <md> is not allowed here.
logs\main-assembled.xml:82129:3: error: <md> is not allowed here.
logs\main-assembled.xml:82133:3: error: <md> is not allowed here.
logs\main-assembled.xml:82143:3: error: <md> is not allowed here.
logs\main-assembled.xml:82148:3: error: <md> is not allowed here.
logs\main-assembled.xml:82160:3: error: <md> is not allowed here.
logs\main-assembled.xml:82170:3: error: <md> is not allowed here.
logs\main-assembled.xml:82174:3: error: <md> is not allowed here.
logs\main-assembled.xml:82182:3: error: <subsection> is not allowed here.
logs\main-assembled.xml:82187:3: error: <md> is not allowed here.
logs\main-assembled.xml:82193:3: error: <md> is not allowed here.
logs\main-assembled.xml:82197:3: error: <md> is not allowed here.
logs\main-assembled.xml:82201:3: error: <md> is not allowed here.
logs\main-assembled.xml:82205:3: error: <md> is not allowed here.
logs\main-assembled.xml:82209:3: error: <md> is not allowed here.
logs\main-assembled.xml:82216:9: error: <md> is not allowed here.
logs\main-assembled.xml:82218:9: error: <md> is not allowed here.
logs\main-assembled.xml:82246:3: error: <md> is not allowed here.
logs\main-assembled.xml:82254:3: error: <md> is not allowed here.
logs\main-assembled.xml:82264:3: error: <md> is not allowed here.
logs\main-assembled.xml:82268:3: error: <md> is not allowed here.
logs\main-assembled.xml:82274:3: error: <md> is not allowed here.
logs\main-assembled.xml:82282:3: error: <md> is not allowed here.
logs\main-assembled.xml:82289:3: error: <md> is not allowed here.
logs\main-assembled.xml:82293:3: error: <md> is not allowed here.
logs\main-assembled.xml:82297:3: error: <md> is not allowed here.
logs\main-assembled.xml:82345:3: error: <md> is not allowed here.
logs\main-assembled.xml:82351:3: error: <md> is not allowed here.
logs\main-assembled.xml:82355:3: error: <md> is not allowed here.
logs\main-assembled.xml:82359:3: error: <md> is not allowed here.
logs\main-assembled.xml:82363:3: error: <md> is not allowed here.
logs\main-assembled.xml:82369:3: error: <note> is not allowed here.
logs\main-assembled.xml:82401:3: error: <md> is not allowed here.
logs\main-assembled.xml:82405:3: error: <subsection> is not allowed here.
logs\main-assembled.xml:82410:3: error: <md> is not allowed here.
logs\main-assembled.xml:82414:3: error: <md> is not allowed here.
logs\main-assembled.xml:82420:3: error: <md> is not allowed here.
logs\main-assembled.xml:82424:3: error: <md> is not allowed here.
logs\main-assembled.xml:82428:3: error: <md> is not allowed here.
logs\main-assembled.xml:82433:9: error: <md> is not allowed here.
logs\main-assembled.xml:82442:9: error: <md> is not allowed here.
logs\main-assembled.xml:82444:9: error: <md> is not allowed here.
logs\main-assembled.xml:82446:9: error: <md> is not allowed here.
logs\main-assembled.xml:82458:3: error: <md> is not allowed here.
logs\main-assembled.xml:82462:3: error: <md> is not allowed here.
logs\main-assembled.xml:82464:3: error: <md> is not allowed here.
logs\main-assembled.xml:82466:3: error: <md> is not allowed here.
logs\main-assembled.xml:82470:3: error: <md> is not allowed here.
logs\main-assembled.xml:82474:3: error: <md> is not allowed here.
logs\main-assembled.xml:82478:3: error: <md> is not allowed here.
logs\main-assembled.xml:82482:3: error: <md> is not allowed here.
logs\main-assembled.xml:82486:3: error: <md> is not allowed here.
logs\main-assembled.xml:82530:3: error: <subsection> is not allowed here.
logs\main-assembled.xml:82535:3: error: <md> is not allowed here.
logs\main-assembled.xml:82540:3: error: <md> is not allowed here.
logs\main-assembled.xml:82550:3: error: <md> is not allowed here.
logs\main-assembled.xml:82554:3: error: <md> is not allowed here.
logs\main-assembled.xml:82564:3: error: <md> is not allowed here.
logs\main-assembled.xml:82568:3: error: <md> is not allowed here.
logs\main-assembled.xml:82579:3: error: <md> is not allowed here.
logs\main-assembled.xml:82583:3: error: <md> is not allowed here.
logs\main-assembled.xml:82593:3: error: <md> is not allowed here.
logs\main-assembled.xml:82597:3: error: <md> is not allowed here.
logs\main-assembled.xml:82614:3: error: <md> is not allowed here.
logs\main-assembled.xml:82635:3: error: <subsection> is not allowed here.
logs\main-assembled.xml:82642:3: error: <md> is not allowed here.
logs\main-assembled.xml:82651:3: error: <md> is not allowed here.
logs\main-assembled.xml:82655:3: error: <md> is not allowed here.
logs\main-assembled.xml:82661:3: error: <md> is not allowed here.
logs\main-assembled.xml:82665:3: error: <md> is not allowed here.
logs\main-assembled.xml:82669:3: error: <md> is not allowed here.
logs\main-assembled.xml:82673:3: error: <md> is not allowed here.
logs\main-assembled.xml:82682:9: error: <md> is not allowed here.
logs\main-assembled.xml:82695:3: error: <md> is not allowed here.
logs\main-assembled.xml:82699:3: error: <md> is not allowed here.
logs\main-assembled.xml:82703:3: error: <md> is not allowed here.
logs\main-assembled.xml:82709:3: error: <md> is not allowed here.
logs\main-assembled.xml:82713:3: error: <md> is not allowed here.
logs\main-assembled.xml:82718:9: error: <md> is not allowed here.
logs\main-assembled.xml:82722:9: error: <md> is not allowed here.
logs\main-assembled.xml:82724:9: error: <md> is not allowed here.
logs\main-assembled.xml:82735:3: error: <md> is not allowed here.
logs\main-assembled.xml:82739:3: error: <md> is not allowed here.
logs\main-assembled.xml:82743:3: error: <md> is not allowed here.
logs\main-assembled.xml:82747:3: error: <md> is not allowed here.
logs\main-assembled.xml:82757:3: error: <md> is not allowed here.
logs\main-assembled.xml:82763:3: error: <md> is not allowed here.
logs\main-assembled.xml:82769:3: error: <md> is not allowed here.
logs\main-assembled.xml:82776:3: error: <md> is not allowed here.
logs\main-assembled.xml:82801:3: error: <md> is not allowed here.
logs\main-assembled.xml:82805:3: error: <md> is not allowed here.
logs\main-assembled.xml:82811:3: error: <md> is not allowed here.
logs\main-assembled.xml:82815:3: error: <md> is not allowed here.
logs\main-assembled.xml:82830:3: error: <md> is not allowed here.
logs\main-assembled.xml:82834:3: error: <md> is not allowed here.
logs\main-assembled.xml:82838:3: error: <md> is not allowed here.
logs\main-assembled.xml:82849:3: error: <md> is not allowed here.
logs\main-assembled.xml:82853:3: error: <md> is not allowed here.
logs\main-assembled.xml:82865:3: error: <md> is not allowed here.
logs\main-assembled.xml:82869:3: error: <md> is not allowed here.
logs\main-assembled.xml:82873:3: error: <md> is not allowed here.
logs\main-assembled.xml:82879:3: error: <md> is not allowed here.
logs\main-assembled.xml:82889:3: error: <md> is not allowed here.
logs\main-assembled.xml:82903:3: error: <md> is not allowed here.
logs\main-assembled.xml:82909:3: error: <md> is not allowed here.
logs\main-assembled.xml:82913:3: error: <md> is not allowed here.
logs\main-assembled.xml:82919:3: error: <md> is not allowed here.
logs\main-assembled.xml:82923:3: error: <md> is not allowed here.
logs\main-assembled.xml:82927:3: error: <md> is not allowed here.
logs\main-assembled.xml:82931:3: error: <md> is not allowed here.
logs\main-assembled.xml:82935:3: error: <md> is not allowed here.
logs\main-assembled.xml:82945:3: error: <subsection> is not allowed here.
logs\main-assembled.xml:82952:3: error: <md> is not allowed here.
logs\main-assembled.xml:82956:3: error: <md> is not allowed here.
logs\main-assembled.xml:82968:3: error: <md> is not allowed here.
logs\main-assembled.xml:82972:3: error: <md> is not allowed here.
logs\main-assembled.xml:82976:3: error: <md> is not allowed here.
logs\main-assembled.xml:82985:11: error: <ol> is not allowed here.
logs\main-assembled.xml:83021:3: error: <md> is not allowed here.
logs\main-assembled.xml:83025:3: error: <md> is not allowed here.
logs\main-assembled.xml:83031:3: error: <md> is not allowed here.
logs\main-assembled.xml:83037:3: error: <md> is not allowed here.
logs\main-assembled.xml:83048:3: error: <md> is not allowed here.
logs\main-assembled.xml:83052:3: error: <md> is not allowed here.
logs\main-assembled.xml:83064:3: error: <md> is not allowed here.
logs\main-assembled.xml:83068:3: error: <md> is not allowed here.
logs\main-assembled.xml:83072:3: error: <md> is not allowed here.
logs\main-assembled.xml:83079:3: error: <warning> is not allowed here.
logs\main-assembled.xml:83088:3: error: <subsection> is not allowed here.
logs\main-assembled.xml:83093:3: error: <md> is not allowed here.
logs\main-assembled.xml:83100:3: error: <md> is not allowed here.
logs\main-assembled.xml:83104:3: error: <md> is not allowed here.
logs\main-assembled.xml:83118:3: error: <md> is not allowed here.
logs\main-assembled.xml:83155:3: error: <md> is not allowed here.
logs\main-assembled.xml:83161:3: error: <md> is not allowed here.
logs\main-assembled.xml:83168:3: error: <subsection> is not allowed here.
logs\main-assembled.xml:83173:3: error: <md> is not allowed here.
logs\main-assembled.xml:83177:3: error: <md> is not allowed here.
logs\main-assembled.xml:83181:3: error: <md> is not allowed here.
logs\main-assembled.xml:83186:3: error: <md> is not allowed here.
logs\main-assembled.xml:83188:3: error: <md> is not allowed here.
logs\main-assembled.xml:83190:3: error: <md> is not allowed here.
logs\main-assembled.xml:83192:3: error: <md> is not allowed here.
logs\main-assembled.xml:83201:3: error: <md> is not allowed here.
logs\main-assembled.xml:83208:3: error: <md> is not allowed here.
logs\main-assembled.xml:83231:3: error: <subsection> is not allowed here.
logs\main-assembled.xml:83238:3: error: <md> is not allowed here.
logs\main-assembled.xml:83242:3: error: <md> is not allowed here.
logs\main-assembled.xml:83246:3: error: <md> is not allowed here.
logs\main-assembled.xml:83250:3: error: <md> is not allowed here.
logs\main-assembled.xml:83255:3: error: <md> is not allowed here.
logs\main-assembled.xml:83261:3: error: <md> is not allowed here.
logs\main-assembled.xml:83268:9: error: <md> is not allowed here.
logs\main-assembled.xml:83270:9: error: <md> is not allowed here.
logs\main-assembled.xml:83272:9: error: <md> is not allowed here.
logs\main-assembled.xml:83279:3: error: <md> is not allowed here.
logs\main-assembled.xml:83305:3: error: <md> is not allowed here.
logs\main-assembled.xml:83311:3: error: <md> is not allowed here.
logs\main-assembled.xml:83315:3: error: <md> is not allowed here.
logs\main-assembled.xml:83319:3: error: <md> is not allowed here.
logs\main-assembled.xml:83333:3: error: <md> is not allowed here.
logs\main-assembled.xml:83337:3: error: <md> is not allowed here.
logs\main-assembled.xml:83347:3: error: <md> is not allowed here.
logs\main-assembled.xml:83362:3: error: <md> is not allowed here.
logs\main-assembled.xml:83372:3: error: <subsection> is not allowed here.
logs\main-assembled.xml:83377:3: error: <md> is not allowed here.
logs\main-assembled.xml:83386:3: error: <md> is not allowed here.
logs\main-assembled.xml:83404:3: error: <subsection> is not allowed here.
logs\main-assembled.xml:83409:3: error: <md> is not allowed here.
logs\main-assembled.xml:83419:3: error: <md> is not allowed here.
logs\main-assembled.xml:83423:3: error: <md> is not allowed here.
logs\main-assembled.xml:83427:3: error: <md> is not allowed here.
logs\main-assembled.xml:83431:3: error: <md> is not allowed here.
logs\main-assembled.xml:83442:3: error: <md> is not allowed here.
logs\main-assembled.xml:83447:3: error: <md> is not allowed here.
logs\main-assembled.xml:83451:3: error: <md> is not allowed here.
logs\main-assembled.xml:83455:3: error: <md> is not allowed here.
logs\main-assembled.xml:83464:3: error: <md> is not allowed here.
logs\main-assembled.xml:83469:3: error: <md> is not allowed here.
logs\main-assembled.xml:83547:3: error: <md> is not allowed here.
logs\main-assembled.xml:83551:3: error: <md> is not allowed here.
logs\main-assembled.xml:83555:3: error: <md> is not allowed here.
logs\main-assembled.xml:83559:3: error: <md> is not allowed here.
logs\main-assembled.xml:83563:3: error: <md> is not allowed here.
logs\main-assembled.xml:83570:9: error: <md> is not allowed here.
logs\main-assembled.xml:83579:3: error: <subsection> is not allowed here.
logs\main-assembled.xml:83587:3: error: <md> is not allowed here.
logs\main-assembled.xml:83591:3: error: <md> is not allowed here.
logs\main-assembled.xml:83595:3: error: <md> is not allowed here.
logs\main-assembled.xml:83635:3: error: <md> is not allowed here.
logs\main-assembled.xml:83639:3: error: <md> is not allowed here.
logs\main-assembled.xml:83648:9: error: <md> is not allowed here.
logs\main-assembled.xml:83650:9: error: <md> is not allowed here.
logs\main-assembled.xml:83652:9: error: <md> is not allowed here.
logs\main-assembled.xml:83661:3: error: <md> is not allowed here.
logs\main-assembled.xml:83665:3: error: <md> is not allowed here.
logs\main-assembled.xml:83669:3: error: <md> is not allowed here.
logs\main-assembled.xml:83673:3: error: <md> is not allowed here.
logs\main-assembled.xml:83679:3: error: <md> is not allowed here.
logs\main-assembled.xml:83689:3: error: <md> is not allowed here.
logs\main-assembled.xml:83695:3: error: <md> is not allowed here.
logs\main-assembled.xml:83700:3: error: <md> is not allowed here.
logs\main-assembled.xml:83706:3: error: <md> is not allowed here.
logs\main-assembled.xml:83714:3: error: <md> is not allowed here.
logs\main-assembled.xml:83718:3: error: <md> is not allowed here.
logs\main-assembled.xml:83732:3: error: <md> is not allowed here.
logs\main-assembled.xml:83736:3: error: <md> is not allowed here.
logs\main-assembled.xml:83740:3: error: <md> is not allowed here.
logs\main-assembled.xml:83748:3: error: <md> is not allowed here.
logs\main-assembled.xml:83770:3: error: <md> is not allowed here.
logs\main-assembled.xml:83791:3: error: <subsection> is not allowed here.
logs\main-assembled.xml:83799:3: error: <md> is not allowed here.
logs\main-assembled.xml:83803:3: error: <md> is not allowed here.
logs\main-assembled.xml:83807:3: error: <md> is not allowed here.
logs\main-assembled.xml:83811:3: error: <md> is not allowed here.
logs\main-assembled.xml:83815:3: error: <md> is not allowed here.
logs\main-assembled.xml:83819:3: error: <md> is not allowed here.
logs\main-assembled.xml:83829:3: error: <md> is not allowed here.
logs\main-assembled.xml:83845:3: error: <md> is not allowed here.
logs\main-assembled.xml:83849:3: error: <md> is not allowed here.
logs\main-assembled.xml:83853:3: error: <md> is not allowed here.
logs\main-assembled.xml:83857:3: error: <md> is not allowed here.
logs\main-assembled.xml:83865:3: error: <md> is not allowed here.
logs\main-assembled.xml:83871:3: error: <md> is not allowed here.
logs\main-assembled.xml:83875:3: error: <md> is not allowed here.
logs\main-assembled.xml:83883:3: error: <md> is not allowed here.
logs\main-assembled.xml:83897:3: error: <md> is not allowed here.
logs\main-assembled.xml:83903:3: error: <md> is not allowed here.
logs\main-assembled.xml:83907:3: error: <md> is not allowed here.
logs\main-assembled.xml:83911:3: error: <md> is not allowed here.
logs\main-assembled.xml:83935:3: error: <subsection> is not allowed here.
logs\main-assembled.xml:83946:9: error: <md> is not allowed here.
logs\main-assembled.xml:83949:9: error: <md> is not allowed here.
logs\main-assembled.xml:83951:9: error: <md> is not allowed here.
logs\main-assembled.xml:83954:9: error: <md> is not allowed here.
logs\main-assembled.xml:83956:9: error: <md> is not allowed here.
logs\main-assembled.xml:83958:9: error: <md> is not allowed here.
logs\main-assembled.xml:83996:3: error: <md> is not allowed here.
logs\main-assembled.xml:84002:3: error: <md> is not allowed here.
logs\main-assembled.xml:84006:3: error: <md> is not allowed here.
logs\main-assembled.xml:84010:3: error: <md> is not allowed here.
logs\main-assembled.xml:84014:3: error: <md> is not allowed here.
logs\main-assembled.xml:84025:3: error: <md> is not allowed here.
logs\main-assembled.xml:84031:3: error: <md> is not allowed here.
logs\main-assembled.xml:84035:3: error: <md> is not allowed here.
logs\main-assembled.xml:84039:3: error: <md> is not allowed here.
logs\main-assembled.xml:84043:3: error: <md> is not allowed here.
logs\main-assembled.xml:84047:3: error: <md> is not allowed here.
logs\main-assembled.xml:84058:3: error: <md> is not allowed here.
logs\main-assembled.xml:84064:3: error: <md> is not allowed here.
logs\main-assembled.xml:84068:3: error: <md> is not allowed here.
logs\main-assembled.xml:84072:3: error: <md> is not allowed here.
logs\main-assembled.xml:84076:3: error: <md> is not allowed here.
logs\main-assembled.xml:84080:3: error: <md> is not allowed here.
logs\main-assembled.xml:84090:3: error: <subsection> is not allowed here.
logs\main-assembled.xml:84098:3: error: <md> is not allowed here.
logs\main-assembled.xml:84102:3: error: <md> is not allowed here.
logs\main-assembled.xml:84111:9: error: <md> is not allowed here.
logs\main-assembled.xml:84115:9: error: <md> is not allowed here.
logs\main-assembled.xml:84117:9: error: <md> is not allowed here.
logs\main-assembled.xml:84119:9: error: <md> is not allowed here.
logs\main-assembled.xml:84121:9: error: <md> is not allowed here.
logs\main-assembled.xml:84130:3: error: <md> is not allowed here.
logs\main-assembled.xml:84135:3: error: <md> is not allowed here.
logs\main-assembled.xml:84139:3: error: <md> is not allowed here.
logs\main-assembled.xml:84150:3: error: <md> is not allowed here.
logs\main-assembled.xml:84156:3: error: <md> is not allowed here.
logs\main-assembled.xml:84160:3: error: <md> is not allowed here.
logs\main-assembled.xml:84164:3: error: <md> is not allowed here.
logs\main-assembled.xml:84174:3: error: <md> is not allowed here.
logs\main-assembled.xml:84178:3: error: <md> is not allowed here.
logs\main-assembled.xml:84182:3: error: <md> is not allowed here.
logs\main-assembled.xml:84186:3: error: <md> is not allowed here.
logs\main-assembled.xml:84197:3: error: <md> is not allowed here.
logs\main-assembled.xml:84203:3: error: <md> is not allowed here.
logs\main-assembled.xml:84207:3: error: <md> is not allowed here.
logs\main-assembled.xml:84211:3: error: <md> is not allowed here.
logs\main-assembled.xml:84221:3: error: <md> is not allowed here.
logs\main-assembled.xml:84225:3: error: <md> is not allowed here.
logs\main-assembled.xml:84229:3: error: <md> is not allowed here.
logs\main-assembled.xml:84240:3: error: <md> is not allowed here.
logs\main-assembled.xml:84244:3: error: <md> is not allowed here.
logs\main-assembled.xml:84248:3: error: <md> is not allowed here.
logs\main-assembled.xml:84269:3: error: <subsection> is not allowed here.
logs\main-assembled.xml:84274:3: error: <md> is not allowed here.
logs\main-assembled.xml:84278:3: error: <md> is not allowed here.
logs\main-assembled.xml:84282:3: error: <md> is not allowed here.
logs\main-assembled.xml:84291:9: error: <md> is not allowed here.
logs\main-assembled.xml:84293:9: error: <md> is not allowed here.
logs\main-assembled.xml:84295:9: error: <md> is not allowed here.
logs\main-assembled.xml:84303:3: error: <md> is not allowed here.
logs\main-assembled.xml:84309:3: error: <md> is not allowed here.
logs\main-assembled.xml:84317:3: error: <md> is not allowed here.
logs\main-assembled.xml:84321:3: error: <md> is not allowed here.
logs\main-assembled.xml:84329:3: error: <md> is not allowed here.
logs\main-assembled.xml:84335:3: error: <md> is not allowed here.
logs\main-assembled.xml:84341:3: error: <md> is not allowed here.
logs\main-assembled.xml:84366:3: error: <md> is not allowed here.
logs\main-assembled.xml:84370:3: error: <md> is not allowed here.
logs\main-assembled.xml:84374:3: error: <md> is not allowed here.
logs\main-assembled.xml:84380:3: error: <md> is not allowed here.
logs\main-assembled.xml:84384:3: error: <md> is not allowed here.
logs\main-assembled.xml:84390:3: error: <md> is not allowed here.
logs\main-assembled.xml:84396:3: error: <note> is not allowed here.
logs\main-assembled.xml:84416:3: error: <md> is not allowed here.
logs\main-assembled.xml:84435:3: error: <md> is not allowed here.
logs\main-assembled.xml:84439:3: error: <md> is not allowed here.
logs\main-assembled.xml:84446:3: error: <md> is not allowed here.
logs\main-assembled.xml:84450:3: error: <subsection> is not allowed here.
logs\main-assembled.xml:84455:3: error: <md> is not allowed here.
logs\main-assembled.xml:84459:3: error: <md> is not allowed here.
logs\main-assembled.xml:84461:3: error: <md> is not allowed here.
logs\main-assembled.xml:84463:3: error: <md> is not allowed here.
logs\main-assembled.xml:84465:3: error: <md> is not allowed here.
logs\main-assembled.xml:84469:3: error: <md> is not allowed here.
logs\main-assembled.xml:84473:3: error: <md> is not allowed here.
logs\main-assembled.xml:84481:3: error: <md> is not allowed here.
logs\main-assembled.xml:84531:3: error: <subsection> is not allowed here.
logs\main-assembled.xml:84536:3: error: <md> is not allowed here.
logs\main-assembled.xml:84542:3: error: <md> is not allowed here.
logs\main-assembled.xml:84548:3: error: <md> is not allowed here.
logs\main-assembled.xml:84554:3: error: <md> is not allowed here.
logs\main-assembled.xml:84558:3: error: <md> is not allowed here.
logs\main-assembled.xml:84565:9: error: <md> is not allowed here.
logs\main-assembled.xml:84569:9: error: <md> is not allowed here.
logs\main-assembled.xml:84571:9: error: <md> is not allowed here.
logs\main-assembled.xml:84579:3: error: <md> is not allowed here.
logs\main-assembled.xml:84588:3: error: <md> is not allowed here.
logs\main-assembled.xml:84592:3: error: <md> is not allowed here.
logs\main-assembled.xml:84594:3: error: <md> is not allowed here.
logs\main-assembled.xml:84596:3: error: <md> is not allowed here.
logs\main-assembled.xml:84600:3: error: <md> is not allowed here.
logs\main-assembled.xml:84606:3: error: <md> is not allowed here.
logs\main-assembled.xml:84612:3: error: <md> is not allowed here.
logs\main-assembled.xml:84614:3: error: <md> is not allowed here.
logs\main-assembled.xml:84616:3: error: <md> is not allowed here.
logs\main-assembled.xml:84620:3: error: <md> is not allowed here.
logs\main-assembled.xml:84624:3: error: <md> is not allowed here.
logs\main-assembled.xml:84628:3: error: <md> is not allowed here.
logs\main-assembled.xml:84633:3: error: <md> is not allowed here.
logs\main-assembled.xml:84637:3: error: <md> is not allowed here.
logs\main-assembled.xml:84645:9: error: <md> is not allowed here.
logs\main-assembled.xml:84647:9: error: <md> is not allowed here.
logs\main-assembled.xml:84673:3: error: <md> is not allowed here.
logs\main-assembled.xml:84679:3: error: <md> is not allowed here.
logs\main-assembled.xml:84683:3: error: <md> is not allowed here.
logs\main-assembled.xml:84687:3: error: <md> is not allowed here.
logs\main-assembled.xml:84694:3: error: <md> is not allowed here.
logs\main-assembled.xml:84705:3: error: <md> is not allowed here.
logs\main-assembled.xml:84711:3: error: <md> is not allowed here.
logs\main-assembled.xml:84715:3: error: <md> is not allowed here.
logs\main-assembled.xml:84717:3: error: <md> is not allowed here.
logs\main-assembled.xml:84721:3: error: <md> is not allowed here.
logs\main-assembled.xml:84725:3: error: <md> is not allowed here.
logs\main-assembled.xml:84732:3: error: <md> is not allowed here.
logs\main-assembled.xml:84740:3: error: <subsection> is not allowed here.
logs\main-assembled.xml:84745:3: error: <md> is not allowed here.
logs\main-assembled.xml:84749:3: error: <md> is not allowed here.
logs\main-assembled.xml:84758:3: error: <md> is not allowed here.
logs\main-assembled.xml:84762:3: error: <md> is not allowed here.
logs\main-assembled.xml:84766:3: error: <md> is not allowed here.
logs\main-assembled.xml:84770:3: error: <md> is not allowed here.
logs\main-assembled.xml:84774:3: error: <md> is not allowed here.
logs\main-assembled.xml:84786:3: error: <md> is not allowed here.
logs\main-assembled.xml:84793:3: error: <md> is not allowed here.
logs\main-assembled.xml:84797:3: error: <md> is not allowed here.
logs\main-assembled.xml:84805:3: error: <md> is not allowed here.
logs\main-assembled.xml:84809:3: error: <md> is not allowed here.
logs\main-assembled.xml:84813:3: error: <md> is not allowed here.
logs\main-assembled.xml:84824:3: error: <md> is not allowed here.
logs\main-assembled.xml:84828:3: error: <md> is not allowed here.
logs\main-assembled.xml:84836:3: error: <md> is not allowed here.
logs\main-assembled.xml:84843:3: error: <md> is not allowed here.
logs\main-assembled.xml:84864:3: error: <subsection> is not allowed here.
logs\main-assembled.xml:84871:3: error: <md> is not allowed here.
logs\main-assembled.xml:84875:3: error: <md> is not allowed here.
logs\main-assembled.xml:84883:3: error: <md> is not allowed here.
logs\main-assembled.xml:84889:3: error: <md> is not allowed here.
logs\main-assembled.xml:84894:3: error: <md> is not allowed here.
logs\main-assembled.xml:84904:9: error: <md> is not allowed here.
logs\main-assembled.xml:84906:9: error: <md> is not allowed here.
logs\main-assembled.xml:84908:9: error: <md> is not allowed here.
logs\main-assembled.xml:84917:3: error: <md> is not allowed here.
logs\main-assembled.xml:84921:3: error: <md> is not allowed here.
logs\main-assembled.xml:84946:3: error: <md> is not allowed here.
logs\main-assembled.xml:84950:3: error: <md> is not allowed here.
logs\main-assembled.xml:84954:3: error: <md> is not allowed here.
logs\main-assembled.xml:84958:3: error: <md> is not allowed here.
logs\main-assembled.xml:84962:3: error: <md> is not allowed here.
logs\main-assembled.xml:84968:3: error: <md> is not allowed here.
logs\main-assembled.xml:84972:3: error: <md> is not allowed here.
logs\main-assembled.xml:84976:3: error: <md> is not allowed here.
logs\main-assembled.xml:84985:3: error: <md> is not allowed here.
logs\main-assembled.xml:84991:3: error: <md> is not allowed here.
logs\main-assembled.xml:84995:3: error: <md> is not allowed here.
logs\main-assembled.xml:84999:3: error: <md> is not allowed here.
logs\main-assembled.xml:85003:3: error: <md> is not allowed here.
logs\main-assembled.xml:85007:3: error: <md> is not allowed here.
logs\main-assembled.xml:85013:3: error: <md> is not allowed here.
logs\main-assembled.xml:85025:3: error: <md> is not allowed here.
logs\main-assembled.xml:85031:3: error: <md> is not allowed here.
logs\main-assembled.xml:85035:3: error: <md> is not allowed here.
logs\main-assembled.xml:85041:3: error: <md> is not allowed here.
logs\main-assembled.xml:85045:3: error: <md> is not allowed here.
logs\main-assembled.xml:85054:3: error: <subsection> is not allowed here.
logs\main-assembled.xml:85059:3: error: <md> is not allowed here.
logs\main-assembled.xml:85065:3: error: <md> is not allowed here.
logs\main-assembled.xml:85077:9: error: <md> is not allowed here.
logs\main-assembled.xml:85079:9: error: <md> is not allowed here.
logs\main-assembled.xml:85081:9: error: <md> is not allowed here.
logs\main-assembled.xml:85087:3: error: <md> is not allowed here.
logs\main-assembled.xml:85129:3: error: <md> is not allowed here.
logs\main-assembled.xml:85134:3: error: <subsection> is not allowed here.
logs\main-assembled.xml:85139:3: error: <md> is not allowed here.
logs\main-assembled.xml:85145:3: error: <md> is not allowed here.
logs\main-assembled.xml:85150:9: error: <md> is not allowed here.
logs\main-assembled.xml:85152:9: error: <md> is not allowed here.
logs\main-assembled.xml:85162:9: error: <md> is not allowed here.
logs\main-assembled.xml:85164:9: error: <md> is not allowed here.
logs\main-assembled.xml:85175:3: error: <md> is not allowed here.
logs\main-assembled.xml:85181:3: error: <md> is not allowed here.
logs\main-assembled.xml:85187:3: error: <md> is not allowed here.
logs\main-assembled.xml:85191:3: error: <md> is not allowed here.
logs\main-assembled.xml:85197:3: error: <md> is not allowed here.
logs\main-assembled.xml:85201:3: error: <md> is not allowed here.
logs\main-assembled.xml:85207:3: error: <md> is not allowed here.
logs\main-assembled.xml:85232:3: error: <md> is not allowed here.
logs\main-assembled.xml:85236:3: error: <md> is not allowed here.
logs\main-assembled.xml:85244:3: error: <md> is not allowed here.
logs\main-assembled.xml:85256:3: error: <md> is not allowed here.
logs\main-assembled.xml:85262:3: error: <md> is not allowed here.
logs\main-assembled.xml:85270:3: error: <md> is not allowed here.
logs\main-assembled.xml:85282:3: error: <md> is not allowed here.
logs\main-assembled.xml:85288:3: error: <md> is not allowed here.
logs\main-assembled.xml:85292:3: error: <md> is not allowed here.
logs\main-assembled.xml:85298:3: error: <md> is not allowed here.
logs\main-assembled.xml:85302:3: error: <md> is not allowed here.
logs\main-assembled.xml:85306:3: error: <md> is not allowed here.
logs\main-assembled.xml:85317:3: error: <subsection> is not allowed here.
logs\main-assembled.xml:85325:3: error: <md> is not allowed here.
logs\main-assembled.xml:85333:3: error: <md> is not allowed here.
logs\main-assembled.xml:85343:9: error: <md> is not allowed here.
logs\main-assembled.xml:85345:9: error: <md> is not allowed here.
logs\main-assembled.xml:85348:5: error: <tabular> is not allowed here.
logs\main-assembled.xml:85350:15: error: <strong> is not allowed here.
logs\main-assembled.xml:85351:15: error: <strong> is not allowed here.
logs\main-assembled.xml:85368:9: error: <title> is not allowed here.
logs\main-assembled.xml:85376:3: error: <md> is not allowed here.
logs\main-assembled.xml:85380:3: error: <md> is not allowed here.
logs\main-assembled.xml:85384:3: error: <md> is not allowed here.
logs\main-assembled.xml:85388:3: error: <md> is not allowed here.
logs\main-assembled.xml:85392:3: error: <md> is not allowed here.
logs\main-assembled.xml:85396:3: error: <md> is not allowed here.
logs\main-assembled.xml:85402:3: error: <md> is not allowed here.
logs\main-assembled.xml:85406:3: error: <md> is not allowed here.
logs\main-assembled.xml:85416:3: error: <md> is not allowed here.
logs\main-assembled.xml:85422:3: error: <md> is not allowed here.
logs\main-assembled.xml:85426:3: error: <md> is not allowed here.
logs\main-assembled.xml:85434:3: error: <md> is not allowed here.
logs\main-assembled.xml:85440:3: error: <md> is not allowed here.
logs\main-assembled.xml:85444:3: error: <md> is not allowed here.
logs\main-assembled.xml:85458:3: error: <md> is not allowed here.
logs\main-assembled.xml:85464:3: error: <md> is not allowed here.
logs\main-assembled.xml:85468:3: error: <md> is not allowed here.
logs\main-assembled.xml:85476:3: error: <md> is not allowed here.
logs\main-assembled.xml:85480:3: error: <md> is not allowed here.
logs\main-assembled.xml:85492:3: error: <md> is not allowed here.
logs\main-assembled.xml:85498:3: error: <md> is not allowed here.
logs\main-assembled.xml:85502:3: error: <md> is not allowed here.
logs\main-assembled.xml:85510:3: error: <md> is not allowed here.
logs\main-assembled.xml:85516:3: error: <md> is not allowed here.
logs\main-assembled.xml:85522:3: error: <md> is not allowed here.
logs\main-assembled.xml:85536:3: error: <md> is not allowed here.
logs\main-assembled.xml:85540:3: error: <md> is not allowed here.
logs\main-assembled.xml:85551:3: error: <md> is not allowed here.
logs\main-assembled.xml:85555:3: error: <md> is not allowed here.
logs\main-assembled.xml:85564:3: error: <md> is not allowed here.
logs\main-assembled.xml:85585:3: error: <subsection> is not allowed here.
logs\main-assembled.xml:85593:3: error: <md> is not allowed here.
logs\main-assembled.xml:85597:3: error: <md> is not allowed here.
logs\main-assembled.xml:85604:9: error: <md> is not allowed here.
logs\main-assembled.xml:85606:9: error: <md> is not allowed here.
logs\main-assembled.xml:85609:5: error: <tabular> is not allowed here.
logs\main-assembled.xml:85611:15: error: <strong> is not allowed here.
logs\main-assembled.xml:85612:15: error: <strong> is not allowed here.
logs\main-assembled.xml:85629:9: error: <title> is not allowed here.
logs\main-assembled.xml:85637:3: error: <md> is not allowed here.
logs\main-assembled.xml:85641:3: error: <md> is not allowed here.
logs\main-assembled.xml:85645:3: error: <md> is not allowed here.
logs\main-assembled.xml:85649:3: error: <md> is not allowed here.
logs\main-assembled.xml:85653:3: error: <md> is not allowed here.
logs\main-assembled.xml:85659:3: error: <md> is not allowed here.
logs\main-assembled.xml:85663:3: error: <md> is not allowed here.
logs\main-assembled.xml:85667:3: error: <md> is not allowed here.
logs\main-assembled.xml:85677:3: error: <md> is not allowed here.
logs\main-assembled.xml:85684:3: error: <md> is not allowed here.
logs\main-assembled.xml:85688:3: error: <md> is not allowed here.
logs\main-assembled.xml:85696:3: error: <md> is not allowed here.
logs\main-assembled.xml:85702:3: error: <md> is not allowed here.
logs\main-assembled.xml:85706:3: error: <md> is not allowed here.
logs\main-assembled.xml:85719:3: error: <md> is not allowed here.
logs\main-assembled.xml:85725:3: error: <md> is not allowed here.
logs\main-assembled.xml:85729:3: error: <md> is not allowed here.
logs\main-assembled.xml:85735:3: error: <md> is not allowed here.
logs\main-assembled.xml:85739:3: error: <md> is not allowed here.
logs\main-assembled.xml:85751:3: error: <md> is not allowed here.
logs\main-assembled.xml:85755:3: error: <md> is not allowed here.
logs\main-assembled.xml:85763:3: error: <md> is not allowed here.
logs\main-assembled.xml:85767:3: error: <md> is not allowed here.
logs\main-assembled.xml:85789:3: error: <subsection> is not allowed here.
logs\main-assembled.xml:85798:5: error: <tabular> is not allowed here.
logs\main-assembled.xml:85800:15: error: <strong> is not allowed here.
logs\main-assembled.xml:85801:15: error: <strong> is not allowed here.
logs\main-assembled.xml:85843:9: error: <title> is not allowed here.
logs\main-assembled.xml:85847:3: error: <md> is not allowed here.
logs\main-assembled.xml:85873:3: error: <md> is not allowed here.
logs\main-assembled.xml:85879:3: error: <md> is not allowed here.
logs\main-assembled.xml:85885:3: error: <md> is not allowed here.
logs\main-assembled.xml:85891:3: error: <md> is not allowed here.
logs\main-assembled.xml:85895:3: error: <md> is not allowed here.
logs\main-assembled.xml:85901:3: error: <md> is not allowed here.
logs\main-assembled.xml:85913:3: error: <md> is not allowed here.
logs\main-assembled.xml:85921:3: error: <md> is not allowed here.
logs\main-assembled.xml:85925:3: error: <md> is not allowed here.
logs\main-assembled.xml:85933:3: error: <md> is not allowed here.
logs\main-assembled.xml:85939:3: error: <md> is not allowed here.
logs\main-assembled.xml:85943:3: error: <md> is not allowed here.
logs\main-assembled.xml:85955:3: error: <md> is not allowed here.
logs\main-assembled.xml:85962:3: error: <md> is not allowed here.
logs\main-assembled.xml:85970:3: error: <md> is not allowed here.
logs\main-assembled.xml:85974:3: error: <md> is not allowed here.
logs\main-assembled.xml:85978:3: error: <md> is not allowed here.
logs\main-assembled.xml:85986:3: error: <md> is not allowed here.
logs\main-assembled.xml:85990:3: error: <md> is not allowed here.
logs\main-assembled.xml:85994:3: error: <md> is not allowed here.
logs\main-assembled.xml:85998:3: error: <md> is not allowed here.
logs\main-assembled.xml:86010:3: error: <md> is not allowed here.
logs\main-assembled.xml:86016:3: error: <md> is not allowed here.
logs\main-assembled.xml:86022:3: error: <md> is not allowed here.
logs\main-assembled.xml:86026:3: error: <md> is not allowed here.
logs\main-assembled.xml:86034:3: error: <subsection> is not allowed here.
logs\main-assembled.xml:86039:3: error: <md> is not allowed here.
logs\main-assembled.xml:86043:3: error: <md> is not allowed here.
logs\main-assembled.xml:86050:3: error: <md> is not allowed here.
logs\main-assembled.xml:86068:3: error: <md> is not allowed here.
logs\main-assembled.xml:86072:3: error: <md> is not allowed here.
logs\main-assembled.xml:86081:3: error: <md> is not allowed here.
logs\main-assembled.xml:86088:3: error: <subsection> is not allowed here.
logs\main-assembled.xml:86093:3: error: <md> is not allowed here.
logs\main-assembled.xml:86102:3: error: <md> is not allowed here.
logs\main-assembled.xml:86110:3: error: <md> is not allowed here.
logs\main-assembled.xml:86130:3: error: <subsection> is not allowed here.
logs\main-assembled.xml:86135:3: error: <md> is not allowed here.
logs\main-assembled.xml:86141:3: error: <md> is not allowed here.
logs\main-assembled.xml:86147:3: error: <md> is not allowed here.
logs\main-assembled.xml:86157:3: error: <md> is not allowed here.
logs\main-assembled.xml:86167:3: error: <md> is not allowed here.
logs\main-assembled.xml:86177:3: error: <md> is not allowed here.
logs\main-assembled.xml:86190:3: error: <md> is not allowed here.
logs\main-assembled.xml:86202:3: error: <md> is not allowed here.
logs\main-assembled.xml:86212:3: error: <md> is not allowed here.
logs\main-assembled.xml:86223:3: error: <md> is not allowed here.
logs\main-assembled.xml:86235:3: error: <md> is not allowed here.
logs\main-assembled.xml:86246:3: error: <md> is not allowed here.
logs\main-assembled.xml:86250:3: error: <md> is not allowed here.
logs\main-assembled.xml:86256:3: error: <md> is not allowed here.
logs\main-assembled.xml:86262:3: error: <md> is not allowed here.
logs\main-assembled.xml:86268:3: error: <md> is not allowed here.
logs\main-assembled.xml:86288:3: error: <subsection> is not allowed here.
logs\main-assembled.xml:86298:3: error: <md> is not allowed here.
logs\main-assembled.xml:86302:3: error: <md> is not allowed here.
logs\main-assembled.xml:86308:3: error: <md> is not allowed here.
logs\main-assembled.xml:86312:3: error: <md> is not allowed here.
logs\main-assembled.xml:86317:3: error: <md> is not allowed here.
logs\main-assembled.xml:86323:3: error: <md> is not allowed here.
logs\main-assembled.xml:86329:3: error: <md> is not allowed here.
logs\main-assembled.xml:86337:3: error: <md> is not allowed here.
logs\main-assembled.xml:86347:3: error: <subsection> is not allowed here.
logs\main-assembled.xml:86373:3: error: <md> is not allowed here.
logs\main-assembled.xml:86447:3: error: <subsection> is not allowed here.
logs\main-assembled.xml:86455:9: error: <md> is not allowed here.
logs\main-assembled.xml:86464:3: error: <md> is not allowed here.
logs\main-assembled.xml:86468:3: error: <md> is not allowed here.
logs\main-assembled.xml:86475:3: error: <md> is not allowed here.
logs\main-assembled.xml:86480:3: error: <md> is not allowed here.
logs\main-assembled.xml:86487:3: error: <md> is not allowed here.
logs\main-assembled.xml:86494:3: error: <md> is not allowed here.
logs\main-assembled.xml:86532:3: error: <md> is not allowed here.
logs\main-assembled.xml:86536:3: error: <subsection> is not allowed here.
logs\main-assembled.xml:86541:3: error: <md> is not allowed here.
logs\main-assembled.xml:86545:3: error: <md> is not allowed here.
logs\main-assembled.xml:86553:3: error: <md> is not allowed here.
logs\main-assembled.xml:86559:3: error: <md> is not allowed here.
logs\main-assembled.xml:86565:3: error: <md> is not allowed here.
logs\main-assembled.xml:86573:3: error: <md> is not allowed here.
logs\main-assembled.xml:86577:3: error: <md> is not allowed here.
logs\main-assembled.xml:86583:3: error: <md> is not allowed here.
logs\main-assembled.xml:86607:3: error: <subsection> is not allowed here.
logs\main-assembled.xml:86612:3: error: <md> is not allowed here.
logs\main-assembled.xml:86617:3: error: <md> is not allowed here.
logs\main-assembled.xml:86621:3: error: <md> is not allowed here.
logs\main-assembled.xml:86625:3: error: <md> is not allowed here.
logs\main-assembled.xml:86635:3: error: <md> is not allowed here.
logs\main-assembled.xml:86639:3: error: <md> is not allowed here.
logs\main-assembled.xml:86643:3: error: <md> is not allowed here.
logs\main-assembled.xml:86652:3: error: <md> is not allowed here.
logs\main-assembled.xml:86658:3: error: <md> is not allowed here.
logs\main-assembled.xml:86662:3: error: <md> is not allowed here.
logs\main-assembled.xml:86666:3: error: <md> is not allowed here.
logs\main-assembled.xml:86675:3: error: <md> is not allowed here.
logs\main-assembled.xml:86681:3: error: <md> is not allowed here.
logs\main-assembled.xml:86685:3: error: <md> is not allowed here.
logs\main-assembled.xml:86708:3: error: <subsection> is not allowed here.
logs\main-assembled.xml:86713:3: error: <md> is not allowed here.
logs\main-assembled.xml:86717:3: error: <md> is not allowed here.
logs\main-assembled.xml:86726:3: error: <md> is not allowed here.
logs\main-assembled.xml:86730:3: error: <md> is not allowed here.
logs\main-assembled.xml:86734:3: error: <md> is not allowed here.
logs\main-assembled.xml:86742:3: error: <md> is not allowed here.
logs\main-assembled.xml:86748:3: error: <md> is not allowed here.
logs\main-assembled.xml:86752:3: error: <md> is not allowed here.
logs\main-assembled.xml:86760:3: error: <md> is not allowed here.
logs\main-assembled.xml:86764:3: error: <md> is not allowed here.
logs\main-assembled.xml:86768:3: error: <md> is not allowed here.
logs\main-assembled.xml:86772:3: error: <md> is not allowed here.
logs\main-assembled.xml:86778:3: error: <md> is not allowed here.
logs\main-assembled.xml:86782:3: error: <md> is not allowed here.
logs\main-assembled.xml:86784:3: error: <md> is not allowed here.
logs\main-assembled.xml:86807:3: error: <subsection> is not allowed here.
logs\main-assembled.xml:86812:3: error: <md> is not allowed here.
logs\main-assembled.xml:86816:3: error: <md> is not allowed here.
logs\main-assembled.xml:86824:3: error: <md> is not allowed here.
logs\main-assembled.xml:86832:3: error: <md> is not allowed here.
logs\main-assembled.xml:86840:3: error: <md> is not allowed here.
logs\main-assembled.xml:86844:3: error: <md> is not allowed here.
logs\main-assembled.xml:86850:3: error: <md> is not allowed here.
logs\main-assembled.xml:86854:3: error: <md> is not allowed here.
logs\main-assembled.xml:86858:3: error: <md> is not allowed here.
logs\main-assembled.xml:86862:3: error: <md> is not allowed here.
logs\main-assembled.xml:86873:3: error: <md> is not allowed here.
logs\main-assembled.xml:86877:3: error: <md> is not allowed here.
logs\main-assembled.xml:86885:3: error: <md> is not allowed here.
logs\main-assembled.xml:86891:3: error: <md> is not allowed here.
logs\main-assembled.xml:86893:3: error: <md> is not allowed here.
logs\main-assembled.xml:86901:3: error: <subsection> is not allowed here.
logs\main-assembled.xml:86907:5: error: <tabular> is not allowed here.
logs\main-assembled.xml:86909:15: error: <strong> is not allowed here.
logs\main-assembled.xml:86910:15: error: <strong> is not allowed here.
logs\main-assembled.xml:86952:9: error: <title> is not allowed here.
logs\main-assembled.xml:86958:3: error: <md> is not allowed here.
logs\main-assembled.xml:86967:3: error: <md> is not allowed here.
logs\main-assembled.xml:86997:3: error: <md> is not allowed here.
logs\main-assembled.xml:87001:3: error: <md> is not allowed here.
logs\main-assembled.xml:87006:3: error: <md> is not allowed here.
logs\main-assembled.xml:87015:3: error: <subsection> is not allowed here.
logs\main-assembled.xml:87021:5: error: <tabular> is not allowed here.
logs\main-assembled.xml:87023:15: error: <strong> is not allowed here.
logs\main-assembled.xml:87024:15: error: <strong> is not allowed here.
logs\main-assembled.xml:87025:15: error: <strong> is not allowed here.
logs\main-assembled.xml:87057:9: error: <title> is not allowed here.
logs\main-assembled.xml:87061:3: error: <md> is not allowed here.
logs\main-assembled.xml:87065:3: error: <md> is not allowed here.
logs\main-assembled.xml:87069:3: error: <md> is not allowed here.
logs\main-assembled.xml:87077:3: error: <md> is not allowed here.
logs\main-assembled.xml:87082:3: error: <subsection> is not allowed here.
logs\main-assembled.xml:87089:5: error: <tabular> is not allowed here.
logs\main-assembled.xml:87091:15: error: <strong> is not allowed here.
logs\main-assembled.xml:87092:15: error: <strong> is not allowed here.
logs\main-assembled.xml:87134:9: error: <title> is not allowed here.
logs\main-assembled.xml:87143:3: error: <md> is not allowed here.
logs\main-assembled.xml:87149:3: error: <md> is not allowed here.
logs\main-assembled.xml:87153:3: error: <md> is not allowed here.
logs\main-assembled.xml:87157:3: error: <md> is not allowed here.
logs\main-assembled.xml:87161:3: error: <md> is not allowed here.
logs\main-assembled.xml:87165:3: error: <md> is not allowed here.
logs\main-assembled.xml:87173:3: error: <md> is not allowed here.
logs\main-assembled.xml:87177:3: error: <md> is not allowed here.
logs\main-assembled.xml:87181:3: error: <md> is not allowed here.
logs\main-assembled.xml:87185:3: error: <md> is not allowed here.
logs\main-assembled.xml:87196:3: error: <md> is not allowed here.
logs\main-assembled.xml:87202:3: error: <md> is not allowed here.
logs\main-assembled.xml:87209:3: error: <md> is not allowed here.
logs\main-assembled.xml:87213:3: error: <md> is not allowed here.
logs\main-assembled.xml:87217:3: error: <md> is not allowed here.
logs\main-assembled.xml:87226:3: error: <md> is not allowed here.
logs\main-assembled.xml:87230:3: error: <md> is not allowed here.
logs\main-assembled.xml:87235:3: error: <md> is not allowed here.
logs\main-assembled.xml:87241:3: error: <md> is not allowed here.
logs\main-assembled.xml:87245:3: error: <md> is not allowed here.
logs\main-assembled.xml:87249:3: error: <md> is not allowed here.
logs\main-assembled.xml:87256:3: error: <md> is not allowed here.
logs\main-assembled.xml:87267:3: error: <md> is not allowed here.
logs\main-assembled.xml:87273:3: error: <md> is not allowed here.
logs\main-assembled.xml:87277:3: error: <md> is not allowed here.
logs\main-assembled.xml:87285:3: error: <md> is not allowed here.
logs\main-assembled.xml:87289:3: error: <md> is not allowed here.
logs\main-assembled.xml:87302:3: error: <md> is not allowed here.
logs\main-assembled.xml:87309:3: error: <md> is not allowed here.
logs\main-assembled.xml:87314:3: error: <md> is not allowed here.
logs\main-assembled.xml:87322:3: error: <md> is not allowed here.
logs\main-assembled.xml:87328:3: error: <md> is not allowed here.
logs\main-assembled.xml:87332:3: error: <md> is not allowed here.
logs\main-assembled.xml:87355:3: error: <subsection> is not allowed here.
logs\main-assembled.xml:87360:5: error: <ol> is not allowed here.
logs\main-assembled.xml:87363:11: error: <md> is not allowed here.
logs\main-assembled.xml:87367:11: error: <md> is not allowed here.
logs\main-assembled.xml:87372:11: error: <md> is not allowed here.
logs\main-assembled.xml:87374:11: error: <md> is not allowed here.
logs\main-assembled.xml:87417:3: error: <subsection> is not allowed here.
logs\main-assembled.xml:87422:5: error: <ol> is not allowed here.
logs\main-assembled.xml:87447:5: error: <ol> is not allowed here.
logs\main-assembled.xml:87497:3: error: <subsection> is not allowed here.
logs\main-assembled.xml:87505:3: error: <md> is not allowed here.
logs\main-assembled.xml:87507:3: error: <md> is not allowed here.
logs\main-assembled.xml:87509:3: error: <md> is not allowed here.
logs\main-assembled.xml:87511:3: error: <md> is not allowed here.
logs\main-assembled.xml:87515:5: error: <ol> is not allowed here.
logs\main-assembled.xml:87524:11: error: <md> is not allowed here.
logs\main-assembled.xml:87529:11: error: <md> is not allowed here.
logs\main-assembled.xml:87533:11: error: <md> is not allowed here.
logs\main-assembled.xml:87547:3: error: <md> is not allowed here.
logs\main-assembled.xml:87551:3: error: <md> is not allowed here.
logs\main-assembled.xml:87559:3: error: <md> is not allowed here.
logs\main-assembled.xml:87567:3: error: <md> is not allowed here.
logs\main-assembled.xml:87577:3: error: <subsection> is not allowed here.
logs\main-assembled.xml:87585:3: error: <md> is not allowed here.
logs\main-assembled.xml:87592:5: error: <tabular> is not allowed here.
logs\main-assembled.xml:87594:15: error: <strong> is not allowed here.
logs\main-assembled.xml:87619:9: error: <title> is not allowed here.
logs\main-assembled.xml:87626:3: error: <md> is not allowed here.
logs\main-assembled.xml:87630:3: error: <md> is not allowed here.
logs\main-assembled.xml:87634:3: error: <md> is not allowed here.
logs\main-assembled.xml:87638:3: error: <md> is not allowed here.
logs\main-assembled.xml:87654:3: error: <md> is not allowed here.
logs\main-assembled.xml:87662:3: error: <md> is not allowed here.
logs\main-assembled.xml:87666:5: error: <ol> is not allowed here.
logs\main-assembled.xml:87702:3: error: <subsection> is not allowed here.
logs\main-assembled.xml:87707:5: error: <ol> is not allowed here.
logs\main-assembled.xml:87709:12: error: <strong> is not allowed here.
logs\main-assembled.xml:87711:11: error: <md> is not allowed here.
logs\main-assembled.xml:87713:11: error: <md> is not allowed here.
logs\main-assembled.xml:87718:12: error: <strong> is not allowed here.
logs\main-assembled.xml:87720:11: error: <md> is not allowed here.
logs\main-assembled.xml:87722:11: error: <md> is not allowed here.
logs\main-assembled.xml:87727:12: error: <strong> is not allowed here.
logs\main-assembled.xml:87729:11: error: <md> is not allowed here.
logs\main-assembled.xml:87733:11: error: <md> is not allowed here.
logs\main-assembled.xml:87737:12: error: <strong> is not allowed here.
logs\main-assembled.xml:87739:11: error: <md> is not allowed here.
logs\main-assembled.xml:87743:12: error: <strong> is not allowed here.
logs\main-assembled.xml:87745:11: error: <md> is not allowed here.
logs\main-assembled.xml:87752:3: error: <subsection> is not allowed here.
logs\main-assembled.xml:87757:3: error: <md> is not allowed here.
logs\main-assembled.xml:87761:3: error: <md> is not allowed here.
logs\main-assembled.xml:87767:3: error: <md> is not allowed here.
logs\main-assembled.xml:87771:3: error: <md> is not allowed here.
logs\main-assembled.xml:87775:3: error: <md> is not allowed here.
logs\main-assembled.xml:87785:3: error: <md> is not allowed here.
logs\main-assembled.xml:87816:3: error: <md> is not allowed here.
logs\main-assembled.xml:87820:3: error: <md> is not allowed here.
logs\main-assembled.xml:87829:3: error: <md> is not allowed here.
logs\main-assembled.xml:87842:3: error: <md> is not allowed here.
logs\main-assembled.xml:87849:3: error: <md> is not allowed here.
logs\main-assembled.xml:87853:3: error: <subsection> is not allowed here.
logs\main-assembled.xml:87858:3: error: <md> is not allowed here.
logs\main-assembled.xml:87862:3: error: <md> is not allowed here.
logs\main-assembled.xml:87868:3: error: <md> is not allowed here.
logs\main-assembled.xml:87874:3: error: <md> is not allowed here.
logs\main-assembled.xml:87880:3: error: <md> is not allowed here.
logs\main-assembled.xml:87884:3: error: <md> is not allowed here.
logs\main-assembled.xml:87890:3: error: <md> is not allowed here.
logs\main-assembled.xml:87897:3: error: <md> is not allowed here.
logs\main-assembled.xml:87905:9: error: <md> is not allowed here.
logs\main-assembled.xml:87916:3: error: <md> is not allowed here.
logs\main-assembled.xml:87920:3: error: <md> is not allowed here.
logs\main-assembled.xml:87945:3: error: <md> is not allowed here.
logs\main-assembled.xml:87949:3: error: <md> is not allowed here.
logs\main-assembled.xml:87954:3: error: <md> is not allowed here.
logs\main-assembled.xml:87958:3: error: <md> is not allowed here.
logs\main-assembled.xml:87962:3: error: <md> is not allowed here.
logs\main-assembled.xml:87971:3: error: <subsection> is not allowed here.
logs\main-assembled.xml:87979:3: error: <md> is not allowed here.
logs\main-assembled.xml:87984:3: error: <md> is not allowed here.
logs\main-assembled.xml:87991:9: error: <md> is not allowed here.
logs\main-assembled.xml:88002:3: error: <md> is not allowed here.
logs\main-assembled.xml:88026:3: error: <md> is not allowed here.
logs\main-assembled.xml:88032:3: error: <md> is not allowed here.
logs\main-assembled.xml:88036:3: error: <md> is not allowed here.
logs\main-assembled.xml:88040:3: error: <md> is not allowed here.
logs\main-assembled.xml:88044:3: error: <md> is not allowed here.
logs\main-assembled.xml:88048:3: error: <md> is not allowed here.
logs\main-assembled.xml:88054:3: error: <md> is not allowed here.
logs\main-assembled.xml:88058:3: error: <md> is not allowed here.
logs\main-assembled.xml:88064:3: error: <md> is not allowed here.
logs\main-assembled.xml:88068:3: error: <md> is not allowed here.
logs\main-assembled.xml:88074:3: error: <md> is not allowed here.
logs\main-assembled.xml:88081:3: error: <subsection> is not allowed here.
logs\main-assembled.xml:88118:9: error: <md> is not allowed here.
logs\main-assembled.xml:88120:11: error: <ol> is not allowed here.
logs\main-assembled.xml:88123:11: error: <md> is not allowed here.
logs\main-assembled.xml:88127:11: error: <md> is not allowed here.
logs\main-assembled.xml:88131:11: error: <md> is not allowed here.
logs\main-assembled.xml:88133:11: error: <md> is not allowed here.
logs\main-assembled.xml:88135:11: error: <md> is not allowed here.
logs\main-assembled.xml:88153:3: error: <md> is not allowed here.
logs\main-assembled.xml:88157:3: error: <md> is not allowed here.
logs\main-assembled.xml:88161:3: error: <md> is not allowed here.
logs\main-assembled.xml:88166:3: error: <md> is not allowed here.
logs\main-assembled.xml:88172:3: error: <md> is not allowed here.
logs\main-assembled.xml:88176:3: error: <md> is not allowed here.
logs\main-assembled.xml:88180:3: error: <md> is not allowed here.
logs\main-assembled.xml:88184:3: error: <md> is not allowed here.
logs\main-assembled.xml:88193:3: error: <md> is not allowed here.
logs\main-assembled.xml:88197:3: error: <md> is not allowed here.
logs\main-assembled.xml:88233:3: error: <md> is not allowed here.
logs\main-assembled.xml:88237:3: error: <md> is not allowed here.
logs\main-assembled.xml:88241:3: error: <md> is not allowed here.
logs\main-assembled.xml:88249:3: error: <md> is not allowed here.
logs\main-assembled.xml:88256:3: error: <md> is not allowed here.
logs\main-assembled.xml:88260:3: error: <md> is not allowed here.
logs\main-assembled.xml:88271:3: error: <md> is not allowed here.
logs\main-assembled.xml:88275:3: error: <md> is not allowed here.
logs\main-assembled.xml:88279:3: error: <md> is not allowed here.
logs\main-assembled.xml:88287:3: error: <md> is not allowed here.
logs\main-assembled.xml:88291:3: error: <md> is not allowed here.
logs\main-assembled.xml:88297:3: error: <md> is not allowed here.
logs\main-assembled.xml:88305:3: error: <subsection> is not allowed here.
logs\main-assembled.xml:88334:3: error: <md> is not allowed here.
logs\main-assembled.xml:88338:3: error: <md> is not allowed here.
logs\main-assembled.xml:88346:3: error: <md> is not allowed here.
logs\main-assembled.xml:88350:3: error: <md> is not allowed here.
logs\main-assembled.xml:88354:3: error: <md> is not allowed here.
logs\main-assembled.xml:88358:3: error: <md> is not allowed here.
logs\main-assembled.xml:88364:3: error: <md> is not allowed here.
logs\main-assembled.xml:88370:3: error: <md> is not allowed here.
logs\main-assembled.xml:88376:3: error: <md> is not allowed here.
logs\main-assembled.xml:88387:3: error: <md> is not allowed here.
logs\main-assembled.xml:88391:3: error: <md> is not allowed here.
logs\main-assembled.xml:88399:3: error: <md> is not allowed here.
logs\main-assembled.xml:88403:3: error: <md> is not allowed here.
logs\main-assembled.xml:88407:3: error: <md> is not allowed here.
logs\main-assembled.xml:88415:3: error: <md> is not allowed here.
logs\main-assembled.xml:88419:3: error: <md> is not allowed here.
logs\main-assembled.xml:88425:3: error: <md> is not allowed here.
logs\main-assembled.xml:88431:3: error: <md> is not allowed here.
logs\main-assembled.xml:88433:3: error: <note> is not allowed here.
logs\main-assembled.xml:88460:3: error: <md> is not allowed here.
logs\main-assembled.xml:88468:3: error: <subsection> is not allowed here.
logs\main-assembled.xml:88473:3: error: <md> is not allowed here.
logs\main-assembled.xml:88479:3: error: <md> is not allowed here.
logs\main-assembled.xml:88483:3: error: <md> is not allowed here.
logs\main-assembled.xml:88488:3: error: <md> is not allowed here.
logs\main-assembled.xml:88494:3: error: <md> is not allowed here.
logs\main-assembled.xml:88502:9: error: <md> is not allowed here.
logs\main-assembled.xml:88536:3: error: <md> is not allowed here.
logs\main-assembled.xml:88540:3: error: <md> is not allowed here.
logs\main-assembled.xml:88544:3: error: <md> is not allowed here.
logs\main-assembled.xml:88557:3: error: <md> is not allowed here.
logs\main-assembled.xml:88561:3: error: <md> is not allowed here.
logs\main-assembled.xml:88567:3: error: <md> is not allowed here.
logs\main-assembled.xml:88583:3: error: <md> is not allowed here.
logs\main-assembled.xml:88587:3: error: <md> is not allowed here.
logs\main-assembled.xml:88591:3: error: <md> is not allowed here.
logs\main-assembled.xml:88597:3: error: <md> is not allowed here.
logs\main-assembled.xml:88603:3: error: <md> is not allowed here.
logs\main-assembled.xml:88615:3: error: <md> is not allowed here.
logs\main-assembled.xml:88621:3: error: <md> is not allowed here.
logs\main-assembled.xml:88625:3: error: <md> is not allowed here.
logs\main-assembled.xml:88629:3: error: <md> is not allowed here.
logs\main-assembled.xml:88633:3: error: <md> is not allowed here.
logs\main-assembled.xml:88637:3: error: <md> is not allowed here.
logs\main-assembled.xml:88641:3: error: <md> is not allowed here.
logs\main-assembled.xml:88651:3: error: <subsection> is not allowed here.
logs\main-assembled.xml:88656:3: error: <md> is not allowed here.
logs\main-assembled.xml:88665:9: error: <md> is not allowed here.
logs\main-assembled.xml:88667:9: error: <md> is not allowed here.
logs\main-assembled.xml:88669:9: error: <md> is not allowed here.
logs\main-assembled.xml:88700:3: error: <md> is not allowed here.
logs\main-assembled.xml:88706:3: error: <md> is not allowed here.
logs\main-assembled.xml:88712:3: error: <md> is not allowed here.
logs\main-assembled.xml:88724:3: error: <md> is not allowed here.
logs\main-assembled.xml:88728:3: error: <md> is not allowed here.
logs\main-assembled.xml:88736:3: error: <md> is not allowed here.
logs\main-assembled.xml:88745:3: error: <md> is not allowed here.
logs\main-assembled.xml:88749:3: error: <md> is not allowed here.
logs\main-assembled.xml:88755:3: error: <warning> is not allowed here.
logs\main-assembled.xml:88758:9: error: <md> is not allowed here.
logs\main-assembled.xml:88766:3: error: <subsection> is not allowed here.
logs\main-assembled.xml:88774:9: error: <md> is not allowed here.
logs\main-assembled.xml:88776:9: error: <md> is not allowed here.
logs\main-assembled.xml:88782:9: error: <md> is not allowed here.
logs\main-assembled.xml:88794:3: error: <md> is not allowed here.
logs\main-assembled.xml:88798:3: error: <md> is not allowed here.
logs\main-assembled.xml:88823:3: error: <md> is not allowed here.
logs\main-assembled.xml:88827:3: error: <md> is not allowed here.
logs\main-assembled.xml:88833:3: error: <md> is not allowed here.
logs\main-assembled.xml:88846:3: error: <md> is not allowed here.
logs\main-assembled.xml:88858:3: error: <md> is not allowed here.
logs\main-assembled.xml:88862:3: error: <md> is not allowed here.
logs\main-assembled.xml:88866:3: error: <md> is not allowed here.
logs\main-assembled.xml:88870:3: error: <md> is not allowed here.
logs\main-assembled.xml:88877:3: error: <md> is not allowed here.
logs\main-assembled.xml:88890:3: error: <subsection> is not allowed here.
logs\main-assembled.xml:88901:3: error: <md> is not allowed here.
logs\main-assembled.xml:88905:3: error: <md> is not allowed here.
logs\main-assembled.xml:88909:3: error: <md> is not allowed here.
logs\main-assembled.xml:88947:3: error: <md> is not allowed here.
logs\main-assembled.xml:88951:3: error: <md> is not allowed here.
logs\main-assembled.xml:88957:3: error: <md> is not allowed here.
logs\main-assembled.xml:88963:3: error: <md> is not allowed here.
logs\main-assembled.xml:88976:9: error: <md> is not allowed here.
logs\main-assembled.xml:88978:9: error: <md> is not allowed here.
logs\main-assembled.xml:88980:11: error: <ol> is not allowed here.
logs\main-assembled.xml:88998:5: error: <tabular> is not allowed here.
logs\main-assembled.xml:89000:15: error: <strong> is not allowed here.
logs\main-assembled.xml:89001:15: error: <strong> is not allowed here.
logs\main-assembled.xml:89002:15: error: <strong> is not allowed here.
logs\main-assembled.xml:89025:9: error: <title> is not allowed here.
logs\main-assembled.xml:89034:3: error: <md> is not allowed here.
logs\main-assembled.xml:89066:3: error: <md> is not allowed here.
logs\main-assembled.xml:89073:3: error: <subsection> is not allowed here.
logs\main-assembled.xml:89078:3: error: <md> is not allowed here.
logs\main-assembled.xml:89082:3: error: <md> is not allowed here.
logs\main-assembled.xml:89090:3: error: <md> is not allowed here.
logs\main-assembled.xml:89094:3: error: <md> is not allowed here.
logs\main-assembled.xml:89098:3: error: <md> is not allowed here.
logs\main-assembled.xml:89102:3: error: <md> is not allowed here.
logs\main-assembled.xml:89106:3: error: <md> is not allowed here.
logs\main-assembled.xml:89110:3: error: <md> is not allowed here.
logs\main-assembled.xml:89155:3: error: <md> is not allowed here.
logs\main-assembled.xml:89159:3: error: <md> is not allowed here.
logs\main-assembled.xml:89163:3: error: <md> is not allowed here.
logs\main-assembled.xml:89169:3: error: <md> is not allowed here.
logs\main-assembled.xml:89190:3: error: <subsection> is not allowed here.
logs\main-assembled.xml:89195:3: error: <md> is not allowed here.
logs\main-assembled.xml:89206:3: error: <md> is not allowed here.
logs\main-assembled.xml:89211:3: error: <md> is not allowed here.
logs\main-assembled.xml:89215:3: error: <md> is not allowed here.
logs\main-assembled.xml:89221:3: error: <md> is not allowed here.
logs\main-assembled.xml:89237:3: error: <md> is not allowed here.
logs\main-assembled.xml:89241:3: error: <md> is not allowed here.
logs\main-assembled.xml:89247:3: error: <md> is not allowed here.
logs\main-assembled.xml:89251:3: error: <md> is not allowed here.
logs\main-assembled.xml:89255:3: error: <md> is not allowed here.
logs\main-assembled.xml:89269:3: error: <md> is not allowed here.
logs\main-assembled.xml:89275:3: error: <md> is not allowed here.
logs\main-assembled.xml:89281:3: error: <md> is not allowed here.
logs\main-assembled.xml:89285:3: error: <md> is not allowed here.
logs\main-assembled.xml:89291:3: error: <md> is not allowed here.
logs\main-assembled.xml:89295:3: error: <md> is not allowed here.
logs\main-assembled.xml:89311:3: error: <md> is not allowed here.
logs\main-assembled.xml:89317:3: error: <md> is not allowed here.
logs\main-assembled.xml:89321:3: error: <md> is not allowed here.
logs\main-assembled.xml:89329:3: error: <md> is not allowed here.
logs\main-assembled.xml:89334:3: error: <md> is not allowed here.
logs\main-assembled.xml:89338:3: error: <md> is not allowed here.
logs\main-assembled.xml:89350:3: error: <md> is not allowed here.
logs\main-assembled.xml:89361:3: error: <md> is not allowed here.
logs\main-assembled.xml:89373:3: error: <md> is not allowed here.
logs\main-assembled.xml:89377:3: error: <md> is not allowed here.
logs\main-assembled.xml:89383:3: error: <md> is not allowed here.
logs\main-assembled.xml:89387:3: error: <md> is not allowed here.
logs\main-assembled.xml:89391:3: error: <md> is not allowed here.
logs\main-assembled.xml:89400:3: error: <md> is not allowed here.
logs\main-assembled.xml:89409:11: error: <ol> is not allowed here.
logs\main-assembled.xml:89447:3: error: <subsection> is not allowed here.
logs\main-assembled.xml:89452:3: error: <md> is not allowed here.
logs\main-assembled.xml:89456:3: error: <md> is not allowed here.
logs\main-assembled.xml:89460:3: error: <md> is not allowed here.
logs\main-assembled.xml:89467:3: error: <md> is not allowed here.
logs\main-assembled.xml:89475:3: error: <md> is not allowed here.
logs\main-assembled.xml:89481:3: error: <md> is not allowed here.
logs\main-assembled.xml:89493:3: error: <md> is not allowed here.
logs\main-assembled.xml:89499:3: error: <md> is not allowed here.
logs\main-assembled.xml:89506:3: error: <md> is not allowed here.
logs\main-assembled.xml:89515:3: error: <md> is not allowed here.
logs\main-assembled.xml:89523:3: error: <md> is not allowed here.
logs\main-assembled.xml:89531:3: error: <md> is not allowed here.
logs\main-assembled.xml:89541:3: error: <md> is not allowed here.
logs\main-assembled.xml:89545:3: error: <md> is not allowed here.
logs\main-assembled.xml:89569:3: error: <subsection> is not allowed here.
logs\main-assembled.xml:89574:3: error: <md> is not allowed here.
logs\main-assembled.xml:89578:3: error: <md> is not allowed here.
logs\main-assembled.xml:89582:3: error: <md> is not allowed here.
logs\main-assembled.xml:89587:3: error: <md> is not allowed here.
logs\main-assembled.xml:89591:3: error: <md> is not allowed here.
logs\main-assembled.xml:89598:3: error: <md> is not allowed here.
logs\main-assembled.xml:89604:3: error: <md> is not allowed here.
logs\main-assembled.xml:89608:3: error: <md> is not allowed here.
logs\main-assembled.xml:89612:3: error: <md> is not allowed here.
logs\main-assembled.xml:89623:3: error: <md> is not allowed here.
logs\main-assembled.xml:89629:3: error: <md> is not allowed here.
logs\main-assembled.xml:89635:3: error: <md> is not allowed here.
logs\main-assembled.xml:89639:3: error: <md> is not allowed here.
logs\main-assembled.xml:89647:3: error: <md> is not allowed here.
logs\main-assembled.xml:89656:3: error: <md> is not allowed here.
logs\main-assembled.xml:89662:3: error: <md> is not allowed here.
logs\main-assembled.xml:89672:3: error: <subsection> is not allowed here.
logs\main-assembled.xml:89677:3: error: <md> is not allowed here.
logs\main-assembled.xml:89686:3: error: <md> is not allowed here.
logs\main-assembled.xml:89690:3: error: <md> is not allowed here.
logs\main-assembled.xml:89700:3: error: <md> is not allowed here.
logs\main-assembled.xml:89706:3: error: <md> is not allowed here.
logs\main-assembled.xml:89710:3: error: <md> is not allowed here.
logs\main-assembled.xml:89721:3: error: <md> is not allowed here.
logs\main-assembled.xml:89727:3: error: <md> is not allowed here.
logs\main-assembled.xml:89737:3: error: <md> is not allowed here.
logs\main-assembled.xml:89741:3: error: <md> is not allowed here.
logs\main-assembled.xml:89749:3: error: <md> is not allowed here.
logs\main-assembled.xml:89755:3: error: <md> is not allowed here.
logs\main-assembled.xml:89769:3: error: <md> is not allowed here.
logs\main-assembled.xml:89773:3: error: <md> is not allowed here.
logs\main-assembled.xml:89787:3: error: <md> is not allowed here.
logs\main-assembled.xml:89792:3: error: <md> is not allowed here.
logs\main-assembled.xml:89826:3: error: <md> is not allowed here.
logs\main-assembled.xml:89832:3: error: <md> is not allowed here.
logs\main-assembled.xml:89836:3: error: <subsection> is not allowed here.
logs\main-assembled.xml:89841:3: error: <md> is not allowed here.
logs\main-assembled.xml:89847:3: error: <md> is not allowed here.
logs\main-assembled.xml:89851:3: error: <md> is not allowed here.
logs\main-assembled.xml:89855:3: error: <md> is not allowed here.
logs\main-assembled.xml:89861:3: error: <md> is not allowed here.
logs\main-assembled.xml:89865:3: error: <md> is not allowed here.
logs\main-assembled.xml:89870:3: error: <md> is not allowed here.
logs\main-assembled.xml:89876:3: error: <md> is not allowed here.
logs\main-assembled.xml:89880:3: error: <md> is not allowed here.
logs\main-assembled.xml:89884:3: error: <md> is not allowed here.
logs\main-assembled.xml:89890:3: error: <md> is not allowed here.
logs\main-assembled.xml:89894:3: error: <md> is not allowed here.
logs\main-assembled.xml:89898:3: error: <md> is not allowed here.
logs\main-assembled.xml:89902:3: error: <md> is not allowed here.
logs\main-assembled.xml:89906:3: error: <md> is not allowed here.
logs\main-assembled.xml:89912:3: error: <md> is not allowed here.
logs\main-assembled.xml:89916:3: error: <md> is not allowed here.
logs\main-assembled.xml:89959:3: error: <md> is not allowed here.
logs\main-assembled.xml:89970:5: error: <tabular> is not allowed here.
logs\main-assembled.xml:89972:15: error: <strong> is not allowed here.
logs\main-assembled.xml:89973:15: error: <strong> is not allowed here.
logs\main-assembled.xml:89992:9: error: <title> is not allowed here.
logs\main-assembled.xml:90012:3: error: <subsection> is not allowed here.
logs\main-assembled.xml:90017:3: error: <md> is not allowed here.
logs\main-assembled.xml:90025:3: error: <md> is not allowed here.
logs\main-assembled.xml:90033:3: error: <md> is not allowed here.
logs\main-assembled.xml:90043:3: error: <md> is not allowed here.
logs\main-assembled.xml:90052:3: error: <md> is not allowed here.
logs\main-assembled.xml:90056:3: error: <md> is not allowed here.
logs\main-assembled.xml:90060:3: error: <md> is not allowed here.
logs\main-assembled.xml:90062:3: error: <md> is not allowed here.
logs\main-assembled.xml:90064:3: error: <md> is not allowed here.
logs\main-assembled.xml:90066:3: error: <md> is not allowed here.
logs\main-assembled.xml:90070:3: error: <md> is not allowed here.
logs\main-assembled.xml:90080:3: error: <md> is not allowed here.
logs\main-assembled.xml:90086:3: error: <md> is not allowed here.
logs\main-assembled.xml:90092:3: error: <md> is not allowed here.
logs\main-assembled.xml:90096:3: error: <md> is not allowed here.
logs\main-assembled.xml:90102:3: error: <md> is not allowed here.
logs\main-assembled.xml:90110:3: error: <md> is not allowed here.
logs\main-assembled.xml:90124:3: error: <md> is not allowed here.
logs\main-assembled.xml:90128:3: error: <md> is not allowed here.
logs\main-assembled.xml:90134:3: error: <md> is not allowed here.
logs\main-assembled.xml:90141:3: error: <md> is not allowed here.
logs\main-assembled.xml:90165:3: error: <subsection> is not allowed here.
logs\main-assembled.xml:90173:3: error: <md> is not allowed here.
logs\main-assembled.xml:90189:3: error: <md> is not allowed here.
logs\main-assembled.xml:90197:3: error: <md> is not allowed here.
logs\main-assembled.xml:90206:3: error: <md> is not allowed here.
logs\main-assembled.xml:90210:3: error: <md> is not allowed here.
logs\main-assembled.xml:90214:3: error: <md> is not allowed here.
logs\main-assembled.xml:90218:3: error: <md> is not allowed here.
logs\main-assembled.xml:90222:3: error: <md> is not allowed here.
logs\main-assembled.xml:90227:3: error: <md> is not allowed here.
logs\main-assembled.xml:90231:3: error: <md> is not allowed here.
logs\main-assembled.xml:90235:3: error: <md> is not allowed here.
logs\main-assembled.xml:90263:3: error: <md> is not allowed here.
logs\main-assembled.xml:90267:3: error: <md> is not allowed here.
logs\main-assembled.xml:90269:3: error: <md> is not allowed here.
logs\main-assembled.xml:90273:3: error: <md> is not allowed here.
logs\main-assembled.xml:90277:3: error: <md> is not allowed here.
logs\main-assembled.xml:90283:3: error: <md> is not allowed here.
logs\main-assembled.xml:90289:3: error: <md> is not allowed here.
logs\main-assembled.xml:90297:3: error: <md> is not allowed here.
logs\main-assembled.xml:90303:3: error: <md> is not allowed here.
logs\main-assembled.xml:90311:3: error: <md> is not allowed here.
logs\main-assembled.xml:90315:3: error: <md> is not allowed here.
logs\main-assembled.xml:90319:3: error: <md> is not allowed here.
logs\main-assembled.xml:90326:3: error: <subsection> is not allowed here.
logs\main-assembled.xml:90335:9: error: <md> is not allowed here.
logs\main-assembled.xml:90349:3: error: <md> is not allowed here.
logs\main-assembled.xml:90353:3: error: <md> is not allowed here.
logs\main-assembled.xml:90367:3: error: <md> is not allowed here.
logs\main-assembled.xml:90371:3: error: <md> is not allowed here.
logs\main-assembled.xml:90377:3: error: <md> is not allowed here.
logs\main-assembled.xml:90381:3: error: <md> is not allowed here.
logs\main-assembled.xml:90392:3: error: <md> is not allowed here.
logs\main-assembled.xml:90396:3: error: <md> is not allowed here.
logs\main-assembled.xml:90401:5: error: <tabular> is not allowed here.
logs\main-assembled.xml:90403:15: error: <strong> is not allowed here.
logs\main-assembled.xml:90404:15: error: <strong> is not allowed here.
logs\main-assembled.xml:90423:9: error: <title> is not allowed here.
logs\main-assembled.xml:90437:3: error: <md> is not allowed here.
logs\main-assembled.xml:90456:3: error: <md> is not allowed here.
logs\main-assembled.xml:90463:3: error: <md> is not allowed here.
logs\main-assembled.xml:90494:3: error: <md> is not allowed here.
logs\main-assembled.xml:90499:3: error: <md> is not allowed here.
logs\main-assembled.xml:90505:3: error: <md> is not allowed here.
logs\main-assembled.xml:90510:3: error: <subsection> is not allowed here.
logs\main-assembled.xml:90515:3: error: <md> is not allowed here.
logs\main-assembled.xml:90519:3: error: <md> is not allowed here.
logs\main-assembled.xml:90523:3: error: <md> is not allowed here.
logs\main-assembled.xml:90528:3: error: <md> is not allowed here.
logs\main-assembled.xml:90532:3: error: <md> is not allowed here.
logs\main-assembled.xml:90536:3: error: <md> is not allowed here.
logs\main-assembled.xml:90577:3: error: <md> is not allowed here.
logs\main-assembled.xml:90583:3: error: <md> is not allowed here.
logs\main-assembled.xml:90589:3: error: <md> is not allowed here.
logs\main-assembled.xml:90598:9: error: <md> is not allowed here.
logs\main-assembled.xml:90600:9: error: <md> is not allowed here.
logs\main-assembled.xml:90622:3: error: <subsection> is not allowed here.
logs\main-assembled.xml:90629:3: error: <md> is not allowed here.
logs\main-assembled.xml:90639:9: error: <md> is not allowed here.
logs\main-assembled.xml:90648:9: error: <md> is not allowed here.
logs\main-assembled.xml:90661:3: error: <md> is not allowed here.
logs\main-assembled.xml:90665:3: error: <md> is not allowed here.
logs\main-assembled.xml:90680:3: error: <md> is not allowed here.
logs\main-assembled.xml:90688:3: error: <md> is not allowed here.
logs\main-assembled.xml:90693:3: error: <md> is not allowed here.
logs\main-assembled.xml:90698:3: error: <md> is not allowed here.
logs\main-assembled.xml:90704:3: error: <md> is not allowed here.
logs\main-assembled.xml:90708:3: error: <md> is not allowed here.
logs\main-assembled.xml:90712:3: error: <md> is not allowed here.
logs\main-assembled.xml:90716:3: error: <md> is not allowed here.
logs\main-assembled.xml:90720:3: error: <md> is not allowed here.
logs\main-assembled.xml:90733:3: error: <md> is not allowed here.
logs\main-assembled.xml:90737:3: error: <md> is not allowed here.
logs\main-assembled.xml:90742:3: error: <md> is not allowed here.
logs\main-assembled.xml:90746:3: error: <md> is not allowed here.
logs\main-assembled.xml:90750:3: error: <md> is not allowed here.
logs\main-assembled.xml:90754:3: error: <md> is not allowed here.
logs\main-assembled.xml:90758:3: error: <md> is not allowed here.
logs\main-assembled.xml:90762:3: error: <md> is not allowed here.
logs\main-assembled.xml:90766:3: error: <md> is not allowed here.
logs\main-assembled.xml:90770:3: error: <md> is not allowed here.
logs\main-assembled.xml:90774:3: error: <md> is not allowed here.
logs\main-assembled.xml:90782:3: error: <md> is not allowed here.
logs\main-assembled.xml:90788:3: error: <note> is not allowed here.
logs\main-assembled.xml:90818:3: error: <md> is not allowed here.
logs\main-assembled.xml:90829:3: error: <md> is not allowed here.
logs\main-assembled.xml:90833:3: error: <md> is not allowed here.
logs\main-assembled.xml:90837:3: error: <md> is not allowed here.
logs\main-assembled.xml:90841:3: error: <md> is not allowed here.
logs\main-assembled.xml:90845:3: error: <md> is not allowed here.
logs\main-assembled.xml:90869:3: error: <subsection> is not allowed here.
logs\main-assembled.xml:90876:3: error: <md> is not allowed here.
logs\main-assembled.xml:90887:3: error: <md> is not allowed here.
logs\main-assembled.xml:90893:3: error: <md> is not allowed here.
logs\main-assembled.xml:90897:3: error: <md> is not allowed here.
logs\main-assembled.xml:90901:3: error: <md> is not allowed here.
logs\main-assembled.xml:90905:3: error: <md> is not allowed here.
logs\main-assembled.xml:90909:3: error: <md> is not allowed here.
logs\main-assembled.xml:90916:3: error: <md> is not allowed here.
logs\main-assembled.xml:90921:3: error: <md> is not allowed here.
logs\main-assembled.xml:90925:3: error: <md> is not allowed here.
logs\main-assembled.xml:90929:3: error: <md> is not allowed here.
logs\main-assembled.xml:90933:3: error: <md> is not allowed here.
logs\main-assembled.xml:90937:3: error: <md> is not allowed here.
logs\main-assembled.xml:90941:3: error: <md> is not allowed here.
logs\main-assembled.xml:90972:3: error: <subsection> is not allowed here.
logs\main-assembled.xml:90981:9: error: <md> is not allowed here.
logs\main-assembled.xml:90990:3: error: <md> is not allowed here.
logs\main-assembled.xml:90994:3: error: <md> is not allowed here.
logs\main-assembled.xml:90998:3: error: <md> is not allowed here.
logs\main-assembled.xml:91002:3: error: <md> is not allowed here.
logs\main-assembled.xml:91011:3: error: <md> is not allowed here.
logs\main-assembled.xml:91015:3: error: <md> is not allowed here.
logs\main-assembled.xml:91028:3: error: <md> is not allowed here.
logs\main-assembled.xml:91032:3: error: <md> is not allowed here.
logs\main-assembled.xml:91041:3: error: <md> is not allowed here.
logs\main-assembled.xml:91047:3: error: <md> is not allowed here.
logs\main-assembled.xml:91071:3: error: <subsection> is not allowed here.
logs\main-assembled.xml:91077:3: error: <md> is not allowed here.
logs\main-assembled.xml:91085:3: error: <md> is not allowed here.
logs\main-assembled.xml:91092:3: error: <md> is not allowed here.
logs\main-assembled.xml:91096:3: error: <md> is not allowed here.
logs\main-assembled.xml:91103:3: error: <md> is not allowed here.
logs\main-assembled.xml:91109:3: error: <md> is not allowed here.
logs\main-assembled.xml:91115:3: error: <md> is not allowed here.
logs\main-assembled.xml:91121:3: error: <md> is not allowed here.
logs\main-assembled.xml:91129:3: error: <md> is not allowed here.
logs\main-assembled.xml:91148:3: error: <md> is not allowed here.
logs\main-assembled.xml:91154:3: error: <md> is not allowed here.
logs\main-assembled.xml:91160:3: error: <md> is not allowed here.
logs\main-assembled.xml:91164:3: error: <md> is not allowed here.
logs\main-assembled.xml:91177:3: error: <note> is not allowed here.
logs\main-assembled.xml:91213:3: error: <md> is not allowed here.
logs\main-assembled.xml:91217:3: error: <md> is not allowed here.
logs\main-assembled.xml:91221:3: error: <md> is not allowed here.
logs\main-assembled.xml:91228:9: error: <md> is not allowed here.
logs\main-assembled.xml:91233:9: error: <md> is not allowed here.
logs\main-assembled.xml:91243:3: error: <md> is not allowed here.
logs\main-assembled.xml:91250:3: error: <subsection> is not allowed here.
logs\main-assembled.xml:91256:3: error: <md> is not allowed here.
logs\main-assembled.xml:91260:3: error: <md> is not allowed here.
logs\main-assembled.xml:91264:3: error: <md> is not allowed here.
logs\main-assembled.xml:91268:3: error: <md> is not allowed here.
logs\main-assembled.xml:91277:3: error: <md> is not allowed here.
logs\main-assembled.xml:91285:3: error: <md> is not allowed here.
logs\main-assembled.xml:91289:3: error: <md> is not allowed here.
logs\main-assembled.xml:91294:3: error: <md> is not allowed here.
logs\main-assembled.xml:91298:3: error: <md> is not allowed here.
logs\main-assembled.xml:91304:3: error: <md> is not allowed here.
logs\main-assembled.xml:91308:3: error: <md> is not allowed here.
logs\main-assembled.xml:91314:3: error: <md> is not allowed here.
logs\main-assembled.xml:91339:3: error: <md> is not allowed here.
logs\main-assembled.xml:91345:3: error: <md> is not allowed here.
logs\main-assembled.xml:91351:3: error: <md> is not allowed here.
logs\main-assembled.xml:91355:3: error: <md> is not allowed here.
logs\main-assembled.xml:91359:3: error: <md> is not allowed here.
logs\main-assembled.xml:91363:3: error: <md> is not allowed here.
logs\main-assembled.xml:91367:3: error: <md> is not allowed here.
logs\main-assembled.xml:91376:3: error: <subsection> is not allowed here.
logs\main-assembled.xml:91381:3: error: <md> is not allowed here.
logs\main-assembled.xml:91385:3: error: <md> is not allowed here.
logs\main-assembled.xml:91391:3: error: <md> is not allowed here.
logs\main-assembled.xml:91395:3: error: <md> is not allowed here.
logs\main-assembled.xml:91403:3: error: <md> is not allowed here.
logs\main-assembled.xml:91411:3: error: <md> is not allowed here.
logs\main-assembled.xml:91415:3: error: <md> is not allowed here.
logs\main-assembled.xml:91423:3: error: <md> is not allowed here.
logs\main-assembled.xml:91432:3: error: <md> is not allowed here.
logs\main-assembled.xml:91436:3: error: <md> is not allowed here.
logs\main-assembled.xml:91441:3: error: <md> is not allowed here.
logs\main-assembled.xml:91447:3: error: <md> is not allowed here.
logs\main-assembled.xml:91512:3: error: <md> is not allowed here.
logs\main-assembled.xml:91516:3: error: <md> is not allowed here.
logs\main-assembled.xml:91525:3: error: <md> is not allowed here.
logs\main-assembled.xml:91529:3: error: <md> is not allowed here.
logs\main-assembled.xml:91533:3: error: <md> is not allowed here.
logs\main-assembled.xml:91539:3: error: <md> is not allowed here.
logs\main-assembled.xml:91548:3: error: <subsection> is not allowed here.
logs\main-assembled.xml:91553:3: error: <md> is not allowed here.
logs\main-assembled.xml:91558:3: error: <md> is not allowed here.
logs\main-assembled.xml:91566:3: error: <md> is not allowed here.
logs\main-assembled.xml:91570:3: error: <md> is not allowed here.
logs\main-assembled.xml:91574:3: error: <md> is not allowed here.
logs\main-assembled.xml:91576:3: error: <md> is not allowed here.
logs\main-assembled.xml:91578:3: error: <md> is not allowed here.
logs\main-assembled.xml:91582:3: error: <md> is not allowed here.
logs\main-assembled.xml:91588:3: error: <md> is not allowed here.
logs\main-assembled.xml:91592:3: error: <md> is not allowed here.
logs\main-assembled.xml:91600:3: error: <md> is not allowed here.
logs\main-assembled.xml:91608:3: error: <md> is not allowed here.
logs\main-assembled.xml:91616:3: error: <md> is not allowed here.
logs\main-assembled.xml:91620:3: error: <md> is not allowed here.
logs\main-assembled.xml:91626:3: error: <md> is not allowed here.
logs\main-assembled.xml:91636:3: error: <md> is not allowed here.
logs\main-assembled.xml:91640:3: error: <md> is not allowed here.
logs\main-assembled.xml:91646:3: error: <md> is not allowed here.
logs\main-assembled.xml:91652:3: error: <md> is not allowed here.
logs\main-assembled.xml:91660:3: error: <md> is not allowed here.
logs\main-assembled.xml:91669:3: error: <md> is not allowed here.
logs\main-assembled.xml:91676:3: error: <subsection> is not allowed here.
logs\main-assembled.xml:91681:3: error: <md> is not allowed here.
logs\main-assembled.xml:91685:3: error: <md> is not allowed here.
logs\main-assembled.xml:91692:3: error: <md> is not allowed here.
logs\main-assembled.xml:91698:3: error: <md> is not allowed here.
logs\main-assembled.xml:91706:3: error: <md> is not allowed here.
logs\main-assembled.xml:91710:3: error: <md> is not allowed here.
logs\main-assembled.xml:91714:3: error: <md> is not allowed here.
logs\main-assembled.xml:91729:3: error: <md> is not allowed here.
logs\main-assembled.xml:91733:3: error: <md> is not allowed here.
logs\main-assembled.xml:91741:3: error: <md> is not allowed here.
logs\main-assembled.xml:91747:3: error: <md> is not allowed here.
logs\main-assembled.xml:91756:3: error: <subsection> is not allowed here.
logs\main-assembled.xml:91763:3: error: <md> is not allowed here.
logs\main-assembled.xml:91770:3: error: <md> is not allowed here.
logs\main-assembled.xml:91777:3: error: <md> is not allowed here.
logs\main-assembled.xml:91781:3: error: <md> is not allowed here.
logs\main-assembled.xml:91793:9: error: <md> is not allowed here.
logs\main-assembled.xml:91800:9: error: <md> is not allowed here.
logs\main-assembled.xml:91807:3: error: <md> is not allowed here.
logs\main-assembled.xml:91819:3: error: <md> is not allowed here.
logs\main-assembled.xml:91823:3: error: <md> is not allowed here.
logs\main-assembled.xml:91825:3: error: <md> is not allowed here.
logs\main-assembled.xml:91829:3: error: <md> is not allowed here.
logs\main-assembled.xml:91833:3: error: <md> is not allowed here.
logs\main-assembled.xml:91837:3: error: <md> is not allowed here.
logs\main-assembled.xml:91849:3: error: <md> is not allowed here.
logs\main-assembled.xml:91856:3: error: <md> is not allowed here.
logs\main-assembled.xml:91860:3: error: <md> is not allowed here.
logs\main-assembled.xml:91864:3: error: <md> is not allowed here.
logs\main-assembled.xml:91868:3: error: <md> is not allowed here.
logs\main-assembled.xml:91872:3: error: <md> is not allowed here.
logs\main-assembled.xml:91876:3: error: <md> is not allowed here.
logs\main-assembled.xml:91880:3: error: <md> is not allowed here.
logs\main-assembled.xml:91884:3: error: <md> is not allowed here.
logs\main-assembled.xml:91888:3: error: <md> is not allowed here.
logs\main-assembled.xml:91892:3: error: <md> is not allowed here.
logs\main-assembled.xml:91902:3: error: <md> is not allowed here.
logs\main-assembled.xml:91906:3: error: <md> is not allowed here.
logs\main-assembled.xml:91913:3: error: <md> is not allowed here.
logs\main-assembled.xml:91930:3: error: <md> is not allowed here.
logs\main-assembled.xml:91934:3: error: <md> is not allowed here.
logs\main-assembled.xml:91942:3: error: <md> is not allowed here.
logs\main-assembled.xml:91948:3: error: <md> is not allowed here.
logs\main-assembled.xml:91952:3: error: <md> is not allowed here.
logs\main-assembled.xml:91965:3: error: <md> is not allowed here.
logs\main-assembled.xml:91969:3: error: <md> is not allowed here.
logs\main-assembled.xml:91976:3: error: <md> is not allowed here.
logs\main-assembled.xml:91980:3: error: <md> is not allowed here.
logs\main-assembled.xml:92001:3: error: <subsection> is not allowed here.
logs\main-assembled.xml:92007:5: error: <tabular> is not allowed here.
logs\main-assembled.xml:92009:15: error: <strong> is not allowed here.
logs\main-assembled.xml:92010:15: error: <strong> is not allowed here.
logs\main-assembled.xml:92011:15: error: <strong> is not allowed here.
logs\main-assembled.xml:92049:9: error: <title> is not allowed here.
logs\main-assembled.xml:92057:9: error: <md> is not allowed here.
logs\main-assembled.xml:92094:3: error: <md> is not allowed here.
logs\main-assembled.xml:92105:3: error: <md> is not allowed here.
logs\main-assembled.xml:92111:3: error: <subsection> is not allowed here.
logs\main-assembled.xml:92119:3: error: <md> is not allowed here.
logs\main-assembled.xml:92128:3: error: <md> is not allowed here.
logs\main-assembled.xml:92133:3: error: <md> is not allowed here.
logs\main-assembled.xml:92139:3: error: <md> is not allowed here.
logs\main-assembled.xml:92145:3: error: <md> is not allowed here.
logs\main-assembled.xml:92149:3: error: <md> is not allowed here.
logs\main-assembled.xml:92153:3: error: <md> is not allowed here.
logs\main-assembled.xml:92159:3: error: <md> is not allowed here.
logs\main-assembled.xml:92165:3: error: <md> is not allowed here.
logs\main-assembled.xml:92169:3: error: <md> is not allowed here.
logs\main-assembled.xml:92184:3: error: <md> is not allowed here.
logs\main-assembled.xml:92190:3: error: <md> is not allowed here.
logs\main-assembled.xml:92194:3: error: <md> is not allowed here.
logs\main-assembled.xml:92202:3: error: <md> is not allowed here.
logs\main-assembled.xml:92207:3: error: <md> is not allowed here.
logs\main-assembled.xml:92215:3: error: <md> is not allowed here.
logs\main-assembled.xml:92223:3: error: <md> is not allowed here.
logs\main-assembled.xml:92229:3: error: <warning> is not allowed here.
logs\main-assembled.xml:92232:9: error: <md> is not allowed here.
logs\main-assembled.xml:92245:3: error: <md> is not allowed here.
logs\main-assembled.xml:92250:3: error: <md> is not allowed here.
logs\main-assembled.xml:92254:3: error: <md> is not allowed here.
logs\main-assembled.xml:92260:3: error: <md> is not allowed here.
logs\main-assembled.xml:92269:5: error: <tabular> is not allowed here.
logs\main-assembled.xml:92271:15: error: <strong> is not allowed here.
logs\main-assembled.xml:92272:15: error: <strong> is not allowed here.
logs\main-assembled.xml:92273:15: error: <strong> is not allowed here.
logs\main-assembled.xml:92301:9: error: <title> is not allowed here.
logs\main-assembled.xml:92322:3: error: <subsection> is not allowed here.
logs\main-assembled.xml:92327:3: error: <md> is not allowed here.
logs\main-assembled.xml:92351:3: error: <md> is not allowed here.
logs\main-assembled.xml:92355:3: error: <md> is not allowed here.
logs\main-assembled.xml:92360:3: error: <md> is not allowed here.
logs\main-assembled.xml:92366:3: error: <md> is not allowed here.
logs\main-assembled.xml:92372:3: error: <md> is not allowed here.
logs\main-assembled.xml:92378:3: error: <md> is not allowed here.
logs\main-assembled.xml:92384:3: error: <md> is not allowed here.
logs\main-assembled.xml:92395:3: error: <md> is not allowed here.
logs\main-assembled.xml:92399:3: error: <md> is not allowed here.
logs\main-assembled.xml:92404:3: error: <md> is not allowed here.
logs\main-assembled.xml:92410:3: error: <md> is not allowed here.
logs\main-assembled.xml:92416:3: error: <md> is not allowed here.
logs\main-assembled.xml:92429:3: error: <md> is not allowed here.
logs\main-assembled.xml:92434:3: error: <md> is not allowed here.
logs\main-assembled.xml:92439:3: error: <md> is not allowed here.
logs\main-assembled.xml:92445:3: error: <md> is not allowed here.
logs\main-assembled.xml:92451:3: error: <md> is not allowed here.
logs\main-assembled.xml:92461:3: error: <note> is not allowed here.
logs\main-assembled.xml:92487:3: error: <subsection> is not allowed here.
logs\main-assembled.xml:92495:3: error: <md> is not allowed here.
logs\main-assembled.xml:92502:3: error: <md> is not allowed here.
logs\main-assembled.xml:92507:3: error: <md> is not allowed here.
logs\main-assembled.xml:92511:3: error: <md> is not allowed here.
logs\main-assembled.xml:92518:3: error: <md> is not allowed here.
logs\main-assembled.xml:92528:3: error: <md> is not allowed here.
logs\main-assembled.xml:92538:3: error: <md> is not allowed here.
logs\main-assembled.xml:92543:3: error: <md> is not allowed here.
logs\main-assembled.xml:92549:3: error: <md> is not allowed here.
logs\main-assembled.xml:92556:3: error: <md> is not allowed here.
logs\main-assembled.xml:92602:3: error: <md> is not allowed here.
logs\main-assembled.xml:92606:3: error: <md> is not allowed here.
logs\main-assembled.xml:92610:3: error: <md> is not allowed here.
logs\main-assembled.xml:92618:3: error: <md> is not allowed here.
logs\main-assembled.xml:92627:3: error: <md> is not allowed here.
logs\main-assembled.xml:92633:3: error: <md> is not allowed here.
logs\main-assembled.xml:92641:3: error: <md> is not allowed here.
logs\main-assembled.xml:92665:3: error: <subsection> is not allowed here.
logs\main-assembled.xml:92675:3: error: <md> is not allowed here.
logs\main-assembled.xml:92699:3: error: <md> is not allowed here.
logs\main-assembled.xml:92709:3: error: <md> is not allowed here.
logs\main-assembled.xml:92713:3: error: <md> is not allowed here.
logs\main-assembled.xml:92717:3: error: <md> is not allowed here.
logs\main-assembled.xml:92721:3: error: <md> is not allowed here.
logs\main-assembled.xml:92727:3: error: <md> is not allowed here.
logs\main-assembled.xml:92732:3: error: <md> is not allowed here.
logs\main-assembled.xml:92736:3: error: <md> is not allowed here.
logs\main-assembled.xml:92742:3: error: <md> is not allowed here.
logs\main-assembled.xml:92746:3: error: <md> is not allowed here.
logs\main-assembled.xml:92752:3: error: <md> is not allowed here.
logs\main-assembled.xml:92756:3: error: <md> is not allowed here.
logs\main-assembled.xml:92760:3: error: <md> is not allowed here.
logs\main-assembled.xml:92764:3: error: <md> is not allowed here.
logs\main-assembled.xml:92770:3: error: <md> is not allowed here.
logs\main-assembled.xml:92777:3: error: <md> is not allowed here.
logs\main-assembled.xml:92781:3: error: <md> is not allowed here.
logs\main-assembled.xml:92788:3: error: <md> is not allowed here.
logs\main-assembled.xml:92792:3: error: <md> is not allowed here.
logs\main-assembled.xml:92805:3: error: <md> is not allowed here.
logs\main-assembled.xml:92813:3: error: <md> is not allowed here.
logs\main-assembled.xml:92817:3: error: <md> is not allowed here.
logs\main-assembled.xml:92823:3: error: <md> is not allowed here.
logs\main-assembled.xml:92829:3: error: <md> is not allowed here.
logs\main-assembled.xml:92835:3: error: <md> is not allowed here.
logs\main-assembled.xml:92840:3: error: <md> is not allowed here.
logs\main-assembled.xml:92846:3: error: <md> is not allowed here.
logs\main-assembled.xml:92848:3: error: <md> is not allowed here.
logs\main-assembled.xml:92850:3: error: <md> is not allowed here.
logs\main-assembled.xml:92852:3: error: <md> is not allowed here.
logs\main-assembled.xml:92854:3: error: <md> is not allowed here.
logs\main-assembled.xml:92858:3: error: <md> is not allowed here.
logs\main-assembled.xml:92868:3: error: <subsection> is not allowed here.
logs\main-assembled.xml:92881:3: error: <md> is not allowed here.
logs\main-assembled.xml:92885:3: error: <md> is not allowed here.
logs\main-assembled.xml:92891:3: error: <md> is not allowed here.
logs\main-assembled.xml:92895:3: error: <md> is not allowed here.
logs\main-assembled.xml:92901:3: error: <md> is not allowed here.
logs\main-assembled.xml:92905:3: error: <md> is not allowed here.
logs\main-assembled.xml:92911:3: error: <md> is not allowed here.
logs\main-assembled.xml:92915:3: error: <md> is not allowed here.
logs\main-assembled.xml:92926:3: error: <md> is not allowed here.
logs\main-assembled.xml:92930:3: error: <md> is not allowed here.
logs\main-assembled.xml:92944:3: error: <md> is not allowed here.
logs\main-assembled.xml:92948:3: error: <md> is not allowed here.
logs\main-assembled.xml:92952:3: error: <md> is not allowed here.
logs\main-assembled.xml:92958:3: error: <md> is not allowed here.
logs\main-assembled.xml:92962:3: error: <md> is not allowed here.
logs\main-assembled.xml:92968:3: error: <md> is not allowed here.
logs\main-assembled.xml:92975:3: error: <md> is not allowed here.
logs\main-assembled.xml:92983:3: error: <md> is not allowed here.
logs\main-assembled.xml:92991:3: error: <md> is not allowed here.
logs\main-assembled.xml:92999:11: error: <ol> is not allowed here.
logs\main-assembled.xml:93013:8: error: Missing required content. Expected one of: <p>, <blockquote>, <pre>, <image>, <video>, <audio>, <program>, <console>, <tabular>, <figure>, <table>, <listing>, … (7 more).
logs\main-assembled.xml:93038:3: error: <md> is not allowed here.
logs\main-assembled.xml:93045:3: error: <subsection> is not allowed here.
logs\main-assembled.xml:93050:3: error: <md> is not allowed here.
logs\main-assembled.xml:93054:3: error: <md> is not allowed here.
logs\main-assembled.xml:93058:3: error: <md> is not allowed here.
logs\main-assembled.xml:93062:3: error: <md> is not allowed here.
logs\main-assembled.xml:93068:3: error: <md> is not allowed here.
logs\main-assembled.xml:93072:3: error: <md> is not allowed here.
logs\main-assembled.xml:93076:3: error: <md> is not allowed here.
logs\main-assembled.xml:93080:3: error: <md> is not allowed here.
logs\main-assembled.xml:93094:9: error: <md> is not allowed here.
logs\main-assembled.xml:93165:3: error: <subsection> is not allowed here.
logs\main-assembled.xml:93175:9: error: <md> is not allowed here.
logs\main-assembled.xml:93182:5: error: <tabular> is not allowed here.
logs\main-assembled.xml:93184:15: error: <strong> is not allowed here.
logs\main-assembled.xml:93185:15: error: <strong> is not allowed here.
logs\main-assembled.xml:93200:9: error: <title> is not allowed here.
logs\main-assembled.xml:93222:3: error: <md> is not allowed here.
logs\main-assembled.xml:93227:3: error: <md> is not allowed here.
logs\main-assembled.xml:93231:3: error: <md> is not allowed here.
logs\main-assembled.xml:93235:3: error: <md> is not allowed here.
logs\main-assembled.xml:93239:3: error: <md> is not allowed here.
logs\main-assembled.xml:93243:3: error: <md> is not allowed here.
logs\main-assembled.xml:93257:3: error: <md> is not allowed here.
logs\main-assembled.xml:93261:3: error: <md> is not allowed here.
logs\main-assembled.xml:93265:3: error: <md> is not allowed here.
logs\main-assembled.xml:93269:3: error: <md> is not allowed here.
logs\main-assembled.xml:93274:3: error: <md> is not allowed here.
logs\main-assembled.xml:93284:3: error: <md> is not allowed here.
logs\main-assembled.xml:93288:3: error: <md> is not allowed here.
logs\main-assembled.xml:93292:3: error: <md> is not allowed here.
logs\main-assembled.xml:93298:3: error: <md> is not allowed here.
logs\main-assembled.xml:93302:3: error: <md> is not allowed here.
logs\main-assembled.xml:93306:3: error: <md> is not allowed here.
logs\main-assembled.xml:93310:3: error: <md> is not allowed here.
logs\main-assembled.xml:93314:3: error: <md> is not allowed here.
logs\main-assembled.xml:93322:3: error: <md> is not allowed here.
logs\main-assembled.xml:93328:3: error: <md> is not allowed here.
logs\main-assembled.xml:93335:3: error: <subsection> is not allowed here.
logs\main-assembled.xml:93343:9: error: <md> is not allowed here.
logs\main-assembled.xml:93345:9: error: <md> is not allowed here.
logs\main-assembled.xml:93351:9: error: <md> is not allowed here.
logs\main-assembled.xml:93362:3: error: <md> is not allowed here.
logs\main-assembled.xml:93368:3: error: <md> is not allowed here.
logs\main-assembled.xml:93378:3: error: <md> is not allowed here.
logs\main-assembled.xml:93386:3: error: <md> is not allowed here.
logs\main-assembled.xml:93402:3: error: <md> is not allowed here.
logs\main-assembled.xml:93406:3: error: <md> is not allowed here.
logs\main-assembled.xml:93411:3: error: <md> is not allowed here.
logs\main-assembled.xml:93417:3: error: <md> is not allowed here.
logs\main-assembled.xml:93421:3: error: <md> is not allowed here.
logs\main-assembled.xml:93425:3: error: <md> is not allowed here.
logs\main-assembled.xml:93434:3: error: <md> is not allowed here.
logs\main-assembled.xml:93450:3: error: <md> is not allowed here.
logs\main-assembled.xml:93461:3: error: <md> is not allowed here.
logs\main-assembled.xml:93465:3: error: <md> is not allowed here.
logs\main-assembled.xml:93469:3: error: <md> is not allowed here.
logs\main-assembled.xml:93473:3: error: <md> is not allowed here.
logs\main-assembled.xml:93477:3: error: <md> is not allowed here.
logs\main-assembled.xml:93481:3: error: <md> is not allowed here.
logs\main-assembled.xml:93485:3: error: <md> is not allowed here.
logs\main-assembled.xml:93489:3: error: <md> is not allowed here.
logs\main-assembled.xml:93493:3: error: <md> is not allowed here.
logs\main-assembled.xml:93497:3: error: <md> is not allowed here.
logs\main-assembled.xml:93528:3: error: <subsection> is not allowed here.
logs\main-assembled.xml:93536:3: error: <md> is not allowed here.
logs\main-assembled.xml:93540:3: error: <md> is not allowed here.
logs\main-assembled.xml:93544:3: error: <md> is not allowed here.
logs\main-assembled.xml:93550:3: error: <md> is not allowed here.
logs\main-assembled.xml:93554:3: error: <md> is not allowed here.
logs\main-assembled.xml:93560:3: error: <md> is not allowed here.
logs\main-assembled.xml:93564:3: error: <md> is not allowed here.
logs\main-assembled.xml:93572:3: error: <md> is not allowed here.
logs\main-assembled.xml:93577:3: error: <md> is not allowed here.
logs\main-assembled.xml:93586:9: error: <md> is not allowed here.
logs\main-assembled.xml:93588:9: error: <md> is not allowed here.
logs\main-assembled.xml:93590:9: error: <md> is not allowed here.
logs\main-assembled.xml:93597:3: error: <md> is not allowed here.
logs\main-assembled.xml:93603:3: error: <md> is not allowed here.
logs\main-assembled.xml:93608:3: error: <md> is not allowed here.
logs\main-assembled.xml:93614:3: error: <md> is not allowed here.
logs\main-assembled.xml:93618:3: error: <md> is not allowed here.
logs\main-assembled.xml:93624:3: error: <md> is not allowed here.
logs\main-assembled.xml:93632:3: error: <md> is not allowed here.
logs\main-assembled.xml:93636:3: error: <md> is not allowed here.
logs\main-assembled.xml:93652:3: error: <md> is not allowed here.
logs\main-assembled.xml:93656:3: error: <md> is not allowed here.
logs\main-assembled.xml:93663:3: error: <md> is not allowed here.
logs\main-assembled.xml:93703:3: error: <md> is not allowed here.
logs\main-assembled.xml:93707:3: error: <md> is not allowed here.
logs\main-assembled.xml:93711:3: error: <md> is not allowed here.
logs\main-assembled.xml:93715:3: error: <subsection> is not allowed here.
logs\main-assembled.xml:93723:3: error: <md> is not allowed here.
logs\main-assembled.xml:93733:3: error: <md> is not allowed here.
logs\main-assembled.xml:93770:3: error: <md> is not allowed here.
logs\main-assembled.xml:93776:3: error: <md> is not allowed here.
logs\main-assembled.xml:93781:3: error: <md> is not allowed here.
logs\main-assembled.xml:93786:3: error: <md> is not allowed here.
logs\main-assembled.xml:93792:3: error: <md> is not allowed here.
logs\main-assembled.xml:93798:3: error: <md> is not allowed here.
logs\main-assembled.xml:93805:3: error: <md> is not allowed here.
logs\main-assembled.xml:93815:9: error: <md> is not allowed here.
logs\main-assembled.xml:93837:3: error: <subsection> is not allowed here.
logs\main-assembled.xml:93848:5: error: <tabular> is not allowed here.
logs\main-assembled.xml:93850:15: error: <strong> is not allowed here.
logs\main-assembled.xml:93851:15: error: <strong> is not allowed here.
logs\main-assembled.xml:93852:15: error: <strong> is not allowed here.
logs\main-assembled.xml:93875:9: error: <title> is not allowed here.
logs\main-assembled.xml:93879:3: error: <md> is not allowed here.
logs\main-assembled.xml:93883:3: error: <md> is not allowed here.
logs\main-assembled.xml:93887:3: error: <md> is not allowed here.
logs\main-assembled.xml:93899:3: error: <md> is not allowed here.
logs\main-assembled.xml:93903:3: error: <md> is not allowed here.
logs\main-assembled.xml:93907:3: error: <md> is not allowed here.
logs\main-assembled.xml:93911:3: error: <md> is not allowed here.
logs\main-assembled.xml:93915:3: error: <md> is not allowed here.
logs\main-assembled.xml:93925:3: error: <md> is not allowed here.
logs\main-assembled.xml:93930:3: error: <md> is not allowed here.
logs\main-assembled.xml:93938:3: error: <md> is not allowed here.
logs\main-assembled.xml:93966:3: error: <subsection> is not allowed here.
logs\main-assembled.xml:93976:3: error: <md> is not allowed here.
logs\main-assembled.xml:93989:3: error: <md> is not allowed here.
logs\main-assembled.xml:93993:3: error: <md> is not allowed here.
logs\main-assembled.xml:93997:3: error: <md> is not allowed here.
logs\main-assembled.xml:94005:3: error: <md> is not allowed here.
logs\main-assembled.xml:94009:3: error: <md> is not allowed here.
logs\main-assembled.xml:94013:3: error: <md> is not allowed here.
logs\main-assembled.xml:94019:3: error: <md> is not allowed here.
logs\main-assembled.xml:94024:3: error: <md> is not allowed here.
logs\main-assembled.xml:94028:3: error: <md> is not allowed here.
logs\main-assembled.xml:94034:3: error: <md> is not allowed here.
logs\main-assembled.xml:94038:3: error: <md> is not allowed here.
logs\main-assembled.xml:94046:3: error: <md> is not allowed here.
logs\main-assembled.xml:94054:3: error: <md> is not allowed here.
logs\main-assembled.xml:94064:3: error: <md> is not allowed here.
logs\main-assembled.xml:94070:3: error: <md> is not allowed here.
logs\main-assembled.xml:94087:3: error: <md> is not allowed here.
logs\main-assembled.xml:94091:3: error: <md> is not allowed here.
logs\main-assembled.xml:94095:3: error: <md> is not allowed here.
logs\main-assembled.xml:94100:3: error: <md> is not allowed here.
logs\main-assembled.xml:94132:3: error: <subsection> is not allowed here.
logs\main-assembled.xml:94140:3: error: <md> is not allowed here.
logs\main-assembled.xml:94145:3: error: <md> is not allowed here.
logs\main-assembled.xml:94149:3: error: <md> is not allowed here.
logs\main-assembled.xml:94155:3: error: <md> is not allowed here.
logs\main-assembled.xml:94167:3: error: <md> is not allowed here.
logs\main-assembled.xml:94171:3: error: <md> is not allowed here.
logs\main-assembled.xml:94253:3: error: <subsection> is not allowed here.
logs\main-assembled.xml:94259:5: error: <tabular> is not allowed here.
logs\main-assembled.xml:94261:15: error: <strong> is not allowed here.
logs\main-assembled.xml:94262:15: error: <strong> is not allowed here.
logs\main-assembled.xml:94263:15: error: <strong> is not allowed here.
logs\main-assembled.xml:94296:9: error: <title> is not allowed here.
logs\main-assembled.xml:94301:5: error: <tabular> is not allowed here.
logs\main-assembled.xml:94303:15: error: <strong> is not allowed here.
logs\main-assembled.xml:94304:15: error: <strong> is not allowed here.
logs\main-assembled.xml:94305:15: error: <strong> is not allowed here.
logs\main-assembled.xml:94343:9: error: <title> is not allowed here.
logs\main-assembled.xml:94348:11: error: <ol> is not allowed here.
logs\main-assembled.xml:94366:5: error: <ol> is not allowed here.
logs\main-assembled.xml:94382:11: error: <md> is not allowed here.
logs\main-assembled.xml:94393:5: error: <ol> is not allowed here.
logs\main-assembled.xml:94414:5: error: <ol> is not allowed here.
logs\main-assembled.xml:94434:5: error: <ol> is not allowed here.
logs\main-assembled.xml:94437:11: error: <md> is not allowed here.
logs\main-assembled.xml:94441:11: error: <md> is not allowed here.
logs\main-assembled.xml:94445:11: error: <md> is not allowed here.
logs\main-assembled.xml:94450:11: error: <md> is not allowed here.
logs\main-assembled.xml:94454:11: error: <md> is not allowed here.
logs\main-assembled.xml:94458:11: error: <md> is not allowed here.
logs\main-assembled.xml:94462:11: error: <md> is not allowed here.
logs\main-assembled.xml:94467:11: error: <md> is not allowed here.
logs\main-assembled.xml:94473:11: error: <md> is not allowed here.
logs\main-assembled.xml:94483:5: error: <ol> is not allowed here.
logs\main-assembled.xml:94522:3: error: <subsection> is not allowed here.
logs\main-assembled.xml:94536:3: error: <md> is not allowed here.
logs\main-assembled.xml:94548:3: error: <md> is not allowed here.
logs\main-assembled.xml:94552:3: error: <md> is not allowed here.
logs\main-assembled.xml:94556:3: error: <md> is not allowed here.
logs\main-assembled.xml:94560:3: error: <md> is not allowed here.
logs\main-assembled.xml:94564:3: error: <md> is not allowed here.
logs\main-assembled.xml:94568:3: error: <md> is not allowed here.
logs\main-assembled.xml:94572:3: error: <md> is not allowed here.
logs\main-assembled.xml:94582:3: error: <md> is not allowed here.
logs\main-assembled.xml:94591:3: error: <md> is not allowed here.
logs\main-assembled.xml:94593:3: error: <md> is not allowed here.
logs\main-assembled.xml:94599:3: error: <md> is not allowed here.
logs\main-assembled.xml:94603:3: error: <md> is not allowed here.
logs\main-assembled.xml:94607:3: error: <md> is not allowed here.
logs\main-assembled.xml:94615:3: error: <md> is not allowed here.
logs\main-assembled.xml:94619:3: error: <md> is not allowed here.
logs\main-assembled.xml:94623:3: error: <md> is not allowed here.
logs\main-assembled.xml:94629:5: error: <ol> is not allowed here.
logs\main-assembled.xml:94645:11: error: <md> is not allowed here.
logs\main-assembled.xml:94650:14: error: Missing required content. Expected one of: <p>, <blockquote>, <pre>, <image>, <video>, <audio>, <program>, <console>, <tabular>, <figure>, <table>, <listing>, … (47 more).
logs\main-assembled.xml:94657:5: error: <ol> is not allowed here.
logs\main-assembled.xml:94688:3: error: <subsection> is not allowed here.
logs\main-assembled.xml:94706:3: error: <md> is not allowed here.
logs\main-assembled.xml:94717:3: error: <md> is not allowed here.
logs\main-assembled.xml:94721:3: error: <md> is not allowed here.
logs\main-assembled.xml:94733:3: error: <md> is not allowed here.
logs\main-assembled.xml:94739:3: error: <md> is not allowed here.
logs\main-assembled.xml:94741:3: error: <md> is not allowed here.
logs\main-assembled.xml:94743:3: error: <md> is not allowed here.
logs\main-assembled.xml:94745:3: error: <md> is not allowed here.
logs\main-assembled.xml:94753:3: error: <md> is not allowed here.
logs\main-assembled.xml:94757:3: error: <md> is not allowed here.
logs\main-assembled.xml:94761:3: error: <md> is not allowed here.
logs\main-assembled.xml:94766:5: error: <tabular> is not allowed here.
logs\main-assembled.xml:94768:15: error: <strong> is not allowed here.
logs\main-assembled.xml:94769:15: error: <strong> is not allowed here.
logs\main-assembled.xml:94770:15: error: <strong> is not allowed here.
logs\main-assembled.xml:94771:15: error: <strong> is not allowed here.
logs\main-assembled.xml:94792:9: error: <title> is not allowed here.
logs\main-assembled.xml:94800:5: error: <ol> is not allowed here.
logs\main-assembled.xml:94827:3: error: <md> is not allowed here.
logs\main-assembled.xml:94855:3: error: <subsection> is not allowed here.
logs\main-assembled.xml:94860:3: error: <md> is not allowed here.
logs\main-assembled.xml:94864:3: error: <md> is not allowed here.
logs\main-assembled.xml:94869:3: error: <md> is not allowed here.
logs\main-assembled.xml:94874:3: error: <md> is not allowed here.
logs\main-assembled.xml:94881:3: error: <md> is not allowed here.
logs\main-assembled.xml:94885:3: error: <md> is not allowed here.
logs\main-assembled.xml:94889:3: error: <md> is not allowed here.
logs\main-assembled.xml:94898:3: error: <md> is not allowed here.
logs\main-assembled.xml:94902:3: error: <md> is not allowed here.
logs\main-assembled.xml:94919:3: error: <md> is not allowed here.
logs\main-assembled.xml:94985:3: error: <md> is not allowed here.
logs\main-assembled.xml:94994:3: error: <md> is not allowed here.
logs\main-assembled.xml:95006:3: error: <md> is not allowed here.
logs\main-assembled.xml:95012:3: error: <subsection> is not allowed here.
logs\main-assembled.xml:95017:3: error: <md> is not allowed here.
logs\main-assembled.xml:95021:3: error: <md> is not allowed here.
logs\main-assembled.xml:95028:3: error: <md> is not allowed here.
logs\main-assembled.xml:95034:3: error: <md> is not allowed here.
logs\main-assembled.xml:95038:3: error: <md> is not allowed here.
logs\main-assembled.xml:95079:3: error: <md> is not allowed here.
logs\main-assembled.xml:95083:3: error: <md> is not allowed here.
logs\main-assembled.xml:95087:3: error: <md> is not allowed here.
logs\main-assembled.xml:95093:3: error: <md> is not allowed here.
logs\main-assembled.xml:95117:3: error: <md> is not allowed here.
logs\main-assembled.xml:95121:3: error: <md> is not allowed here.
logs\main-assembled.xml:95127:3: error: <md> is not allowed here.
logs\main-assembled.xml:95131:3: error: <md> is not allowed here.
logs\main-assembled.xml:95135:3: error: <note> is not allowed here.
logs\main-assembled.xml:95149:3: error: <md> is not allowed here.
logs\main-assembled.xml:95153:3: error: <md> is not allowed here.
logs\main-assembled.xml:95157:3: error: <md> is not allowed here.
logs\main-assembled.xml:95165:3: error: <md> is not allowed here.
logs\main-assembled.xml:95178:3: error: <md> is not allowed here.
logs\main-assembled.xml:95182:3: error: <md> is not allowed here.
logs\main-assembled.xml:95188:3: error: <md> is not allowed here.
logs\main-assembled.xml:95192:3: error: <md> is not allowed here.
logs\main-assembled.xml:95200:3: error: <md> is not allowed here.
logs\main-assembled.xml:95208:3: error: <subsection> is not allowed here.
logs\main-assembled.xml:95215:3: error: <md> is not allowed here.
logs\main-assembled.xml:95221:3: error: <md> is not allowed here.
logs\main-assembled.xml:95225:3: error: <md> is not allowed here.
logs\main-assembled.xml:95231:3: error: <md> is not allowed here.
logs\main-assembled.xml:95237:3: error: <md> is not allowed here.
logs\main-assembled.xml:95276:3: error: <md> is not allowed here.
logs\main-assembled.xml:95282:3: error: <md> is not allowed here.
logs\main-assembled.xml:95310:3: error: <md> is not allowed here.
logs\main-assembled.xml:95316:3: error: <md> is not allowed here.
logs\main-assembled.xml:95320:3: error: <md> is not allowed here.
logs\main-assembled.xml:95324:3: error: <md> is not allowed here.
logs\main-assembled.xml:95335:3: error: <md> is not allowed here.
logs\main-assembled.xml:95341:3: error: <md> is not allowed here.
logs\main-assembled.xml:95345:3: error: <md> is not allowed here.
logs\main-assembled.xml:95349:3: error: <md> is not allowed here.
logs\main-assembled.xml:95359:3: error: <subsection> is not allowed here.
logs\main-assembled.xml:95366:3: error: <md> is not allowed here.
logs\main-assembled.xml:95368:3: error: <md> is not allowed here.
logs\main-assembled.xml:95372:3: error: <md> is not allowed here.
logs\main-assembled.xml:95378:3: error: <md> is not allowed here.
logs\main-assembled.xml:95388:3: error: <md> is not allowed here.
logs\main-assembled.xml:95392:3: error: <md> is not allowed here.
logs\main-assembled.xml:95396:3: error: <md> is not allowed here.
logs\main-assembled.xml:95404:3: error: <md> is not allowed here.
logs\main-assembled.xml:95410:3: error: <md> is not allowed here.
logs\main-assembled.xml:95417:9: error: <md> is not allowed here.
logs\main-assembled.xml:95421:9: error: <md> is not allowed here.
logs\main-assembled.xml:95446:3: error: <md> is not allowed here.
logs\main-assembled.xml:95453:3: error: <md> is not allowed here.
logs\main-assembled.xml:95457:3: error: <md> is not allowed here.
logs\main-assembled.xml:95461:3: error: <md> is not allowed here.
logs\main-assembled.xml:95507:3: error: <md> is not allowed here.
logs\main-assembled.xml:95512:3: error: <md> is not allowed here.
logs\main-assembled.xml:95516:3: error: <md> is not allowed here.
logs\main-assembled.xml:95524:3: error: <md> is not allowed here.
logs\main-assembled.xml:95534:3: error: <subsection> is not allowed here.
logs\main-assembled.xml:95539:3: error: <md> is not allowed here.
logs\main-assembled.xml:95544:3: error: <md> is not allowed here.
logs\main-assembled.xml:95551:3: error: <md> is not allowed here.
logs\main-assembled.xml:95558:3: error: <md> is not allowed here.
logs\main-assembled.xml:95567:3: error: <md> is not allowed here.
logs\main-assembled.xml:95573:3: error: <md> is not allowed here.
logs\main-assembled.xml:95577:3: error: <md> is not allowed here.
logs\main-assembled.xml:95587:3: error: <md> is not allowed here.
logs\main-assembled.xml:95599:3: error: <md> is not allowed here.
logs\main-assembled.xml:95604:3: error: <md> is not allowed here.
logs\main-assembled.xml:95611:3: error: <md> is not allowed here.
logs\main-assembled.xml:95625:3: error: <md> is not allowed here.
logs\main-assembled.xml:95634:9: error: <md> is not allowed here.
logs\main-assembled.xml:95641:3: error: <md> is not allowed here.
logs\main-assembled.xml:95647:3: error: <md> is not allowed here.
logs\main-assembled.xml:95653:3: error: <md> is not allowed here.
logs\main-assembled.xml:95675:3: error: <md> is not allowed here.
logs\main-assembled.xml:95679:3: error: <md> is not allowed here.
logs\main-assembled.xml:95685:3: error: <md> is not allowed here.
logs\main-assembled.xml:95689:3: error: <md> is not allowed here.
logs\main-assembled.xml:95695:3: error: <md> is not allowed here.
logs\main-assembled.xml:95707:3: error: <md> is not allowed here.
logs\main-assembled.xml:95711:3: error: <md> is not allowed here.
logs\main-assembled.xml:95715:3: error: <md> is not allowed here.
logs\main-assembled.xml:95719:3: error: <md> is not allowed here.
logs\main-assembled.xml:95749:3: error: <md> is not allowed here.
logs\main-assembled.xml:95756:3: error: <md> is not allowed here.
logs\main-assembled.xml:95764:3: error: <subsection> is not allowed here.
logs\main-assembled.xml:95769:3: error: <md> is not allowed here.
logs\main-assembled.xml:95775:3: error: <md> is not allowed here.
logs\main-assembled.xml:95779:3: error: <md> is not allowed here.
logs\main-assembled.xml:95783:3: error: <md> is not allowed here.
logs\main-assembled.xml:95787:3: error: <md> is not allowed here.
logs\main-assembled.xml:95824:3: error: <md> is not allowed here.
logs\main-assembled.xml:95833:3: error: <md> is not allowed here.
logs\main-assembled.xml:95841:3: error: <md> is not allowed here.
logs\main-assembled.xml:95849:3: error: <md> is not allowed here.
logs\main-assembled.xml:95855:3: error: <md> is not allowed here.
logs\main-assembled.xml:95859:3: error: <md> is not allowed here.
logs\main-assembled.xml:95863:3: error: <md> is not allowed here.
logs\main-assembled.xml:95869:3: error: <md> is not allowed here.
logs\main-assembled.xml:95875:3: error: <md> is not allowed here.
logs\main-assembled.xml:95883:3: error: <md> is not allowed here.
logs\main-assembled.xml:95887:3: error: <md> is not allowed here.
logs\main-assembled.xml:95895:3: error: <md> is not allowed here.
logs\main-assembled.xml:95899:3: error: <md> is not allowed here.
logs\main-assembled.xml:95933:3: error: <md> is not allowed here.
logs\main-assembled.xml:95940:3: error: <md> is not allowed here.
logs\main-assembled.xml:95946:3: error: <subsection> is not allowed here.
logs\main-assembled.xml:95953:3: error: <md> is not allowed here.
logs\main-assembled.xml:95957:3: error: <md> is not allowed here.
logs\main-assembled.xml:95965:3: error: <md> is not allowed here.
logs\main-assembled.xml:95970:3: error: <md> is not allowed here.
logs\main-assembled.xml:95974:3: error: <md> is not allowed here.
logs\main-assembled.xml:95978:3: error: <md> is not allowed here.
logs\main-assembled.xml:95982:3: error: <md> is not allowed here.
logs\main-assembled.xml:95986:3: error: <md> is not allowed here.
logs\main-assembled.xml:95990:3: error: <md> is not allowed here.
logs\main-assembled.xml:95995:3: error: <md> is not allowed here.
logs\main-assembled.xml:96051:3: error: <md> is not allowed here.
logs\main-assembled.xml:96061:3: error: <md> is not allowed here.
logs\main-assembled.xml:96084:3: error: <subsection> is not allowed here.
logs\main-assembled.xml:96089:3: error: <md> is not allowed here.
logs\main-assembled.xml:96093:3: error: <md> is not allowed here.
logs\main-assembled.xml:96097:3: error: <md> is not allowed here.
logs\main-assembled.xml:96101:3: error: <md> is not allowed here.
logs\main-assembled.xml:96107:3: error: <md> is not allowed here.
logs\main-assembled.xml:96111:3: error: <md> is not allowed here.
logs\main-assembled.xml:96115:3: error: <md> is not allowed here.
logs\main-assembled.xml:96119:3: error: <md> is not allowed here.
logs\main-assembled.xml:96128:3: error: <md> is not allowed here.
logs\main-assembled.xml:96134:3: error: <md> is not allowed here.
logs\main-assembled.xml:96140:3: error: <md> is not allowed here.
logs\main-assembled.xml:96144:3: error: <md> is not allowed here.
logs\main-assembled.xml:96153:9: error: <md> is not allowed here.
logs\main-assembled.xml:96158:9: error: <md> is not allowed here.
logs\main-assembled.xml:96166:3: error: <md> is not allowed here.
logs\main-assembled.xml:96172:3: error: <md> is not allowed here.
logs\main-assembled.xml:96176:3: error: <md> is not allowed here.
logs\main-assembled.xml:96180:3: error: <md> is not allowed here.
logs\main-assembled.xml:96184:3: error: <md> is not allowed here.
logs\main-assembled.xml:96190:3: error: <md> is not allowed here.
logs\main-assembled.xml:96194:3: error: <md> is not allowed here.
logs\main-assembled.xml:96198:3: error: <md> is not allowed here.
logs\main-assembled.xml:96207:3: error: <md> is not allowed here.
logs\main-assembled.xml:96215:3: error: <md> is not allowed here.
logs\main-assembled.xml:96221:3: error: <md> is not allowed here.
logs\main-assembled.xml:96225:3: error: <md> is not allowed here.
logs\main-assembled.xml:96229:3: error: <md> is not allowed here.
logs\main-assembled.xml:96233:3: error: <md> is not allowed here.
logs\main-assembled.xml:96237:3: error: <md> is not allowed here.
logs\main-assembled.xml:96243:3: error: <md> is not allowed here.
logs\main-assembled.xml:96249:3: error: <md> is not allowed here.
logs\main-assembled.xml:96260:3: error: <md> is not allowed here.
logs\main-assembled.xml:96264:3: error: <md> is not allowed here.
logs\main-assembled.xml:96270:3: error: <md> is not allowed here.
logs\main-assembled.xml:96274:3: error: <md> is not allowed here.
logs\main-assembled.xml:96280:3: error: <md> is not allowed here.
logs\main-assembled.xml:96286:3: error: <md> is not allowed here.
logs\main-assembled.xml:96294:3: error: <md> is not allowed here.
logs\main-assembled.xml:96298:3: error: <md> is not allowed here.
logs\main-assembled.xml:96302:3: error: <md> is not allowed here.
logs\main-assembled.xml:96339:3: error: <md> is not allowed here.
logs\main-assembled.xml:96345:3: error: <md> is not allowed here.
logs\main-assembled.xml:96369:3: error: <subsection> is not allowed here.
logs\main-assembled.xml:96376:3: error: <md> is not allowed here.
logs\main-assembled.xml:96380:3: error: <md> is not allowed here.
logs\main-assembled.xml:96384:3: error: <md> is not allowed here.
logs\main-assembled.xml:96388:3: error: <md> is not allowed here.
logs\main-assembled.xml:96394:3: error: <md> is not allowed here.
logs\main-assembled.xml:96400:3: error: <md> is not allowed here.
logs\main-assembled.xml:96406:3: error: <md> is not allowed here.
logs\main-assembled.xml:96410:3: error: <md> is not allowed here.
logs\main-assembled.xml:96416:3: error: <md> is not allowed here.
logs\main-assembled.xml:96422:3: error: <md> is not allowed here.
logs\main-assembled.xml:96433:3: error: <md> is not allowed here.
logs\main-assembled.xml:96437:3: error: <md> is not allowed here.
logs\main-assembled.xml:96441:3: error: <md> is not allowed here.
logs\main-assembled.xml:96445:3: error: <md> is not allowed here.
logs\main-assembled.xml:96455:3: error: <md> is not allowed here.
logs\main-assembled.xml:96461:3: error: <md> is not allowed here.
logs\main-assembled.xml:96465:3: error: <md> is not allowed here.
logs\main-assembled.xml:96473:3: error: <md> is not allowed here.
logs\main-assembled.xml:96477:3: error: <md> is not allowed here.
logs\main-assembled.xml:96531:3: error: <subsection> is not allowed here.
logs\main-assembled.xml:96539:3: error: <md> is not allowed here.
logs\main-assembled.xml:96544:3: error: <md> is not allowed here.
logs\main-assembled.xml:96548:3: error: <md> is not allowed here.
logs\main-assembled.xml:96552:3: error: <md> is not allowed here.
logs\main-assembled.xml:96558:3: error: <md> is not allowed here.
logs\main-assembled.xml:96562:3: error: <md> is not allowed here.
logs\main-assembled.xml:96566:3: error: <md> is not allowed here.
logs\main-assembled.xml:96570:3: error: <md> is not allowed here.
logs\main-assembled.xml:96579:9: error: <md> is not allowed here.
logs\main-assembled.xml:96581:9: error: <md> is not allowed here.
logs\main-assembled.xml:96588:3: error: <md> is not allowed here.
logs\main-assembled.xml:96592:3: error: <md> is not allowed here.
logs\main-assembled.xml:96596:3: error: <md> is not allowed here.
logs\main-assembled.xml:96600:3: error: <md> is not allowed here.
logs\main-assembled.xml:96608:3: error: <md> is not allowed here.
logs\main-assembled.xml:96612:3: error: <md> is not allowed here.
logs\main-assembled.xml:96618:3: error: <md> is not allowed here.
logs\main-assembled.xml:96622:3: error: <md> is not allowed here.
logs\main-assembled.xml:96629:3: error: <md> is not allowed here.
logs\main-assembled.xml:96666:3: error: <md> is not allowed here.
logs\main-assembled.xml:96674:3: error: <md> is not allowed here.
logs\main-assembled.xml:96678:3: error: <md> is not allowed here.
logs\main-assembled.xml:96682:3: error: <md> is not allowed here.
logs\main-assembled.xml:96686:3: error: <md> is not allowed here.
logs\main-assembled.xml:96690:3: error: <md> is not allowed here.
logs\main-assembled.xml:96694:3: error: <md> is not allowed here.
logs\main-assembled.xml:96700:3: error: <md> is not allowed here.
logs\main-assembled.xml:96704:3: error: <md> is not allowed here.
logs\main-assembled.xml:96710:3: error: <md> is not allowed here.
logs\main-assembled.xml:96716:3: error: <md> is not allowed here.
logs\main-assembled.xml:96725:3: error: <md> is not allowed here.
logs\main-assembled.xml:96730:3: error: <md> is not allowed here.
logs\main-assembled.xml:96765:3: error: <md> is not allowed here.
logs\main-assembled.xml:96775:3: error: <md> is not allowed here.
logs\main-assembled.xml:96801:3: error: <md> is not allowed here.
logs\main-assembled.xml:96810:3: error: <md> is not allowed here.
logs\main-assembled.xml:96814:3: error: <md> is not allowed here.
logs\main-assembled.xml:96819:3: error: <md> is not allowed here.
logs\main-assembled.xml:96823:3: error: <subsection> is not allowed here.
logs\main-assembled.xml:96828:3: error: <md> is not allowed here.
logs\main-assembled.xml:96834:3: error: <md> is not allowed here.
logs\main-assembled.xml:96843:3: error: <md> is not allowed here.
logs\main-assembled.xml:96855:9: error: <md> is not allowed here.
logs\main-assembled.xml:96869:3: error: <md> is not allowed here.
logs\main-assembled.xml:96877:3: error: <md> is not allowed here.
logs\main-assembled.xml:96929:3: error: <subsection> is not allowed here.
logs\main-assembled.xml:96940:3: error: <md> is not allowed here.
logs\main-assembled.xml:96948:3: error: <md> is not allowed here.
logs\main-assembled.xml:96975:3: error: <md> is not allowed here.
logs\main-assembled.xml:96979:3: error: <md> is not allowed here.
logs\main-assembled.xml:96985:3: error: <md> is not allowed here.
logs\main-assembled.xml:96991:3: error: <md> is not allowed here.
logs\main-assembled.xml:96999:3: error: <md> is not allowed here.
logs\main-assembled.xml:97037:3: error: <md> is not allowed here.
logs\main-assembled.xml:97040:3: error: <md> is not allowed here.
logs\main-assembled.xml:97045:3: error: <md> is not allowed here.
logs\main-assembled.xml:97052:3: error: <md> is not allowed here.
logs\main-assembled.xml:97055:3: error: <md> is not allowed here.
logs\main-assembled.xml:97060:3: error: <md> is not allowed here.
logs\main-assembled.xml:97066:3: error: <md> is not allowed here.
logs\main-assembled.xml:97076:3: error: <md> is not allowed here.
logs\main-assembled.xml:97084:3: error: <md> is not allowed here.
logs\main-assembled.xml:97093:3: error: <md> is not allowed here.
logs\main-assembled.xml:97102:3: error: <md> is not allowed here.
logs\main-assembled.xml:97110:3: error: <md> is not allowed here.
logs\main-assembled.xml:97116:3: error: <note> is not allowed here.
logs\main-assembled.xml:97145:3: error: <md> is not allowed here.
logs\main-assembled.xml:97152:3: error: <subsection> is not allowed here.
logs\main-assembled.xml:97159:3: error: <md> is not allowed here.
logs\main-assembled.xml:97172:3: error: <md> is not allowed here.
logs\main-assembled.xml:97176:3: error: <md> is not allowed here.
logs\main-assembled.xml:97181:3: error: <md> is not allowed here.
logs\main-assembled.xml:97185:3: error: <md> is not allowed here.
logs\main-assembled.xml:97191:3: error: <md> is not allowed here.
logs\main-assembled.xml:97197:3: error: <md> is not allowed here.
logs\main-assembled.xml:97203:3: error: <md> is not allowed here.
logs\main-assembled.xml:97211:3: error: <md> is not allowed here.
logs\main-assembled.xml:97215:3: error: <md> is not allowed here.
logs\main-assembled.xml:97222:3: error: <md> is not allowed here.
logs\main-assembled.xml:97226:3: error: <md> is not allowed here.
logs\main-assembled.xml:97230:3: error: <md> is not allowed here.
logs\main-assembled.xml:97244:3: error: <md> is not allowed here.
logs\main-assembled.xml:97314:3: error: <md> is not allowed here.
logs\main-assembled.xml:97338:3: error: <subsection> is not allowed here.
logs\main-assembled.xml:97347:5: error: <tabular> is not allowed here.
logs\main-assembled.xml:97349:15: error: <strong> is not allowed here.
logs\main-assembled.xml:97350:15: error: <strong> is not allowed here.
logs\main-assembled.xml:97351:15: error: <strong> is not allowed here.
logs\main-assembled.xml:97364:9: error: <title> is not allowed here.
logs\main-assembled.xml:97368:3: error: <md> is not allowed here.
logs\main-assembled.xml:97372:3: error: <md> is not allowed here.
logs\main-assembled.xml:97376:3: error: <md> is not allowed here.
logs\main-assembled.xml:97380:3: error: <md> is not allowed here.
logs\main-assembled.xml:97393:3: error: <md> is not allowed here.
logs\main-assembled.xml:97397:3: error: <md> is not allowed here.
logs\main-assembled.xml:97403:3: error: <md> is not allowed here.
logs\main-assembled.xml:97411:3: error: <md> is not allowed here.
logs\main-assembled.xml:97444:3: error: <md> is not allowed here.
logs\main-assembled.xml:97449:3: error: <md> is not allowed here.
logs\main-assembled.xml:97458:3: error: <subsection> is not allowed here.
logs\main-assembled.xml:97463:3: error: <md> is not allowed here.
logs\main-assembled.xml:97468:3: error: <md> is not allowed here.
logs\main-assembled.xml:97472:3: error: <md> is not allowed here.
logs\main-assembled.xml:97478:3: error: <md> is not allowed here.
logs\main-assembled.xml:97510:3: error: <md> is not allowed here.
logs\main-assembled.xml:97514:3: error: <md> is not allowed here.
logs\main-assembled.xml:97520:3: error: <md> is not allowed here.
logs\main-assembled.xml:97524:3: error: <md> is not allowed here.
logs\main-assembled.xml:97528:3: error: <md> is not allowed here.
logs\main-assembled.xml:97532:3: error: <md> is not allowed here.
logs\main-assembled.xml:97566:3: error: <md> is not allowed here.
logs\main-assembled.xml:97570:3: error: <md> is not allowed here.
logs\main-assembled.xml:97600:3: error: <subsection> is not allowed here.
logs\main-assembled.xml:97606:3: error: <md> is not allowed here.
logs\main-assembled.xml:97612:3: error: <md> is not allowed here.
logs\main-assembled.xml:97618:3: error: <md> is not allowed here.
logs\main-assembled.xml:97626:3: error: <md> is not allowed here.
logs\main-assembled.xml:97637:3: error: <md> is not allowed here.
logs\main-assembled.xml:97641:3: error: <md> is not allowed here.
logs\main-assembled.xml:97645:3: error: <md> is not allowed here.
logs\main-assembled.xml:97663:3: error: <md> is not allowed here.
logs\main-assembled.xml:97667:3: error: <md> is not allowed here.
logs\main-assembled.xml:97677:3: error: <md> is not allowed here.
logs\main-assembled.xml:97691:3: error: <md> is not allowed here.
logs\main-assembled.xml:97701:3: error: <md> is not allowed here.
logs\main-assembled.xml:97708:3: error: <md> is not allowed here.
logs\main-assembled.xml:97716:3: error: <md> is not allowed here.
logs\main-assembled.xml:97737:3: error: <subsection> is not allowed here.
logs\main-assembled.xml:97744:3: error: <md> is not allowed here.
logs\main-assembled.xml:97751:3: error: <md> is not allowed here.
logs\main-assembled.xml:97755:3: error: <md> is not allowed here.
logs\main-assembled.xml:97761:3: error: <md> is not allowed here.
logs\main-assembled.xml:97771:9: error: <md> is not allowed here.
logs\main-assembled.xml:97775:9: error: <md> is not allowed here.
logs\main-assembled.xml:97783:3: error: <md> is not allowed here.
logs\main-assembled.xml:97787:3: error: <md> is not allowed here.
logs\main-assembled.xml:97796:3: error: <md> is not allowed here.
logs\main-assembled.xml:97802:3: error: <md> is not allowed here.
logs\main-assembled.xml:97828:3: error: <md> is not allowed here.
logs\main-assembled.xml:97832:3: error: <md> is not allowed here.
logs\main-assembled.xml:97836:3: error: <md> is not allowed here.
logs\main-assembled.xml:97844:3: error: <md> is not allowed here.
logs\main-assembled.xml:97848:3: error: <md> is not allowed here.
logs\main-assembled.xml:97852:3: error: <md> is not allowed here.
logs\main-assembled.xml:97859:3: error: <md> is not allowed here.
logs\main-assembled.xml:97863:3: error: <md> is not allowed here.
logs\main-assembled.xml:97871:3: error: <subsection> is not allowed here.
logs\main-assembled.xml:97876:3: error: <md> is not allowed here.
logs\main-assembled.xml:97883:3: error: <md> is not allowed here.
logs\main-assembled.xml:97887:3: error: <md> is not allowed here.
logs\main-assembled.xml:97891:3: error: <md> is not allowed here.
logs\main-assembled.xml:97895:3: error: <md> is not allowed here.
logs\main-assembled.xml:97905:3: error: <md> is not allowed here.
logs\main-assembled.xml:97910:3: error: <md> is not allowed here.
logs\main-assembled.xml:97914:3: error: <md> is not allowed here.
logs\main-assembled.xml:97920:3: error: <md> is not allowed here.
logs\main-assembled.xml:97926:3: error: <md> is not allowed here.
logs\main-assembled.xml:97930:3: error: <md> is not allowed here.
logs\main-assembled.xml:97936:3: error: <md> is not allowed here.
logs\main-assembled.xml:97946:9: error: <md> is not allowed here.
logs\main-assembled.xml:97949:9: error: <md> is not allowed here.
logs\main-assembled.xml:97951:9: error: <md> is not allowed here.
logs\main-assembled.xml:97959:3: error: <md> is not allowed here.
logs\main-assembled.xml:97967:3: error: <md> is not allowed here.
logs\main-assembled.xml:97998:3: error: <md> is not allowed here.
logs\main-assembled.xml:98003:3: error: <md> is not allowed here.
logs\main-assembled.xml:98009:3: error: <subsection> is not allowed here.
logs\main-assembled.xml:98014:3: error: <md> is not allowed here.
logs\main-assembled.xml:98018:3: error: <md> is not allowed here.
logs\main-assembled.xml:98027:3: error: <md> is not allowed here.
logs\main-assembled.xml:98031:3: error: <md> is not allowed here.
logs\main-assembled.xml:98037:5: error: <tabular> is not allowed here.
logs\main-assembled.xml:98039:15: error: <strong> is not allowed here.
logs\main-assembled.xml:98040:15: error: <strong> is not allowed here.
logs\main-assembled.xml:98041:15: error: <strong> is not allowed here.
logs\main-assembled.xml:98054:9: error: <title> is not allowed here.
logs\main-assembled.xml:98098:3: error: <md> is not allowed here.
logs\main-assembled.xml:98104:3: error: <md> is not allowed here.
logs\main-assembled.xml:98124:3: error: <subsection> is not allowed here.
logs\main-assembled.xml:98133:3: error: <md> is not allowed here.
logs\main-assembled.xml:98137:3: error: <md> is not allowed here.
logs\main-assembled.xml:98141:3: error: <md> is not allowed here.
logs\main-assembled.xml:98147:3: error: <md> is not allowed here.
logs\main-assembled.xml:98151:3: error: <md> is not allowed here.
logs\main-assembled.xml:98163:9: error: <md> is not allowed here.
logs\main-assembled.xml:98169:9: error: <md> is not allowed here.
logs\main-assembled.xml:98183:3: error: <md> is not allowed here.
logs\main-assembled.xml:98187:3: error: <md> is not allowed here.
logs\main-assembled.xml:98191:3: error: <md> is not allowed here.
logs\main-assembled.xml:98195:3: error: <md> is not allowed here.
logs\main-assembled.xml:98206:3: error: <md> is not allowed here.
logs\main-assembled.xml:98212:3: error: <md> is not allowed here.
logs\main-assembled.xml:98216:3: error: <md> is not allowed here.
logs\main-assembled.xml:98229:3: error: <md> is not allowed here.
logs\main-assembled.xml:98234:3: error: <md> is not allowed here.
logs\main-assembled.xml:98255:3: error: <subsection> is not allowed here.
logs\main-assembled.xml:98262:3: error: <md> is not allowed here.
logs\main-assembled.xml:98264:3: error: <md> is not allowed here.
logs\main-assembled.xml:98268:3: error: <md> is not allowed here.
logs\main-assembled.xml:98272:3: error: <md> is not allowed here.
logs\main-assembled.xml:98278:3: error: <md> is not allowed here.
logs\main-assembled.xml:98282:3: error: <md> is not allowed here.
logs\main-assembled.xml:98288:3: error: <md> is not allowed here.
logs\main-assembled.xml:98292:3: error: <md> is not allowed here.
logs\main-assembled.xml:98304:3: error: <md> is not allowed here.
logs\main-assembled.xml:98308:3: error: <md> is not allowed here.
logs\main-assembled.xml:98312:3: error: <md> is not allowed here.
logs\main-assembled.xml:98316:3: error: <md> is not allowed here.
logs\main-assembled.xml:98352:3: error: <subsection> is not allowed here.
logs\main-assembled.xml:98359:3: error: <md> is not allowed here.
logs\main-assembled.xml:98365:3: error: <md> is not allowed here.
logs\main-assembled.xml:98369:3: error: <md> is not allowed here.
logs\main-assembled.xml:98376:3: error: <md> is not allowed here.
logs\main-assembled.xml:98384:3: error: <md> is not allowed here.
logs\main-assembled.xml:98390:3: error: <md> is not allowed here.
logs\main-assembled.xml:98400:3: error: <md> is not allowed here.
logs\main-assembled.xml:98413:9: error: <md> is not allowed here.
logs\main-assembled.xml:98417:9: error: <md> is not allowed here.
logs\main-assembled.xml:98424:3: error: <md> is not allowed here.
logs\main-assembled.xml:98433:3: error: <md> is not allowed here.
logs\main-assembled.xml:98437:3: error: <md> is not allowed here.
logs\main-assembled.xml:98441:3: error: <md> is not allowed here.
logs\main-assembled.xml:98445:3: error: <md> is not allowed here.
logs\main-assembled.xml:98449:3: error: <md> is not allowed here.
logs\main-assembled.xml:98455:3: error: <md> is not allowed here.
logs\main-assembled.xml:98459:3: error: <md> is not allowed here.
logs\main-assembled.xml:98499:3: error: <md> is not allowed here.
logs\main-assembled.xml:98503:3: error: <md> is not allowed here.
logs\main-assembled.xml:98509:3: error: <md> is not allowed here.
logs\main-assembled.xml:98521:3: error: <md> is not allowed here.
logs\main-assembled.xml:98558:3: error: <md> is not allowed here.
logs\main-assembled.xml:98562:3: error: <md> is not allowed here.
logs\main-assembled.xml:98569:3: error: <subsection> is not allowed here.
logs\main-assembled.xml:98574:3: error: <md> is not allowed here.
logs\main-assembled.xml:98578:3: error: <md> is not allowed here.
logs\main-assembled.xml:98582:3: error: <md> is not allowed here.
logs\main-assembled.xml:98592:3: error: <md> is not allowed here.
logs\main-assembled.xml:98598:3: error: <md> is not allowed here.
logs\main-assembled.xml:98604:3: error: <md> is not allowed here.
logs\main-assembled.xml:98615:9: error: <md> is not allowed here.
logs\main-assembled.xml:98625:3: error: <md> is not allowed here.
logs\main-assembled.xml:98632:3: error: <md> is not allowed here.
logs\main-assembled.xml:98637:3: error: <md> is not allowed here.
logs\main-assembled.xml:98675:3: error: <md> is not allowed here.
logs\main-assembled.xml:98698:3: error: <subsection> is not allowed here.
logs\main-assembled.xml:98718:3: error: <md> is not allowed here.
logs\main-assembled.xml:98722:3: error: <md> is not allowed here.
logs\main-assembled.xml:98726:3: error: <md> is not allowed here.
logs\main-assembled.xml:98730:3: error: <md> is not allowed here.
logs\main-assembled.xml:98734:3: error: <md> is not allowed here.
logs\main-assembled.xml:98740:3: error: <md> is not allowed here.
logs\main-assembled.xml:98757:3: error: <md> is not allowed here.
logs\main-assembled.xml:98802:3: error: <md> is not allowed here.
logs\main-assembled.xml:98810:3: error: <md> is not allowed here.
logs\main-assembled.xml:98814:3: error: <md> is not allowed here.
logs\main-assembled.xml:98818:3: error: <md> is not allowed here.
logs\main-assembled.xml:98826:3: error: <md> is not allowed here.
logs\main-assembled.xml:98835:3: error: <md> is not allowed here.
logs\main-assembled.xml:98841:3: error: <md> is not allowed here.
logs\main-assembled.xml:98845:3: error: <md> is not allowed here.
logs\main-assembled.xml:98853:3: error: <md> is not allowed here.
logs\main-assembled.xml:98857:3: error: <md> is not allowed here.
logs\main-assembled.xml:98887:3: error: <subsection> is not allowed here.
logs\main-assembled.xml:98898:3: error: <md> is not allowed here.
logs\main-assembled.xml:98904:3: error: <md> is not allowed here.
logs\main-assembled.xml:98910:3: error: <md> is not allowed here.
logs\main-assembled.xml:98914:3: error: <md> is not allowed here.
logs\main-assembled.xml:98923:3: error: <md> is not allowed here.
logs\main-assembled.xml:98927:3: error: <md> is not allowed here.
logs\main-assembled.xml:98936:3: error: <md> is not allowed here.
logs\main-assembled.xml:98944:3: error: <md> is not allowed here.
logs\main-assembled.xml:98950:3: error: <md> is not allowed here.
logs\main-assembled.xml:98956:3: error: <md> is not allowed here.
logs\main-assembled.xml:98960:3: error: <md> is not allowed here.
logs\main-assembled.xml:98977:3: error: <md> is not allowed here.
logs\main-assembled.xml:98981:3: error: <md> is not allowed here.
logs\main-assembled.xml:98994:3: error: <md> is not allowed here.
logs\main-assembled.xml:99002:3: error: <md> is not allowed here.
logs\main-assembled.xml:99006:3: error: <md> is not allowed here.
logs\main-assembled.xml:99010:3: error: <md> is not allowed here.
logs\main-assembled.xml:99019:9: error: <md> is not allowed here.
logs\main-assembled.xml:99044:3: error: <subsection> is not allowed here.
logs\main-assembled.xml:99049:3: error: <md> is not allowed here.
logs\main-assembled.xml:99058:3: error: <md> is not allowed here.
logs\main-assembled.xml:99071:3: error: <md> is not allowed here.
logs\main-assembled.xml:99077:3: error: <md> is not allowed here.
logs\main-assembled.xml:99081:3: error: <md> is not allowed here.
logs\main-assembled.xml:99085:3: error: <md> is not allowed here.
logs\main-assembled.xml:99100:3: error: <md> is not allowed here.
logs\main-assembled.xml:99104:3: error: <md> is not allowed here.
logs\main-assembled.xml:99108:3: error: <md> is not allowed here.
logs\main-assembled.xml:99124:3: error: <md> is not allowed here.
logs\main-assembled.xml:99128:3: error: <md> is not allowed here.
logs\main-assembled.xml:99132:3: error: <md> is not allowed here.
logs\main-assembled.xml:99142:3: error: <md> is not allowed here.
logs\main-assembled.xml:99150:3: error: <md> is not allowed here.
logs\main-assembled.xml:99158:3: error: <md> is not allowed here.
logs\main-assembled.xml:99162:3: error: <md> is not allowed here.
logs\main-assembled.xml:99168:3: error: <md> is not allowed here.
logs\main-assembled.xml:99175:9: error: <md> is not allowed here.
logs\main-assembled.xml:99186:3: error: <md> is not allowed here.
logs\main-assembled.xml:99198:3: error: <md> is not allowed here.
logs\main-assembled.xml:99230:3: error: <md> is not allowed here.
logs\main-assembled.xml:99282:3: error: <subsection> is not allowed here.
logs\main-assembled.xml:99287:3: error: <md> is not allowed here.
logs\main-assembled.xml:99298:9: error: <md> is not allowed here.
logs\main-assembled.xml:99301:5: error: <tabular> is not allowed here.
logs\main-assembled.xml:99323:9: error: <title> is not allowed here.
logs\main-assembled.xml:99332:3: error: <md> is not allowed here.
logs\main-assembled.xml:99336:3: error: <md> is not allowed here.
logs\main-assembled.xml:99340:3: error: <md> is not allowed here.
logs\main-assembled.xml:99344:3: error: <md> is not allowed here.
logs\main-assembled.xml:99348:3: error: <md> is not allowed here.
logs\main-assembled.xml:99352:3: error: <md> is not allowed here.
logs\main-assembled.xml:99356:3: error: <md> is not allowed here.
logs\main-assembled.xml:99368:3: error: <md> is not allowed here.
logs\main-assembled.xml:99372:3: error: <md> is not allowed here.
logs\main-assembled.xml:99378:3: error: <md> is not allowed here.
logs\main-assembled.xml:99390:3: error: <md> is not allowed here.
logs\main-assembled.xml:99400:3: error: <md> is not allowed here.
logs\main-assembled.xml:99408:3: error: <md> is not allowed here.
logs\main-assembled.xml:99412:3: error: <md> is not allowed here.
logs\main-assembled.xml:99418:3: error: <md> is not allowed here.
logs\main-assembled.xml:99424:3: error: <md> is not allowed here.
logs\main-assembled.xml:99435:3: error: <md> is not allowed here.
logs\main-assembled.xml:99439:3: error: <md> is not allowed here.
logs\main-assembled.xml:99444:5: error: <tabular> is not allowed here.
logs\main-assembled.xml:99446:15: error: <strong> is not allowed here.
logs\main-assembled.xml:99447:15: error: <strong> is not allowed here.
logs\main-assembled.xml:99448:15: error: <strong> is not allowed here.
logs\main-assembled.xml:99449:15: error: <strong> is not allowed here.
logs\main-assembled.xml:99470:9: error: <title> is not allowed here.
logs\main-assembled.xml:99482:5: error: <ol> is not allowed here.
logs\main-assembled.xml:99520:3: error: <subsection> is not allowed here.
logs\main-assembled.xml:99525:3: error: <md> is not allowed here.
logs\main-assembled.xml:99531:3: error: <md> is not allowed here.
logs\main-assembled.xml:99542:9: error: <md> is not allowed here.
logs\main-assembled.xml:99553:3: error: <md> is not allowed here.
logs\main-assembled.xml:99557:3: error: <md> is not allowed here.
logs\main-assembled.xml:99567:3: error: <md> is not allowed here.
logs\main-assembled.xml:99571:3: error: <md> is not allowed here.
logs\main-assembled.xml:99579:3: error: <md> is not allowed here.
logs\main-assembled.xml:99590:3: error: <md> is not allowed here.
logs\main-assembled.xml:99598:3: error: <md> is not allowed here.
logs\main-assembled.xml:99621:3: error: <md> is not allowed here.
logs\main-assembled.xml:99630:5: error: <tabular> is not allowed here.
logs\main-assembled.xml:99662:9: error: <title> is not allowed here.
logs\main-assembled.xml:99672:3: error: <md> is not allowed here.
logs\main-assembled.xml:99676:3: error: <md> is not allowed here.
logs\main-assembled.xml:99680:3: error: <md> is not allowed here.
logs\main-assembled.xml:99684:3: error: <md> is not allowed here.
logs\main-assembled.xml:99692:3: error: <md> is not allowed here.
logs\main-assembled.xml:99700:3: error: <md> is not allowed here.
logs\main-assembled.xml:99704:3: error: <md> is not allowed here.
logs\main-assembled.xml:99712:3: error: <md> is not allowed here.
logs\main-assembled.xml:99723:3: error: <md> is not allowed here.
logs\main-assembled.xml:99730:3: error: <md> is not allowed here.
logs\main-assembled.xml:99745:5: error: <ol> is not allowed here.
logs\main-assembled.xml:99782:3: error: <subsection> is not allowed here.
logs\main-assembled.xml:99787:3: error: <md> is not allowed here.
logs\main-assembled.xml:99802:5: error: <tabular> is not allowed here.
logs\main-assembled.xml:99804:15: error: <strong> is not allowed here.
logs\main-assembled.xml:99805:15: error: <strong> is not allowed here.
logs\main-assembled.xml:99806:15: error: <strong> is not allowed here.
logs\main-assembled.xml:99834:9: error: <title> is not allowed here.
logs\main-assembled.xml:99843:3: error: <md> is not allowed here.
logs\main-assembled.xml:99850:3: error: <md> is not allowed here.
logs\main-assembled.xml:99864:3: error: <md> is not allowed here.
logs\main-assembled.xml:99868:3: error: <md> is not allowed here.
logs\main-assembled.xml:99874:3: error: <md> is not allowed here.
logs\main-assembled.xml:99878:3: error: <md> is not allowed here.
logs\main-assembled.xml:99887:3: error: <md> is not allowed here.
logs\main-assembled.xml:99891:3: error: <md> is not allowed here.
logs\main-assembled.xml:99906:3: error: <md> is not allowed here.
logs\main-assembled.xml:99910:3: error: <md> is not allowed here.
logs\main-assembled.xml:99919:3: error: <md> is not allowed here.
logs\main-assembled.xml:99927:3: error: <md> is not allowed here.
logs\main-assembled.xml:99937:5: error: <ol> is not allowed here.
logs\main-assembled.xml:99955:5: error: <tabular> is not allowed here.
logs\main-assembled.xml:99958:15: error: <strong> is not allowed here.
logs\main-assembled.xml:99959:15: error: <strong> is not allowed here.
logs\main-assembled.xml:99960:15: error: <strong> is not allowed here.
logs\main-assembled.xml:99961:15: error: <strong> is not allowed here.
logs\main-assembled.xml:99985:9: error: <title> is not allowed here.
logs\main-assembled.xml:99993:3: error: <md> is not allowed here.
logs\main-assembled.xml:100011:3: error: <subsection> is not allowed here.
logs\main-assembled.xml:100016:3: error: <md> is not allowed here.
logs\main-assembled.xml:100027:5: error: <tabular> is not allowed here.
logs\main-assembled.xml:100065:9: error: <title> is not allowed here.
logs\main-assembled.xml:100074:3: error: <md> is not allowed here.
logs\main-assembled.xml:100087:3: error: <md> is not allowed here.
logs\main-assembled.xml:100092:3: error: <md> is not allowed here.
logs\main-assembled.xml:100099:3: error: <md> is not allowed here.
logs\main-assembled.xml:100103:3: error: <md> is not allowed here.
logs\main-assembled.xml:100107:3: error: <md> is not allowed here.
logs\main-assembled.xml:100115:3: error: <md> is not allowed here.
logs\main-assembled.xml:100122:5: error: <tabular> is not allowed here.
logs\main-assembled.xml:100172:9: error: <title> is not allowed here.
logs\main-assembled.xml:100183:3: error: <md> is not allowed here.
logs\main-assembled.xml:100198:3: error: <md> is not allowed here.
logs\main-assembled.xml:100212:3: error: <md> is not allowed here.
logs\main-assembled.xml:100218:3: error: <md> is not allowed here.
logs\main-assembled.xml:100226:3: error: <md> is not allowed here.
logs\main-assembled.xml:100237:5: error: <ol> is not allowed here.
logs\main-assembled.xml:100263:3: error: <subsection> is not allowed here.
logs\main-assembled.xml:100268:3: error: <md> is not allowed here.
logs\main-assembled.xml:100274:3: error: <md> is not allowed here.
logs\main-assembled.xml:100292:3: error: <md> is not allowed here.
logs\main-assembled.xml:100296:3: error: <md> is not allowed here.
logs\main-assembled.xml:100306:3: error: <md> is not allowed here.
logs\main-assembled.xml:100316:3: error: <md> is not allowed here.
logs\main-assembled.xml:100322:3: error: <md> is not allowed here.
logs\main-assembled.xml:100337:3: error: <md> is not allowed here.
logs\main-assembled.xml:100343:3: error: <md> is not allowed here.
logs\main-assembled.xml:100347:3: error: <md> is not allowed here.
logs\main-assembled.xml:100357:3: error: <md> is not allowed here.
logs\main-assembled.xml:100361:3: error: <md> is not allowed here.
logs\main-assembled.xml:100365:3: error: <md> is not allowed here.
logs\main-assembled.xml:100375:3: error: <md> is not allowed here.
logs\main-assembled.xml:100379:3: error: <md> is not allowed here.
logs\main-assembled.xml:100383:3: error: <md> is not allowed here.
logs\main-assembled.xml:100397:5: error: <ol> is not allowed here.
logs\main-assembled.xml:100417:3: error: <md> is not allowed here.
logs\main-assembled.xml:100440:3: error: <subsection> is not allowed here.
logs\main-assembled.xml:100447:3: error: <md> is not allowed here.
logs\main-assembled.xml:100454:3: error: <md> is not allowed here.
logs\main-assembled.xml:100461:3: error: <md> is not allowed here.
logs\main-assembled.xml:100469:5: error: <tabular> is not allowed here.
logs\main-assembled.xml:100471:15: error: <strong> is not allowed here.
logs\main-assembled.xml:100472:15: error: <strong> is not allowed here.
logs\main-assembled.xml:100503:9: error: <title> is not allowed here.
logs\main-assembled.xml:100507:3: error: <md> is not allowed here.
logs\main-assembled.xml:100562:3: error: <subsection> is not allowed here.
logs\main-assembled.xml:100567:3: error: <md> is not allowed here.
logs\main-assembled.xml:100571:3: error: <md> is not allowed here.
logs\main-assembled.xml:100580:3: error: <md> is not allowed here.
logs\main-assembled.xml:100584:3: error: <md> is not allowed here.
logs\main-assembled.xml:100591:3: error: <md> is not allowed here.
logs\main-assembled.xml:100595:3: error: <md> is not allowed here.
logs\main-assembled.xml:100602:3: error: <subsection> is not allowed here.
logs\main-assembled.xml:100608:5: error: <tabular> is not allowed here.
logs\main-assembled.xml:100610:15: error: <strong> is not allowed here.
logs\main-assembled.xml:100611:15: error: <strong> is not allowed here.
logs\main-assembled.xml:100634:9: error: <title> is not allowed here.
logs\main-assembled.xml:100641:3: error: <md> is not allowed here.
logs\main-assembled.xml:100645:3: error: <md> is not allowed here.
logs\main-assembled.xml:100654:3: error: <md> is not allowed here.
logs\main-assembled.xml:100658:3: error: <md> is not allowed here.
logs\main-assembled.xml:100662:3: error: <md> is not allowed here.
logs\main-assembled.xml:100669:3: error: <subsection> is not allowed here.
logs\main-assembled.xml:100674:3: error: <md> is not allowed here.
logs\main-assembled.xml:100684:3: error: <md> is not allowed here.
logs\main-assembled.xml:100689:3: error: <md> is not allowed here.
logs\main-assembled.xml:100700:3: error: <md> is not allowed here.
logs\main-assembled.xml:100705:3: error: <md> is not allowed here.
logs\main-assembled.xml:100718:3: error: <md> is not allowed here.
logs\main-assembled.xml:100722:3: error: <md> is not allowed here.
logs\main-assembled.xml:100727:3: error: <md> is not allowed here.
logs\main-assembled.xml:100731:3: error: <md> is not allowed here.
logs\main-assembled.xml:100737:3: error: <md> is not allowed here.
logs\main-assembled.xml:100744:3: error: <subsection> is not allowed here.
logs\main-assembled.xml:100754:3: error: <md> is not allowed here.
logs\main-assembled.xml:100759:3: error: <md> is not allowed here.
logs\main-assembled.xml:100763:3: error: <md> is not allowed here.
logs\main-assembled.xml:100767:3: error: <md> is not allowed here.
logs\main-assembled.xml:100773:3: error: <md> is not allowed here.
logs\main-assembled.xml:100784:3: error: <subsection> is not allowed here.
logs\main-assembled.xml:100791:3: error: <md> is not allowed here.
logs\main-assembled.xml:100797:3: error: <md> is not allowed here.
logs\main-assembled.xml:100808:3: error: <md> is not allowed here.
logs\main-assembled.xml:100812:3: error: <md> is not allowed here.
logs\main-assembled.xml:100816:3: error: <md> is not allowed here.
logs\main-assembled.xml:100822:3: error: <md> is not allowed here.
logs\main-assembled.xml:100828:3: error: <md> is not allowed here.
logs\main-assembled.xml:100867:3: error: <md> is not allowed here.
logs\main-assembled.xml:100871:3: error: <md> is not allowed here.
logs\main-assembled.xml:100875:3: error: <md> is not allowed here.
logs\main-assembled.xml:100879:3: error: <md> is not allowed here.
logs\main-assembled.xml:100885:3: error: <md> is not allowed here.
logs\main-assembled.xml:100894:3: error: <subsection> is not allowed here.
logs\main-assembled.xml:100899:3: error: <md> is not allowed here.
logs\main-assembled.xml:100904:3: error: <md> is not allowed here.
logs\main-assembled.xml:100910:3: error: <md> is not allowed here.
logs\main-assembled.xml:100915:5: error: <tabular> is not allowed here.
logs\main-assembled.xml:100917:15: error: <strong> is not allowed here.
logs\main-assembled.xml:100918:15: error: <strong> is not allowed here.
logs\main-assembled.xml:100933:9: error: <title> is not allowed here.
logs\main-assembled.xml:100940:3: error: <md> is not allowed here.
logs\main-assembled.xml:100944:3: error: <md> is not allowed here.
logs\main-assembled.xml:100948:3: error: <md> is not allowed here.
logs\main-assembled.xml:100954:3: error: <md> is not allowed here.
logs\main-assembled.xml:100960:3: error: <md> is not allowed here.
logs\main-assembled.xml:100973:3: error: <md> is not allowed here.
logs\main-assembled.xml:100980:3: error: <md> is not allowed here.
logs\main-assembled.xml:100984:3: error: <subsection> is not allowed here.
logs\main-assembled.xml:100989:3: error: <md> is not allowed here.
logs\main-assembled.xml:100993:3: error: <md> is not allowed here.
logs\main-assembled.xml:100997:3: error: <md> is not allowed here.
logs\main-assembled.xml:101003:3: error: <md> is not allowed here.
logs\main-assembled.xml:101014:9: error: <md> is not allowed here.
logs\main-assembled.xml:101017:9: error: <md> is not allowed here.
logs\main-assembled.xml:101026:3: error: <md> is not allowed here.
logs\main-assembled.xml:101030:3: error: <md> is not allowed here.
logs\main-assembled.xml:101034:3: error: <md> is not allowed here.
logs\main-assembled.xml:101038:3: error: <md> is not allowed here.
logs\main-assembled.xml:101044:3: error: <md> is not allowed here.
logs\main-assembled.xml:101057:3: error: <subsection> is not allowed here.
logs\main-assembled.xml:101067:3: error: <md> is not allowed here.
logs\main-assembled.xml:101071:3: error: <md> is not allowed here.
logs\main-assembled.xml:101077:3: error: <md> is not allowed here.
logs\main-assembled.xml:101083:3: error: <md> is not allowed here.
logs\main-assembled.xml:101089:3: error: <md> is not allowed here.
logs\main-assembled.xml:101103:3: error: <md> is not allowed here.
logs\main-assembled.xml:101108:3: error: <md> is not allowed here.
logs\main-assembled.xml:101116:3: error: <md> is not allowed here.
logs\main-assembled.xml:101122:3: error: <md> is not allowed here.
logs\main-assembled.xml:101133:3: error: <subsection> is not allowed here.
logs\main-assembled.xml:101141:3: error: <md> is not allowed here.
logs\main-assembled.xml:101148:3: error: <md> is not allowed here.
logs\main-assembled.xml:101153:3: error: <md> is not allowed here.
logs\main-assembled.xml:101159:3: error: <md> is not allowed here.
logs\main-assembled.xml:101163:3: error: <md> is not allowed here.
logs\main-assembled.xml:101169:3: error: <md> is not allowed here.
logs\main-assembled.xml:101177:3: error: <md> is not allowed here.
logs\main-assembled.xml:101192:3: error: <subsection> is not allowed here.
logs\main-assembled.xml:101198:5: error: <tabular> is not allowed here.
logs\main-assembled.xml:101200:15: error: <strong> is not allowed here.
logs\main-assembled.xml:101201:15: error: <strong> is not allowed here.
logs\main-assembled.xml:101224:9: error: <title> is not allowed here.
logs\main-assembled.xml:101228:3: error: <md> is not allowed here.
logs\main-assembled.xml:101232:3: error: <md> is not allowed here.
logs\main-assembled.xml:101236:3: error: <md> is not allowed here.
logs\main-assembled.xml:101240:3: error: <md> is not allowed here.
logs\main-assembled.xml:101244:3: error: <md> is not allowed here.
logs\main-assembled.xml:101248:3: error: <md> is not allowed here.
logs\main-assembled.xml:101251:3: error: <subsection> is not allowed here.
logs\main-assembled.xml:101256:3: error: <md> is not allowed here.
logs\main-assembled.xml:101263:3: error: <md> is not allowed here.
logs\main-assembled.xml:101269:3: error: <md> is not allowed here.
logs\main-assembled.xml:101275:3: error: <md> is not allowed here.
logs\main-assembled.xml:101279:3: error: <md> is not allowed here.
logs\main-assembled.xml:101283:3: error: <md> is not allowed here.
logs\main-assembled.xml:101288:5: error: <tabular> is not allowed here.
logs\main-assembled.xml:101290:15: error: <strong> is not allowed here.
logs\main-assembled.xml:101291:15: error: <strong> is not allowed here.
logs\main-assembled.xml:101292:15: error: <strong> is not allowed here.
logs\main-assembled.xml:101320:9: error: <title> is not allowed here.
logs\main-assembled.xml:101327:3: error: <md> is not allowed here.
logs\main-assembled.xml:101331:3: error: <md> is not allowed here.
logs\main-assembled.xml:101335:3: error: <md> is not allowed here.
logs\main-assembled.xml:101339:3: error: <md> is not allowed here.
logs\main-assembled.xml:101353:3: error: <md> is not allowed here.
logs\main-assembled.xml:101357:3: error: <md> is not allowed here.
logs\main-assembled.xml:101361:3: error: <md> is not allowed here.
logs\main-assembled.xml:101368:3: error: <subsection> is not allowed here.
logs\main-assembled.xml:101373:3: error: <md> is not allowed here.
logs\main-assembled.xml:101377:3: error: <md> is not allowed here.
logs\main-assembled.xml:101381:3: error: <md> is not allowed here.
logs\main-assembled.xml:101388:3: error: <md> is not allowed here.
logs\main-assembled.xml:101392:3: error: <md> is not allowed here.
logs\main-assembled.xml:101398:3: error: <md> is not allowed here.
logs\main-assembled.xml:101402:3: error: <md> is not allowed here.
logs\main-assembled.xml:101410:3: error: <md> is not allowed here.
logs\main-assembled.xml:101432:3: error: <subsection> is not allowed here.
logs\main-assembled.xml:101438:5: error: <tabular> is not allowed here.
logs\main-assembled.xml:101440:15: error: <strong> is not allowed here.
logs\main-assembled.xml:101441:15: error: <strong> is not allowed here.
logs\main-assembled.xml:101464:9: error: <title> is not allowed here.
logs\main-assembled.xml:101474:3: error: <md> is not allowed here.
logs\main-assembled.xml:101478:3: error: <md> is not allowed here.
logs\main-assembled.xml:101482:3: error: <md> is not allowed here.
logs\main-assembled.xml:101489:3: error: <subsection> is not allowed here.
logs\main-assembled.xml:101500:3: error: <md> is not allowed here.
logs\main-assembled.xml:101504:3: error: <md> is not allowed here.
logs\main-assembled.xml:101508:3: error: <md> is not allowed here.
logs\main-assembled.xml:101514:3: error: <md> is not allowed here.
logs\main-assembled.xml:101523:5: error: <tabular> is not allowed here.
logs\main-assembled.xml:101525:15: error: <strong> is not allowed here.
logs\main-assembled.xml:101549:9: error: <title> is not allowed here.
logs\main-assembled.xml:101553:3: error: <md> is not allowed here.
logs\main-assembled.xml:101561:3: error: <md> is not allowed here.
logs\main-assembled.xml:101574:3: error: <md> is not allowed here.
logs\main-assembled.xml:101581:3: error: <md> is not allowed here.
logs\main-assembled.xml:101588:5: error: <tabular> is not allowed here.
logs\main-assembled.xml:101590:15: error: <strong> is not allowed here.
logs\main-assembled.xml:101614:9: error: <title> is not allowed here.
logs\main-assembled.xml:101621:3: error: <md> is not allowed here.
logs\main-assembled.xml:101628:3: error: <subsection> is not allowed here.
logs\main-assembled.xml:101633:3: error: <md> is not allowed here.
logs\main-assembled.xml:101641:3: error: <md> is not allowed here.
logs\main-assembled.xml:101650:3: error: <md> is not allowed here.
logs\main-assembled.xml:101692:3: error: <md> is not allowed here.
logs\main-assembled.xml:101696:3: error: <md> is not allowed here.
logs\main-assembled.xml:101700:3: error: <md> is not allowed here.
logs\main-assembled.xml:101711:3: error: <md> is not allowed here.
logs\main-assembled.xml:101715:3: error: <md> is not allowed here.
logs\main-assembled.xml:101719:3: error: <md> is not allowed here.
logs\main-assembled.xml:101723:3: error: <md> is not allowed here.
logs\main-assembled.xml:101730:3: error: <subsection> is not allowed here.
logs\main-assembled.xml:101737:3: error: <md> is not allowed here.
logs\main-assembled.xml:101743:3: error: <md> is not allowed here.
logs\main-assembled.xml:101747:3: error: <md> is not allowed here.
logs\main-assembled.xml:101757:3: error: <md> is not allowed here.
logs\main-assembled.xml:101761:3: error: <md> is not allowed here.
logs\main-assembled.xml:101765:3: error: <md> is not allowed here.
logs\main-assembled.xml:101777:3: error: <md> is not allowed here.
logs\main-assembled.xml:101781:3: error: <md> is not allowed here.
logs\main-assembled.xml:101785:3: error: <subsection> is not allowed here.
logs\main-assembled.xml:101790:3: error: <md> is not allowed here.
logs\main-assembled.xml:101794:3: error: <md> is not allowed here.
logs\main-assembled.xml:101803:3: error: <md> is not allowed here.
logs\main-assembled.xml:101807:3: error: <md> is not allowed here.
logs\main-assembled.xml:101813:3: error: <md> is not allowed here.
logs\main-assembled.xml:101824:3: error: <md> is not allowed here.
logs\main-assembled.xml:101828:3: error: <md> is not allowed here.
logs\main-assembled.xml:101834:3: error: <md> is not allowed here.
logs\main-assembled.xml:101838:3: error: <note> is not allowed here.
logs\main-assembled.xml:101851:3: error: <subsection> is not allowed here.
logs\main-assembled.xml:101856:3: error: <md> is not allowed here.
logs\main-assembled.xml:101864:3: error: <md> is not allowed here.
logs\main-assembled.xml:101877:3: error: <md> is not allowed here.
logs\main-assembled.xml:101881:3: error: <md> is not allowed here.
logs\main-assembled.xml:101887:3: error: <md> is not allowed here.
logs\main-assembled.xml:101891:3: error: <md> is not allowed here.
logs\main-assembled.xml:101895:3: error: <md> is not allowed here.
logs\main-assembled.xml:101902:3: error: <subsection> is not allowed here.
logs\main-assembled.xml:101908:5: error: <tabular> is not allowed here.
logs\main-assembled.xml:101910:15: error: <strong> is not allowed here.
logs\main-assembled.xml:101911:15: error: <strong> is not allowed here.
logs\main-assembled.xml:101934:9: error: <title> is not allowed here.
logs\main-assembled.xml:101941:3: error: <md> is not allowed here.
logs\main-assembled.xml:101945:3: error: <md> is not allowed here.
logs\main-assembled.xml:101951:3: error: <md> is not allowed here.
logs\main-assembled.xml:101959:3: error: <md> is not allowed here.
logs\main-assembled.xml:101970:3: error: <md> is not allowed here.
logs\main-assembled.xml:101974:3: error: <md> is not allowed here.
logs\main-assembled.xml:101980:3: error: <md> is not allowed here.
logs\main-assembled.xml:101988:3: error: <md> is not allowed here.
logs\main-assembled.xml:101993:3: error: <subsection> is not allowed here.
logs\main-assembled.xml:102003:3: error: <md> is not allowed here.
logs\main-assembled.xml:102009:3: error: <md> is not allowed here.
logs\main-assembled.xml:102015:3: error: <md> is not allowed here.
logs\main-assembled.xml:102030:3: error: <md> is not allowed here.
logs\main-assembled.xml:102036:3: error: <md> is not allowed here.
logs\main-assembled.xml:102040:3: error: <md> is not allowed here.
logs\main-assembled.xml:102044:3: error: <md> is not allowed here.
logs\main-assembled.xml:102053:3: error: <subsection> is not allowed here.
logs\main-assembled.xml:102060:3: error: <md> is not allowed here.
logs\main-assembled.xml:102064:3: error: <md> is not allowed here.
logs\main-assembled.xml:102069:3: error: <md> is not allowed here.
logs\main-assembled.xml:102076:3: error: <md> is not allowed here.
logs\main-assembled.xml:102084:3: error: <md> is not allowed here.
logs\main-assembled.xml:102088:3: error: <md> is not allowed here.
logs\main-assembled.xml:102092:3: error: <md> is not allowed here.
logs\main-assembled.xml:102101:3: error: <md> is not allowed here.
logs\main-assembled.xml:102107:3: error: <md> is not allowed here.
logs\main-assembled.xml:102119:5: error: <ol> is not allowed here.
logs\main-assembled.xml:102131:11: error: <md> is not allowed here.
logs\main-assembled.xml:102135:11: error: <md> is not allowed here.
logs\main-assembled.xml:102139:11: error: <md> is not allowed here.
logs\main-assembled.xml:102142:14: error: Missing required content. Expected one of: <p>, <blockquote>, <pre>, <image>, <video>, <audio>, <program>, <console>, <tabular>, <figure>, <table>, <listing>, … (51 more).
logs\main-assembled.xml:102147:5: error: <ol> is not allowed here.
logs\main-assembled.xml:102150:11: error: <md> is not allowed here.
logs\main-assembled.xml:102155:11: error: <md> is not allowed here.
logs\main-assembled.xml:102160:11: error: <md> is not allowed here.
logs\main-assembled.xml:102164:11: error: <md> is not allowed here.
logs\main-assembled.xml:102169:11: error: <md> is not allowed here.
logs\main-assembled.xml:102172:14: error: Missing required content. Expected one of: <p>, <blockquote>, <pre>, <image>, <video>, <audio>, <program>, <console>, <tabular>, <figure>, <table>, <listing>, … (51 more).
logs\main-assembled.xml:102177:5: error: <ol> is not allowed here.
logs\main-assembled.xml:102180:11: error: <md> is not allowed here.
logs\main-assembled.xml:102184:11: error: <md> is not allowed here.
logs\main-assembled.xml:102188:11: error: <md> is not allowed here.
logs\main-assembled.xml:102192:11: error: <md> is not allowed here.
logs\main-assembled.xml:102196:11: error: <md> is not allowed here.
logs\main-assembled.xml:102199:14: error: Missing required content. Expected one of: <p>, <blockquote>, <pre>, <image>, <video>, <audio>, <program>, <console>, <tabular>, <figure>, <table>, <listing>, … (51 more).
logs\main-assembled.xml:102204:5: error: <ol> is not allowed here.
logs\main-assembled.xml:102207:11: error: <md> is not allowed here.
logs\main-assembled.xml:102211:11: error: <md> is not allowed here.
logs\main-assembled.xml:102215:11: error: <md> is not allowed here.
logs\main-assembled.xml:102219:11: error: <md> is not allowed here.
logs\main-assembled.xml:102223:11: error: <md> is not allowed here.
logs\main-assembled.xml:102226:14: error: Missing required content. Expected one of: <p>, <blockquote>, <pre>, <image>, <video>, <audio>, <program>, <console>, <tabular>, <figure>, <table>, <listing>, … (51 more).
logs\main-assembled.xml:102231:5: error: <ol> is not allowed here.
logs\main-assembled.xml:102234:11: error: <md> is not allowed here.
logs\main-assembled.xml:102238:11: error: <md> is not allowed here.
logs\main-assembled.xml:102242:11: error: <md> is not allowed here.
logs\main-assembled.xml:102246:11: error: <md> is not allowed here.
logs\main-assembled.xml:102257:14: error: Missing required content. Expected one of: <p>, <blockquote>, <pre>, <image>, <video>, <audio>, <program>, <console>, <tabular>, <figure>, <table>, <listing>, … (51 more).
logs\main-assembled.xml:102263:14: error: Missing required content. Expected one of: <p>, <blockquote>, <pre>, <image>, <video>, <audio>, <program>, <console>, <tabular>, <figure>, <table>, <listing>, … (51 more).
logs\main-assembled.xml:102268:5: error: <ol> is not allowed here.
logs\main-assembled.xml:102286:9: error: <p> is not allowed here.
logs\main-assembled.xml:102292:14: error: Missing required content. Expected one of: <p>, <blockquote>, <pre>, <image>, <video>, <audio>, <program>, <console>, <tabular>, <figure>, <table>, <listing>, … (51 more).
logs\main-assembled.xml:102297:5: error: <ol> is not allowed here.
logs\main-assembled.xml:102340:9: error: <p> is not allowed here.
logs\main-assembled.xml:102343:14: error: Missing required content. Expected one of: <p>, <blockquote>, <pre>, <image>, <video>, <audio>, <program>, <console>, <tabular>, <figure>, <table>, <listing>, … (51 more).
logs\main-assembled.xml:102348:5: error: <ol> is not allowed here.
logs\main-assembled.xml:102363:9: error: <p> is not allowed here.
logs\main-assembled.xml:102365:9: error: <p> is not allowed here.
logs\main-assembled.xml:102369:14: error: Missing required content. Expected one of: <p>, <blockquote>, <pre>, <image>, <video>, <audio>, <program>, <console>, <tabular>, <figure>, <table>, <listing>, … (51 more).
logs\main-assembled.xml:102374:5: error: <ol> is not allowed here.
logs\main-assembled.xml:102377:9: error: <p> is not allowed here.
logs\main-assembled.xml:102379:9: error: <p> is not allowed here.
logs\main-assembled.xml:102384:9: error: <p> is not allowed here.
logs\main-assembled.xml:102390:11: error: <md> is not allowed here.
logs\main-assembled.xml:102394:9: error: <p> is not allowed here.
logs\main-assembled.xml:102399:9: error: <p> is not allowed here.
logs\main-assembled.xml:102403:9: error: <p> is not allowed here.
logs\main-assembled.xml:102409:14: error: Missing required content. Expected one of: <p>, <blockquote>, <pre>, <image>, <video>, <audio>, <program>, <console>, <tabular>, <figure>, <table>, <listing>, … (51 more).
logs\main-assembled.xml:102414:5: error: <ol> is not allowed here.
logs\main-assembled.xml:102431:11: error: <md> is not allowed here.
logs\main-assembled.xml:102435:11: error: <md> is not allowed here.
logs\main-assembled.xml:102441:9: error: <p> is not allowed here.
logs\main-assembled.xml:102443:9: error: <p> is not allowed here.
logs\main-assembled.xml:102449:14: error: Missing required content. Expected one of: <p>, <blockquote>, <pre>, <image>, <video>, <audio>, <program>, <console>, <tabular>, <figure>, <table>, <listing>, … (51 more).
logs\main-assembled.xml:102464:3: error: <md> is not allowed here.
logs\main-assembled.xml:102486:3: error: <subsection> is not allowed here.
logs\main-assembled.xml:102493:3: error: <md> is not allowed here.
logs\main-assembled.xml:102499:3: error: <md> is not allowed here.
logs\main-assembled.xml:102505:3: error: <md> is not allowed here.
logs\main-assembled.xml:102549:3: error: <md> is not allowed here.
logs\main-assembled.xml:102555:3: error: <md> is not allowed here.
logs\main-assembled.xml:102559:3: error: <md> is not allowed here.
logs\main-assembled.xml:102563:3: error: <md> is not allowed here.
logs\main-assembled.xml:102576:3: error: <md> is not allowed here.
logs\main-assembled.xml:102582:3: error: <md> is not allowed here.
logs\main-assembled.xml:102586:3: error: <note> is not allowed here.
logs\main-assembled.xml:102599:3: error: <subsection> is not allowed here.
logs\main-assembled.xml:102604:3: error: <md> is not allowed here.
logs\main-assembled.xml:102608:3: error: <md> is not allowed here.
logs\main-assembled.xml:102612:3: error: <md> is not allowed here.
logs\main-assembled.xml:102620:3: error: <md> is not allowed here.
logs\main-assembled.xml:102627:3: error: <md> is not allowed here.
logs\main-assembled.xml:102631:3: error: <md> is not allowed here.
logs\main-assembled.xml:102635:3: error: <md> is not allowed here.
logs\main-assembled.xml:102639:3: error: <md> is not allowed here.
logs\main-assembled.xml:102645:3: error: <md> is not allowed here.
logs\main-assembled.xml:102649:3: error: <md> is not allowed here.
logs\main-assembled.xml:102656:3: error: <subsection> is not allowed here.
logs\main-assembled.xml:102661:3: error: <md> is not allowed here.
logs\main-assembled.xml:102665:3: error: <md> is not allowed here.
logs\main-assembled.xml:102669:3: error: <md> is not allowed here.
logs\main-assembled.xml:102681:3: error: <md> is not allowed here.
logs\main-assembled.xml:102685:3: error: <md> is not allowed here.
logs\main-assembled.xml:102689:3: error: <md> is not allowed here.
logs\main-assembled.xml:102693:3: error: <md> is not allowed here.
logs\main-assembled.xml:102700:3: error: <subsection> is not allowed here.
logs\main-assembled.xml:102705:3: error: <md> is not allowed here.
logs\main-assembled.xml:102712:3: error: <md> is not allowed here.
logs\main-assembled.xml:102718:3: error: <md> is not allowed here.
logs\main-assembled.xml:102722:3: error: <md> is not allowed here.
logs\main-assembled.xml:102726:3: error: <md> is not allowed here.
logs\main-assembled.xml:102730:3: error: <md> is not allowed here.
logs\main-assembled.xml:102737:3: error: <subsection> is not allowed here.
logs\main-assembled.xml:102742:3: error: <md> is not allowed here.
logs\main-assembled.xml:102750:3: error: <md> is not allowed here.
logs\main-assembled.xml:102754:3: error: <md> is not allowed here.
logs\main-assembled.xml:102758:3: error: <md> is not allowed here.
logs\main-assembled.xml:102764:3: error: <md> is not allowed here.
logs\main-assembled.xml:102770:3: error: <md> is not allowed here.
logs\main-assembled.xml:102774:3: error: <md> is not allowed here.
logs\main-assembled.xml:102783:3: error: <md> is not allowed here.
logs\main-assembled.xml:102787:3: error: <md> is not allowed here.
logs\main-assembled.xml:102791:3: error: <md> is not allowed here.
logs\main-assembled.xml:102795:3: error: <md> is not allowed here.
logs\main-assembled.xml:102799:3: error: <md> is not allowed here.
logs\main-assembled.xml:102803:3: error: <md> is not allowed here.
logs\main-assembled.xml:102807:3: error: <md> is not allowed here.
logs\main-assembled.xml:102811:3: error: <md> is not allowed here.
logs\main-assembled.xml:102846:3: error: <subsection> is not allowed here.
logs\main-assembled.xml:102859:9: error: <md> is not allowed here.
logs\main-assembled.xml:102863:9: error: <md> is not allowed here.
logs\main-assembled.xml:102873:3: error: <md> is not allowed here.
logs\main-assembled.xml:102877:3: error: <md> is not allowed here.
logs\main-assembled.xml:102881:3: error: <md> is not allowed here.
logs\main-assembled.xml:102885:3: error: <md> is not allowed here.
logs\main-assembled.xml:102889:3: error: <md> is not allowed here.
logs\main-assembled.xml:102893:3: error: <md> is not allowed here.
logs\main-assembled.xml:102897:3: error: <md> is not allowed here.
logs\main-assembled.xml:102908:3: error: <md> is not allowed here.
logs\main-assembled.xml:102912:3: error: <md> is not allowed here.
logs\main-assembled.xml:102916:3: error: <md> is not allowed here.
logs\main-assembled.xml:102920:3: error: <md> is not allowed here.
logs\main-assembled.xml:102924:3: error: <md> is not allowed here.
logs\main-assembled.xml:102928:3: error: <md> is not allowed here.
logs\main-assembled.xml:102932:3: error: <md> is not allowed here.
logs\main-assembled.xml:102947:3: error: <md> is not allowed here.
logs\main-assembled.xml:102954:3: error: <subsection> is not allowed here.
logs\main-assembled.xml:102959:3: error: <md> is not allowed here.
logs\main-assembled.xml:102963:3: error: <md> is not allowed here.
logs\main-assembled.xml:102967:3: error: <md> is not allowed here.
logs\main-assembled.xml:102975:3: error: <md> is not allowed here.
logs\main-assembled.xml:102984:3: error: <md> is not allowed here.
logs\main-assembled.xml:102988:3: error: <md> is not allowed here.
logs\main-assembled.xml:102992:3: error: <md> is not allowed here.
logs\main-assembled.xml:102996:3: error: <md> is not allowed here.
logs\main-assembled.xml:103033:3: error: <subsection> is not allowed here.
logs\main-assembled.xml:103044:3: error: <md> is not allowed here.
logs\main-assembled.xml:103050:3: error: <md> is not allowed here.
logs\main-assembled.xml:103054:3: error: <md> is not allowed here.
logs\main-assembled.xml:103058:3: error: <md> is not allowed here.
logs\main-assembled.xml:103062:3: error: <md> is not allowed here.
logs\main-assembled.xml:103066:3: error: <md> is not allowed here.
logs\main-assembled.xml:103070:3: error: <md> is not allowed here.
logs\main-assembled.xml:103074:3: error: <md> is not allowed here.
logs\main-assembled.xml:103079:3: error: <subsection> is not allowed here.
logs\main-assembled.xml:103086:3: error: <md> is not allowed here.
logs\main-assembled.xml:103092:3: error: <md> is not allowed here.
logs\main-assembled.xml:103098:3: error: <md> is not allowed here.
logs\main-assembled.xml:103103:5: error: <tabular> is not allowed here.
logs\main-assembled.xml:103105:15: error: <strong> is not allowed here.
logs\main-assembled.xml:103106:15: error: <strong> is not allowed here.
logs\main-assembled.xml:103125:9: error: <title> is not allowed here.
logs\main-assembled.xml:103132:3: error: <md> is not allowed here.
logs\main-assembled.xml:103136:3: error: <md> is not allowed here.
logs\main-assembled.xml:103140:3: error: <md> is not allowed here.
logs\main-assembled.xml:103161:3: error: <md> is not allowed here.
logs\main-assembled.xml:103167:3: error: <subsection> is not allowed here.
logs\main-assembled.xml:103172:3: error: <md> is not allowed here.
logs\main-assembled.xml:103178:3: error: <md> is not allowed here.
logs\main-assembled.xml:103184:3: error: <md> is not allowed here.
logs\main-assembled.xml:103195:3: error: <md> is not allowed here.
logs\main-assembled.xml:103199:3: error: <md> is not allowed here.
logs\main-assembled.xml:103203:3: error: <md> is not allowed here.
logs\main-assembled.xml:103242:3: error: <md> is not allowed here.
logs\main-assembled.xml:103248:3: error: <md> is not allowed here.
logs\main-assembled.xml:103252:3: error: <md> is not allowed here.
logs\main-assembled.xml:103256:3: error: <md> is not allowed here.
logs\main-assembled.xml:103262:3: error: <md> is not allowed here.
logs\main-assembled.xml:103267:3: error: <subsection> is not allowed here.
logs\main-assembled.xml:103275:3: error: <md> is not allowed here.
logs\main-assembled.xml:103281:3: error: <md> is not allowed here.
logs\main-assembled.xml:103285:3: error: <md> is not allowed here.
logs\main-assembled.xml:103292:3: error: <md> is not allowed here.
logs\main-assembled.xml:103298:3: error: <md> is not allowed here.
logs\main-assembled.xml:103302:3: error: <md> is not allowed here.
logs\main-assembled.xml:103309:3: error: <md> is not allowed here.
logs\main-assembled.xml:103313:3: error: <md> is not allowed here.
logs\main-assembled.xml:103317:3: error: <md> is not allowed here.
logs\main-assembled.xml:103323:3: error: <md> is not allowed here.
logs\main-assembled.xml:103327:3: error: <md> is not allowed here.
logs\main-assembled.xml:103332:3: error: <subsection> is not allowed here.
logs\main-assembled.xml:103337:3: error: <md> is not allowed here.
logs\main-assembled.xml:103343:3: error: <md> is not allowed here.
logs\main-assembled.xml:103391:3: error: <md> is not allowed here.
logs\main-assembled.xml:103395:3: error: <md> is not allowed here.
logs\main-assembled.xml:103399:3: error: <md> is not allowed here.
logs\main-assembled.xml:103403:3: error: <md> is not allowed here.
logs\main-assembled.xml:103412:3: error: <subsection> is not allowed here.
logs\main-assembled.xml:103419:3: error: <md> is not allowed here.
logs\main-assembled.xml:103425:3: error: <md> is not allowed here.
logs\main-assembled.xml:103431:3: error: <md> is not allowed here.
logs\main-assembled.xml:103437:3: error: <md> is not allowed here.
logs\main-assembled.xml:103443:3: error: <md> is not allowed here.
logs\main-assembled.xml:103449:3: error: <md> is not allowed here.
logs\main-assembled.xml:103458:3: error: <md> is not allowed here.
logs\main-assembled.xml:103462:3: error: <md> is not allowed here.
logs\main-assembled.xml:103468:3: error: <md> is not allowed here.
logs\main-assembled.xml:103474:3: error: <md> is not allowed here.
logs\main-assembled.xml:103522:3: error: <md> is not allowed here.
logs\main-assembled.xml:103528:3: error: <md> is not allowed here.
logs\main-assembled.xml:103532:3: error: <md> is not allowed here.
logs\main-assembled.xml:103536:3: error: <md> is not allowed here.
logs\main-assembled.xml:103540:3: error: <md> is not allowed here.
logs\main-assembled.xml:103548:3: error: <md> is not allowed here.
logs\main-assembled.xml:103557:3: error: <md> is not allowed here.
logs\main-assembled.xml:103561:3: error: <md> is not allowed here.
logs\main-assembled.xml:103571:3: error: <md> is not allowed here.
logs\main-assembled.xml:103577:3: error: <md> is not allowed here.
logs\main-assembled.xml:103583:3: error: <md> is not allowed here.
logs\main-assembled.xml:103591:3: error: <md> is not allowed here.
logs\main-assembled.xml:103598:3: error: <subsection> is not allowed here.
logs\main-assembled.xml:103604:5: error: <tabular> is not allowed here.
logs\main-assembled.xml:103606:15: error: <strong> is not allowed here.
logs\main-assembled.xml:103607:15: error: <strong> is not allowed here.
logs\main-assembled.xml:103608:15: error: <strong> is not allowed here.
logs\main-assembled.xml:103626:9: error: <title> is not allowed here.
logs\main-assembled.xml:103636:3: error: <md> is not allowed here.
logs\main-assembled.xml:103641:3: error: <md> is not allowed here.
logs\main-assembled.xml:103645:3: error: <md> is not allowed here.
logs\main-assembled.xml:103649:3: error: <md> is not allowed here.
logs\main-assembled.xml:103653:3: error: <md> is not allowed here.
logs\main-assembled.xml:103657:3: error: <md> is not allowed here.
logs\main-assembled.xml:103661:3: error: <md> is not allowed here.
logs\main-assembled.xml:103665:3: error: <md> is not allowed here.
logs\main-assembled.xml:103671:3: error: <md> is not allowed here.
logs\main-assembled.xml:103683:3: error: <subsection> is not allowed here.
logs\main-assembled.xml:103688:3: error: <md> is not allowed here.
logs\main-assembled.xml:103694:3: error: <md> is not allowed here.
logs\main-assembled.xml:103698:3: error: <md> is not allowed here.
logs\main-assembled.xml:103702:3: error: <md> is not allowed here.
logs\main-assembled.xml:103745:3: error: <md> is not allowed here.
logs\main-assembled.xml:103751:3: error: <md> is not allowed here.
logs\main-assembled.xml:103755:3: error: <md> is not allowed here.
logs\main-assembled.xml:103766:3: error: <subsection> is not allowed here.
logs\main-assembled.xml:103773:3: error: <md> is not allowed here.
logs\main-assembled.xml:103779:3: error: <md> is not allowed here.
logs\main-assembled.xml:103792:3: error: <md> is not allowed here.
logs\main-assembled.xml:103798:3: error: <md> is not allowed here.
logs\main-assembled.xml:103802:3: error: <md> is not allowed here.
logs\main-assembled.xml:103806:3: error: <md> is not allowed here.
logs\main-assembled.xml:103813:3: error: <subsection> is not allowed here.
logs\main-assembled.xml:103826:3: error: <md> is not allowed here.
logs\main-assembled.xml:103830:3: error: <md> is not allowed here.
logs\main-assembled.xml:103834:3: error: <md> is not allowed here.
logs\main-assembled.xml:103838:3: error: <md> is not allowed here.
logs\main-assembled.xml:103842:3: error: <md> is not allowed here.
logs\main-assembled.xml:103846:3: error: <md> is not allowed here.
logs\main-assembled.xml:103850:3: error: <md> is not allowed here.
logs\main-assembled.xml:103854:3: error: <md> is not allowed here.
logs\main-assembled.xml:103860:3: error: <note> is not allowed here.
logs\main-assembled.xml:103880:3: error: <subsection> is not allowed here.
logs\main-assembled.xml:103887:3: error: <md> is not allowed here.
logs\main-assembled.xml:103895:3: error: <md> is not allowed here.
logs\main-assembled.xml:103902:5: error: <tabular> is not allowed here.
logs\main-assembled.xml:103904:15: error: <strong> is not allowed here.
logs\main-assembled.xml:103905:15: error: <strong> is not allowed here.
logs\main-assembled.xml:103916:9: error: <title> is not allowed here.
logs\main-assembled.xml:103923:3: error: <md> is not allowed here.
logs\main-assembled.xml:103927:3: error: <md> is not allowed here.
logs\main-assembled.xml:103931:3: error: <md> is not allowed here.
logs\main-assembled.xml:103967:3: error: <subsection> is not allowed here.
logs\main-assembled.xml:103972:3: error: <md> is not allowed here.
logs\main-assembled.xml:103978:3: error: <md> is not allowed here.
logs\main-assembled.xml:103984:3: error: <md> is not allowed here.
logs\main-assembled.xml:103990:3: error: <md> is not allowed here.
logs\main-assembled.xml:103999:3: error: <md> is not allowed here.
logs\main-assembled.xml:104003:3: error: <md> is not allowed here.
logs\main-assembled.xml:104007:3: error: <md> is not allowed here.
logs\main-assembled.xml:104011:3: error: <md> is not allowed here.
logs\main-assembled.xml:104016:3: error: <subsection> is not allowed here.
logs\main-assembled.xml:104021:3: error: <md> is not allowed here.
logs\main-assembled.xml:104027:3: error: <md> is not allowed here.
logs\main-assembled.xml:104033:3: error: <md> is not allowed here.
logs\main-assembled.xml:104039:3: error: <md> is not allowed here.
logs\main-assembled.xml:104048:3: error: <md> is not allowed here.
logs\main-assembled.xml:104052:3: error: <md> is not allowed here.
logs\main-assembled.xml:104056:3: error: <md> is not allowed here.
logs\main-assembled.xml:104061:5: error: <tabular> is not allowed here.
logs\main-assembled.xml:104063:15: error: <strong> is not allowed here.
logs\main-assembled.xml:104064:15: error: <strong> is not allowed here.
logs\main-assembled.xml:104091:9: error: <title> is not allowed here.
logs\main-assembled.xml:104098:3: error: <md> is not allowed here.
logs\main-assembled.xml:104102:3: error: <md> is not allowed here.
logs\main-assembled.xml:104106:3: error: <md> is not allowed here.
logs\main-assembled.xml:104110:3: error: <md> is not allowed here.
logs\main-assembled.xml:104114:3: error: <md> is not allowed here.
logs\main-assembled.xml:104121:3: error: <subsection> is not allowed here.
logs\main-assembled.xml:104131:3: error: <md> is not allowed here.
logs\main-assembled.xml:104135:3: error: <md> is not allowed here.
logs\main-assembled.xml:104139:3: error: <md> is not allowed here.
logs\main-assembled.xml:104143:3: error: <md> is not allowed here.
logs\main-assembled.xml:104147:3: error: <md> is not allowed here.
logs\main-assembled.xml:104151:3: error: <md> is not allowed here.
logs\main-assembled.xml:104155:3: error: <md> is not allowed here.
logs\main-assembled.xml:104193:3: error: <subsection> is not allowed here.
logs\main-assembled.xml:104200:3: error: <md> is not allowed here.
logs\main-assembled.xml:104206:3: error: <md> is not allowed here.
logs\main-assembled.xml:104212:3: error: <md> is not allowed here.
logs\main-assembled.xml:104216:3: error: <md> is not allowed here.
logs\main-assembled.xml:104222:3: error: <md> is not allowed here.
logs\main-assembled.xml:104226:3: error: <md> is not allowed here.
logs\main-assembled.xml:104232:3: error: <md> is not allowed here.
logs\main-assembled.xml:104238:3: error: <md> is not allowed here.
logs\main-assembled.xml:104258:5: error: <ol> is not allowed here.
logs\main-assembled.xml:104273:11: error: <md> is not allowed here.
logs\main-assembled.xml:104277:11: error: <md> is not allowed here.
logs\main-assembled.xml:104281:11: error: <md> is not allowed here.
logs\main-assembled.xml:104285:11: error: <md> is not allowed here.
logs\main-assembled.xml:104288:14: error: Missing required content. Expected one of: <p>, <blockquote>, <pre>, <image>, <video>, <audio>, <program>, <console>, <tabular>, <figure>, <table>, <listing>, … (51 more).
logs\main-assembled.xml:104293:5: error: <ol> is not allowed here.
logs\main-assembled.xml:104299:11: error: <md> is not allowed here.
logs\main-assembled.xml:104303:11: error: <md> is not allowed here.
logs\main-assembled.xml:104308:11: error: <md> is not allowed here.
logs\main-assembled.xml:104312:11: error: <md> is not allowed here.
logs\main-assembled.xml:104314:11: error: <md> is not allowed here.
logs\main-assembled.xml:104317:14: error: Missing required content. Expected one of: <p>, <blockquote>, <pre>, <image>, <video>, <audio>, <program>, <console>, <tabular>, <figure>, <table>, <listing>, … (51 more).
logs\main-assembled.xml:104322:5: error: <ol> is not allowed here.
logs\main-assembled.xml:104325:11: error: <md> is not allowed here.
logs\main-assembled.xml:104330:11: error: <md> is not allowed here.
logs\main-assembled.xml:104334:11: error: <md> is not allowed here.
logs\main-assembled.xml:104338:11: error: <md> is not allowed here.
logs\main-assembled.xml:104342:11: error: <md> is not allowed here.
logs\main-assembled.xml:104346:11: error: <md> is not allowed here.
logs\main-assembled.xml:104350:14: error: Missing required content. Expected one of: <p>, <blockquote>, <pre>, <image>, <video>, <audio>, <program>, <console>, <tabular>, <figure>, <table>, <listing>, … (51 more).
logs\main-assembled.xml:104355:5: error: <ol> is not allowed here.
logs\main-assembled.xml:104364:11: error: <md> is not allowed here.
logs\main-assembled.xml:104370:11: error: <md> is not allowed here.
logs\main-assembled.xml:104375:14: error: Missing required content. Expected one of: <p>, <blockquote>, <pre>, <image>, <video>, <audio>, <program>, <console>, <tabular>, <figure>, <table>, <listing>, … (51 more).
logs\main-assembled.xml:104380:5: error: <ol> is not allowed here.
logs\main-assembled.xml:104383:11: error: <md> is not allowed here.
logs\main-assembled.xml:104388:11: error: <md> is not allowed here.
logs\main-assembled.xml:104393:11: error: <md> is not allowed here.
logs\main-assembled.xml:104398:11: error: <md> is not allowed here.
logs\main-assembled.xml:104403:11: error: <md> is not allowed here.
logs\main-assembled.xml:104406:14: error: Missing required content. Expected one of: <p>, <blockquote>, <pre>, <image>, <video>, <audio>, <program>, <console>, <tabular>, <figure>, <table>, <listing>, … (51 more).
logs\main-assembled.xml:104412:14: error: Missing required content. Expected one of: <p>, <blockquote>, <pre>, <image>, <video>, <audio>, <program>, <console>, <tabular>, <figure>, <table>, <listing>, … (51 more).
logs\main-assembled.xml:104417:5: error: <ol> is not allowed here.
logs\main-assembled.xml:104426:9: error: <p> is not allowed here.
logs\main-assembled.xml:104431:9: error: <p> is not allowed here.
logs\main-assembled.xml:104433:9: error: <p> is not allowed here.
logs\main-assembled.xml:104438:9: error: <p> is not allowed here.
logs\main-assembled.xml:104440:9: error: <p> is not allowed here.
logs\main-assembled.xml:104442:9: error: <p> is not allowed here.
logs\main-assembled.xml:104446:11: error: <md> is not allowed here.
logs\main-assembled.xml:104448:11: error: <md> is not allowed here.
logs\main-assembled.xml:104453:11: error: <md> is not allowed here.
logs\main-assembled.xml:104455:11: error: <md> is not allowed here.
logs\main-assembled.xml:104459:11: error: <md> is not allowed here.
logs\main-assembled.xml:104461:11: error: <md> is not allowed here.
logs\main-assembled.xml:104464:11: error: <md> is not allowed here.
logs\main-assembled.xml:104466:11: error: <md> is not allowed here.
logs\main-assembled.xml:104470:14: error: Missing required content. Expected one of: <p>, <blockquote>, <pre>, <image>, <video>, <audio>, <program>, <console>, <tabular>, <figure>, <table>, <listing>, … (51 more).
logs\main-assembled.xml:104475:5: error: <ol> is not allowed here.
logs\main-assembled.xml:104481:11: error: <md> is not allowed here.
logs\main-assembled.xml:104483:11: error: <md> is not allowed here.
logs\main-assembled.xml:104487:11: error: <md> is not allowed here.
logs\main-assembled.xml:104489:11: error: <md> is not allowed here.
logs\main-assembled.xml:104491:11: error: <md> is not allowed here.
logs\main-assembled.xml:104493:11: error: <md> is not allowed here.
logs\main-assembled.xml:104495:11: error: <md> is not allowed here.
logs\main-assembled.xml:104497:11: error: <md> is not allowed here.
logs\main-assembled.xml:104502:11: error: <md> is not allowed here.
logs\main-assembled.xml:104507:11: error: <md> is not allowed here.
logs\main-assembled.xml:104509:11: error: <md> is not allowed here.
logs\main-assembled.xml:104511:11: error: <md> is not allowed here.
logs\main-assembled.xml:104513:11: error: <md> is not allowed here.
logs\main-assembled.xml:104516:14: error: Missing required content. Expected one of: <p>, <blockquote>, <pre>, <image>, <video>, <audio>, <program>, <console>, <tabular>, <figure>, <table>, <listing>, … (51 more).
logs\main-assembled.xml:104521:5: error: <ol> is not allowed here.
logs\main-assembled.xml:104524:9: error: <p> is not allowed here.
logs\main-assembled.xml:104531:11: error: <md> is not allowed here.
logs\main-assembled.xml:104536:11: error: <md> is not allowed here.
logs\main-assembled.xml:104538:11: error: <md> is not allowed here.
logs\main-assembled.xml:104540:11: error: <md> is not allowed here.
logs\main-assembled.xml:104542:11: error: <md> is not allowed here.
logs\main-assembled.xml:104544:11: error: <md> is not allowed here.
logs\main-assembled.xml:104546:11: error: <md> is not allowed here.
logs\main-assembled.xml:104550:11: error: <md> is not allowed here.
logs\main-assembled.xml:104556:11: error: <md> is not allowed here.
logs\main-assembled.xml:104558:11: error: <md> is not allowed here.
logs\main-assembled.xml:104560:11: error: <md> is not allowed here.
logs\main-assembled.xml:104562:11: error: <md> is not allowed here.
logs\main-assembled.xml:104564:11: error: <md> is not allowed here.
logs\main-assembled.xml:104568:11: error: <md> is not allowed here.
logs\main-assembled.xml:104570:11: error: <md> is not allowed here.
logs\main-assembled.xml:104572:11: error: <md> is not allowed here.
logs\main-assembled.xml:104574:11: error: <md> is not allowed here.
logs\main-assembled.xml:104576:11: error: <md> is not allowed here.
logs\main-assembled.xml:104578:11: error: <md> is not allowed here.
logs\main-assembled.xml:104580:11: error: <md> is not allowed here.
logs\main-assembled.xml:104582:11: error: <md> is not allowed here.
logs\main-assembled.xml:104588:14: error: Missing required content. Expected one of: <p>, <blockquote>, <pre>, <image>, <video>, <audio>, <program>, <console>, <tabular>, <figure>, <table>, <listing>, … (51 more).
logs\main-assembled.xml:104593:5: error: <ol> is not allowed here.
logs\main-assembled.xml:104612:11: error: <md> is not allowed here.
logs\main-assembled.xml:104620:11: error: <md> is not allowed here.
logs\main-assembled.xml:104626:11: error: <md> is not allowed here.
logs\main-assembled.xml:104628:11: error: <md> is not allowed here.
logs\main-assembled.xml:104634:11: error: <md> is not allowed here.
logs\main-assembled.xml:104636:11: error: <md> is not allowed here.
logs\main-assembled.xml:104638:11: error: <md> is not allowed here.
logs\main-assembled.xml:104640:11: error: <md> is not allowed here.
logs\main-assembled.xml:104644:14: error: Missing required content. Expected one of: <p>, <blockquote>, <pre>, <image>, <video>, <audio>, <program>, <console>, <tabular>, <figure>, <table>, <listing>, … (51 more).
logs\main-assembled.xml:104649:5: error: <ol> is not allowed here.
logs\main-assembled.xml:104657:11: error: <md> is not allowed here.
logs\main-assembled.xml:104659:11: error: <md> is not allowed here.
logs\main-assembled.xml:104661:11: error: <md> is not allowed here.
logs\main-assembled.xml:104665:11: error: <md> is not allowed here.
logs\main-assembled.xml:104669:11: error: <md> is not allowed here.
logs\main-assembled.xml:104674:11: error: <md> is not allowed here.
logs\main-assembled.xml:104676:11: error: <md> is not allowed here.
logs\main-assembled.xml:104678:11: error: <md> is not allowed here.
logs\main-assembled.xml:104680:11: error: <md> is not allowed here.
logs\main-assembled.xml:104682:11: error: <md> is not allowed here.
logs\main-assembled.xml:104684:11: error: <md> is not allowed here.
logs\main-assembled.xml:104687:14: error: Missing required content. Expected one of: <p>, <blockquote>, <pre>, <image>, <video>, <audio>, <program>, <console>, <tabular>, <figure>, <table>, <listing>, … (51 more).
logs\main-assembled.xml:104701:3: error: <md> is not allowed here.
logs\main-assembled.xml:104712:3: error: <md> is not allowed here.
logs\main-assembled.xml:104727:3: error: <md> is not allowed here.
logs\main-assembled.xml:104733:3: error: <subsection> is not allowed here.
logs\main-assembled.xml:104741:3: error: <md> is not allowed here.
logs\main-assembled.xml:104747:3: error: <md> is not allowed here.
logs\main-assembled.xml:104756:3: error: <md> is not allowed here.
logs\main-assembled.xml:104792:3: error: <md> is not allowed here.
logs\main-assembled.xml:104796:3: error: <md> is not allowed here.
logs\main-assembled.xml:104800:3: error: <md> is not allowed here.
logs\main-assembled.xml:104806:3: error: <md> is not allowed here.
logs\main-assembled.xml:104812:3: error: <md> is not allowed here.
logs\main-assembled.xml:104816:3: error: <md> is not allowed here.
logs\main-assembled.xml:104823:3: error: <md> is not allowed here.
logs\main-assembled.xml:104831:3: error: <md> is not allowed here.
logs\main-assembled.xml:104842:3: error: <md> is not allowed here.
logs\main-assembled.xml:104850:3: error: <md> is not allowed here.
logs\main-assembled.xml:104864:3: error: <md> is not allowed here.
logs\main-assembled.xml:104868:3: error: <md> is not allowed here.
logs\main-assembled.xml:104872:3: error: <md> is not allowed here.
logs\main-assembled.xml:104877:3: error: <subsection> is not allowed here.
logs\main-assembled.xml:104882:3: error: <md> is not allowed here.
logs\main-assembled.xml:104889:3: error: <md> is not allowed here.
logs\main-assembled.xml:104893:3: error: <md> is not allowed here.
logs\main-assembled.xml:104899:3: error: <md> is not allowed here.
logs\main-assembled.xml:104905:3: error: <md> is not allowed here.
logs\main-assembled.xml:104945:3: error: <md> is not allowed here.
logs\main-assembled.xml:104949:3: error: <md> is not allowed here.
logs\main-assembled.xml:104956:3: error: <subsection> is not allowed here.
logs\main-assembled.xml:104961:3: error: <md> is not allowed here.
logs\main-assembled.xml:104967:3: error: <md> is not allowed here.
logs\main-assembled.xml:104973:3: error: <md> is not allowed here.
logs\main-assembled.xml:104979:3: error: <md> is not allowed here.
logs\main-assembled.xml:104989:3: error: <md> is not allowed here.
logs\main-assembled.xml:104993:3: error: <md> is not allowed here.
logs\main-assembled.xml:104997:3: error: <md> is not allowed here.
logs\main-assembled.xml:105002:3: error: <subsection> is not allowed here.
logs\main-assembled.xml:105010:3: error: <md> is not allowed here.
logs\main-assembled.xml:105017:5: error: <tabular> is not allowed here.
logs\main-assembled.xml:105051:9: error: <title> is not allowed here.
logs\main-assembled.xml:105057:5: error: <tabular> is not allowed here.
logs\main-assembled.xml:105059:15: error: <strong> is not allowed here.
logs\main-assembled.xml:105089:9: error: <title> is not allowed here.
logs\main-assembled.xml:105096:3: error: <md> is not allowed here.
logs\main-assembled.xml:105104:3: error: <md> is not allowed here.
logs\main-assembled.xml:105108:3: error: <md> is not allowed here.
logs\main-assembled.xml:105112:3: error: <md> is not allowed here.
logs\main-assembled.xml:105114:3: error: <md> is not allowed here.
logs\main-assembled.xml:105118:3: error: <md> is not allowed here.
logs\main-assembled.xml:105129:3: error: <subsection> is not allowed here.
logs\main-assembled.xml:105135:3: error: <md> is not allowed here.
logs\main-assembled.xml:105141:3: error: <md> is not allowed here.
logs\main-assembled.xml:105147:3: error: <md> is not allowed here.
logs\main-assembled.xml:105158:3: error: <md> is not allowed here.
logs\main-assembled.xml:105167:3: error: <md> is not allowed here.
logs\main-assembled.xml:105171:3: error: <md> is not allowed here.
logs\main-assembled.xml:105179:3: error: <md> is not allowed here.
logs\main-assembled.xml:105188:3: error: <subsection> is not allowed here.
logs\main-assembled.xml:105231:3: error: <md> is not allowed here.
logs\main-assembled.xml:105235:3: error: <md> is not allowed here.
logs\main-assembled.xml:105250:3: error: <subsection> is not allowed here.
logs\main-assembled.xml:105255:3: error: <md> is not allowed here.
logs\main-assembled.xml:105265:3: error: <md> is not allowed here.
logs\main-assembled.xml:105278:3: error: <md> is not allowed here.
logs\main-assembled.xml:105282:3: error: <md> is not allowed here.
logs\main-assembled.xml:105286:3: error: <md> is not allowed here.
logs\main-assembled.xml:105294:3: error: <md> is not allowed here.
logs\main-assembled.xml:105303:3: error: <subsection> is not allowed here.
logs\main-assembled.xml:105308:3: error: <md> is not allowed here.
logs\main-assembled.xml:105314:3: error: <md> is not allowed here.
logs\main-assembled.xml:105318:3: error: <md> is not allowed here.
logs\main-assembled.xml:105322:3: error: <md> is not allowed here.
logs\main-assembled.xml:105326:3: error: <md> is not allowed here.
logs\main-assembled.xml:105330:3: error: <md> is not allowed here.
logs\main-assembled.xml:105334:3: error: <md> is not allowed here.
logs\main-assembled.xml:105340:3: error: <md> is not allowed here.
logs\main-assembled.xml:105344:3: error: <md> is not allowed here.
logs\main-assembled.xml:105349:5: error: <tabular> is not allowed here.
logs\main-assembled.xml:105351:15: error: <strong> is not allowed here.
logs\main-assembled.xml:105363:9: error: <title> is not allowed here.
logs\main-assembled.xml:105370:3: error: <md> is not allowed here.
logs\main-assembled.xml:105374:3: error: <md> is not allowed here.
logs\main-assembled.xml:105378:3: error: <md> is not allowed here.
logs\main-assembled.xml:105382:3: error: <md> is not allowed here.
logs\main-assembled.xml:105393:3: error: <md> is not allowed here.
logs\main-assembled.xml:105397:3: error: <md> is not allowed here.
logs\main-assembled.xml:105401:3: error: <md> is not allowed here.
logs\main-assembled.xml:105405:3: error: <md> is not allowed here.
logs\main-assembled.xml:105412:3: error: <subsection> is not allowed here.
logs\main-assembled.xml:105420:3: error: <md> is not allowed here.
logs\main-assembled.xml:105426:3: error: <md> is not allowed here.
logs\main-assembled.xml:105432:3: error: <md> is not allowed here.
logs\main-assembled.xml:105436:3: error: <md> is not allowed here.
logs\main-assembled.xml:105443:5: error: <tabular> is not allowed here.
logs\main-assembled.xml:105445:15: error: <strong> is not allowed here.
logs\main-assembled.xml:105446:15: error: <strong> is not allowed here.
logs\main-assembled.xml:105461:9: error: <title> is not allowed here.
logs\main-assembled.xml:105468:3: error: <md> is not allowed here.
logs\main-assembled.xml:105472:3: error: <md> is not allowed here.
logs\main-assembled.xml:105478:3: error: <md> is not allowed here.
logs\main-assembled.xml:105485:3: error: <subsection> is not allowed here.
logs\main-assembled.xml:105495:9: error: <md> is not allowed here.
logs\main-assembled.xml:105505:3: error: <md> is not allowed here.
logs\main-assembled.xml:105509:3: error: <md> is not allowed here.
logs\main-assembled.xml:105513:3: error: <md> is not allowed here.
logs\main-assembled.xml:105517:3: error: <md> is not allowed here.
logs\main-assembled.xml:105521:3: error: <md> is not allowed here.
logs\main-assembled.xml:105527:3: error: <md> is not allowed here.
logs\main-assembled.xml:105531:3: error: <md> is not allowed here.
logs\main-assembled.xml:105535:3: error: <md> is not allowed here.
logs\main-assembled.xml:105539:3: error: <md> is not allowed here.
logs\main-assembled.xml:105543:3: error: <md> is not allowed here.
logs\main-assembled.xml:105561:3: error: <subsection> is not allowed here.
logs\main-assembled.xml:105566:3: error: <md> is not allowed here.
logs\main-assembled.xml:105575:3: error: <md> is not allowed here.
logs\main-assembled.xml:105581:3: error: <md> is not allowed here.
logs\main-assembled.xml:105589:3: error: <md> is not allowed here.
logs\main-assembled.xml:105599:3: error: <md> is not allowed here.
logs\main-assembled.xml:105605:3: error: <md> is not allowed here.
logs\main-assembled.xml:105612:3: error: <md> is not allowed here.
logs\main-assembled.xml:105616:3: error: <md> is not allowed here.
logs\main-assembled.xml:105620:3: error: <md> is not allowed here.
logs\main-assembled.xml:105624:3: error: <md> is not allowed here.
logs\main-assembled.xml:105628:3: error: <md> is not allowed here.
logs\main-assembled.xml:105634:3: error: <md> is not allowed here.
logs\main-assembled.xml:105641:3: error: <subsection> is not allowed here.
logs\main-assembled.xml:105646:3: error: <md> is not allowed here.
logs\main-assembled.xml:105650:3: error: <md> is not allowed here.
logs\main-assembled.xml:105654:3: error: <md> is not allowed here.
logs\main-assembled.xml:105658:3: error: <md> is not allowed here.
logs\main-assembled.xml:105664:3: error: <md> is not allowed here.
logs\main-assembled.xml:105668:3: error: <md> is not allowed here.
logs\main-assembled.xml:105672:3: error: <md> is not allowed here.
logs\main-assembled.xml:105676:3: error: <md> is not allowed here.
logs\main-assembled.xml:105684:3: error: <md> is not allowed here.
logs\main-assembled.xml:105693:3: error: <md> is not allowed here.
logs\main-assembled.xml:105697:3: error: <md> is not allowed here.
logs\main-assembled.xml:105703:3: error: <md> is not allowed here.
logs\main-assembled.xml:105711:3: error: <md> is not allowed here.
logs\main-assembled.xml:105718:3: error: <md> is not allowed here.
logs\main-assembled.xml:105731:3: error: <md> is not allowed here.
logs\main-assembled.xml:105735:3: error: <md> is not allowed here.
logs\main-assembled.xml:105739:3: error: <md> is not allowed here.
logs\main-assembled.xml:105747:3: error: <md> is not allowed here.
logs\main-assembled.xml:105753:3: error: <md> is not allowed here.
logs\main-assembled.xml:105760:3: error: <subsection> is not allowed here.
logs\main-assembled.xml:105765:3: error: <md> is not allowed here.
logs\main-assembled.xml:105769:3: error: <md> is not allowed here.
logs\main-assembled.xml:105775:3: error: <md> is not allowed here.
logs\main-assembled.xml:105786:3: error: <md> is not allowed here.
logs\main-assembled.xml:105790:3: error: <md> is not allowed here.
logs\main-assembled.xml:105796:3: error: <md> is not allowed here.
logs\main-assembled.xml:105802:3: error: <md> is not allowed here.
logs\main-assembled.xml:105808:3: error: <md> is not allowed here.
logs\main-assembled.xml:105814:3: error: <md> is not allowed here.
logs\main-assembled.xml:105822:3: error: <md> is not allowed here.
logs\main-assembled.xml:105826:3: error: <md> is not allowed here.
logs\main-assembled.xml:105840:3: error: <subsection> is not allowed here.
logs\main-assembled.xml:105847:3: error: <md> is not allowed here.
logs\main-assembled.xml:105851:3: error: <md> is not allowed here.
logs\main-assembled.xml:105857:3: error: <md> is not allowed here.
logs\main-assembled.xml:105861:3: error: <md> is not allowed here.
logs\main-assembled.xml:105867:3: error: <md> is not allowed here.
logs\main-assembled.xml:105871:3: error: <md> is not allowed here.
logs\main-assembled.xml:105877:3: error: <md> is not allowed here.
logs\main-assembled.xml:105884:3: error: <md> is not allowed here.
logs\main-assembled.xml:105890:3: error: <md> is not allowed here.
logs\main-assembled.xml:105901:3: error: <md> is not allowed here.
logs\main-assembled.xml:105907:3: error: <md> is not allowed here.
logs\main-assembled.xml:105911:3: error: <md> is not allowed here.
logs\main-assembled.xml:105920:3: error: <subsection> is not allowed here.
logs\main-assembled.xml:105926:3: error: <md> is not allowed here.
logs\main-assembled.xml:105932:3: error: <md> is not allowed here.
logs\main-assembled.xml:105938:3: error: <md> is not allowed here.
logs\main-assembled.xml:105949:3: error: <md> is not allowed here.
logs\main-assembled.xml:105955:3: error: <md> is not allowed here.
logs\main-assembled.xml:105961:3: error: <md> is not allowed here.
logs\main-assembled.xml:105967:3: error: <md> is not allowed here.
logs\main-assembled.xml:105973:3: error: <md> is not allowed here.
logs\main-assembled.xml:105991:3: error: <md> is not allowed here.
logs\main-assembled.xml:106002:3: error: <subsection> is not allowed here.
logs\main-assembled.xml:106009:3: error: <md> is not allowed here.
logs\main-assembled.xml:106017:9: error: <md> is not allowed here.
logs\main-assembled.xml:106021:9: error: <md> is not allowed here.
logs\main-assembled.xml:106034:3: error: <md> is not allowed here.
logs\main-assembled.xml:106038:3: error: <md> is not allowed here.
logs\main-assembled.xml:106042:3: error: <md> is not allowed here.
logs\main-assembled.xml:106047:3: error: <subsection> is not allowed here.
logs\main-assembled.xml:106053:5: error: <tabular> is not allowed here.
logs\main-assembled.xml:106055:15: error: <strong> is not allowed here.
logs\main-assembled.xml:106056:15: error: <strong> is not allowed here.
logs\main-assembled.xml:106057:15: error: <strong> is not allowed here.
logs\main-assembled.xml:106058:15: error: <strong> is not allowed here.
logs\main-assembled.xml:106079:9: error: <title> is not allowed here.
logs\main-assembled.xml:106119:3: error: <md> is not allowed here.
logs\main-assembled.xml:106123:3: error: <md> is not allowed here.
logs\main-assembled.xml:106127:3: error: <md> is not allowed here.
logs\main-assembled.xml:106131:3: error: <md> is not allowed here.
logs\main-assembled.xml:106135:3: error: <md> is not allowed here.
logs\main-assembled.xml:106146:3: error: <md> is not allowed here.
logs\main-assembled.xml:106150:3: error: <md> is not allowed here.
logs\main-assembled.xml:106154:3: error: <md> is not allowed here.
logs\main-assembled.xml:106158:3: error: <md> is not allowed here.
logs\main-assembled.xml:106162:3: error: <md> is not allowed here.
logs\main-assembled.xml:106166:3: error: <warning> is not allowed here.
logs\main-assembled.xml:106169:9: error: <md> is not allowed here.
logs\main-assembled.xml:106171:9: error: <md> is not allowed here.
logs\main-assembled.xml:106173:9: error: <md> is not allowed here.
logs\main-assembled.xml:106180:3: error: <subsection> is not allowed here.
logs\main-assembled.xml:106187:3: error: <md> is not allowed here.
logs\main-assembled.xml:106193:3: error: <md> is not allowed here.
logs\main-assembled.xml:106195:3: error: <md> is not allowed here.
logs\main-assembled.xml:106201:3: error: <md> is not allowed here.
logs\main-assembled.xml:106212:3: error: <md> is not allowed here.
logs\main-assembled.xml:106217:3: error: <md> is not allowed here.
logs\main-assembled.xml:106221:3: error: <md> is not allowed here.
logs\main-assembled.xml:106225:3: error: <md> is not allowed here.
logs\main-assembled.xml:106229:3: error: <md> is not allowed here.
logs\main-assembled.xml:106233:3: error: <md> is not allowed here.
logs\main-assembled.xml:106237:3: error: <md> is not allowed here.
logs\main-assembled.xml:106241:3: error: <md> is not allowed here.
logs\main-assembled.xml:106245:3: error: <md> is not allowed here.
logs\main-assembled.xml:106249:3: error: <md> is not allowed here.
logs\main-assembled.xml:106262:3: error: <md> is not allowed here.
logs\main-assembled.xml:106266:3: error: <md> is not allowed here.
logs\main-assembled.xml:106270:3: error: <md> is not allowed here.
logs\main-assembled.xml:106274:3: error: <md> is not allowed here.
logs\main-assembled.xml:106278:3: error: <md> is not allowed here.
logs\main-assembled.xml:106284:3: error: <md> is not allowed here.
logs\main-assembled.xml:106288:3: error: <md> is not allowed here.
logs\main-assembled.xml:106307:3: error: <md> is not allowed here.
logs\main-assembled.xml:106311:3: error: <md> is not allowed here.
logs\main-assembled.xml:106313:3: error: <subsection> is not allowed here.
logs\main-assembled.xml:106318:3: error: <md> is not allowed here.
logs\main-assembled.xml:106322:3: error: <md> is not allowed here.
logs\main-assembled.xml:106326:3: error: <md> is not allowed here.
logs\main-assembled.xml:106332:3: error: <md> is not allowed here.
logs\main-assembled.xml:106341:3: error: <md> is not allowed here.
logs\main-assembled.xml:106348:3: error: <md> is not allowed here.
logs\main-assembled.xml:106352:3: error: <md> is not allowed here.
logs\main-assembled.xml:106356:3: error: <md> is not allowed here.
logs\main-assembled.xml:106360:3: error: <md> is not allowed here.
logs\main-assembled.xml:106366:3: error: <md> is not allowed here.
logs\main-assembled.xml:106380:3: error: <md> is not allowed here.
logs\main-assembled.xml:106386:3: error: <md> is not allowed here.
logs\main-assembled.xml:106390:3: error: <md> is not allowed here.
logs\main-assembled.xml:106398:3: error: <subsection> is not allowed here.
logs\main-assembled.xml:106409:3: error: <md> is not allowed here.
logs\main-assembled.xml:106413:3: error: <md> is not allowed here.
logs\main-assembled.xml:106417:3: error: <md> is not allowed here.
logs\main-assembled.xml:106421:3: error: <md> is not allowed here.
logs\main-assembled.xml:106425:3: error: <md> is not allowed here.
logs\main-assembled.xml:106429:3: error: <md> is not allowed here.
logs\main-assembled.xml:106433:3: error: <md> is not allowed here.
logs\main-assembled.xml:106437:3: error: <md> is not allowed here.
logs\main-assembled.xml:106441:3: error: <md> is not allowed here.
logs\main-assembled.xml:106454:3: error: <md> is not allowed here.
logs\main-assembled.xml:106458:3: error: <md> is not allowed here.
logs\main-assembled.xml:106465:3: error: <md> is not allowed here.
logs\main-assembled.xml:106472:3: error: <md> is not allowed here.
logs\main-assembled.xml:106476:3: error: <md> is not allowed here.
logs\main-assembled.xml:106483:3: error: <subsection> is not allowed here.
logs\main-assembled.xml:106497:3: error: <md> is not allowed here.
logs\main-assembled.xml:106501:3: error: <md> is not allowed here.
logs\main-assembled.xml:106505:3: error: <md> is not allowed here.
logs\main-assembled.xml:106509:3: error: <md> is not allowed here.
logs\main-assembled.xml:106513:3: error: <md> is not allowed here.
logs\main-assembled.xml:106517:3: error: <md> is not allowed here.
logs\main-assembled.xml:106521:3: error: <md> is not allowed here.
logs\main-assembled.xml:106525:3: error: <md> is not allowed here.
logs\main-assembled.xml:106529:3: error: <md> is not allowed here.
logs\main-assembled.xml:106533:3: error: <md> is not allowed here.
logs\main-assembled.xml:106537:3: error: <md> is not allowed here.
logs\main-assembled.xml:106550:3: error: <md> is not allowed here.
logs\main-assembled.xml:106554:3: error: <md> is not allowed here.
logs\main-assembled.xml:106558:3: error: <md> is not allowed here.
logs\main-assembled.xml:106563:3: error: <md> is not allowed here.
logs\main-assembled.xml:106567:3: error: <md> is not allowed here.
logs\main-assembled.xml:106571:3: error: <md> is not allowed here.
logs\main-assembled.xml:106577:3: error: <md> is not allowed here.
logs\main-assembled.xml:106581:3: error: <md> is not allowed here.
logs\main-assembled.xml:106585:3: error: <md> is not allowed here.
logs\main-assembled.xml:106589:3: error: <md> is not allowed here.
logs\main-assembled.xml:106605:5: error: <ol> is not allowed here.
logs\main-assembled.xml:106619:11: error: <md> is not allowed here.
logs\main-assembled.xml:106624:11: error: <md> is not allowed here.
logs\main-assembled.xml:106628:11: error: <md> is not allowed here.
logs\main-assembled.xml:106631:14: error: Missing required content. Expected one of: <p>, <blockquote>, <pre>, <image>, <video>, <audio>, <program>, <console>, <tabular>, <figure>, <table>, <listing>, … (51 more).
logs\main-assembled.xml:106636:5: error: <ol> is not allowed here.
logs\main-assembled.xml:106639:11: error: <md> is not allowed here.
logs\main-assembled.xml:106644:11: error: <md> is not allowed here.
logs\main-assembled.xml:106648:11: error: <md> is not allowed here.
logs\main-assembled.xml:106653:11: error: <md> is not allowed here.
logs\main-assembled.xml:106657:11: error: <md> is not allowed here.
logs\main-assembled.xml:106661:11: error: <md> is not allowed here.
logs\main-assembled.xml:106664:14: error: Missing required content. Expected one of: <p>, <blockquote>, <pre>, <image>, <video>, <audio>, <program>, <console>, <tabular>, <figure>, <table>, <listing>, … (51 more).
logs\main-assembled.xml:106669:5: error: <ol> is not allowed here.
logs\main-assembled.xml:106672:11: error: <md> is not allowed here.
logs\main-assembled.xml:106676:11: error: <md> is not allowed here.
logs\main-assembled.xml:106680:11: error: <md> is not allowed here.
logs\main-assembled.xml:106684:11: error: <md> is not allowed here.
logs\main-assembled.xml:106688:11: error: <md> is not allowed here.
logs\main-assembled.xml:106692:11: error: <md> is not allowed here.
logs\main-assembled.xml:106695:14: error: Missing required content. Expected one of: <p>, <blockquote>, <pre>, <image>, <video>, <audio>, <program>, <console>, <tabular>, <figure>, <table>, <listing>, … (51 more).
logs\main-assembled.xml:106700:5: error: <ol> is not allowed here.
logs\main-assembled.xml:106703:11: error: <md> is not allowed here.
logs\main-assembled.xml:106707:11: error: <md> is not allowed here.
logs\main-assembled.xml:106711:11: error: <md> is not allowed here.
logs\main-assembled.xml:106715:11: error: <md> is not allowed here.
logs\main-assembled.xml:106720:11: error: <md> is not allowed here.
logs\main-assembled.xml:106724:11: error: <md> is not allowed here.
logs\main-assembled.xml:106727:14: error: Missing required content. Expected one of: <p>, <blockquote>, <pre>, <image>, <video>, <audio>, <program>, <console>, <tabular>, <figure>, <table>, <listing>, … (51 more).
logs\main-assembled.xml:106732:5: error: <ol> is not allowed here.
logs\main-assembled.xml:106735:11: error: <md> is not allowed here.
logs\main-assembled.xml:106739:11: error: <md> is not allowed here.
logs\main-assembled.xml:106743:11: error: <md> is not allowed here.
logs\main-assembled.xml:106747:11: error: <md> is not allowed here.
logs\main-assembled.xml:106751:11: error: <md> is not allowed here.
logs\main-assembled.xml:106755:11: error: <md> is not allowed here.
logs\main-assembled.xml:106759:11: error: <md> is not allowed here.
logs\main-assembled.xml:106762:14: error: Missing required content. Expected one of: <p>, <blockquote>, <pre>, <image>, <video>, <audio>, <program>, <console>, <tabular>, <figure>, <table>, <listing>, … (51 more).
logs\main-assembled.xml:106768:14: error: Missing required content. Expected one of: <p>, <blockquote>, <pre>, <image>, <video>, <audio>, <program>, <console>, <tabular>, <figure>, <table>, <listing>, … (51 more).
logs\main-assembled.xml:106773:5: error: <ol> is not allowed here.
logs\main-assembled.xml:106793:11: error: <md> is not allowed here.
logs\main-assembled.xml:106802:11: error: <md> is not allowed here.
logs\main-assembled.xml:106809:14: error: Missing required content. Expected one of: <p>, <blockquote>, <pre>, <image>, <video>, <audio>, <program>, <console>, <tabular>, <figure>, <table>, <listing>, … (51 more).
logs\main-assembled.xml:106814:5: error: <ol> is not allowed here.
logs\main-assembled.xml:106817:11: error: <md> is not allowed here.
logs\main-assembled.xml:106819:11: error: <md> is not allowed here.
logs\main-assembled.xml:106821:11: error: <md> is not allowed here.
logs\main-assembled.xml:106823:11: error: <md> is not allowed here.
logs\main-assembled.xml:106850:14: error: Missing required content. Expected one of: <p>, <blockquote>, <pre>, <image>, <video>, <audio>, <program>, <console>, <tabular>, <figure>, <table>, <listing>, … (51 more).
logs\main-assembled.xml:106855:5: error: <ol> is not allowed here.
logs\main-assembled.xml:106874:9: error: <p> is not allowed here.
logs\main-assembled.xml:106880:9: error: <p> is not allowed here.
logs\main-assembled.xml:106903:14: error: Missing required content. Expected one of: <p>, <blockquote>, <pre>, <image>, <video>, <audio>, <program>, <console>, <tabular>, <figure>, <table>, <listing>, … (51 more).
logs\main-assembled.xml:106908:5: error: <ol> is not allowed here.
logs\main-assembled.xml:106920:11: error: <md> is not allowed here.
logs\main-assembled.xml:106923:11: error: <md> is not allowed here.
logs\main-assembled.xml:106927:11: error: <md> is not allowed here.
logs\main-assembled.xml:106929:11: error: <md> is not allowed here.
logs\main-assembled.xml:106933:11: error: <md> is not allowed here.
logs\main-assembled.xml:106936:11: error: <md> is not allowed here.
logs\main-assembled.xml:106938:11: error: <md> is not allowed here.
logs\main-assembled.xml:106945:14: error: Missing required content. Expected one of: <p>, <blockquote>, <pre>, <image>, <video>, <audio>, <program>, <console>, <tabular>, <figure>, <table>, <listing>, … (51 more).
logs\main-assembled.xml:106950:5: error: <ol> is not allowed here.
logs\main-assembled.xml:106953:9: error: <p> is not allowed here.
logs\main-assembled.xml:106960:9: error: <p> is not allowed here.
logs\main-assembled.xml:106967:9: error: <p> is not allowed here.
logs\main-assembled.xml:106974:9: error: <p> is not allowed here.
logs\main-assembled.xml:106976:9: error: <p> is not allowed here.
logs\main-assembled.xml:106980:9: error: <p> is not allowed here.
logs\main-assembled.xml:106987:11: error: <md> is not allowed here.
logs\main-assembled.xml:106989:11: error: <md> is not allowed here.
logs\main-assembled.xml:106991:11: error: <md> is not allowed here.
logs\main-assembled.xml:106997:9: error: <p> is not allowed here.
logs\main-assembled.xml:106999:9: error: <p> is not allowed here.
logs\main-assembled.xml:107009:9: error: <p> is not allowed here.
logs\main-assembled.xml:107011:9: error: <p> is not allowed here.
logs\main-assembled.xml:107018:14: error: Missing required content. Expected one of: <p>, <blockquote>, <pre>, <image>, <video>, <audio>, <program>, <console>, <tabular>, <figure>, <table>, <listing>, … (51 more).
logs\main-assembled.xml:107030:3: error: <md> is not allowed here.
logs\main-assembled.xml:107053:3: error: <subsection> is not allowed here.
logs\main-assembled.xml:107061:3: error: <md> is not allowed here.
logs\main-assembled.xml:107071:3: error: <md> is not allowed here.
logs\main-assembled.xml:107075:3: error: <md> is not allowed here.
logs\main-assembled.xml:107082:3: error: <note> is not allowed here.
logs\main-assembled.xml:107096:3: error: <md> is not allowed here.
logs\main-assembled.xml:107100:3: error: <md> is not allowed here.
logs\main-assembled.xml:107104:3: error: <md> is not allowed here.
logs\main-assembled.xml:107115:3: error: <md> is not allowed here.
logs\main-assembled.xml:107119:3: error: <md> is not allowed here.
logs\main-assembled.xml:107123:3: error: <md> is not allowed here.
logs\main-assembled.xml:107128:5: error: <tabular> is not allowed here.
logs\main-assembled.xml:107130:15: error: <strong> is not allowed here.
logs\main-assembled.xml:107131:15: error: <strong> is not allowed here.
logs\main-assembled.xml:107132:15: error: <strong> is not allowed here.
logs\main-assembled.xml:107155:9: error: <title> is not allowed here.
logs\main-assembled.xml:107163:3: error: <subsection> is not allowed here.
logs\main-assembled.xml:107177:3: error: <md> is not allowed here.
logs\main-assembled.xml:107181:3: error: <md> is not allowed here.
logs\main-assembled.xml:107188:3: error: <md> is not allowed here.
logs\main-assembled.xml:107192:3: error: <md> is not allowed here.
logs\main-assembled.xml:107219:3: error: <md> is not allowed here.
logs\main-assembled.xml:107224:3: error: <subsection> is not allowed here.
logs\main-assembled.xml:107231:3: error: <md> is not allowed here.
logs\main-assembled.xml:107235:3: error: <md> is not allowed here.
logs\main-assembled.xml:107245:9: error: <md> is not allowed here.
logs\main-assembled.xml:107247:9: error: <md> is not allowed here.
logs\main-assembled.xml:107255:3: error: <md> is not allowed here.
logs\main-assembled.xml:107261:3: error: <md> is not allowed here.
logs\main-assembled.xml:107267:3: error: <md> is not allowed here.
logs\main-assembled.xml:107273:3: error: <md> is not allowed here.
logs\main-assembled.xml:107277:3: error: <md> is not allowed here.
logs\main-assembled.xml:107291:3: error: <md> is not allowed here.
logs\main-assembled.xml:107295:3: error: <md> is not allowed here.
logs\main-assembled.xml:107300:3: error: <md> is not allowed here.
logs\main-assembled.xml:107304:3: error: <md> is not allowed here.
logs\main-assembled.xml:107308:3: error: <md> is not allowed here.
logs\main-assembled.xml:107312:3: error: <md> is not allowed here.
logs\main-assembled.xml:107316:3: error: <md> is not allowed here.
logs\main-assembled.xml:107323:3: error: <subsection> is not allowed here.
logs\main-assembled.xml:107330:3: error: <md> is not allowed here.
logs\main-assembled.xml:107338:3: error: <md> is not allowed here.
logs\main-assembled.xml:107345:3: error: <md> is not allowed here.
logs\main-assembled.xml:107349:3: error: <md> is not allowed here.
logs\main-assembled.xml:107355:3: error: <md> is not allowed here.
logs\main-assembled.xml:107359:3: error: <md> is not allowed here.
logs\main-assembled.xml:107368:3: error: <md> is not allowed here.
logs\main-assembled.xml:107372:3: error: <md> is not allowed here.
logs\main-assembled.xml:107390:3: error: <subsection> is not allowed here.
logs\main-assembled.xml:107395:3: error: <md> is not allowed here.
logs\main-assembled.xml:107399:3: error: <md> is not allowed here.
logs\main-assembled.xml:107403:3: error: <md> is not allowed here.
logs\main-assembled.xml:107412:3: error: <md> is not allowed here.
logs\main-assembled.xml:107416:3: error: <md> is not allowed here.
logs\main-assembled.xml:107427:3: error: <md> is not allowed here.
logs\main-assembled.xml:107431:3: error: <md> is not allowed here.
logs\main-assembled.xml:107478:3: error: <subsection> is not allowed here.
logs\main-assembled.xml:107492:3: error: <md> is not allowed here.
logs\main-assembled.xml:107503:3: error: <md> is not allowed here.
logs\main-assembled.xml:107509:3: error: <md> is not allowed here.
logs\main-assembled.xml:107514:3: error: <md> is not allowed here.
logs\main-assembled.xml:107518:3: error: <md> is not allowed here.
logs\main-assembled.xml:107523:3: error: <md> is not allowed here.
logs\main-assembled.xml:107527:3: error: <md> is not allowed here.
logs\main-assembled.xml:107532:3: error: <md> is not allowed here.
logs\main-assembled.xml:107536:3: error: <md> is not allowed here.
logs\main-assembled.xml:107540:3: error: <md> is not allowed here.
logs\main-assembled.xml:107544:3: error: <md> is not allowed here.
logs\main-assembled.xml:107552:3: error: <md> is not allowed here.
logs\main-assembled.xml:107557:3: error: <md> is not allowed here.
logs\main-assembled.xml:107561:3: error: <md> is not allowed here.
logs\main-assembled.xml:107565:3: error: <subsection> is not allowed here.
logs\main-assembled.xml:107575:3: error: <md> is not allowed here.
logs\main-assembled.xml:107579:3: error: <md> is not allowed here.
logs\main-assembled.xml:107589:3: error: <md> is not allowed here.
logs\main-assembled.xml:107593:3: error: <md> is not allowed here.
logs\main-assembled.xml:107597:3: error: <md> is not allowed here.
logs\main-assembled.xml:107611:3: error: <subsection> is not allowed here.
logs\main-assembled.xml:107618:3: error: <md> is not allowed here.
logs\main-assembled.xml:107622:3: error: <md> is not allowed here.
logs\main-assembled.xml:107626:3: error: <md> is not allowed here.
logs\main-assembled.xml:107630:3: error: <md> is not allowed here.
logs\main-assembled.xml:107634:3: error: <md> is not allowed here.
logs\main-assembled.xml:107641:9: error: <md> is not allowed here.
logs\main-assembled.xml:107643:9: error: <md> is not allowed here.
logs\main-assembled.xml:107655:3: error: <md> is not allowed here.
logs\main-assembled.xml:107661:3: error: <md> is not allowed here.
logs\main-assembled.xml:107665:3: error: <md> is not allowed here.
logs\main-assembled.xml:107669:3: error: <md> is not allowed here.
logs\main-assembled.xml:107706:3: error: <subsection> is not allowed here.
logs\main-assembled.xml:107713:9: error: <md> is not allowed here.
logs\main-assembled.xml:107717:9: error: <md> is not allowed here.
logs\main-assembled.xml:107756:3: error: <subsection> is not allowed here.
logs\main-assembled.xml:107761:3: error: <md> is not allowed here.
logs\main-assembled.xml:107767:3: error: <md> is not allowed here.
logs\main-assembled.xml:107773:3: error: <md> is not allowed here.
logs\main-assembled.xml:107779:3: error: <md> is not allowed here.
logs\main-assembled.xml:107785:3: error: <md> is not allowed here.
logs\main-assembled.xml:107791:3: error: <md> is not allowed here.
logs\main-assembled.xml:107795:3: error: <md> is not allowed here.
logs\main-assembled.xml:107799:3: error: <md> is not allowed here.
logs\main-assembled.xml:107805:3: error: <md> is not allowed here.
logs\main-assembled.xml:107809:3: error: <md> is not allowed here.
logs\main-assembled.xml:107813:3: error: <md> is not allowed here.
logs\main-assembled.xml:107821:3: error: <md> is not allowed here.
logs\main-assembled.xml:107825:3: error: <md> is not allowed here.
logs\main-assembled.xml:107833:3: error: <md> is not allowed here.
logs\main-assembled.xml:107837:3: error: <md> is not allowed here.
logs\main-assembled.xml:107841:3: error: <md> is not allowed here.
logs\main-assembled.xml:107847:3: error: <md> is not allowed here.
logs\main-assembled.xml:107853:3: error: <md> is not allowed here.
logs\main-assembled.xml:107857:3: error: <md> is not allowed here.
logs\main-assembled.xml:107861:3: error: <md> is not allowed here.
logs\main-assembled.xml:107865:3: error: <md> is not allowed here.
logs\main-assembled.xml:107869:3: error: <md> is not allowed here.
logs\main-assembled.xml:107880:3: error: <subsection> is not allowed here.
logs\main-assembled.xml:107885:3: error: <md> is not allowed here.
logs\main-assembled.xml:107892:3: error: <md> is not allowed here.
logs\main-assembled.xml:107901:3: error: <md> is not allowed here.
logs\main-assembled.xml:107907:3: error: <md> is not allowed here.
logs\main-assembled.xml:107911:3: error: <md> is not allowed here.
logs\main-assembled.xml:107916:5: error: <tabular> is not allowed here.
logs\main-assembled.xml:107918:15: error: <strong> is not allowed here.
logs\main-assembled.xml:107923:15: error: <strong> is not allowed here.
logs\main-assembled.xml:107958:9: error: <title> is not allowed here.
logs\main-assembled.xml:107962:3: error: <md> is not allowed here.
logs\main-assembled.xml:107966:3: error: <md> is not allowed here.
logs\main-assembled.xml:107970:3: error: <md> is not allowed here.
logs\main-assembled.xml:107974:3: error: <md> is not allowed here.
logs\main-assembled.xml:107981:3: error: <subsection> is not allowed here.
logs\main-assembled.xml:107988:3: error: <md> is not allowed here.
logs\main-assembled.xml:107998:3: error: <md> is not allowed here.
logs\main-assembled.xml:108004:3: error: <md> is not allowed here.
logs\main-assembled.xml:108050:3: error: <md> is not allowed here.
logs\main-assembled.xml:108058:3: error: <subsection> is not allowed here.
logs\main-assembled.xml:108067:9: error: <md> is not allowed here.
logs\main-assembled.xml:108074:3: error: <md> is not allowed here.
logs\main-assembled.xml:108078:3: error: <md> is not allowed here.
logs\main-assembled.xml:108081:3: error: <subsection> is not allowed here.
logs\main-assembled.xml:108097:3: error: <md> is not allowed here.
logs\main-assembled.xml:108105:3: error: <md> is not allowed here.
logs\main-assembled.xml:108111:3: error: <md> is not allowed here.
logs\main-assembled.xml:108117:3: error: <md> is not allowed here.
logs\main-assembled.xml:108127:3: error: <subsection> is not allowed here.
logs\main-assembled.xml:108132:3: error: <md> is not allowed here.
logs\main-assembled.xml:108137:3: error: <md> is not allowed here.
logs\main-assembled.xml:108143:3: error: <md> is not allowed here.
logs\main-assembled.xml:108152:3: error: <md> is not allowed here.
logs\main-assembled.xml:108162:3: error: <md> is not allowed here.
logs\main-assembled.xml:108171:3: error: <md> is not allowed here.
logs\main-assembled.xml:108175:3: error: <md> is not allowed here.
logs\main-assembled.xml:108179:3: error: <md> is not allowed here.
logs\main-assembled.xml:108185:3: error: <md> is not allowed here.
logs\main-assembled.xml:108198:3: error: <md> is not allowed here.
logs\main-assembled.xml:108204:3: error: <md> is not allowed here.
logs\main-assembled.xml:108238:3: error: <subsection> is not allowed here.
logs\main-assembled.xml:108248:3: error: <md> is not allowed here.
logs\main-assembled.xml:108252:3: error: <md> is not allowed here.
logs\main-assembled.xml:108267:3: error: <md> is not allowed here.
logs\main-assembled.xml:108271:3: error: <md> is not allowed here.
logs\main-assembled.xml:108282:3: error: <md> is not allowed here.
logs\main-assembled.xml:108309:3: error: <md> is not allowed here.
logs\main-assembled.xml:108313:3: error: <md> is not allowed here.
logs\main-assembled.xml:108318:3: error: <subsection> is not allowed here.
logs\main-assembled.xml:108324:3: error: <md> is not allowed here.
logs\main-assembled.xml:108336:9: error: <md> is not allowed here.
logs\main-assembled.xml:108338:9: error: <md> is not allowed here.
logs\main-assembled.xml:108350:5: error: <tabular> is not allowed here.
logs\main-assembled.xml:108352:15: error: <strong> is not allowed here.
logs\main-assembled.xml:108353:15: error: <strong> is not allowed here.
logs\main-assembled.xml:108368:9: error: <title> is not allowed here.
logs\main-assembled.xml:108371:3: error: <subsection> is not allowed here.
logs\main-assembled.xml:108376:3: error: <md> is not allowed here.
logs\main-assembled.xml:108380:3: error: <md> is not allowed here.
logs\main-assembled.xml:108384:3: error: <md> is not allowed here.
logs\main-assembled.xml:108390:3: error: <md> is not allowed here.
logs\main-assembled.xml:108394:3: error: <md> is not allowed here.
logs\main-assembled.xml:108398:3: error: <md> is not allowed here.
logs\main-assembled.xml:108402:3: error: <md> is not allowed here.
logs\main-assembled.xml:108406:3: error: <md> is not allowed here.
logs\main-assembled.xml:108412:3: error: <md> is not allowed here.
logs\main-assembled.xml:108415:3: error: <subsection> is not allowed here.
logs\main-assembled.xml:108420:3: error: <md> is not allowed here.
logs\main-assembled.xml:108424:3: error: <md> is not allowed here.
logs\main-assembled.xml:108430:3: error: <md> is not allowed here.
logs\main-assembled.xml:108436:3: error: <md> is not allowed here.
logs\main-assembled.xml:108446:3: error: <md> is not allowed here.
logs\main-assembled.xml:108456:3: error: <md> is not allowed here.
logs\main-assembled.xml:108458:3: error: <md> is not allowed here.
logs\main-assembled.xml:108492:3: error: <subsection> is not allowed here.
logs\main-assembled.xml:108509:3: error: <subsection> is not allowed here.
logs\main-assembled.xml:108541:3: error: <subsection> is not allowed here.
logs\main-assembled.xml:108548:3: error: <md> is not allowed here.
logs\main-assembled.xml:108552:3: error: <md> is not allowed here.
logs\main-assembled.xml:108558:3: error: <md> is not allowed here.
logs\main-assembled.xml:108564:3: error: <md> is not allowed here.
logs\main-assembled.xml:108568:3: error: <md> is not allowed here.
logs\main-assembled.xml:108575:3: error: <md> is not allowed here.
logs\main-assembled.xml:108580:3: error: <md> is not allowed here.
logs\main-assembled.xml:108584:3: error: <md> is not allowed here.
logs\main-assembled.xml:108588:3: error: <md> is not allowed here.
logs\main-assembled.xml:108600:3: error: <md> is not allowed here.
logs\main-assembled.xml:108604:3: error: <md> is not allowed here.
logs\main-assembled.xml:108608:3: error: <md> is not allowed here.
logs\main-assembled.xml:108633:5: error: <ol> is not allowed here.
logs\main-assembled.xml:108637:11: error: <md> is not allowed here.
logs\main-assembled.xml:108638:11: error: <md> is not allowed here.
logs\main-assembled.xml:108639:11: error: <md> is not allowed here.
logs\main-assembled.xml:108640:11: error: <md> is not allowed here.
logs\main-assembled.xml:108645:11: error: <md> is not allowed here.
logs\main-assembled.xml:108649:11: error: <md> is not allowed here.
logs\main-assembled.xml:108652:14: error: Missing required content. Expected one of: <p>, <blockquote>, <pre>, <image>, <video>, <audio>, <program>, <console>, <tabular>, <figure>, <table>, <listing>, … (51 more).
logs\main-assembled.xml:108657:5: error: <ol> is not allowed here.
logs\main-assembled.xml:108660:11: error: <md> is not allowed here.
logs\main-assembled.xml:108672:11: error: <md> is not allowed here.
logs\main-assembled.xml:108674:11: error: <md> is not allowed here.
logs\main-assembled.xml:108678:14: error: Missing required content. Expected one of: <p>, <blockquote>, <pre>, <image>, <video>, <audio>, <program>, <console>, <tabular>, <figure>, <table>, <listing>, … (51 more).
logs\main-assembled.xml:108683:5: error: <ol> is not allowed here.
logs\main-assembled.xml:108686:11: error: <md> is not allowed here.
logs\main-assembled.xml:108702:11: error: <md> is not allowed here.
logs\main-assembled.xml:108707:11: error: <md> is not allowed here.
logs\main-assembled.xml:108713:14: error: Missing required content. Expected one of: <p>, <blockquote>, <pre>, <image>, <video>, <audio>, <program>, <console>, <tabular>, <figure>, <table>, <listing>, … (51 more).
logs\main-assembled.xml:108718:5: error: <ol> is not allowed here.
logs\main-assembled.xml:108721:11: error: <md> is not allowed here.
logs\main-assembled.xml:108727:11: error: <md> is not allowed here.
logs\main-assembled.xml:108732:11: error: <md> is not allowed here.
logs\main-assembled.xml:108743:11: error: <md> is not allowed here.
logs\main-assembled.xml:108745:11: error: <md> is not allowed here.
logs\main-assembled.xml:108749:14: error: Missing required content. Expected one of: <p>, <blockquote>, <pre>, <image>, <video>, <audio>, <program>, <console>, <tabular>, <figure>, <table>, <listing>, … (51 more).
logs\main-assembled.xml:108754:5: error: <ol> is not allowed here.
logs\main-assembled.xml:108757:11: error: <md> is not allowed here.
logs\main-assembled.xml:108762:11: error: <md> is not allowed here.
logs\main-assembled.xml:108764:11: error: <md> is not allowed here.
logs\main-assembled.xml:108770:11: error: <md> is not allowed here.
logs\main-assembled.xml:108772:11: error: <md> is not allowed here.
logs\main-assembled.xml:108781:14: error: Missing required content. Expected one of: <p>, <blockquote>, <pre>, <image>, <video>, <audio>, <program>, <console>, <tabular>, <figure>, <table>, <listing>, … (51 more).
logs\main-assembled.xml:108787:14: error: Missing required content. Expected one of: <p>, <blockquote>, <pre>, <image>, <video>, <audio>, <program>, <console>, <tabular>, <figure>, <table>, <listing>, … (51 more).
logs\main-assembled.xml:108792:5: error: <ol> is not allowed here.
logs\main-assembled.xml:108795:11: error: <md> is not allowed here.
logs\main-assembled.xml:108797:11: error: <md> is not allowed here.
logs\main-assembled.xml:108802:11: error: <md> is not allowed here.
logs\main-assembled.xml:108804:11: error: <md> is not allowed here.
logs\main-assembled.xml:108809:11: error: <md> is not allowed here.
logs\main-assembled.xml:108811:11: error: <md> is not allowed here.
logs\main-assembled.xml:108813:11: error: <md> is not allowed here.
logs\main-assembled.xml:108818:11: error: <md> is not allowed here.
logs\main-assembled.xml:108820:11: error: <md> is not allowed here.
logs\main-assembled.xml:108828:11: error: <md> is not allowed here.
logs\main-assembled.xml:108830:11: error: <md> is not allowed here.
logs\main-assembled.xml:108833:11: error: <md> is not allowed here.
logs\main-assembled.xml:108835:11: error: <md> is not allowed here.
logs\main-assembled.xml:108839:11: error: <md> is not allowed here.
logs\main-assembled.xml:108843:11: error: <md> is not allowed here.
logs\main-assembled.xml:108846:14: error: Missing required content. Expected one of: <p>, <blockquote>, <pre>, <image>, <video>, <audio>, <program>, <console>, <tabular>, <figure>, <table>, <listing>, … (51 more).
logs\main-assembled.xml:108851:5: error: <ol> is not allowed here.
logs\main-assembled.xml:108854:11: error: <md> is not allowed here.
logs\main-assembled.xml:108856:11: error: <md> is not allowed here.
logs\main-assembled.xml:108865:11: error: <md> is not allowed here.
logs\main-assembled.xml:108868:11: error: <md> is not allowed here.
logs\main-assembled.xml:108874:11: error: <md> is not allowed here.
logs\main-assembled.xml:108879:11: error: <md> is not allowed here.
logs\main-assembled.xml:108885:11: error: <md> is not allowed here.
logs\main-assembled.xml:108890:14: error: Missing required content. Expected one of: <p>, <blockquote>, <pre>, <image>, <video>, <audio>, <program>, <console>, <tabular>, <figure>, <table>, <listing>, … (51 more).
logs\main-assembled.xml:108895:5: error: <ol> is not allowed here.
logs\main-assembled.xml:108898:11: error: <md> is not allowed here.
logs\main-assembled.xml:108900:11: error: <md> is not allowed here.
logs\main-assembled.xml:108902:11: error: <md> is not allowed here.
logs\main-assembled.xml:108905:11: error: <md> is not allowed here.
logs\main-assembled.xml:108909:11: error: <md> is not allowed here.
logs\main-assembled.xml:108911:11: error: <md> is not allowed here.
logs\main-assembled.xml:108917:11: error: <md> is not allowed here.
logs\main-assembled.xml:108923:11: error: <md> is not allowed here.
logs\main-assembled.xml:108929:11: error: <md> is not allowed here.
logs\main-assembled.xml:108931:11: error: <md> is not allowed here.
logs\main-assembled.xml:108933:11: error: <md> is not allowed here.
logs\main-assembled.xml:108937:11: error: <md> is not allowed here.
logs\main-assembled.xml:108939:11: error: <md> is not allowed here.
logs\main-assembled.xml:108944:11: error: <md> is not allowed here.
logs\main-assembled.xml:108952:11: error: <md> is not allowed here.
logs\main-assembled.xml:108958:14: error: Missing required content. Expected one of: <p>, <blockquote>, <pre>, <image>, <video>, <audio>, <program>, <console>, <tabular>, <figure>, <table>, <listing>, … (51 more).
logs\main-assembled.xml:108963:5: error: <ol> is not allowed here.
logs\main-assembled.xml:108966:11: error: <md> is not allowed here.
logs\main-assembled.xml:108972:11: error: <md> is not allowed here.
logs\main-assembled.xml:108977:11: error: <md> is not allowed here.
logs\main-assembled.xml:108984:11: error: <md> is not allowed here.
logs\main-assembled.xml:108988:11: error: <md> is not allowed here.
logs\main-assembled.xml:108991:14: error: Missing required content. Expected one of: <p>, <blockquote>, <pre>, <image>, <video>, <audio>, <program>, <console>, <tabular>, <figure>, <table>, <listing>, … (51 more).
logs\main-assembled.xml:108996:5: error: <ol> is not allowed here.
logs\main-assembled.xml:108999:11: error: <md> is not allowed here.
logs\main-assembled.xml:109003:11: error: <md> is not allowed here.
logs\main-assembled.xml:109005:11: error: <md> is not allowed here.
logs\main-assembled.xml:109007:11: error: <md> is not allowed here.
logs\main-assembled.xml:109009:11: error: <md> is not allowed here.
logs\main-assembled.xml:109011:11: error: <md> is not allowed here.
logs\main-assembled.xml:109013:11: error: <md> is not allowed here.
logs\main-assembled.xml:109018:11: error: <md> is not allowed here.
logs\main-assembled.xml:109022:11: error: <md> is not allowed here.
logs\main-assembled.xml:109024:11: error: <md> is not allowed here.
logs\main-assembled.xml:109034:11: error: <md> is not allowed here.
logs\main-assembled.xml:109038:11: error: <md> is not allowed here.
logs\main-assembled.xml:109043:11: error: <md> is not allowed here.
logs\main-assembled.xml:109058:14: error: Missing required content. Expected one of: <p>, <blockquote>, <pre>, <image>, <video>, <audio>, <program>, <console>, <tabular>, <figure>, <table>, <listing>, … (51 more).
logs\main-assembled.xml:109073:3: error: <md> is not allowed here.
logs\main-assembled.xml:109086:3: error: <md> is not allowed here.
logs\main-assembled.xml:109102:3: error: <md> is not allowed here.
logs\main-assembled.xml:109109:3: error: <subsection> is not allowed here.
logs\main-assembled.xml:109114:3: error: <md> is not allowed here.
logs\main-assembled.xml:109118:3: error: <md> is not allowed here.
logs\main-assembled.xml:109124:3: error: <md> is not allowed here.
logs\main-assembled.xml:109193:3: error: <subsection> is not allowed here.
logs\main-assembled.xml:109200:3: error: <md> is not allowed here.
logs\main-assembled.xml:109204:3: error: <md> is not allowed here.
logs\main-assembled.xml:109208:3: error: <md> is not allowed here.
logs\main-assembled.xml:109212:3: error: <md> is not allowed here.
logs\main-assembled.xml:109216:3: error: <md> is not allowed here.
logs\main-assembled.xml:109220:3: error: <md> is not allowed here.
logs\main-assembled.xml:109224:3: error: <md> is not allowed here.
logs\main-assembled.xml:109259:3: error: <md> is not allowed here.
logs\main-assembled.xml:109264:3: error: <subsection> is not allowed here.
logs\main-assembled.xml:109272:3: error: <md> is not allowed here.
logs\main-assembled.xml:109322:3: error: <subsection> is not allowed here.
logs\main-assembled.xml:109328:5: error: <tabular> is not allowed here.
logs\main-assembled.xml:109330:15: error: <strong> is not allowed here.
logs\main-assembled.xml:109331:15: error: <strong> is not allowed here.
logs\main-assembled.xml:109358:9: error: <title> is not allowed here.
logs\main-assembled.xml:109378:3: error: <subsection> is not allowed here.
logs\main-assembled.xml:109383:3: error: <md> is not allowed here.
logs\main-assembled.xml:109389:3: error: <md> is not allowed here.
logs\main-assembled.xml:109395:3: error: <md> is not allowed here.
logs\main-assembled.xml:109401:3: error: <md> is not allowed here.
logs\main-assembled.xml:109406:3: error: <md> is not allowed here.
logs\main-assembled.xml:109420:3: error: <subsection> is not allowed here.
logs\main-assembled.xml:109427:3: error: <md> is not allowed here.
logs\main-assembled.xml:109433:3: error: <md> is not allowed here.
logs\main-assembled.xml:109442:3: error: <md> is not allowed here.
logs\main-assembled.xml:109453:3: error: <md> is not allowed here.
logs\main-assembled.xml:109459:3: error: <md> is not allowed here.
logs\main-assembled.xml:109468:3: error: <md> is not allowed here.
logs\main-assembled.xml:109472:3: error: <md> is not allowed here.
logs\main-assembled.xml:109476:3: error: <md> is not allowed here.
logs\main-assembled.xml:109483:3: error: <md> is not allowed here.
logs\main-assembled.xml:109492:3: error: <note> is not allowed here.
logs\main-assembled.xml:109501:3: error: <subsection> is not allowed here.
logs\main-assembled.xml:109507:5: error: <tabular> is not allowed here.
logs\main-assembled.xml:109509:15: error: <strong> is not allowed here.
logs\main-assembled.xml:109510:15: error: <strong> is not allowed here.
logs\main-assembled.xml:109521:9: error: <title> is not allowed here.
logs\main-assembled.xml:109528:3: error: <md> is not allowed here.
logs\main-assembled.xml:109538:3: error: <warning> is not allowed here.
logs\main-assembled.xml:109541:9: error: <md> is not allowed here.
logs\main-assembled.xml:109550:3: error: <subsection> is not allowed here.
logs\main-assembled.xml:109555:3: error: <md> is not allowed here.
logs\main-assembled.xml:109559:3: error: <md> is not allowed here.
logs\main-assembled.xml:109563:3: error: <md> is not allowed here.
logs\main-assembled.xml:109582:9: error: <md> is not allowed here.
logs\main-assembled.xml:109594:3: error: <md> is not allowed here.
logs\main-assembled.xml:109598:3: error: <subsection> is not allowed here.
logs\main-assembled.xml:109604:5: error: <tabular> is not allowed here.
logs\main-assembled.xml:109606:15: error: <strong> is not allowed here.
logs\main-assembled.xml:109607:15: error: <strong> is not allowed here.
logs\main-assembled.xml:109608:15: error: <strong> is not allowed here.
logs\main-assembled.xml:109651:9: error: <title> is not allowed here.
logs\main-assembled.xml:109655:3: error: <md> is not allowed here.
logs\main-assembled.xml:109659:3: error: <md> is not allowed here.
logs\main-assembled.xml:109662:3: error: <subsection> is not allowed here.
logs\main-assembled.xml:109667:3: error: <md> is not allowed here.
logs\main-assembled.xml:109671:3: error: <md> is not allowed here.
logs\main-assembled.xml:109675:3: error: <md> is not allowed here.
logs\main-assembled.xml:109679:3: error: <md> is not allowed here.
logs\main-assembled.xml:109685:3: error: <md> is not allowed here.
logs\main-assembled.xml:109689:3: error: <md> is not allowed here.
logs\main-assembled.xml:109692:5: error: <tabular> is not allowed here.
logs\main-assembled.xml:109694:15: error: <strong> is not allowed here.
logs\main-assembled.xml:109695:15: error: <strong> is not allowed here.
logs\main-assembled.xml:109696:15: error: <strong> is not allowed here.
logs\main-assembled.xml:109719:9: error: <title> is not allowed here.
logs\main-assembled.xml:109723:3: error: <md> is not allowed here.
logs\main-assembled.xml:109729:3: error: <md> is not allowed here.
logs\main-assembled.xml:109732:3: error: <subsection> is not allowed here.
logs\main-assembled.xml:109739:3: error: <md> is not allowed here.
logs\main-assembled.xml:109747:3: error: <md> is not allowed here.
logs\main-assembled.xml:109751:3: error: <md> is not allowed here.
logs\main-assembled.xml:109764:3: error: <subsection> is not allowed here.
logs\main-assembled.xml:109771:3: error: <md> is not allowed here.
logs\main-assembled.xml:109775:3: error: <md> is not allowed here.
logs\main-assembled.xml:109783:5: error: <tabular> is not allowed here.
logs\main-assembled.xml:109785:15: error: <strong> is not allowed here.
logs\main-assembled.xml:109786:15: error: <strong> is not allowed here.
logs\main-assembled.xml:109805:9: error: <title> is not allowed here.
logs\main-assembled.xml:109808:3: error: <subsection> is not allowed here.
logs\main-assembled.xml:109819:3: error: <md> is not allowed here.
logs\main-assembled.xml:109823:3: error: <md> is not allowed here.
logs\main-assembled.xml:109827:3: error: <md> is not allowed here.
logs\main-assembled.xml:109838:3: error: <md> is not allowed here.
logs\main-assembled.xml:109842:3: error: <md> is not allowed here.
logs\main-assembled.xml:109855:3: error: <md> is not allowed here.
logs\main-assembled.xml:109859:3: error: <md> is not allowed here.
logs\main-assembled.xml:109863:3: error: <md> is not allowed here.
logs\main-assembled.xml:109866:3: error: <note> is not allowed here.
logs\main-assembled.xml:109890:3: error: <subsection> is not allowed here.
logs\main-assembled.xml:109895:3: error: <md> is not allowed here.
logs\main-assembled.xml:109901:3: error: <md> is not allowed here.
logs\main-assembled.xml:109905:3: error: <md> is not allowed here.
logs\main-assembled.xml:109920:3: error: <md> is not allowed here.
logs\main-assembled.xml:109924:3: error: <md> is not allowed here.
logs\main-assembled.xml:109928:3: error: <md> is not allowed here.
logs\main-assembled.xml:109939:3: error: <subsection> is not allowed here.
logs\main-assembled.xml:109947:3: error: <md> is not allowed here.
logs\main-assembled.xml:109951:3: error: <md> is not allowed here.
logs\main-assembled.xml:109953:3: error: <md> is not allowed here.
logs\main-assembled.xml:109978:3: error: <md> is not allowed here.
logs\main-assembled.xml:109982:3: error: <md> is not allowed here.
logs\main-assembled.xml:109988:3: error: <subsection> is not allowed here.
logs\main-assembled.xml:109993:3: error: <md> is not allowed here.
logs\main-assembled.xml:109999:3: error: <md> is not allowed here.
logs\main-assembled.xml:110003:3: error: <md> is not allowed here.
logs\main-assembled.xml:110007:3: error: <md> is not allowed here.
logs\main-assembled.xml:110027:3: error: <md> is not allowed here.
logs\main-assembled.xml:110031:3: error: <md> is not allowed here.
logs\main-assembled.xml:110047:3: error: <md> is not allowed here.
logs\main-assembled.xml:110054:3: error: <subsection> is not allowed here.
logs\main-assembled.xml:110061:3: error: <md> is not allowed here.
logs\main-assembled.xml:110067:3: error: <md> is not allowed here.
logs\main-assembled.xml:110071:3: error: <md> is not allowed here.
logs\main-assembled.xml:110090:3: error: <md> is not allowed here.
logs\main-assembled.xml:110094:3: error: <md> is not allowed here.
logs\main-assembled.xml:110113:3: error: <subsection> is not allowed here.
logs\main-assembled.xml:110120:3: error: <md> is not allowed here.
logs\main-assembled.xml:110124:3: error: <md> is not allowed here.
logs\main-assembled.xml:110128:3: error: <md> is not allowed here.
logs\main-assembled.xml:110147:3: error: <md> is not allowed here.
logs\main-assembled.xml:110164:5: error: <tabular> is not allowed here.
logs\main-assembled.xml:110166:15: error: <strong> is not allowed here.
logs\main-assembled.xml:110167:15: error: <strong> is not allowed here.
logs\main-assembled.xml:110168:15: error: <strong> is not allowed here.
logs\main-assembled.xml:110181:9: error: <title> is not allowed here.
logs\main-assembled.xml:110192:3: error: <md> is not allowed here.
logs\main-assembled.xml:110196:3: error: <md> is not allowed here.
logs\main-assembled.xml:110200:3: error: <md> is not allowed here.
logs\main-assembled.xml:110204:3: error: <subsection> is not allowed here.
logs\main-assembled.xml:110209:3: error: <md> is not allowed here.
logs\main-assembled.xml:110213:3: error: <md> is not allowed here.
logs\main-assembled.xml:110242:3: error: <subsection> is not allowed here.
logs\main-assembled.xml:110247:3: error: <md> is not allowed here.
logs\main-assembled.xml:110251:3: error: <md> is not allowed here.
logs\main-assembled.xml:110260:3: error: <md> is not allowed here.
logs\main-assembled.xml:110264:3: error: <md> is not allowed here.
logs\main-assembled.xml:110291:3: error: <md> is not allowed here.
logs\main-assembled.xml:110301:3: error: <subsection> is not allowed here.
logs\main-assembled.xml:110306:3: error: <md> is not allowed here.
logs\main-assembled.xml:110308:3: error: <md> is not allowed here.
logs\main-assembled.xml:110310:3: error: <md> is not allowed here.
logs\main-assembled.xml:110382:3: error: <subsection> is not allowed here.
logs\main-assembled.xml:110389:3: error: <md> is not allowed here.
logs\main-assembled.xml:110414:3: error: <md> is not allowed here.
logs\main-assembled.xml:110434:5: error: <ol> is not allowed here.
logs\main-assembled.xml:110437:11: error: <md> is not allowed here.
logs\main-assembled.xml:110439:11: error: <md> is not allowed here.
logs\main-assembled.xml:110444:11: error: <md> is not allowed here.
logs\main-assembled.xml:110449:11: error: <md> is not allowed here.
logs\main-assembled.xml:110453:11: error: <md> is not allowed here.
logs\main-assembled.xml:110461:14: error: Missing required content. Expected one of: <p>, <blockquote>, <pre>, <image>, <video>, <audio>, <program>, <console>, <tabular>, <figure>, <table>, <listing>, … (51 more).
logs\main-assembled.xml:110466:5: error: <ol> is not allowed here.
logs\main-assembled.xml:110469:11: error: <md> is not allowed here.
logs\main-assembled.xml:110474:11: error: <md> is not allowed here.
logs\main-assembled.xml:110479:11: error: <md> is not allowed here.
logs\main-assembled.xml:110484:11: error: <md> is not allowed here.
logs\main-assembled.xml:110491:14: error: Missing required content. Expected one of: <p>, <blockquote>, <pre>, <image>, <video>, <audio>, <program>, <console>, <tabular>, <figure>, <table>, <listing>, … (51 more).
logs\main-assembled.xml:110496:5: error: <ol> is not allowed here.
logs\main-assembled.xml:110499:11: error: <md> is not allowed here.
logs\main-assembled.xml:110501:11: error: <md> is not allowed here.
logs\main-assembled.xml:110510:11: error: <md> is not allowed here.
logs\main-assembled.xml:110512:11: error: <md> is not allowed here.
logs\main-assembled.xml:110516:11: error: <md> is not allowed here.
logs\main-assembled.xml:110520:11: error: <md> is not allowed here.
logs\main-assembled.xml:110522:11: error: <md> is not allowed here.
logs\main-assembled.xml:110526:14: error: Missing required content. Expected one of: <p>, <blockquote>, <pre>, <image>, <video>, <audio>, <program>, <console>, <tabular>, <figure>, <table>, <listing>, … (51 more).
logs\main-assembled.xml:110531:5: error: <ol> is not allowed here.
logs\main-assembled.xml:110534:11: error: <md> is not allowed here.
logs\main-assembled.xml:110536:11: error: <md> is not allowed here.
logs\main-assembled.xml:110541:11: error: <md> is not allowed here.
logs\main-assembled.xml:110546:11: error: <md> is not allowed here.
logs\main-assembled.xml:110551:11: error: <md> is not allowed here.
logs\main-assembled.xml:110556:11: error: <md> is not allowed here.
logs\main-assembled.xml:110559:14: error: Missing required content. Expected one of: <p>, <blockquote>, <pre>, <image>, <video>, <audio>, <program>, <console>, <tabular>, <figure>, <table>, <listing>, … (51 more).
logs\main-assembled.xml:110564:5: error: <ol> is not allowed here.
logs\main-assembled.xml:110567:11: error: <md> is not allowed here.
logs\main-assembled.xml:110572:11: error: <md> is not allowed here.
logs\main-assembled.xml:110577:11: error: <md> is not allowed here.
logs\main-assembled.xml:110582:11: error: <md> is not allowed here.
logs\main-assembled.xml:110593:11: error: <md> is not allowed here.
logs\main-assembled.xml:110595:11: error: <md> is not allowed here.
logs\main-assembled.xml:110599:14: error: Missing required content. Expected one of: <p>, <blockquote>, <pre>, <image>, <video>, <audio>, <program>, <console>, <tabular>, <figure>, <table>, <listing>, … (51 more).
logs\main-assembled.xml:110605:14: error: Missing required content. Expected one of: <p>, <blockquote>, <pre>, <image>, <video>, <audio>, <program>, <console>, <tabular>, <figure>, <table>, <listing>, … (51 more).
logs\main-assembled.xml:110610:5: error: <ol> is not allowed here.
logs\main-assembled.xml:110613:11: error: <md> is not allowed here.
logs\main-assembled.xml:110615:11: error: <md> is not allowed here.
logs\main-assembled.xml:110617:11: error: <md> is not allowed here.
logs\main-assembled.xml:110628:9: error: <p> is not allowed here.
logs\main-assembled.xml:110633:11: error: <md> is not allowed here.
logs\main-assembled.xml:110635:11: error: <md> is not allowed here.
logs\main-assembled.xml:110637:11: error: <md> is not allowed here.
logs\main-assembled.xml:110639:11: error: <md> is not allowed here.
logs\main-assembled.xml:110655:14: error: Missing required content. Expected one of: <p>, <blockquote>, <pre>, <image>, <video>, <audio>, <program>, <console>, <tabular>, <figure>, <table>, <listing>, … (51 more).
logs\main-assembled.xml:110660:5: error: <ol> is not allowed here.
logs\main-assembled.xml:110663:11: error: <md> is not allowed here.
logs\main-assembled.xml:110670:11: error: <md> is not allowed here.
logs\main-assembled.xml:110685:11: error: <md> is not allowed here.
logs\main-assembled.xml:110693:14: error: Missing required content. Expected one of: <p>, <blockquote>, <pre>, <image>, <video>, <audio>, <program>, <console>, <tabular>, <figure>, <table>, <listing>, … (51 more).
logs\main-assembled.xml:110698:5: error: <ol> is not allowed here.
logs\main-assembled.xml:110701:9: error: <p> is not allowed here.
logs\main-assembled.xml:110703:9: error: <p> is not allowed here.
logs\main-assembled.xml:110705:9: error: <p> is not allowed here.
logs\main-assembled.xml:110710:11: error: <md> is not allowed here.
logs\main-assembled.xml:110714:9: error: <p> is not allowed here.
logs\main-assembled.xml:110716:9: error: <p> is not allowed here.
logs\main-assembled.xml:110718:9: error: <p> is not allowed here.
logs\main-assembled.xml:110723:11: error: <md> is not allowed here.
logs\main-assembled.xml:110729:11: error: <md> is not allowed here.
logs\main-assembled.xml:110734:14: error: Missing required content. Expected one of: <p>, <blockquote>, <pre>, <image>, <video>, <audio>, <program>, <console>, <tabular>, <figure>, <table>, <listing>, … (51 more).
logs\main-assembled.xml:110739:5: error: <ol> is not allowed here.
logs\main-assembled.xml:110742:11: error: <md> is not allowed here.
logs\main-assembled.xml:110744:11: error: <md> is not allowed here.
logs\main-assembled.xml:110746:11: error: <md> is not allowed here.
logs\main-assembled.xml:110759:11: error: <md> is not allowed here.
logs\main-assembled.xml:110763:11: error: <md> is not allowed here.
logs\main-assembled.xml:110765:11: error: <md> is not allowed here.
logs\main-assembled.xml:110767:11: error: <md> is not allowed here.
logs\main-assembled.xml:110769:11: error: <md> is not allowed here.
logs\main-assembled.xml:110771:11: error: <md> is not allowed here.
logs\main-assembled.xml:110775:11: error: <md> is not allowed here.
logs\main-assembled.xml:110777:11: error: <md> is not allowed here.
logs\main-assembled.xml:110779:11: error: <md> is not allowed here.
logs\main-assembled.xml:110781:11: error: <md> is not allowed here.
logs\main-assembled.xml:110785:11: error: <md> is not allowed here.
logs\main-assembled.xml:110789:11: error: <md> is not allowed here.
logs\main-assembled.xml:110795:11: error: <md> is not allowed here.
logs\main-assembled.xml:110798:14: error: Missing required content. Expected one of: <p>, <blockquote>, <pre>, <image>, <video>, <audio>, <program>, <console>, <tabular>, <figure>, <table>, <listing>, … (51 more).
logs\main-assembled.xml:110803:5: error: <ol> is not allowed here.
logs\main-assembled.xml:110806:9: error: <p> is not allowed here.
logs\main-assembled.xml:110811:11: error: <md> is not allowed here.
logs\main-assembled.xml:110813:11: error: <md> is not allowed here.
logs\main-assembled.xml:110823:11: error: <md> is not allowed here.
logs\main-assembled.xml:110828:11: error: <md> is not allowed here.
logs\main-assembled.xml:110830:11: error: <md> is not allowed here.
logs\main-assembled.xml:110832:11: error: <md> is not allowed here.
logs\main-assembled.xml:110833:11: error: <md> is not allowed here.
logs\main-assembled.xml:110834:11: error: <md> is not allowed here.
logs\main-assembled.xml:110836:11: error: <md> is not allowed here.
logs\main-assembled.xml:110840:14: error: Missing required content. Expected one of: <p>, <blockquote>, <pre>, <image>, <video>, <audio>, <program>, <console>, <tabular>, <figure>, <table>, <listing>, … (51 more).
logs\main-assembled.xml:110854:3: error: <md> is not allowed here.
logs\main-assembled.xml:110856:3: error: <md> is not allowed here.
logs\main-assembled.xml:110858:3: error: <md> is not allowed here.
logs\main-assembled.xml:110875:3: error: <subsection> is not allowed here.
logs\main-assembled.xml:110882:5: error: <tabular> is not allowed here.
logs\main-assembled.xml:110884:15: error: <strong> is not allowed here.
logs\main-assembled.xml:110885:15: error: <strong> is not allowed here.
logs\main-assembled.xml:110938:9: error: <title> is not allowed here.
logs\main-assembled.xml:110943:9: error: <md> is not allowed here.
logs\main-assembled.xml:110948:3: error: <subsection> is not allowed here.
logs\main-assembled.xml:110952:5: error: <tabular> is not allowed here.
logs\main-assembled.xml:110954:15: error: <strong> is not allowed here.
logs\main-assembled.xml:110955:15: error: <strong> is not allowed here.
logs\main-assembled.xml:110986:9: error: <title> is not allowed here.
logs\main-assembled.xml:110989:3: error: <subsection> is not allowed here.
logs\main-assembled.xml:110993:5: error: <tabular> is not allowed here.
logs\main-assembled.xml:110995:15: error: <strong> is not allowed here.
logs\main-assembled.xml:110996:15: error: <strong> is not allowed here.
logs\main-assembled.xml:111023:9: error: <title> is not allowed here.
logs\main-assembled.xml:111027:3: error: <md> is not allowed here.
logs\main-assembled.xml:111032:3: error: <subsection> is not allowed here.
logs\main-assembled.xml:111036:5: error: <tabular> is not allowed here.
logs\main-assembled.xml:111038:15: error: <strong> is not allowed here.
logs\main-assembled.xml:111039:15: error: <strong> is not allowed here.
logs\main-assembled.xml:111040:15: error: <strong> is not allowed here.
logs\main-assembled.xml:111068:9: error: <title> is not allowed here.
logs\main-assembled.xml:111075:3: error: <subsection> is not allowed here.
logs\main-assembled.xml:111080:3: error: <md> is not allowed here.
logs\main-assembled.xml:111085:5: error: <tabular> is not allowed here.
logs\main-assembled.xml:111087:15: error: <strong> is not allowed here.
logs\main-assembled.xml:111088:15: error: <strong> is not allowed here.
logs\main-assembled.xml:111107:9: error: <title> is not allowed here.
logs\main-assembled.xml:111120:3: error: <md> is not allowed here.
logs\main-assembled.xml:111124:3: error: <md> is not allowed here.
logs\main-assembled.xml:111128:3: error: <md> is not allowed here.
logs\main-assembled.xml:111132:3: error: <subsection> is not allowed here.
logs\main-assembled.xml:111136:5: error: <tabular> is not allowed here.
logs\main-assembled.xml:111138:15: error: <strong> is not allowed here.
logs\main-assembled.xml:111139:15: error: <strong> is not allowed here.
logs\main-assembled.xml:111201:9: error: <title> is not allowed here.
logs\main-assembled.xml:111210:3: error: <subsection> is not allowed here.
logs\main-assembled.xml:111214:5: error: <tabular> is not allowed here.
logs\main-assembled.xml:111216:15: error: <strong> is not allowed here.
logs\main-assembled.xml:111217:15: error: <strong> is not allowed here.
logs\main-assembled.xml:111244:9: error: <title> is not allowed here.
logs\main-assembled.xml:111247:3: error: <subsection> is not allowed here.
logs\main-assembled.xml:111251:5: error: <tabular> is not allowed here.
logs\main-assembled.xml:111253:15: error: <strong> is not allowed here.
logs\main-assembled.xml:111254:15: error: <strong> is not allowed here.
logs\main-assembled.xml:111297:9: error: <title> is not allowed here.
logs\main-assembled.xml:111301:3: error: <md> is not allowed here.
logs\main-assembled.xml:111305:3: error: <md> is not allowed here.
logs\main-assembled.xml:111308:3: error: <subsection> is not allowed here.
logs\main-assembled.xml:111314:5: error: <tabular> is not allowed here.
logs\main-assembled.xml:111316:15: error: <strong> is not allowed here.
logs\main-assembled.xml:111317:15: error: <strong> is not allowed here.
logs\main-assembled.xml:111348:9: error: <title> is not allowed here.
logs\main-assembled.xml:111353:3: error: <subsection> is not allowed here.
logs\main-assembled.xml:111359:5: error: <tabular> is not allowed here.
logs\main-assembled.xml:111361:15: error: <strong> is not allowed here.
logs\main-assembled.xml:111362:15: error: <strong> is not allowed here.
logs\main-assembled.xml:111363:15: error: <strong> is not allowed here.
logs\main-assembled.xml:111381:9: error: <title> is not allowed here.
logs\main-assembled.xml:111387:3: error: <subsection> is not allowed here.
logs\main-assembled.xml:111393:5: error: <tabular> is not allowed here.
logs\main-assembled.xml:111395:15: error: <strong> is not allowed here.
logs\main-assembled.xml:111396:15: error: <strong> is not allowed here.
logs\main-assembled.xml:111425:9: error: <title> is not allowed here.
logs\main-assembled.xml:111437:3: error: <subsection> is not allowed here.
logs\main-assembled.xml:111442:3: error: <md> is not allowed here.
logs\main-assembled.xml:111450:3: error: <md> is not allowed here.
logs\main-assembled.xml:111458:3: error: <md> is not allowed here.
logs\main-assembled.xml:111464:3: error: <md> is not allowed here.
logs\main-assembled.xml:111474:3: error: <md> is not allowed here.
logs\main-assembled.xml:111478:3: error: <md> is not allowed here.
logs\main-assembled.xml:111486:3: error: <subsection> is not allowed here.
logs\main-assembled.xml:111492:5: error: <tabular> is not allowed here.
logs\main-assembled.xml:111494:15: error: <strong> is not allowed here.
logs\main-assembled.xml:111495:15: error: <strong> is not allowed here.
logs\main-assembled.xml:111496:15: error: <strong> is not allowed here.
logs\main-assembled.xml:111570:9: error: <title> is not allowed here.
logs\main-assembled.xml:111579:3: error: <subsection> is not allowed here.
logs\main-assembled.xml:111586:3: error: <md> is not allowed here.
logs\main-assembled.xml:111592:3: error: <md> is not allowed here.
logs\main-assembled.xml:111601:3: error: <md> is not allowed here.
logs\main-assembled.xml:111610:3: error: <md> is not allowed here.
logs\main-assembled.xml:111614:3: error: <md> is not allowed here.
logs\main-assembled.xml:111630:3: error: <md> is not allowed here.
logs\main-assembled.xml:111636:3: error: <subsection> is not allowed here.
logs\main-assembled.xml:111640:5: error: <tabular> is not allowed here.
logs\main-assembled.xml:111642:15: error: <strong> is not allowed here.
logs\main-assembled.xml:111643:15: error: <strong> is not allowed here.
logs\main-assembled.xml:111644:15: error: <strong> is not allowed here.
logs\main-assembled.xml:111683:9: error: <title> is not allowed here.
logs\main-assembled.xml:111686:3: error: <subsection> is not allowed here.
logs\main-assembled.xml:111690:5: error: <tabular> is not allowed here.
logs\main-assembled.xml:111692:15: error: <strong> is not allowed here.
logs\main-assembled.xml:111693:15: error: <strong> is not allowed here.
logs\main-assembled.xml:111694:15: error: <strong> is not allowed here.
logs\main-assembled.xml:111756:9: error: <title> is not allowed here.
logs\main-assembled.xml:111759:3: error: <subsection> is not allowed here.
logs\main-assembled.xml:111764:3: error: <md> is not allowed here.
logs\main-assembled.xml:111769:5: error: <tabular> is not allowed here.
logs\main-assembled.xml:111771:15: error: <strong> is not allowed here.
logs\main-assembled.xml:111772:15: error: <strong> is not allowed here.
logs\main-assembled.xml:111792:9: error: <title> is not allowed here.
logs\main-assembled.xml:111796:3: error: <md> is not allowed here.
logs\main-assembled.xml:111803:3: error: <md> is not allowed here.
logs\main-assembled.xml:111820:3: error: <md> is not allowed here.
logs\main-assembled.xml:111826:3: error: <md> is not allowed here.
logs\main-assembled.xml:111834:3: error: <md> is not allowed here.
logs\main-assembled.xml:111836:3: error: <subsection> is not allowed here.
logs\main-assembled.xml:111840:5: error: <tabular> is not allowed here.
logs\main-assembled.xml:111842:15: error: <strong> is not allowed here.
logs\main-assembled.xml:111843:15: error: <strong> is not allowed here.
logs\main-assembled.xml:111844:15: error: <strong> is not allowed here.
logs\main-assembled.xml:111900:9: error: <title> is not allowed here.
logs\main-assembled.xml:111908:3: error: <subsection> is not allowed here.
logs\main-assembled.xml:111914:5: error: <tabular> is not allowed here.
logs\main-assembled.xml:111916:15: error: <strong> is not allowed here.
logs\main-assembled.xml:111917:15: error: <strong> is not allowed here.
logs\main-assembled.xml:111918:15: error: <strong> is not allowed here.
logs\main-assembled.xml:111947:9: error: <title> is not allowed here.
logs\main-assembled.xml:111952:3: error: <subsection> is not allowed here.
logs\main-assembled.xml:111959:5: error: <tabular> is not allowed here.
logs\main-assembled.xml:111961:15: error: <strong> is not allowed here.
logs\main-assembled.xml:111962:15: error: <strong> is not allowed here.
logs\main-assembled.xml:111981:9: error: <title> is not allowed here.
logs\main-assembled.xml:111986:5: error: <tabular> is not allowed here.
logs\main-assembled.xml:111988:15: error: <strong> is not allowed here.
logs\main-assembled.xml:111989:15: error: <strong> is not allowed here.
logs\main-assembled.xml:112000:9: error: <title> is not allowed here.
logs\main-assembled.xml:112003:3: error: <subsection> is not allowed here.
logs\main-assembled.xml:112007:5: error: <tabular> is not allowed here.
logs\main-assembled.xml:112009:15: error: <strong> is not allowed here.
logs\main-assembled.xml:112010:15: error: <strong> is not allowed here.
logs\main-assembled.xml:112037:9: error: <title> is not allowed here.
logs\main-assembled.xml:112042:9: error: <md> is not allowed here.
